source,target,confidence,method,status,evidence,alternatives
a2ps,a2ps,1.0,exact,confident,name identical in both managers; homepages 'https://www.gnu.org/software/a2ps/' vs 'http://www.gnu.org/software/a2ps/a2ps.es.html',
a52dec,a52dec,1.0,exact,confident,name identical in both managers; homepages 'https://git.adelielinux.org/community/a52dec/' vs 'http://liba52.sourceforge.net',
aalib,aalib,1.0,exact,confident,name identical in both managers; homepages 'https://aa-project.sourceforge.net/aalib/' vs 'http://aa-project.sourceforge.net/aalib',
aamath,,0.0,none,missing,no exact/normalized/alias/homepage evidence; no lookalikes either,
aarch64-elf-binutils,,0.0,ambiguous,needs-review,homepage shared by several targets,aarch64-%type_pkg[platform]-binutils; arm-%type_pkg[platform]-binutils; avr-binutils; avr-embedded-binutils; binutils-docs
aarch64-elf-gcc,,0.0,none,needs-review,no exact/normalized/alias/homepage evidence; same homepage 'https://gcc.gnu.org' as 'mingw-gcc' but versions '16.2.0' vs '4.1.0'; no lookalikes either,
aarch64-elf-gdb,,0.0,none,needs-review,no exact/normalized/alias/homepage evidence; same homepage 'https://www.gnu.org/software/gdb/' as 'gdb' but versions '17.2' vs '13.2'; no lookalikes either,
ab-av1,,0.0,none,missing,no exact/normalized/alias/homepage evidence; no lookalikes either,
abcde,abcde,1.0,exact,confident,name identical in both managers; homepages 'https://abcde.einval.com' vs 'http://www.hispalinux.es/~data/abcde.php',
abcl,,0.0,none,missing,no exact/normalized/alias/homepage evidence; no lookalikes either,
abcm2ps,abcm2ps,1.0,exact,confident,name identical in both managers; homepages 'http://moinejf.free.fr' vs '',
abcmidi,,0.0,none,missing,no exact/normalized/alias/homepage evidence; no lookalikes either,
abduco,,0.0,none,missing,no exact/normalized/alias/homepage evidence; no lookalikes either,
abi-dumper,,0.0,none,missing,no exact/normalized/alias/homepage evidence; no lookalikes either,
abi3audit,,0.0,none,missing,no exact/normalized/alias/homepage evidence; no lookalikes either,
abnfgen,,0.0,none,missing,no exact/normalized/alias/homepage evidence; no lookalikes either,
abook,abook,1.0,exact,confident,name identical in both managers; homepages 'https://abook.sourceforge.io/' vs 'http://abook.sourceforge.net/',
abpoa,,0.0,none,missing,no exact/normalized/alias/homepage evidence; no lookalikes either,
abricate,,0.0,none,missing,no exact/normalized/alias/homepage evidence; no lookalikes either,
abseil,,0.0,none,missing,no exact/normalized/alias/homepage evidence; no lookalikes either,
abyss,,0.0,none,missing,no exact/normalized/alias/homepage evidence; no lookalikes either,
ace,,0.0,none,needs-review,no exact/normalized/alias/homepage evidence; fuzzy suggestions listed for review,acme
aces_container,,0.0,none,missing,no exact/normalized/alias/homepage evidence; no lookalikes either,
ack,ack,1.0,exact,confident,name identical in both managers; homepages 'https://beyondgrep.com/' vs 'http://search.cpan.org/dist/ack',
acl,,0.0,none,missing,no exact/normalized/alias/homepage evidence; no lookalikes either,
acl2,,0.0,none,missing,no exact/normalized/alias/homepage evidence; no lookalikes either,
acme,acme,1.0,exact,confident,name identical in both managers; homepages 'https://sourceforge.net/projects/acme-crossass/' vs 'http://www.gnome.org/',
acme.sh,,0.0,none,needs-review,no exact/normalized/alias/homepage evidence; fuzzy suggestions listed for review,acme
acpica,,0.0,none,missing,no exact/normalized/alias/homepage evidence; no lookalikes either,
acronym,,0.0,none,missing,no exact/normalized/alias/homepage evidence; no lookalikes either,
act,,0.0,none,needs-review,no exact/normalized/alias/homepage evidence; fuzzy suggestions listed for review,acct
action-docs,,0.0,none,missing,no exact/normalized/alias/homepage evidence; no lookalikes either,
action-validator,,0.0,none,missing,no exact/normalized/alias/homepage evidence; no lookalikes either,
actionlint,,0.0,none,missing,no exact/normalized/alias/homepage evidence; no lookalikes either,
actions-batch,,0.0,none,missing,no exact/normalized/alias/homepage evidence; no lookalikes either,
actions-languageserver,,0.0,none,missing,no exact/normalized/alias/homepage evidence; no lookalikes either,
actions-up,,0.0,none,missing,no exact/normalized/alias/homepage evidence; no lookalikes either,
activemq,,0.0,none,missing,no exact/normalized/alias/homepage evidence; no lookalikes either,
activemq-cpp,,0.0,none,missing,no exact/normalized/alias/homepage evidence; no lookalikes either,
ad,,0.0,none,needs-review,no exact/normalized/alias/homepage evidence; fuzzy suggestions listed for review,adg; yad
ada-url,,0.0,none,missing,no exact/normalized/alias/homepage evidence; no lookalikes either,
adamstark-audiofile,,0.0,none,missing,no exact/normalized/alias/homepage evidence; no lookalikes either,
adapterremoval,,0.0,none,missing,no exact/normalized/alias/homepage evidence; no lookalikes either,
adaptivecpp,,0.0,none,missing,no exact/normalized/alias/homepage evidence; no lookalikes either,
adb-enhanced,,0.0,none,missing,no exact/normalized/alias/homepage evidence; no lookalikes either,
add-determinism,,0.0,none,missing,no exact/normalized/alias/homepage evidence; no lookalikes either,
addlicense,,0.0,none,missing,no exact/normalized/alias/homepage evidence; no lookalikes either,
addons-linter,,0.0,none,missing,no exact/normalized/alias/homepage evidence; no lookalikes either,
adios2,,0.0,none,missing,no exact/normalized/alias/homepage evidence; no lookalikes either,
admesh,,0.0,none,missing,no exact/normalized/alias/homepage evidence; no lookalikes either,
adns,adns,1.0,exact,confident,name identical in both managers; homepages 'https://www.chiark.greenend.org.uk/~ian/adns/' vs 'http://www.chiark.greenend.org.uk/~ian/adns/',
adplay,,0.0,none,needs-review,no exact/normalized/alias/homepage evidence; fuzzy suggestions listed for review,madplay
adplug,,0.0,none,missing,no exact/normalized/alias/homepage evidence; no lookalikes either,
adr-tools,,0.0,none,needs-review,no exact/normalized/alias/homepage evidence; fuzzy suggestions listed for review,arptools; cdrtools
adr-viewer,,0.0,none,missing,no exact/normalized/alias/homepage evidence; no lookalikes either,
adrs,,0.0,none,missing,no exact/normalized/alias/homepage evidence; no lookalikes either,
advai-cli,,0.0,none,missing,no exact/normalized/alias/homepage evidence; no lookalikes either,
advancecomp,advancecomp,1.0,exact,confident,name identical in both managers; homepages 'https://www.advancemame.it/comp-readme.html' vs 'http://advancemame.sourceforge.net/comp-readme.html',
advancescan,advancescan,1.0,exact,confident,name identical in both managers; homepages 'https://www.advancemame.it/scan-readme.html' vs 'http://advancemame.sourceforge.net',
adwaita-icon-theme,gnome-icon-theme,0.95,alias,confident,listed as alias/oldname of 'adwaita-icon-theme',
aerc,,0.0,none,needs-review,no exact/normalized/alias/homepage evidence; fuzzy suggestions listed for review,arc; erc
aerleon,,0.0,none,missing,no exact/normalized/alias/homepage evidence; no lookalikes either,
aescrypt,,0.0,none,missing,no exact/normalized/alias/homepage evidence; no lookalikes either,
aescrypt-packetizer,,0.0,none,missing,no exact/normalized/alias/homepage evidence; no lookalikes either,
aespipe,,0.0,none,needs-review,no exact/normalized/alias/homepage evidence; fuzzy suggestions listed for review,lesspipe
afflib,,0.0,none,missing,no exact/normalized/alias/homepage evidence; no lookalikes either,
afio,afio,1.0,exact,confident,name identical in both managers; homepages 'https://github.com/kholtman/afio' vs 'http://packages.debian.org/testing/utils/afio.html',
afl++,,0.0,none,missing,no exact/normalized/alias/homepage evidence; no lookalikes either,
afsctool,,0.0,none,missing,no exact/normalized/alias/homepage evidence; no lookalikes either,
aften,,0.0,none,missing,no exact/normalized/alias/homepage evidence; no lookalikes either,
aftman,,0.0,none,missing,no exact/normalized/alias/homepage evidence; no lookalikes either,
afuse,,0.0,none,needs-review,no exact/normalized/alias/homepage evidence; fuzzy suggestions listed for review,fuse
agda,,0.0,none,missing,no exact/normalized/alias/homepage evidence; no lookalikes either,
age,,0.0,none,missing,no exact/normalized/alias/homepage evidence; no lookalikes either,
age-plugin-se,,0.0,none,missing,no exact/normalized/alias/homepage evidence; no lookalikes either,
age-plugin-yubikey,,0.0,none,missing,no exact/normalized/alias/homepage evidence; no lookalikes either,
agedu,agedu,1.0,exact,confident,name identical in both managers; homepages 'https://www.chiark.greenend.org.uk/~sgtatham/agedu/' vs 'https://www.chiark.greenend.org.uk/~sgtatham/agedu/',
agent-browser,,0.0,none,missing,no exact/normalized/alias/homepage evidence; no lookalikes either,
agg,,0.0,none,missing,no exact/normalized/alias/homepage evidence; no lookalikes either,
aha,,0.0,none,missing,no exact/normalized/alias/homepage evidence; no lookalikes either,
ahcpd,,0.0,none,missing,no exact/normalized/alias/homepage evidence; no lookalikes either,
ahoy,,0.0,none,missing,no exact/normalized/alias/homepage evidence; no lookalikes either,
ai-cli,,0.0,none,missing,no exact/normalized/alias/homepage evidence; no lookalikes either,
aiac,,0.0,none,missing,no exact/normalized/alias/homepage evidence; no lookalikes either,
aichat,,0.0,none,missing,no exact/normalized/alias/homepage evidence; no lookalikes either,
aicommit,,0.0,none,missing,no exact/normalized/alias/homepage evidence; no lookalikes either,
aicommit2,,0.0,none,missing,no exact/normalized/alias/homepage evidence; no lookalikes either,
aicommits,,0.0,none,missing,no exact/normalized/alias/homepage evidence; no lookalikes either,
aide,,0.0,none,missing,no exact/normalized/alias/homepage evidence; no lookalikes either,
aider,,0.0,none,missing,no exact/normalized/alias/homepage evidence; no lookalikes either,
aiken,,0.0,none,missing,no exact/normalized/alias/homepage evidence; no lookalikes either,
ain,,0.0,none,missing,no exact/normalized/alias/homepage evidence; no lookalikes either,
air,,0.0,none,missing,no exact/normalized/alias/homepage evidence; no lookalikes either,
aircrack-ng,aircrack-ng,1.0,exact,confident,name identical in both managers; homepages 'https://aircrack-ng.org/' vs 'http://www.aircrack-ng.org/',
airshare,,0.0,none,missing,no exact/normalized/alias/homepage evidence; no lookalikes either,
airspy,,0.0,none,missing,no exact/normalized/alias/homepage evidence; no lookalikes either,
airspyhf,,0.0,none,missing,no exact/normalized/alias/homepage evidence; no lookalikes either,
airtable-mcp-server,,0.0,none,missing,no exact/normalized/alias/homepage evidence; no lookalikes either,
aiven-client,,0.0,none,needs-review,no exact/normalized/alias/homepage evidence; fuzzy suggestions listed for review,svn-client
akamai,,0.0,none,missing,no exact/normalized/alias/homepage evidence; no lookalikes either,
akku,,0.0,none,missing,no exact/normalized/alias/homepage evidence; no lookalikes either,
aklomp-base64,,0.0,none,missing,no exact/normalized/alias/homepage evidence; no lookalikes either,
alass,,0.0,none,needs-review,no exact/normalized/alias/homepage evidence; fuzzy suggestions listed for review,atlas; glass
alda,,0.0,none,missing,no exact/normalized/alias/homepage evidence; no lookalikes either,
aldo,,0.0,none,needs-review,no exact/normalized/alias/homepage evidence; fuzzy suggestions listed for review,alidot
alejandra,,0.0,none,missing,no exact/normalized/alias/homepage evidence; no lookalikes either,
alembic,,0.0,none,missing,no exact/normalized/alias/homepage evidence; no lookalikes either,
alevin-fry,,0.0,none,missing,no exact/normalized/alias/homepage evidence; no lookalikes either,
alexjs,,0.0,none,needs-review,no exact/normalized/alias/homepage evidence; fuzzy suggestions listed for review,alex
algernon,,0.0,none,missing,no exact/normalized/alias/homepage evidence; no lookalikes either,
algol68g,,0.0,none,missing,no exact/normalized/alias/homepage evidence; no lookalikes either,
algolia,,0.0,none,missing,no exact/normalized/alias/homepage evidence; no lookalikes either,
ali,,0.0,none,missing,no exact/normalized/alias/homepage evidence; no lookalikes either,
aliae,,0.0,none,needs-review,no exact/normalized/alias/homepage evidence; fuzzy suggestions listed for review,algae
aliddns,,0.0,none,missing,no exact/normalized/alias/homepage evidence; no lookalikes either,
align,align,1.0,exact,confident,name identical in both managers; homepages 'https://kinzler.com/me/align/' vs 'http://www.cs.indiana.edu/~kinzler/align',
alive2,,0.0,none,missing,no exact/normalized/alias/homepage evidence; no lookalikes either,
aliyun-cli,,0.0,none,missing,no exact/normalized/alias/homepage evidence; no lookalikes either,
aliyunpan,,0.0,none,missing,no exact/normalized/alias/homepage evidence; no lookalikes either,
all-repos,,0.0,none,missing,no exact/normalized/alias/homepage evidence; no lookalikes either,
allegro,,0.0,none,needs-review,no exact/normalized/alias/homepage evidence; same homepage 'https://liballeg.org/' as 'liballegro5.2' but desc overlap only 0.11; fuzzy suggestions listed for review,allegro4
alloy-analyzer,,0.0,none,missing,no exact/normalized/alias/homepage evidence; no lookalikes either,
allure,,0.0,none,missing,no exact/normalized/alias/homepage evidence; no lookalikes either,
allureofthestars,,0.0,none,missing,no exact/normalized/alias/homepage evidence; no lookalikes either,
alluxio,,0.0,none,missing,no exact/normalized/alias/homepage evidence; no lookalikes either,
alot,,0.0,none,needs-review,no exact/normalized/alias/homepage evidence; fuzzy suggestions listed for review,alidot
alp,,0.0,none,needs-review,no exact/normalized/alias/homepage evidence; fuzzy suggestions listed for review,palp
alpine,alpine,1.0,exact,confident,name identical in both managers; homepages 'https://alpineapp.email' vs 'http://www.washington.edu/alpine',
alpscore,,0.0,none,missing,no exact/normalized/alias/homepage evidence; no lookalikes either,
alsa-lib,,0.0,none,needs-review,no exact/normalized/alias/homepage evidence; fuzzy suggestions listed for review,aalib
amass,,0.0,none,missing,no exact/normalized/alias/homepage evidence; no lookalikes either,
amazon-ecs-cli,,0.0,none,missing,no exact/normalized/alias/homepage evidence; no lookalikes either,
amber,,0.0,none,missing,no exact/normalized/alias/homepage evidence; no lookalikes either,
amdatu-bootstrap,,0.0,none,missing,no exact/normalized/alias/homepage evidence; no lookalikes either,
amfora,,0.0,none,missing,no exact/normalized/alias/homepage evidence; no lookalikes either,
ammonite-repl,,0.0,none,missing,no exact/normalized/alias/homepage evidence; no lookalikes either,
amp,,0.0,none,needs-review,no exact/normalized/alias/homepage evidence; fuzzy suggestions listed for review,mp
ampl-asl,,0.0,none,missing,no exact/normalized/alias/homepage evidence; no lookalikes either,
ampl-mp,,0.0,none,missing,no exact/normalized/alias/homepage evidence; no lookalikes either,
amqp-cpp,,0.0,none,missing,no exact/normalized/alias/homepage evidence; no lookalikes either,
amtterm,,0.0,none,needs-review,no exact/normalized/alias/homepage evidence; fuzzy suggestions listed for review,aterm
amy,,0.0,none,missing,no exact/normalized/alias/homepage evidence; no lookalikes either,
analog,analog,1.0,exact,confident,name identical in both managers; homepages 'https://www.c-amie.co.uk/software/analog/' vs 'http://www.analog.cx/',
anchor,,0.0,none,missing,no exact/normalized/alias/homepage evidence; no lookalikes either,
ancient,,0.0,none,missing,no exact/normalized/alias/homepage evidence; no lookalikes either,
angband,angband,1.0,exact,confident,name identical in both managers; homepages 'https://rephial.org/' vs 'http://www.thangorodrim.net/',
angle-grinder,,0.0,none,missing,no exact/normalized/alias/homepage evidence; no lookalikes either,
angular-cli,,0.0,none,missing,no exact/normalized/alias/homepage evidence; no lookalikes either,
animdl,,0.0,none,missing,no exact/normalized/alias/homepage evidence; no lookalikes either,
ansible,,0.0,none,needs-review,no exact/normalized/alias/homepage evidence; same homepage 'https://www.ansible.com/' as 'ansible-py%type_pkg[python]' but desc overlap only 0.00; versions '14.3.1' vs '2.6.4'; no lookalikes either,
ansible-builder,,0.0,none,missing,no exact/normalized/alias/homepage evidence; no lookalikes either,
ansible-cmdb,,0.0,none,missing,no exact/normalized/alias/homepage evidence; no lookalikes either,
ansible-creator,,0.0,none,missing,no exact/normalized/alias/homepage evidence; no lookalikes either,
ansible-language-server,,0.0,none,missing,no exact/normalized/alias/homepage evidence; no lookalikes either,
ansible-lint,,0.0,none,missing,no exact/normalized/alias/homepage evidence; no lookalikes either,
ansible@10,,0.0,none,needs-review,no exact/normalized/alias/homepage evidence; same homepage 'https://www.ansible.com/' as 'ansible-py%type_pkg[python]' but desc overlap only 0.00; versions '10.7.0' vs '2.6.4'; no lookalikes either,
ansible@12,,0.0,none,needs-review,no exact/normalized/alias/homepage evidence; same homepage 'https://www.ansible.com/' as 'ansible-py%type_pkg[python]' but desc overlap only 0.00; versions '12.3.0' vs '2.6.4'; no lookalikes either,
ansible@13,,0.0,none,needs-review,no exact/normalized/alias/homepage evidence; same homepage 'https://www.ansible.com/' as 'ansible-py%type_pkg[python]' but desc overlap only 0.00; versions '13.8.0' vs '2.6.4'; no lookalikes either,
ansible@9,,0.0,none,needs-review,no exact/normalized/alias/homepage evidence; same homepage 'https://www.ansible.com/' as 'ansible-py%type_pkg[python]' but desc overlap only 0.00; versions '9.13.0' vs '2.6.4'; no lookalikes either,
ansifilter,,0.0,none,missing,no exact/normalized/alias/homepage evidence; no lookalikes either,
ansilove,,0.0,none,missing,no exact/normalized/alias/homepage evidence; no lookalikes either,
ansiweather,,0.0,none,missing,no exact/normalized/alias/homepage evidence; no lookalikes either,
ant,ant,1.0,exact,confident,name identical in both managers; homepages 'https://ant.apache.org/' vs 'http://jakarta.apache.org/ant/index.html',
ant-contrib,ant-contrib,1.0,exact,confident,name identical in both managers; homepages 'https://ant-contrib.sourceforge.net/' vs 'http://ant-contrib.sourceforge.net/',
antidote,,0.0,none,missing,no exact/normalized/alias/homepage evidence; no lookalikes either,
antigen,,0.0,none,missing,no exact/normalized/alias/homepage evidence; no lookalikes either,
antlr,antlr,1.0,exact,confident,name identical in both managers; homepages 'https://www.antlr.org/' vs 'http://www.antlr.org',
antlr4-cpp-runtime,antlr4-python3-runtime-py%type_pkg[python],0.9,homepage,confident,same upstream 'https://www.antlr.org/' (desc overlap 0.22),
anubis,,0.0,none,missing,no exact/normalized/alias/homepage evidence; no lookalikes either,
any2fasta,,0.0,none,missing,no exact/normalized/alias/homepage evidence; no lookalikes either,
anycable-go,,0.0,none,missing,no exact/normalized/alias/homepage evidence; no lookalikes either,
anyenv,,0.0,none,missing,no exact/normalized/alias/homepage evidence; no lookalikes either,
anyquery,,0.0,none,missing,no exact/normalized/alias/homepage evidence; no lookalikes either,
anyzig,,0.0,none,missing,no exact/normalized/alias/homepage evidence; no lookalikes either,
aoe,,0.0,none,missing,no exact/normalized/alias/homepage evidence; no lookalikes either,
aoeui,,0.0,none,missing,no exact/normalized/alias/homepage evidence; no lookalikes either,
aom,,0.0,none,missing,no exact/normalized/alias/homepage evidence; no lookalikes either,
apache-arrow,,0.0,none,missing,no exact/normalized/alias/homepage evidence; no lookalikes either,
apache-arrow-adbc,,0.0,none,missing,no exact/normalized/alias/homepage evidence; no lookalikes either,
apache-arrow-adbc-glib,,0.0,none,missing,no exact/normalized/alias/homepage evidence; no lookalikes either,
apache-arrow-glib,,0.0,none,missing,no exact/normalized/alias/homepage evidence; no lookalikes either,
apache-brooklyn-cli,,0.0,none,missing,no exact/normalized/alias/homepage evidence; no lookalikes either,
apache-drill,,0.0,none,missing,no exact/normalized/alias/homepage evidence; no lookalikes either,
apache-flink,,0.0,none,missing,no exact/normalized/alias/homepage evidence; no lookalikes either,
apache-flink-cdc,,0.0,none,missing,no exact/normalized/alias/homepage evidence; no lookalikes either,
apache-flink@1,,0.0,none,missing,no exact/normalized/alias/homepage evidence; no lookalikes either,
apache-geode,,0.0,none,missing,no exact/normalized/alias/homepage evidence; no lookalikes either,
apache-opennlp,,0.0,none,missing,no exact/normalized/alias/homepage evidence; no lookalikes either,
apache-polaris,,0.0,none,missing,no exact/normalized/alias/homepage evidence; no lookalikes either,
apache-pulsar,,0.0,none,missing,no exact/normalized/alias/homepage evidence; no lookalikes either,
apache-serf,,0.0,none,missing,no exact/normalized/alias/homepage evidence; no lookalikes either,
apache-spark,,0.0,none,missing,no exact/normalized/alias/homepage evidence; no lookalikes either,
apachetop,,0.0,none,missing,no exact/normalized/alias/homepage evidence; no lookalikes either,
apcupsd,,0.0,none,missing,no exact/normalized/alias/homepage evidence; no lookalikes either,
apfel,,0.0,none,needs-review,no exact/normalized/alias/homepage evidence; fuzzy suggestions listed for review,apel
apgdiff,,0.0,none,missing,no exact/normalized/alias/homepage evidence; no lookalikes either,
api-linter,,0.0,none,missing,no exact/normalized/alias/homepage evidence; no lookalikes either,
apib,,0.0,none,missing,no exact/normalized/alias/homepage evidence; no lookalikes either,
apibuilder-cli,,0.0,none,missing,no exact/normalized/alias/homepage evidence; no lookalikes either,
apify-cli,,0.0,none,missing,no exact/normalized/alias/homepage evidence; no lookalikes either,
apigeecli,,0.0,none,missing,no exact/normalized/alias/homepage evidence; no lookalikes either,
apkeep,,0.0,none,needs-review,no exact/normalized/alias/homepage evidence; fuzzy suggestions listed for review,keep; peep
apkleaks,,0.0,none,missing,no exact/normalized/alias/homepage evidence; no lookalikes either,
apko,,0.0,none,missing,no exact/normalized/alias/homepage evidence; no lookalikes either,
apktool,,0.0,none,needs-review,no exact/normalized/alias/homepage evidence; fuzzy suggestions listed for review,atool; arptools
apm,,0.0,none,missing,no exact/normalized/alias/homepage evidence; no lookalikes either,
apm-bash-completion,,0.0,none,needs-review,no exact/normalized/alias/homepage evidence; fuzzy suggestions listed for review,bash-completion; system-bash-completion
apng2gif,,0.0,none,missing,no exact/normalized/alias/homepage evidence; no lookalikes either,
apngasm,,0.0,none,missing,no exact/normalized/alias/homepage evidence; no lookalikes either,
apophenia,,0.0,none,missing,no exact/normalized/alias/homepage evidence; no lookalikes either,
apparix,,0.0,none,missing,no exact/normalized/alias/homepage evidence; no lookalikes either,
appium,,0.0,none,missing,no exact/normalized/alias/homepage evidence; no lookalikes either,
apprise,,0.0,none,missing,no exact/normalized/alias/homepage evidence; no lookalikes either,
appstream,,0.0,none,missing,no exact/normalized/alias/homepage evidence; no lookalikes either,
appstream-glib,,0.0,none,missing,no exact/normalized/alias/homepage evidence; no lookalikes either,
apptainer,,0.0,none,missing,no exact/normalized/alias/homepage evidence; no lookalikes either,
appwrite,,0.0,none,missing,no exact/normalized/alias/homepage evidence; no lookalikes either,
apr,apr,1.0,exact,confident,name identical in both managers; homepages 'https://apr.apache.org/' vs 'http://apr.apache.org/',
apr-util,,0.0,none,needs-review,no exact/normalized/alias/homepage evidence; same homepage 'https://apr.apache.org/' as 'apr' but versions '1.6.5' vs '0.9.12'; no lookalikes either,
apt,apt,1.0,exact,confident,name identical in both managers; homepages 'https://wiki.debian.org/Apt' vs 'http://packages.qa.debian.org/a/apt.html',
apt-dater,apt-dater,1.0,exact,confident,name identical in both managers; homepages 'https://github.com/DE-IBH/apt-dater' vs 'http://www.ibh.de/apt-dater',
aptly,,0.0,none,missing,no exact/normalized/alias/homepage evidence; no lookalikes either,
aptos,,0.0,none,needs-review,no exact/normalized/alias/homepage evidence; fuzzy suggestions listed for review,aptsh
aqbanking,,0.0,none,needs-review,no exact/normalized/alias/homepage evidence; fuzzy suggestions listed for review,aqbanking16; aqbanking20; aqbanking33
aqtinstall,,0.0,none,missing,no exact/normalized/alias/homepage evidence; no lookalikes either,
aqua,,0.0,none,missing,no exact/normalized/alias/homepage evidence; no lookalikes either,
arabica,,0.0,none,missing,no exact/normalized/alias/homepage evidence; no lookalikes either,
aravis,,0.0,none,missing,no exact/normalized/alias/homepage evidence; no lookalikes either,
arcade-learning-environment,,0.0,none,missing,no exact/normalized/alias/homepage evidence; no lookalikes either,
arcadedb,,0.0,none,missing,no exact/normalized/alias/homepage evidence; no lookalikes either,
archey4,,0.0,none,missing,no exact/normalized/alias/homepage evidence; no lookalikes either,
archgw,,0.0,none,missing,no exact/normalized/alias/homepage evidence; no lookalikes either,
archi-steam-farm,,0.0,none,missing,no exact/normalized/alias/homepage evidence; no lookalikes either,
archivemount,,0.0,none,missing,no exact/normalized/alias/homepage evidence; no lookalikes either,
archiver,,0.0,none,needs-review,no exact/normalized/alias/homepage evidence; fuzzy suggestions listed for review,karchiver; xarchive
arduino-cli,,0.0,none,missing,no exact/normalized/alias/homepage evidence; no lookalikes either,
arelo,,0.0,none,missing,no exact/normalized/alias/homepage evidence; no lookalikes either,
ares,,0.0,none,missing,no exact/normalized/alias/homepage evidence; no lookalikes either,
arf,,0.0,none,missing,no exact/normalized/alias/homepage evidence; no lookalikes either,
argc,,0.0,none,needs-review,no exact/normalized/alias/homepage evidence; fuzzy suggestions listed for review,arc; avr-gcc
argo,,0.0,none,needs-review,no exact/normalized/alias/homepage evidence; fuzzy suggestions listed for review,cargo
argocd,,0.0,none,missing,no exact/normalized/alias/homepage evidence; no lookalikes either,
argocd-autopilot,,0.0,none,missing,no exact/normalized/alias/homepage evidence; no lookalikes either,
argocd-vault-plugin,,0.0,none,missing,no exact/normalized/alias/homepage evidence; no lookalikes either,
argon2,,0.0,none,needs-review,no exact/normalized/alias/homepage evidence; same homepage 'https://github.com/P-H-C/phc-winner-argon2' as 'libargon2-shlibs' but desc overlap only 0.00; no lookalikes either,
argp-standalone,,0.0,none,missing,no exact/normalized/alias/homepage evidence; no lookalikes either,
argparse,,0.0,none,needs-review,no exact/normalized/alias/homepage evidence; fuzzy suggestions listed for review,node-argparse
argtable,,0.0,none,missing,no exact/normalized/alias/homepage evidence; no lookalikes either,
argtable3,,0.0,none,missing,no exact/normalized/alias/homepage evidence; no lookalikes either,
argus,argus,1.0,exact,confident,name identical in both managers; homepages 'https://openargus.org' vs 'http://qosient.com/argus',
argus-clients,argus-clients,1.0,exact,confident,name identical in both managers; homepages 'https://openargus.org' vs 'http://qosient.com/argus',
argyll-cms,,0.0,none,missing,no exact/normalized/alias/homepage evidence; no lookalikes either,
aria2,aria2,1.0,exact,confident,name identical in both managers; homepages 'https://aria2.github.io/' vs 'http://aria2.sourceforge.net/',
aribb24,,0.0,none,missing,no exact/normalized/alias/homepage evidence; no lookalikes either,
arjun,,0.0,none,missing,no exact/normalized/alias/homepage evidence; no lookalikes either,
arkade,,0.0,none,missing,no exact/normalized/alias/homepage evidence; no lookalikes either,
arm-linux-gnueabihf-binutils,,0.0,none,missing,no exact/normalized/alias/homepage evidence; no lookalikes either,
arm-none-eabi-binutils,,0.0,ambiguous,needs-review,homepage shared by several targets,aarch64-%type_pkg[platform]-binutils; arm-%type_pkg[platform]-binutils; avr-binutils; avr-embedded-binutils; binutils-docs
arm-none-eabi-gcc,,0.0,none,needs-review,no exact/normalized/alias/homepage evidence; same homepage 'https://gcc.gnu.org' as 'mingw-gcc' but versions '16.2.0' vs '4.1.0'; no lookalikes either,
arm-none-eabi-gdb,,0.0,none,needs-review,no exact/normalized/alias/homepage evidence; same homepage 'https://www.gnu.org/software/gdb/' as 'gdb' but versions '17.2' vs '13.2'; no lookalikes either,
armadillo,,0.0,none,missing,no exact/normalized/alias/homepage evidence; no lookalikes either,
arp-scan,,0.0,none,missing,no exact/normalized/alias/homepage evidence; no lookalikes either,
arp-scan-rs,,0.0,none,missing,no exact/normalized/alias/homepage evidence; no lookalikes either,
arpack,,0.0,none,missing,no exact/normalized/alias/homepage evidence; no lookalikes either,
arping,,0.0,none,missing,no exact/normalized/alias/homepage evidence; no lookalikes either,
arpoison,arpoison,1.0,exact,confident,name identical in both managers; homepages 'http://www.arpoison.net/' vs 'http://arpoison.sourceforge.net',
arrayfire,,0.0,none,missing,no exact/normalized/alias/homepage evidence; no lookalikes either,
arss,,0.0,none,missing,no exact/normalized/alias/homepage evidence; no lookalikes either,
artillery,,0.0,none,missing,no exact/normalized/alias/homepage evidence; no lookalikes either,
arttime,,0.0,none,missing,no exact/normalized/alias/homepage evidence; no lookalikes either,
arturo,,0.0,none,missing,no exact/normalized/alias/homepage evidence; no lookalikes either,
arx-libertatis,,0.0,none,missing,no exact/normalized/alias/homepage evidence; no lookalikes either,
arxiv_latex_cleaner,,0.0,none,missing,no exact/normalized/alias/homepage evidence; no lookalikes either,
as-tree,,0.0,none,needs-review,no exact/normalized/alias/homepage evidence; fuzzy suggestions listed for review,fasttree; pstree; tree
asak,,0.0,none,missing,no exact/normalized/alias/homepage evidence; no lookalikes either,
asar,,0.0,none,missing,no exact/normalized/alias/homepage evidence; no lookalikes either,
asc,,0.0,none,missing,no exact/normalized/alias/homepage evidence; no lookalikes either,
asccli,,0.0,none,missing,no exact/normalized/alias/homepage evidence; no lookalikes either,
ascii,,0.0,none,missing,no exact/normalized/alias/homepage evidence; no lookalikes either,
ascii2binary,,0.0,none,missing,no exact/normalized/alias/homepage evidence; no lookalikes either,
asciidoc,asciidoc,1.0,exact,confident,name identical in both managers; homepages 'https://asciidoc-py.github.io/' vs 'http://www.methods.co.nz/asciidoc/',
asciidoctor,asciidoctor,1.0,exact,confident,name identical in both managers; homepages 'https://asciidoctor.org/' vs 'https://asciidoctor.org',
asciidoctorj,,0.0,none,needs-review,no exact/normalized/alias/homepage evidence; fuzzy suggestions listed for review,asciidoctor; asciidoc
asciinema,,0.0,none,missing,no exact/normalized/alias/homepage evidence; no lookalikes either,
asciiquarium,asciiquarium,1.0,exact,confident,name identical in both managers; homepages 'https://robobunny.com/projects/asciiquarium/html/' vs 'http://www.kde-look.org/content/show.php/KDE+Asciiquarium?content=29207',
asciitex,,0.0,none,missing,no exact/normalized/alias/homepage evidence; no lookalikes either,
asdf,,0.0,none,missing,no exact/normalized/alias/homepage evidence; no lookalikes either,
asimov,,0.0,none,missing,no exact/normalized/alias/homepage evidence; no lookalikes either,
asio,,0.0,none,missing,no exact/normalized/alias/homepage evidence; no lookalikes either,
asitop,,0.0,none,missing,no exact/normalized/alias/homepage evidence; no lookalikes either,
ask-cli,,0.0,none,missing,no exact/normalized/alias/homepage evidence; no lookalikes either,
asm-lsp,,0.0,none,missing,no exact/normalized/alias/homepage evidence; no lookalikes either,
asm6809,,0.0,none,missing,no exact/normalized/alias/homepage evidence; no lookalikes either,
asmfmt,,0.0,none,missing,no exact/normalized/alias/homepage evidence; no lookalikes either,
asn,,0.0,none,missing,no exact/normalized/alias/homepage evidence; no lookalikes either,
asn1c,,0.0,none,missing,no exact/normalized/alias/homepage evidence; no lookalikes either,
asnmap,,0.0,none,needs-review,no exact/normalized/alias/homepage evidence; fuzzy suggestions listed for review,nmap
aspcud,,0.0,none,missing,no exact/normalized/alias/homepage evidence; no lookalikes either,
aspectj,aspectj,1.0,exact,confident,name identical in both managers; homepages 'https://eclipse.dev/aspectj/' vs 'http://www.eclipse.org/aspectj/',
aspell,aspell,1.0,exact,confident,name identical in both managers; homepages 'http://aspell.net/' vs 'http://aspell.net',
asroute,,0.0,none,missing,no exact/normalized/alias/homepage evidence; no lookalikes either,
assh,,0.0,none,needs-review,no exact/normalized/alias/homepage evidence; fuzzy suggestions listed for review,ash
assimp,,0.0,none,needs-review,no exact/normalized/alias/homepage evidence; same homepage 'https://www.assimp.org/' as 'libassimp-shlibs' but versions '6.0.5' vs '3.3.1'; fuzzy suggestions listed for review,libassimp
assimp@5,libassimp5-shlibs,0.9,homepage,confident,same upstream 'https://www.assimp.org/' (desc overlap 0.15),
ast-grep,,0.0,none,needs-review,no exact/normalized/alias/homepage evidence; fuzzy suggestions listed for review,agrep
astgen,,0.0,none,missing,no exact/normalized/alias/homepage evidence; no lookalikes either,
astra,,0.0,none,missing,no exact/normalized/alias/homepage evidence; no lookalikes either,
astro,,0.0,none,missing,no exact/normalized/alias/homepage evidence; no lookalikes either,
astrometry-net,,0.0,none,missing,no exact/normalized/alias/homepage evidence; no lookalikes either,
astroterm,,0.0,none,missing,no exact/normalized/alias/homepage evidence; no lookalikes either,
astyle,astyle,1.0,exact,confident,name identical in both managers; homepages 'https://astyle.sourceforge.net/' vs 'http://sourceforge.net/projects/astyle',
asuka,,0.0,none,missing,no exact/normalized/alias/homepage evidence; no lookalikes either,
asymptote,asymptote,1.0,exact,confident,name identical in both managers; homepages 'https://asymptote.sourceforge.io' vs 'http://asymptote.sourceforge.net',
async-profiler,,0.0,none,missing,no exact/normalized/alias/homepage evidence; no lookalikes either,
async_simple,,0.0,none,missing,no exact/normalized/alias/homepage evidence; no lookalikes either,
asyncapi,,0.0,none,missing,no exact/normalized/alias/homepage evidence; no lookalikes either,
asyncplusplus,,0.0,none,missing,no exact/normalized/alias/homepage evidence; no lookalikes either,
at-spi2-core,,0.0,none,missing,no exact/normalized/alias/homepage evidence; no lookalikes either,
ata,,0.0,none,missing,no exact/normalized/alias/homepage evidence; no lookalikes either,
atac,,0.0,none,missing,no exact/normalized/alias/homepage evidence; no lookalikes either,
atari800,,0.0,none,needs-review,no exact/normalized/alias/homepage evidence; fuzzy suggestions listed for review,atari800-sdl
atasm,,0.0,none,needs-review,no exact/normalized/alias/homepage evidence; fuzzy suggestions listed for review,atlas
atf,,0.0,none,needs-review,no exact/normalized/alias/homepage evidence; fuzzy suggestions listed for review,tf
athenacli,,0.0,none,missing,no exact/normalized/alias/homepage evidence; no lookalikes either,
atkmm,,0.0,ambiguous,needs-review,homepage shared by several targets,glibmm2.4; glibmm2.4-shlibs; libpanelappletmm2.6.1; gtkmm
atkmm@2.28,,0.0,ambiguous,needs-review,homepage shared by several targets,glibmm2.4; glibmm2.4-shlibs; libpanelappletmm2.6.1
atlantis,,0.0,none,missing,no exact/normalized/alias/homepage evidence; no lookalikes either,
atlas,atlas,1.0,exact,confident,name identical in both managers; homepages 'https://atlasgo.io/' vs 'http://math-atlas.sourceforge.net',
atmos,,0.0,none,missing,no exact/normalized/alias/homepage evidence; no lookalikes either,
atomgit-cli,,0.0,none,missing,no exact/normalized/alias/homepage evidence; no lookalikes either,
atomic_queue,,0.0,none,missing,no exact/normalized/alias/homepage evidence; no lookalikes either,
atomicparsley,atomicparsley,1.0,exact,confident,name identical in both managers; homepages 'https://github.com/wez/atomicparsley' vs 'https://github.com/wez/atomicparsley',
atomist-cli,,0.0,none,missing,no exact/normalized/alias/homepage evidence; no lookalikes either,
atool,atool,1.0,exact,confident,name identical in both managers; homepages 'https://savannah.nongnu.org/projects/atool/' vs 'http://www.nongnu.org/atool',
atop,,0.0,none,missing,no exact/normalized/alias/homepage evidence; no lookalikes either,
ats2-postiats,,0.0,none,missing,no exact/normalized/alias/homepage evidence; no lookalikes either,
attempt-cli,,0.0,none,missing,no exact/normalized/alias/homepage evidence; no lookalikes either,
attr,,0.0,none,missing,no exact/normalized/alias/homepage evidence; no lookalikes either,
atuin,,0.0,none,missing,no exact/normalized/alias/homepage evidence; no lookalikes either,
atuin-server,,0.0,none,missing,no exact/normalized/alias/homepage evidence; no lookalikes either,
aube,,0.0,none,needs-review,no exact/normalized/alias/homepage evidence; fuzzy suggestions listed for review,abe
aubio,,0.0,none,needs-review,no exact/normalized/alias/homepage evidence; same homepage 'https://aubio.org' as 'libaubio2' but desc overlap only 0.03; no lookalikes either,
audacious,,0.0,none,needs-review,no exact/normalized/alias/homepage evidence; same homepage 'https://audacious-media-player.org/' as 'audacious2' but desc overlap only 0.10; versions '4.6.1' vs '2.2'; fuzzy suggestions listed for review,audacious2
audiowaveform,,0.0,none,missing,no exact/normalized/alias/homepage evidence; no lookalikes either,
auditbeat,,0.0,none,missing,no exact/normalized/alias/homepage evidence; no lookalikes either,
auditwheel,,0.0,none,missing,no exact/normalized/alias/homepage evidence; no lookalikes either,
augeas,,0.0,none,missing,no exact/normalized/alias/homepage evidence; no lookalikes either,
augustus,,0.0,none,missing,no exact/normalized/alias/homepage evidence; no lookalikes either,
aurora,,0.0,none,needs-review,no exact/normalized/alias/homepage evidence; fuzzy suggestions listed for review,arora
austin,,0.0,none,missing,no exact/normalized/alias/homepage evidence; no lookalikes either,
auth0,,0.0,none,missing,no exact/normalized/alias/homepage evidence; no lookalikes either,
authoscope,,0.0,none,missing,no exact/normalized/alias/homepage evidence; no lookalikes either,
authz0,,0.0,none,missing,no exact/normalized/alias/homepage evidence; no lookalikes either,
auto-editor,,0.0,none,missing,no exact/normalized/alias/homepage evidence; no lookalikes either,
autobench,,0.0,none,missing,no exact/normalized/alias/homepage evidence; no lookalikes either,
autobrr,,0.0,none,missing,no exact/normalized/alias/homepage evidence; no lookalikes either,
autocannon,,0.0,none,missing,no exact/normalized/alias/homepage evidence; no lookalikes either,
autocode,,0.0,none,missing,no exact/normalized/alias/homepage evidence; no lookalikes either,
autoconf,autoconf,1.0,exact,confident,name identical in both managers; homepages 'https://www.gnu.org/software/autoconf/' vs 'http://www.gnu.org/software/autoconf/',
autoconf-archive,autoconf-archive,1.0,exact,confident,name identical in both managers; homepages 'https://savannah.gnu.org/projects/autoconf-archive/' vs 'http://www.gnu.org/software/autoconf-archive/',
autocorrect,,0.0,none,missing,no exact/normalized/alias/homepage evidence; no lookalikes either,
autocycler,,0.0,none,missing,no exact/normalized/alias/homepage evidence; no lookalikes either,
autodiff,,0.0,none,missing,no exact/normalized/alias/homepage evidence; no lookalikes either,
autoenv,,0.0,none,needs-review,no exact/normalized/alias/homepage evidence; fuzzy suggestions listed for review,autogen
autogen,autogen,1.0,exact,confident,name identical in both managers; homepages 'https://autogen.sourceforge.net/' vs 'http://www.gnu.org/software/autogen/',
autojump,,0.0,none,missing,no exact/normalized/alias/homepage evidence; no lookalikes either,
automake,automake,1.0,exact,confident,name identical in both managers; homepages 'https://www.gnu.org/software/automake/' vs 'http://www.gnu.org/software/automake/',
automysqlbackup,,0.0,none,missing,no exact/normalized/alias/homepage evidence; no lookalikes either,
autopep8,,0.0,none,missing,no exact/normalized/alias/homepage evidence; no lookalikes either,
autorest,,0.0,none,needs-review,no exact/normalized/alias/homepage evidence; fuzzy suggestions listed for review,autotrust
autorestic,,0.0,none,missing,no exact/normalized/alias/homepage evidence; no lookalikes either,
autossh,autossh,1.0,exact,confident,name identical in both managers; homepages 'https://www.harding.motd.ca/autossh/' vs 'http://www.harding.motd.ca/autossh/',
autotrace,autotrace,1.0,exact,confident,name identical in both managers; homepages 'https://autotrace.sourceforge.net/' vs '',
av1an,,0.0,none,missing,no exact/normalized/alias/homepage evidence; no lookalikes either,
avahi,avahi,1.0,exact,confident,name identical in both managers; homepages 'https://avahi.org' vs 'http://avahi.org/',
avanor,,0.0,none,missing,no exact/normalized/alias/homepage evidence; no lookalikes either,
avce00,,0.0,none,missing,no exact/normalized/alias/homepage evidence; no lookalikes either,
avfs,avfs,1.0,exact,confident,name identical in both managers; homepages 'https://avf.sourceforge.net/' vs 'http://www.boomerangsworld.de/cms/avfs/index?lang=en',
aview,aview,1.0,exact,confident,name identical in both managers; homepages 'https://aa-project.sourceforge.net/' vs 'http://aa-project.sourceforge.net/aview',
avimetaedit,,0.0,none,missing,no exact/normalized/alias/homepage evidence; no lookalikes either,
avisynthplus,,0.0,none,missing,no exact/normalized/alias/homepage evidence; no lookalikes either,
avra,,0.0,none,missing,no exact/normalized/alias/homepage evidence; no lookalikes either,
avrdude,avrdude,1.0,exact,confident,name identical in both managers; homepages 'https://www.nongnu.org/avrdude/' vs 'http://savannah.nongnu.org/projects/avrdude',
avro-c,,0.0,none,missing,no exact/normalized/alias/homepage evidence; no lookalikes either,
avro-cpp,,0.0,none,missing,no exact/normalized/alias/homepage evidence; no lookalikes either,
avro-tools,,0.0,none,needs-review,no exact/normalized/alias/homepage evidence; fuzzy suggestions listed for review,arptools
awk,,0.0,none,needs-review,no exact/normalized/alias/homepage evidence; fuzzy suggestions listed for review,gawk; mawk
aws-amplify,,0.0,none,missing,no exact/normalized/alias/homepage evidence; no lookalikes either,
aws-auth,,0.0,none,missing,no exact/normalized/alias/homepage evidence; no lookalikes either,
aws-c-auth,,0.0,none,missing,no exact/normalized/alias/homepage evidence; no lookalikes either,
aws-c-cal,,0.0,none,missing,no exact/normalized/alias/homepage evidence; no lookalikes either,
aws-c-common,,0.0,none,missing,no exact/normalized/alias/homepage evidence; no lookalikes either,
aws-c-compression,,0.0,none,missing,no exact/normalized/alias/homepage evidence; no lookalikes either,
aws-c-event-stream,,0.0,none,missing,no exact/normalized/alias/homepage evidence; no lookalikes either,
aws-c-http,,0.0,none,missing,no exact/normalized/alias/homepage evidence; no lookalikes either,
aws-c-io,,0.0,none,missing,no exact/normalized/alias/homepage evidence; no lookalikes either,
aws-c-mqtt,,0.0,none,missing,no exact/normalized/alias/homepage evidence; no lookalikes either,
aws-c-s3,,0.0,none,missing,no exact/normalized/alias/homepage evidence; no lookalikes either,
aws-c-sdkutils,,0.0,none,missing,no exact/normalized/alias/homepage evidence; no lookalikes either,
aws-cdk,,0.0,none,missing,no exact/normalized/alias/homepage evidence; no lookalikes either,
aws-checksums,,0.0,none,missing,no exact/normalized/alias/homepage evidence; no lookalikes either,
aws-console,,0.0,none,missing,no exact/normalized/alias/homepage evidence; no lookalikes either,
aws-crt-cpp,,0.0,none,missing,no exact/normalized/alias/homepage evidence; no lookalikes either,
aws-elasticbeanstalk,,0.0,none,missing,no exact/normalized/alias/homepage evidence; no lookalikes either,
aws-es-proxy,,0.0,none,missing,no exact/normalized/alias/homepage evidence; no lookalikes either,
aws-google-auth,,0.0,none,missing,no exact/normalized/alias/homepage evidence; no lookalikes either,
aws-iam-authenticator,,0.0,none,missing,no exact/normalized/alias/homepage evidence; no lookalikes either,
aws-keychain,,0.0,none,needs-review,no exact/normalized/alias/homepage evidence; fuzzy suggestions listed for review,keychain
aws-lc,,0.0,none,missing,no exact/normalized/alias/homepage evidence; no lookalikes either,
aws-nuke,,0.0,none,missing,no exact/normalized/alias/homepage evidence; no lookalikes either,
aws-rotate-key,,0.0,none,missing,no exact/normalized/alias/homepage evidence; no lookalikes either,
aws-sam-cli,,0.0,none,missing,no exact/normalized/alias/homepage evidence; no lookalikes either,
aws-sdk-cpp,,0.0,none,missing,no exact/normalized/alias/homepage evidence; no lookalikes either,
aws-shell,,0.0,none,missing,no exact/normalized/alias/homepage evidence; no lookalikes either,
aws-spiffe-workload-helper,,0.0,none,missing,no exact/normalized/alias/homepage evidence; no lookalikes either,
aws-sso-cli,,0.0,none,missing,no exact/normalized/alias/homepage evidence; no lookalikes either,
aws-sso-util,,0.0,none,missing,no exact/normalized/alias/homepage evidence; no lookalikes either,
aws-vault,,0.0,none,missing,no exact/normalized/alias/homepage evidence; no lookalikes either,
aws2-wrap,,0.0,none,missing,no exact/normalized/alias/homepage evidence; no lookalikes either,
awscli,,0.0,none,missing,no exact/normalized/alias/homepage evidence; no lookalikes either,
awscli-local,,0.0,none,missing,no exact/normalized/alias/homepage evidence; no lookalikes either,
awscli@1,,0.0,none,missing,no exact/normalized/alias/homepage evidence; no lookalikes either,
awscurl,,0.0,none,missing,no exact/normalized/alias/homepage evidence; no lookalikes either,
awsdac,,0.0,none,missing,no exact/normalized/alias/homepage evidence; no lookalikes either,
awslogs,,0.0,none,missing,no exact/normalized/alias/homepage evidence; no lookalikes either,
awsume,,0.0,none,missing,no exact/normalized/alias/homepage evidence; no lookalikes either,
awsweeper,,0.0,none,missing,no exact/normalized/alias/homepage evidence; no lookalikes either,
awww,,0.0,none,missing,no exact/normalized/alias/homepage evidence; no lookalikes either,
axel,axel,1.0,exact,confident,name identical in both managers; homepages 'https://github.com/axel-download-accelerator/axel' vs 'http://www.lintux.cx/axel.html',
ayatana-ido,,0.0,none,missing,no exact/normalized/alias/homepage evidence; no lookalikes either,
azcopy,,0.0,none,missing,no exact/normalized/alias/homepage evidence; no lookalikes either,
azion,,0.0,none,missing,no exact/normalized/alias/homepage evidence; no lookalikes either,
azqr,,0.0,none,missing,no exact/normalized/alias/homepage evidence; no lookalikes either,
aztfexport,,0.0,none,missing,no exact/normalized/alias/homepage evidence; no lookalikes either,
azure-cli,,0.0,none,missing,no exact/normalized/alias/homepage evidence; no lookalikes either,
azure-core-cpp,,0.0,none,missing,no exact/normalized/alias/homepage evidence; no lookalikes either,
azure-dev,,0.0,none,missing,no exact/normalized/alias/homepage evidence; no lookalikes either,
azure-storage-blobs-cpp,,0.0,none,missing,no exact/normalized/alias/homepage evidence; no lookalikes either,
azure-storage-common-cpp,,0.0,none,missing,no exact/normalized/alias/homepage evidence; no lookalikes either,
azurehound,,0.0,none,missing,no exact/normalized/alias/homepage evidence; no lookalikes either,
azurite,,0.0,none,missing,no exact/normalized/alias/homepage evidence; no lookalikes either,
b2-tools,,0.0,none,needs-review,no exact/normalized/alias/homepage evidence; fuzzy suggestions listed for review,bamtools; bcftools; bedtools
b2sum,,0.0,none,missing,no exact/normalized/alias/homepage evidence; no lookalikes either,
b3sum,,0.0,none,missing,no exact/normalized/alias/homepage evidence; no lookalikes either,
b4,,0.0,none,needs-review,no exact/normalized/alias/homepage evidence; fuzzy suggestions listed for review,db4
b43-fwcutter,,0.0,none,missing,no exact/normalized/alias/homepage evidence; no lookalikes either,
b4n,,0.0,none,missing,no exact/normalized/alias/homepage evidence; no lookalikes either,
babel,babel,1.0,exact,confident,name identical in both managers; homepages 'https://babeljs.io/' vs 'http://www.eyesopen.com/babel/',
babeld,,0.0,none,needs-review,no exact/normalized/alias/homepage evidence; fuzzy suggestions listed for review,babel
babelfish,,0.0,none,missing,no exact/normalized/alias/homepage evidence; no lookalikes either,
babl,,0.0,none,needs-review,no exact/normalized/alias/homepage evidence; same homepage 'https://www.gegl.org/babl/' as 'libbabl0.0.0-shlibs' but desc overlap only 0.10; fuzzy suggestions listed for review,babel
backgroundremover,,0.0,none,missing,no exact/normalized/alias/homepage evidence; no lookalikes either,
backlog-md,,0.0,none,missing,no exact/normalized/alias/homepage evidence; no lookalikes either,
backplane-cli,,0.0,none,missing,no exact/normalized/alias/homepage evidence; no lookalikes either,
backupninja,,0.0,none,missing,no exact/normalized/alias/homepage evidence; no lookalikes either,
bacon,,0.0,none,missing,no exact/normalized/alias/homepage evidence; no lookalikes either,
bacon-ls,,0.0,none,missing,no exact/normalized/alias/homepage evidence; no lookalikes either,
bacula-fd,,0.0,none,missing,no exact/normalized/alias/homepage evidence; no lookalikes either,
badkeys,,0.0,none,missing,no exact/normalized/alias/homepage evidence; no lookalikes either,
badread,,0.0,none,missing,no exact/normalized/alias/homepage evidence; no lookalikes either,
bagel,,0.0,none,needs-review,no exact/normalized/alias/homepage evidence; fuzzy suggestions listed for review,babel; ragel
bagels,,0.0,none,missing,no exact/normalized/alias/homepage evidence; no lookalikes either,
bagit,,0.0,none,missing,no exact/normalized/alias/homepage evidence; no lookalikes either,
baguette,,0.0,none,missing,no exact/normalized/alias/homepage evidence; no lookalikes either,
baidupcs-go,,0.0,none,missing,no exact/normalized/alias/homepage evidence; no lookalikes either,
balena-cli,,0.0,none,missing,no exact/normalized/alias/homepage evidence; no lookalikes either,
ballerburg,,0.0,none,missing,no exact/normalized/alias/homepage evidence; no lookalikes either,
ballerina,,0.0,none,missing,no exact/normalized/alias/homepage evidence; no lookalikes either,
bam,,0.0,none,missing,no exact/normalized/alias/homepage evidence; no lookalikes either,
baml,,0.0,none,needs-review,no exact/normalized/alias/homepage evidence; fuzzy suggestions listed for review,bml
bamtools,bamtools,1.0,exact,confident,name identical in both managers; homepages 'https://github.com/pezmaster31/bamtools' vs 'https://github.com/pezmaster31/bamtools/',
bandcamp-dl,,0.0,none,missing,no exact/normalized/alias/homepage evidence; no lookalikes either,
bandicoot,,0.0,none,missing,no exact/normalized/alias/homepage evidence; no lookalikes either,
bandit,,0.0,none,missing,no exact/normalized/alias/homepage evidence; no lookalikes either,
bandwhich,,0.0,none,missing,no exact/normalized/alias/homepage evidence; no lookalikes either,
bao,,0.0,none,missing,no exact/normalized/alias/homepage evidence; no lookalikes either,
baobab,,0.0,none,missing,no exact/normalized/alias/homepage evidence; no lookalikes either,
bar,,0.0,none,needs-review,no exact/normalized/alias/homepage evidence; fuzzy suggestions listed for review,zbar
bareos-client,,0.0,none,missing,no exact/normalized/alias/homepage evidence; no lookalikes either,
baresip,,0.0,none,missing,no exact/normalized/alias/homepage evidence; no lookalikes either,
barman,,0.0,none,needs-review,no exact/normalized/alias/homepage evidence; fuzzy suggestions listed for review,rman
bartib,,0.0,none,missing,no exact/normalized/alias/homepage evidence; no lookalikes either,
bartycrouch,,0.0,none,missing,no exact/normalized/alias/homepage evidence; no lookalikes either,
bas55,,0.0,none,missing,no exact/normalized/alias/homepage evidence; no lookalikes either,
base16384,,0.0,none,needs-review,no exact/normalized/alias/homepage evidence; fuzzy suggestions listed for review,base64
base64,base64,1.0,exact,confident,name identical in both managers; homepages 'https://www.fourmilab.ch/webtools/base64/' vs 'http://www.fourmilab.ch/webtools/base64/',
base91,,0.0,none,missing,no exact/normalized/alias/homepage evidence; no lookalikes either,
basedpyright,,0.0,none,missing,no exact/normalized/alias/homepage evidence; no lookalikes either,
basex,,0.0,none,needs-review,no exact/normalized/alias/homepage evidence; fuzzy suggestions listed for review,9base; r-base
bash,bash,1.0,exact,confident,name identical in both managers; homepages 'https://www.gnu.org/software/bash/' vs 'http://www.gnu.org/software/bash/bash.html',
bash-completion,bash-completion,1.0,exact,confident,name identical in both managers; homepages 'https://salsa.debian.org/debian/bash-completion' vs 'http://www.caliban.org/bash/index.shtml',
bash-completion@2,,0.0,none,needs-review,no exact/normalized/alias/homepage evidence; fuzzy suggestions listed for review,bash-completion; system-bash-completion
bash-git-prompt,,0.0,none,missing,no exact/normalized/alias/homepage evidence; no lookalikes either,
bash-language-server,,0.0,none,missing,no exact/normalized/alias/homepage evidence; no lookalikes either,
bash-preexec,,0.0,none,missing,no exact/normalized/alias/homepage evidence; no lookalikes either,
bash-snippets,,0.0,none,missing,no exact/normalized/alias/homepage evidence; no lookalikes either,
bash_unit,,0.0,none,missing,no exact/normalized/alias/homepage evidence; no lookalikes either,
bashate,,0.0,none,missing,no exact/normalized/alias/homepage evidence; no lookalikes either,
bashdb,,0.0,none,needs-review,no exact/normalized/alias/homepage evidence; fuzzy suggestions listed for review,bash
bashish,,0.0,none,missing,no exact/normalized/alias/homepage evidence; no lookalikes either,
bashly,,0.0,none,needs-review,no exact/normalized/alias/homepage evidence; fuzzy suggestions listed for review,bash
bashunit,,0.0,none,missing,no exact/normalized/alias/homepage evidence; no lookalikes either,
basis_universal,,0.0,none,missing,no exact/normalized/alias/homepage evidence; no lookalikes either,
bastet,,0.0,none,missing,no exact/normalized/alias/homepage evidence; no lookalikes either,
basti,,0.0,none,needs-review,no exact/normalized/alias/homepage evidence; fuzzy suggestions listed for review,bfast
bat,,0.0,none,missing,no exact/normalized/alias/homepage evidence; no lookalikes either,
bat-extras,,0.0,none,missing,no exact/normalized/alias/homepage evidence; no lookalikes either,
batik,,0.0,none,missing,no exact/normalized/alias/homepage evidence; no lookalikes either,
bats-core,,0.0,none,missing,no exact/normalized/alias/homepage evidence; no lookalikes either,
batt,,0.0,none,missing,no exact/normalized/alias/homepage evidence; no lookalikes either,
bazarr,,0.0,none,needs-review,no exact/normalized/alias/homepage evidence; fuzzy suggestions listed for review,bazaar
bazel,,0.0,none,needs-review,no exact/normalized/alias/homepage evidence; fuzzy suggestions listed for review,babel
bazel-diff,,0.0,none,missing,no exact/normalized/alias/homepage evidence; no lookalikes either,
bazel-remote,,0.0,none,missing,no exact/normalized/alias/homepage evidence; no lookalikes either,
bazel@7,,0.0,none,missing,no exact/normalized/alias/homepage evidence; no lookalikes either,
bazel@8,,0.0,none,missing,no exact/normalized/alias/homepage evidence; no lookalikes either,
bazelisk,,0.0,none,missing,no exact/normalized/alias/homepage evidence; no lookalikes either,
bb-cli,,0.0,none,missing,no exact/normalized/alias/homepage evidence; no lookalikes either,
bbe,,0.0,none,missing,no exact/normalized/alias/homepage evidence; no lookalikes either,
bbftp-client,,0.0,none,missing,no exact/normalized/alias/homepage evidence; no lookalikes either,
bbot,,0.0,none,missing,no exact/normalized/alias/homepage evidence; no lookalikes either,
bbrew,,0.0,none,missing,no exact/normalized/alias/homepage evidence; no lookalikes either,
bbtools,,0.0,none,needs-review,no exact/normalized/alias/homepage evidence; fuzzy suggestions listed for review,bbtool; bibtool; bamtools
bc,bc,1.0,exact,confident,name identical in both managers; homepages 'https://www.gnu.org/software/bc/' vs 'http://www.gnu.org/software/bc/bc.html',
bc-gh,,0.0,none,missing,no exact/normalized/alias/homepage evidence; no lookalikes either,
bcal,,0.0,none,needs-review,no exact/normalized/alias/homepage evidence; fuzzy suggestions listed for review,hebcal
bcftools,bcftools,1.0,exact,confident,name identical in both managers; homepages 'https://www.htslib.org/' vs 'https://www.htslib.org/',
bchunk,bchunk,1.0,exact,confident,name identical in both managers; homepages 'http://he.fi/bchunk/' vs 'http://he.fi/bchunk/',
bcoin,,0.0,none,missing,no exact/normalized/alias/homepage evidence; no lookalikes either,
bcpp,,0.0,none,missing,no exact/normalized/alias/homepage evidence; no lookalikes either,
bcrypt,bcrypt,1.0,exact,confident,name identical in both managers; homepages 'https://bcrypt.sourceforge.net/' vs 'http://bcrypt.sourceforge.net',
bde,,0.0,none,missing,no exact/normalized/alias/homepage evidence; no lookalikes either,
bdftopcf,,0.0,none,missing,no exact/normalized/alias/homepage evidence; no lookalikes either,
bdw-gc,,0.0,none,missing,no exact/normalized/alias/homepage evidence; no lookalikes either,
beads,,0.0,none,missing,no exact/normalized/alias/homepage evidence; no lookalikes either,
beads_viewer,,0.0,none,missing,no exact/normalized/alias/homepage evidence; no lookalikes either,
beagle,,0.0,none,needs-review,no exact/normalized/alias/homepage evidence; fuzzy suggestions listed for review,libbeagle
beakerlib,,0.0,none,missing,no exact/normalized/alias/homepage evidence; no lookalikes either,
beancount,,0.0,none,missing,no exact/normalized/alias/homepage evidence; no lookalikes either,
beancount-language-server,,0.0,none,missing,no exact/normalized/alias/homepage evidence; no lookalikes either,
beanquery,,0.0,none,missing,no exact/normalized/alias/homepage evidence; no lookalikes either,
beanstalkd,,0.0,none,missing,no exact/normalized/alias/homepage evidence; no lookalikes either,
bear,,0.0,none,missing,no exact/normalized/alias/homepage evidence; no lookalikes either,
beast,,0.0,none,needs-review,no exact/normalized/alias/homepage evidence; fuzzy suggestions listed for review,bfast
beautysh,,0.0,none,missing,no exact/normalized/alias/homepage evidence; no lookalikes either,
bed,,0.0,none,missing,no exact/normalized/alias/homepage evidence; no lookalikes either,
bedops,,0.0,none,missing,no exact/normalized/alias/homepage evidence; no lookalikes either,
bedtk,,0.0,none,missing,no exact/normalized/alias/homepage evidence; no lookalikes either,
bedtools,bedtools,1.0,exact,confident,name identical in both managers; homepages 'https://github.com/arq5x/bedtools2' vs 'https://github.com/arq5x/bedtools2',
bee,,0.0,none,needs-review,no exact/normalized/alias/homepage evidence; fuzzy suggestions listed for review,ee
beecrypt,,0.0,none,needs-review,no exact/normalized/alias/homepage evidence; same homepage 'https://beecrypt.sourceforge.net/' as 'beecrypt6' but desc overlap only 0.00; fuzzy suggestions listed for review,beecrypt6; beecrypt7; bcrypt
beets,,0.0,none,missing,no exact/normalized/alias/homepage evidence; no lookalikes either,
befunge93,,0.0,none,missing,no exact/normalized/alias/homepage evidence; no lookalikes either,
behaviortree.cpp,,0.0,none,missing,no exact/normalized/alias/homepage evidence; no lookalikes either,
bench,,0.0,none,missing,no exact/normalized/alias/homepage evidence; no lookalikes either,
benchi,,0.0,none,missing,no exact/normalized/alias/homepage evidence; no lookalikes either,
bender,,0.0,none,missing,no exact/normalized/alias/homepage evidence; no lookalikes either,
benerator,,0.0,none,missing,no exact/normalized/alias/homepage evidence; no lookalikes either,
benthos,,0.0,none,missing,no exact/normalized/alias/homepage evidence; no lookalikes either,
bento,,0.0,none,needs-review,no exact/normalized/alias/homepage evidence; fuzzy suggestions listed for review,bento4
bento4,bento4,1.0,exact,confident,name identical in both managers; homepages 'https://www.bento4.com/' vs 'https://www.bento4.com/',
berglas,,0.0,none,missing,no exact/normalized/alias/homepage evidence; no lookalikes either,
berkeley-db,,0.0,none,missing,no exact/normalized/alias/homepage evidence; no lookalikes either,
berkeley-db@5,,0.0,none,missing,no exact/normalized/alias/homepage evidence; no lookalikes either,
bettercap,,0.0,none,missing,no exact/normalized/alias/homepage evidence; no lookalikes either,
betterglobekey,,0.0,none,missing,no exact/normalized/alias/homepage evidence; no lookalikes either,
betterleaks,,0.0,none,missing,no exact/normalized/alias/homepage evidence; no lookalikes either,
betty,,0.0,none,missing,no exact/normalized/alias/homepage evidence; no lookalikes either,
bfg,,0.0,none,missing,no exact/normalized/alias/homepage evidence; no lookalikes either,
bfs,,0.0,none,missing,no exact/normalized/alias/homepage evidence; no lookalikes either,
bgpdump,,0.0,none,needs-review,no exact/normalized/alias/homepage evidence; fuzzy suggestions listed for review,pgpdump
bgpq3,,0.0,none,missing,no exact/normalized/alias/homepage evidence; no lookalikes either,
bgpq4,,0.0,none,missing,no exact/normalized/alias/homepage evidence; no lookalikes either,
bgpstream,,0.0,none,missing,no exact/normalized/alias/homepage evidence; no lookalikes either,
bgrep,,0.0,none,needs-review,no exact/normalized/alias/homepage evidence; fuzzy suggestions listed for review,grep; biogrep; agrep
bib-tool,bibtool,0.96,normalized,confident,'bib-tool' ~ 'bibtool' after case/punctuation folding,
bibclean,bibclean,1.0,exact,confident,name identical in both managers; homepages 'https://www.math.utah.edu/~beebe/software/bibclean/bibclean-03.html#HDR.3' vs 'http://www.math.utah.edu/pub/bibclean/',
biber,,0.0,none,missing,no exact/normalized/alias/homepage evidence; no lookalikes either,
bibtex-tidy,,0.0,none,missing,no exact/normalized/alias/homepage evidence; no lookalikes either,
bibtex2html,bibtex2html,1.0,exact,confident,name identical in both managers; homepages 'https://usr.lmf.cnrs.fr/~jcf/bibtex2html/index.en.html' vs '',
bibtexconv,,0.0,none,missing,no exact/normalized/alias/homepage evidence; no lookalikes either,
bibutils,,0.0,none,needs-review,no exact/normalized/alias/homepage evidence; fuzzy suggestions listed for review,binutils; idutils
bic,,0.0,none,missing,no exact/normalized/alias/homepage evidence; no lookalikes either,
bigloo,,0.0,none,missing,no exact/normalized/alias/homepage evidence; no lookalikes either,
bigquery-emulator,,0.0,none,missing,no exact/normalized/alias/homepage evidence; no lookalikes either,
bilix,,0.0,none,missing,no exact/normalized/alias/homepage evidence; no lookalikes either,
binaryen,,0.0,none,missing,no exact/normalized/alias/homepage evidence; no lookalikes either,
bind,,0.0,none,needs-review,no exact/normalized/alias/homepage evidence; fuzzy suggestions listed for review,ind
bindfs,,0.0,none,missing,no exact/normalized/alias/homepage evidence; no lookalikes either,
bindgen,,0.0,none,missing,no exact/normalized/alias/homepage evidence; no lookalikes either,
bingrep,,0.0,none,needs-review,no exact/normalized/alias/homepage evidence; fuzzy suggestions listed for review,biogrep
binkd,,0.0,none,missing,no exact/normalized/alias/homepage evidence; no lookalikes either,
binocle,,0.0,none,missing,no exact/normalized/alias/homepage evidence; no lookalikes either,
binsider,,0.0,none,missing,no exact/normalized/alias/homepage evidence; no lookalikes either,
binutils,binutils,1.0,exact,confident,name identical in both managers; homepages 'https://www.gnu.org/software/binutils/binutils.html' vs 'http://www.gnu.org/software/binutils/',
binwalk,,0.0,none,missing,no exact/normalized/alias/homepage evidence; no lookalikes either,
bioawk,,0.0,none,missing,no exact/normalized/alias/homepage evidence; no lookalikes either,
biodiff,,0.0,none,needs-review,no exact/normalized/alias/homepage evidence; fuzzy suggestions listed for review,vbindiff
biome,,0.0,none,missing,no exact/normalized/alias/homepage evidence; no lookalikes either,
bioperl,,0.0,ambiguous,needs-review,homepage shared by several targets,bioperl-pm%type_pkg[perl]; bioperl-run-pm%type_pkg[perl]
biosig,,0.0,none,missing,no exact/normalized/alias/homepage evidence; no lookalikes either,
bismark,,0.0,none,missing,no exact/normalized/alias/homepage evidence; no lookalikes either,
bison,bison,1.0,exact,confident,name identical in both managers; homepages 'https://www.gnu.org/software/bison/' vs 'http://www.gnu.org/software/bison/bison.html',
bit,,0.0,none,missing,no exact/normalized/alias/homepage evidence; no lookalikes either,
bit-git,,0.0,none,missing,no exact/normalized/alias/homepage evidence; no lookalikes either,
bitchx,bitchx,1.0,exact,confident,name identical in both managers; homepages 'https://bitchx.sourceforge.net/' vs 'http://www.bitchx.com/',
bitcoin,,0.0,none,missing,no exact/normalized/alias/homepage evidence; no lookalikes either,
bitlbee,bitlbee,1.0,exact,confident,name identical in both managers; homepages 'https://www.bitlbee.org/' vs 'http://www.bitlbee.org',
bitrise,,0.0,none,missing,no exact/normalized/alias/homepage evidence; no lookalikes either,
bittensor,,0.0,none,missing,no exact/normalized/alias/homepage evidence; no lookalikes either,
bittwist,,0.0,none,missing,no exact/normalized/alias/homepage evidence; no lookalikes either,
bitwarden-cli,,0.0,none,missing,no exact/normalized/alias/homepage evidence; no lookalikes either,
bitwise,,0.0,none,missing,no exact/normalized/alias/homepage evidence; no lookalikes either,
bitwuzla,,0.0,none,missing,no exact/normalized/alias/homepage evidence; no lookalikes either,
bk,,0.0,none,missing,no exact/normalized/alias/homepage evidence; no lookalikes either,
bkcrack,,0.0,none,missing,no exact/normalized/alias/homepage evidence; no lookalikes either,
bkmr,,0.0,none,missing,no exact/normalized/alias/homepage evidence; no lookalikes either,
bkt,,0.0,none,missing,no exact/normalized/alias/homepage evidence; no lookalikes either,
black,,0.0,none,needs-review,no exact/normalized/alias/homepage evidence; same homepage 'https://black.readthedocs.io/en/stable/' as 'mypy-extensions-py%type_pkg[python]' but desc overlap only 0.00; versions '26.5.1' vs '1.0.0'; no lookalikes either,
blackbox,blackbox,1.0,exact,confident,name identical in both managers; homepages 'https://github.com/StackExchange/blackbox' vs 'http://blackboxwm.sourceforge.net/',
blades,,0.0,none,missing,no exact/normalized/alias/homepage evidence; no lookalikes either,
blahtexml,,0.0,none,missing,no exact/normalized/alias/homepage evidence; no lookalikes either,
blake3,,0.0,none,missing,no exact/normalized/alias/homepage evidence; no lookalikes either,
blast,,0.0,none,needs-review,no exact/normalized/alias/homepage evidence; fuzzy suggestions listed for review,xblast; bfast
blastem,,0.0,none,missing,no exact/normalized/alias/homepage evidence; no lookalikes either,
blaze,,0.0,none,missing,no exact/normalized/alias/homepage evidence; no lookalikes either,
blazeblogger,,0.0,none,missing,no exact/normalized/alias/homepage evidence; no lookalikes either,
blink,,0.0,none,needs-review,no exact/normalized/alias/homepage evidence; fuzzy suggestions listed for review,links
blink1,,0.0,none,missing,no exact/normalized/alias/homepage evidence; no lookalikes either,
blis,,0.0,none,missing,no exact/normalized/alias/homepage evidence; no lookalikes either,
blisp,,0.0,none,needs-review,no exact/normalized/alias/homepage evidence; fuzzy suggestions listed for review,clisp
blitz,blitz,1.0,exact,confident,name identical in both managers; homepages 'https://github.com/blitzpp/blitz/wiki' vs '',
blitzwave,,0.0,none,missing,no exact/normalized/alias/homepage evidence; no lookalikes either,
bloaty,,0.0,none,missing,no exact/normalized/alias/homepage evidence; no lookalikes either,
block-goose-cli,,0.0,none,missing,no exact/normalized/alias/homepage evidence; no lookalikes either,
blockhash,,0.0,none,missing,no exact/normalized/alias/homepage evidence; no lookalikes either,
blocky,,0.0,none,missing,no exact/normalized/alias/homepage evidence; no lookalikes either,
blogc,,0.0,none,needs-review,no exact/normalized/alias/homepage evidence; fuzzy suggestions listed for review,log4c
bltool,,0.0,none,needs-review,no exact/normalized/alias/homepage evidence; fuzzy suggestions listed for review,bbtool
bluepill,,0.0,none,missing,no exact/normalized/alias/homepage evidence; no lookalikes either,
blueprint-compiler,,0.0,none,missing,no exact/normalized/alias/homepage evidence; no lookalikes either,
bluetoothconnector,,0.0,none,missing,no exact/normalized/alias/homepage evidence; no lookalikes either,
bluetuith,,0.0,none,missing,no exact/normalized/alias/homepage evidence; no lookalikes either,
blueutil,,0.0,none,missing,no exact/normalized/alias/homepage evidence; no lookalikes either,
bluez,,0.0,none,missing,no exact/normalized/alias/homepage evidence; no lookalikes either,
bmake,,0.0,none,needs-review,no exact/normalized/alias/homepage evidence; fuzzy suggestions listed for review,make; cmake; omake
bmon,bmon,1.0,exact,confident,name identical in both managers; homepages 'https://github.com/tgraf/bmon' vs 'http://people.suug.ch/~tgr/bmon',
bnd,,0.0,none,missing,no exact/normalized/alias/homepage evidence; no lookalikes either,
bnfc,,0.0,none,needs-review,no exact/normalized/alias/homepage evidence; fuzzy suggestions listed for review,libnfc
boa,,0.0,none,missing,no exact/normalized/alias/homepage evidence; no lookalikes either,
bob,,0.0,none,needs-review,no exact/normalized/alias/homepage evidence; fuzzy suggestions listed for review,bobs
bochs,,0.0,none,missing,no exact/normalized/alias/homepage evidence; no lookalikes either,
bogofilter,bogofilter,1.0,exact,confident,name identical in both managers; homepages 'https://bogofilter.sourceforge.io' vs 'http://bogofilter.sourceforge.net',
bold,,0.0,none,missing,no exact/normalized/alias/homepage evidence; no lookalikes either,
bom,,0.0,none,needs-review,no exact/normalized/alias/homepage evidence; fuzzy suggestions listed for review,bopm
bombadillo,,0.0,none,missing,no exact/normalized/alias/homepage evidence; no lookalikes either,
bombardier,,0.0,none,missing,no exact/normalized/alias/homepage evidence; no lookalikes either,
bomber,,0.0,none,needs-review,no exact/normalized/alias/homepage evidence; fuzzy suggestions listed for review,xbomber; madbomber
bomctl,,0.0,none,missing,no exact/normalized/alias/homepage evidence; no lookalikes either,
bonnie++,,0.0,none,missing,no exact/normalized/alias/homepage evidence; no lookalikes either,
bookloupe,,0.0,none,missing,no exact/normalized/alias/homepage evidence; no lookalikes either,
bookokrat,,0.0,none,missing,no exact/normalized/alias/homepage evidence; no lookalikes either,
boom-completion,,0.0,none,missing,no exact/normalized/alias/homepage evidence; no lookalikes either,
boost,,0.0,none,needs-review,no exact/normalized/alias/homepage evidence; same homepage 'https://www.boost.org/' as 'boost1.32-py%type_pkg[python]' but desc overlap only 0.04; no lookalikes either,
boost-bcp,,0.0,none,missing,no exact/normalized/alias/homepage evidence; no lookalikes either,
boost-build,boost-jam,0.95,alias,confident,listed as alias/oldname of 'boost-build',
boost-mpi,,0.0,none,needs-review,no exact/normalized/alias/homepage evidence; same homepage 'https://www.boost.org/' as 'boost1.32-py%type_pkg[python]' but desc overlap only 0.03; no lookalikes either,
boost-python3,,0.0,none,needs-review,no exact/normalized/alias/homepage evidence; same homepage 'https://www.boost.org/' as 'boost1.32-py%type_pkg[python]' but desc overlap only 0.03; no lookalikes either,
boost@1.85,,0.0,none,needs-review,no exact/normalized/alias/homepage evidence; same homepage 'https://www.boost.org/' as 'boost1.32-py%type_pkg[python]' but desc overlap only 0.04; no lookalikes either,
boot-clj,,0.0,none,missing,no exact/normalized/alias/homepage evidence; no lookalikes either,
bootloadhid,,0.0,none,missing,no exact/normalized/alias/homepage evidence; no lookalikes either,
bootterm,,0.0,none,missing,no exact/normalized/alias/homepage evidence; no lookalikes either,
bore-cli,,0.0,none,missing,no exact/normalized/alias/homepage evidence; no lookalikes either,
borgbackup,,0.0,none,missing,no exact/normalized/alias/homepage evidence; no lookalikes either,
borgmatic,,0.0,none,missing,no exact/normalized/alias/homepage evidence; no lookalikes either,
boring,,0.0,none,needs-review,no exact/normalized/alias/homepage evidence; fuzzy suggestions listed for review,bing
boringtun,,0.0,none,missing,no exact/normalized/alias/homepage evidence; no lookalikes either,
bork,,0.0,none,missing,no exact/normalized/alias/homepage evidence; no lookalikes either,
bosh-cli,,0.0,none,missing,no exact/normalized/alias/homepage evidence; no lookalikes either,
bossa,,0.0,none,missing,no exact/normalized/alias/homepage evidence; no lookalikes either,
botan,botan,1.0,exact,confident,name identical in both managers; homepages 'https://botan.randombit.net/' vs 'http://botan.randombit.net/',
botan@2,,0.0,none,needs-review,no exact/normalized/alias/homepage evidence; same homepage 'https://botan.randombit.net/' as 'botan' but versions '2.19.5' vs '1.8.14'; fuzzy suggestions listed for review,botan
bottom,,0.0,none,missing,no exact/normalized/alias/homepage evidence; no lookalikes either,
bounceback,,0.0,none,missing,no exact/normalized/alias/homepage evidence; no lookalikes either,
bower,,0.0,none,needs-review,no exact/normalized/alias/homepage evidence; fuzzy suggestions listed for review,boxer
bower-mail,,0.0,none,missing,no exact/normalized/alias/homepage evidence; no lookalikes either,
bowtie2,bowtie2,1.0,exact,confident,name identical in both managers; homepages 'https://bowtie-bio.sourceforge.net/bowtie2/index.shtml' vs 'http://bowtie-bio.sourceforge.net/bowtie2/index.shtml',
box2d,,0.0,none,missing,no exact/normalized/alias/homepage evidence; no lookalikes either,
boxes,,0.0,none,needs-review,no exact/normalized/alias/homepage evidence; fuzzy suggestions listed for review,boxer
bozohttpd,,0.0,none,missing,no exact/normalized/alias/homepage evidence; no lookalikes either,
bpftop,,0.0,none,needs-review,no exact/normalized/alias/homepage evidence; fuzzy suggestions listed for review,pftp
bpm-tools,,0.0,none,needs-review,no exact/normalized/alias/homepage evidence; fuzzy suggestions listed for review,pmtools; bamtools; mtools
bpmnlint,,0.0,none,missing,no exact/normalized/alias/homepage evidence; no lookalikes either,
bpython,,0.0,none,needs-review,no exact/normalized/alias/homepage evidence; fuzzy suggestions listed for review,python21; python22; python23
bpytop,,0.0,none,missing,no exact/normalized/alias/homepage evidence; no lookalikes either,
bracken,,0.0,none,missing,no exact/normalized/alias/homepage evidence; no lookalikes either,
brag,,0.0,none,missing,no exact/normalized/alias/homepage evidence; no lookalikes either,
braid,,0.0,none,missing,no exact/normalized/alias/homepage evidence; no lookalikes either,
brainfuck,,0.0,none,missing,no exact/normalized/alias/homepage evidence; no lookalikes either,
breezy,,0.0,none,missing,no exact/normalized/alias/homepage evidence; no lookalikes either,
brename,,0.0,none,needs-review,no exact/normalized/alias/homepage evidence; fuzzy suggestions listed for review,krename
breseq,breseq,1.0,exact,confident,name identical in both managers; homepages 'https://barricklab.org/breseq' vs 'http://barricklab.org/breseq',
brev,,0.0,none,missing,no exact/normalized/alias/homepage evidence; no lookalikes either,
brew-cask-completion,,0.0,none,needs-review,no exact/normalized/alias/homepage evidence; fuzzy suggestions listed for review,bash-completion
brew-gem,,0.0,none,missing,no exact/normalized/alias/homepage evidence; no lookalikes either,
brew-php-switcher,,0.0,none,missing,no exact/normalized/alias/homepage evidence; no lookalikes either,
brigade-cli,,0.0,none,missing,no exact/normalized/alias/homepage evidence; no lookalikes either,
brightness,,0.0,none,missing,no exact/normalized/alias/homepage evidence; no lookalikes either,
briss,,0.0,none,missing,no exact/normalized/alias/homepage evidence; no lookalikes either,
brogue,,0.0,none,missing,no exact/normalized/alias/homepage evidence; no lookalikes either,
brook,,0.0,none,needs-review,no exact/normalized/alias/homepage evidence; fuzzy suggestions listed for review,abook
broot,,0.0,none,needs-review,no exact/normalized/alias/homepage evidence; fuzzy suggestions listed for review,root3; root4; root5
brotli,,0.0,none,needs-review,no exact/normalized/alias/homepage evidence; same homepage 'https://github.com/google/brotli' as 'brotli-py%type_pkg[python]' but desc overlap only 0.10; no lookalikes either,
brpc,,0.0,none,missing,no exact/normalized/alias/homepage evidence; no lookalikes either,
bruno-cli,,0.0,none,missing,no exact/normalized/alias/homepage evidence; no lookalikes either,
brush,,0.0,none,missing,no exact/normalized/alias/homepage evidence; no lookalikes either,
bsc,,0.0,none,missing,no exact/normalized/alias/homepage evidence; no lookalikes either,
bsdconv,,0.0,none,missing,no exact/normalized/alias/homepage evidence; no lookalikes either,
bsdiff,bsdiff,1.0,exact,confident,name identical in both managers; homepages 'https://www.daemonology.net/bsdiff/' vs 'http://www.daemonology.net/bsdiff/',
bsdmake,,0.0,none,needs-review,no exact/normalized/alias/homepage evidence; same homepage 'https://opensource.apple.com/' as 'dsc-extractor' but desc overlap only 0.00; versions '24' vs '519.2.2'; fuzzy suggestions listed for review,smake
bsdsfv,bsdsfv,1.0,exact,confident,name identical in both managers; homepages 'https://bsdsfv.sourceforge.net/' vs 'http://bsdsfv.sourceforge.net',
bstring,,0.0,none,missing,no exact/normalized/alias/homepage evidence; no lookalikes either,
btcli,,0.0,none,missing,no exact/normalized/alias/homepage evidence; no lookalikes either,
btdu,,0.0,none,missing,no exact/normalized/alias/homepage evidence; no lookalikes either,
btfs,,0.0,none,missing,no exact/normalized/alias/homepage evidence; no lookalikes either,
btllib,,0.0,none,needs-review,no exact/normalized/alias/homepage evidence; fuzzy suggestions listed for review,tcllib
btop,,0.0,none,missing,no exact/normalized/alias/homepage evidence; no lookalikes either,
btparse,,0.0,none,missing,no exact/normalized/alias/homepage evidence; no lookalikes either,
btpd,btpd,1.0,exact,confident,name identical in both managers; homepages 'https://github.com/btpd/btpd' vs 'http://www.murmeldjur.se/btpd',
btrfs-progs,,0.0,none,needs-review,no exact/normalized/alias/homepage evidence; fuzzy suggestions listed for review,ntfsprogs
bttf,,0.0,none,missing,no exact/normalized/alias/homepage evidence; no lookalikes either,
bubblewrap,,0.0,none,missing,no exact/normalized/alias/homepage evidence; no lookalikes either,
budget-tracker,,0.0,none,missing,no exact/normalized/alias/homepage evidence; no lookalikes either,
buf,,0.0,none,missing,no exact/normalized/alias/homepage evidence; no lookalikes either,
buffa,,0.0,none,missing,no exact/normalized/alias/homepage evidence; no lookalikes either,
buffrs,,0.0,none,missing,no exact/normalized/alias/homepage evidence; no lookalikes either,
build2,,0.0,none,missing,no exact/normalized/alias/homepage evidence; no lookalikes either,
buildapp,buildapp,1.0,exact,confident,name identical in both managers; homepages 'https://www.xach.com/lisp/buildapp/' vs 'http://www.xach.com/lisp/buildapp/',
buildifier,,0.0,none,missing,no exact/normalized/alias/homepage evidence; no lookalikes either,
buildkit,,0.0,none,missing,no exact/normalized/alias/homepage evidence; no lookalikes either,
buildkitd,,0.0,none,missing,no exact/normalized/alias/homepage evidence; no lookalikes either,
buildozer,,0.0,none,missing,no exact/normalized/alias/homepage evidence; no lookalikes either,
buildpulse-test-reporter,,0.0,none,missing,no exact/normalized/alias/homepage evidence; no lookalikes either,
buku,,0.0,none,missing,no exact/normalized/alias/homepage evidence; no lookalikes either,
bulk_extractor,,0.0,none,needs-review,no exact/normalized/alias/homepage evidence; fuzzy suggestions listed for review,libextractor
bullet,,0.0,none,needs-review,no exact/normalized/alias/homepage evidence; fuzzy suggestions listed for review,bullet1
bulletty,,0.0,none,needs-review,no exact/normalized/alias/homepage evidence; fuzzy suggestions listed for review,bullet1
bumblebee,,0.0,none,missing,no exact/normalized/alias/homepage evidence; no lookalikes either,
bump-my-version,,0.0,none,missing,no exact/normalized/alias/homepage evidence; no lookalikes either,
bumpp,,0.0,none,missing,no exact/normalized/alias/homepage evidence; no lookalikes either,
bumpversion,,0.0,none,missing,no exact/normalized/alias/homepage evidence; no lookalikes either,
bun,,0.0,none,missing,no exact/normalized/alias/homepage evidence; no lookalikes either,
bundler-completion,,0.0,none,missing,no exact/normalized/alias/homepage evidence; no lookalikes either,
bundletool,,0.0,none,missing,no exact/normalized/alias/homepage evidence; no lookalikes either,
bunster,,0.0,none,missing,no exact/normalized/alias/homepage evidence; no lookalikes either,
bup,,0.0,none,missing,no exact/normalized/alias/homepage evidence; no lookalikes either,
bupstash,,0.0,none,missing,no exact/normalized/alias/homepage evidence; no lookalikes either,
burp,,0.0,none,missing,no exact/normalized/alias/homepage evidence; no lookalikes either,
burrow,,0.0,none,missing,no exact/normalized/alias/homepage evidence; no lookalikes either,
burst,,0.0,none,missing,no exact/normalized/alias/homepage evidence; no lookalikes either,
busted,,0.0,none,missing,no exact/normalized/alias/homepage evidence; no lookalikes either,
butane,,0.0,none,missing,no exact/normalized/alias/homepage evidence; no lookalikes either,
bvi,bvi,1.0,exact,confident,name identical in both managers; homepages 'https://bvi.sourceforge.net/' vs 'http://bvi.sourceforge.net/',
bwa,bwa,1.0,exact,confident,name identical in both managers; homepages 'https://github.com/lh3/bwa' vs 'http://bio-bwa.sourceforge.net/',
bwfmetaedit,,0.0,none,missing,no exact/normalized/alias/homepage evidence; no lookalikes either,
bwidget,bwidget,1.0,exact,confident,name identical in both managers; homepages 'https://core.tcl-lang.org/bwidget/home' vs 'http://www.sourceforge.net/projects/tcllib/',
bwm-ng,bwm-ng,1.0,exact,confident,name identical in both managers; homepages 'https://www.gropp.org/?id=projects&sub=bwm-ng' vs 'http://www.gropp.org/?id=projects&sub=bwm-ng',
byacc,byacc,1.0,exact,confident,name identical in both managers; homepages 'https://invisible-island.net/byacc/' vs 'http://invisible-island.net/byacc/',
byobu,,0.0,none,missing,no exact/normalized/alias/homepage evidence; no lookalikes either,
byteman,,0.0,none,missing,no exact/normalized/alias/homepage evidence; no lookalikes either,
bzip2,bzip2,1.0,exact,confident,name identical in both managers; homepages 'https://sourceware.org/bzip2/' vs 'http://sources.redhat.com/bzip2/',
bzip3,,0.0,none,needs-review,no exact/normalized/alias/homepage evidence; fuzzy suggestions listed for review,bzip2
bzt,,0.0,none,missing,no exact/normalized/alias/homepage evidence; no lookalikes either,
c,,0.0,none,missing,no exact/normalized/alias/homepage evidence; no lookalikes either,
c-ares,,0.0,none,missing,no exact/normalized/alias/homepage evidence; no lookalikes either,
c-blosc,libblosc1-shlibs,0.9,homepage,confident,same upstream 'https://www.blosc.org/' (desc overlap 0.57),
c-blosc2,,0.0,none,needs-review,no exact/normalized/alias/homepage evidence; same homepage 'https://www.blosc.org' as 'libblosc1-shlibs' but desc overlap only 0.09; versions '3.3.3' vs '1.21.6'; no lookalikes either,
c-kermit,ckermit,0.96,normalized,confident,'c-kermit' ~ 'ckermit' after case/punctuation folding,
c10t,,0.0,none,missing,no exact/normalized/alias/homepage evidence; no lookalikes either,
c2048,,0.0,none,missing,no exact/normalized/alias/homepage evidence; no lookalikes either,
c2patool,,0.0,none,needs-review,no exact/normalized/alias/homepage evidence; fuzzy suggestions listed for review,patool
c2rust,,0.0,none,needs-review,no exact/normalized/alias/homepage evidence; fuzzy suggestions listed for review,rust
c3c,,0.0,none,missing,no exact/normalized/alias/homepage evidence; no lookalikes either,
c4core,,0.0,none,missing,no exact/normalized/alias/homepage evidence; no lookalikes either,
c7n,,0.0,none,missing,no exact/normalized/alias/homepage evidence; no lookalikes either,
ca-certificates,ca-certificates,1.0,exact,confident,name identical in both managers; homepages 'https://curl.se/docs/caextract.html' vs 'http://packages.qa.debian.org/c/ca-certificates.html',
cabal-install,cabal-install,1.0,exact,confident,name identical in both managers; homepages 'https://www.haskell.org/cabal/' vs 'http://hackage.haskell.org/trac/hackage/wiki/CabalInstall',
cabextract,cabextract,1.0,exact,confident,name identical in both managers; homepages 'https://www.cabextract.org.uk/' vs 'http://www.kyz.uklinux.net/cabextract.php3',
cabin,,0.0,none,missing,no exact/normalized/alias/homepage evidence; no lookalikes either,
cabocha,cabocha,1.0,exact,confident,name identical in both managers; homepages 'https://taku910.github.io/cabocha/' vs 'http://chasen.org/~taku/software/cabocha/',
cadaver,,0.0,none,needs-review,no exact/normalized/alias/homepage evidence; fuzzy suggestions listed for review,cadaver-ssl
caddy,,0.0,none,missing,no exact/normalized/alias/homepage evidence; no lookalikes either,
cadence,,0.0,none,missing,no exact/normalized/alias/homepage evidence; no lookalikes either,
cadence-workflow,,0.0,none,missing,no exact/normalized/alias/homepage evidence; no lookalikes either,
cadical,,0.0,none,missing,no exact/normalized/alias/homepage evidence; no lookalikes either,
cadubi,cadubi,1.0,exact,confident,name identical in both managers; homepages 'https://github.com/statico/cadubi/' vs '',
caesiumclt,,0.0,none,missing,no exact/normalized/alias/homepage evidence; no lookalikes either,
caf,,0.0,none,missing,no exact/normalized/alias/homepage evidence; no lookalikes either,
cafeobj,,0.0,none,missing,no exact/normalized/alias/homepage evidence; no lookalikes either,
cahute,,0.0,none,missing,no exact/normalized/alias/homepage evidence; no lookalikes either,
cai,,0.0,none,missing,no exact/normalized/alias/homepage evidence; no lookalikes either,
caire,,0.0,none,needs-review,no exact/normalized/alias/homepage evidence; fuzzy suggestions listed for review,cairo
cairo,cairo,1.0,exact,confident,name identical in both managers; homepages 'https://cairographics.org/' vs 'http://www.cairographics.org/',
cairomm,,0.0,none,needs-review,no exact/normalized/alias/homepage evidence; fuzzy suggestions listed for review,cairomm1; cairo
cairomm@1.14,,0.0,none,needs-review,no exact/normalized/alias/homepage evidence; fuzzy suggestions listed for review,cairomm1
cake,,0.0,none,needs-review,no exact/normalized/alias/homepage evidence; fuzzy suggestions listed for review,cmake
calabash,,0.0,none,missing,no exact/normalized/alias/homepage evidence; no lookalikes either,
calc,calc,1.0,exact,confident,name identical in both managers; homepages 'http://www.isthe.com/chongo/tech/comp/calc/' vs 'http://www.isthe.com/chongo/tech/comp/calc/',
calceph,,0.0,none,missing,no exact/normalized/alias/homepage evidence; no lookalikes either,
calcurse,,0.0,none,needs-review,no exact/normalized/alias/homepage evidence; fuzzy suggestions listed for review,ocaml-curses
calicoctl,,0.0,none,missing,no exact/normalized/alias/homepage evidence; no lookalikes either,
calm-cli,,0.0,none,missing,no exact/normalized/alias/homepage evidence; no lookalikes either,
camellia,,0.0,none,missing,no exact/normalized/alias/homepage evidence; no lookalikes either,
camlp-streams,,0.0,none,missing,no exact/normalized/alias/homepage evidence; no lookalikes either,
camlp5,camlp5,1.0,exact,confident,name identical in both managers; homepages 'https://camlp5.github.io/' vs 'http://pauillac.inria.fr/~ddr/camlp5/',
camlpdf,,0.0,none,missing,no exact/normalized/alias/homepage evidence; no lookalikes either,
canfigger,,0.0,none,missing,no exact/normalized/alias/homepage evidence; no lookalikes either,
capnp,,0.0,none,missing,no exact/normalized/alias/homepage evidence; no lookalikes either,
capstone,,0.0,none,needs-review,no exact/normalized/alias/homepage evidence; same homepage 'https://www.capstone-engine.org/' as 'libcapstone4-shlibs' but versions '5.0.9' vs '4.0.2'; no lookalikes either,
caracal,,0.0,none,missing,no exact/normalized/alias/homepage evidence; no lookalikes either,
carapace,,0.0,none,missing,no exact/normalized/alias/homepage evidence; no lookalikes either,
cargo-about,,0.0,none,missing,no exact/normalized/alias/homepage evidence; no lookalikes either,
cargo-all-features,,0.0,none,missing,no exact/normalized/alias/homepage evidence; no lookalikes either,
cargo-audit,,0.0,none,missing,no exact/normalized/alias/homepage evidence; no lookalikes either,
cargo-auditable,,0.0,none,missing,no exact/normalized/alias/homepage evidence; no lookalikes either,
cargo-binstall,,0.0,none,needs-review,no exact/normalized/alias/homepage evidence; fuzzy suggestions listed for review,cabal-install
cargo-binutils,,0.0,none,needs-review,no exact/normalized/alias/homepage evidence; fuzzy suggestions listed for review,avr-binutils
cargo-bloat,,0.0,none,missing,no exact/normalized/alias/homepage evidence; no lookalikes either,
cargo-bundle,,0.0,none,needs-review,no exact/normalized/alias/homepage evidence; fuzzy suggestions listed for review,ca-bundle
cargo-c,,0.0,none,needs-review,no exact/normalized/alias/homepage evidence; fuzzy suggestions listed for review,cargo
cargo-cache,,0.0,none,missing,no exact/normalized/alias/homepage evidence; no lookalikes either,
cargo-careful,,0.0,none,missing,no exact/normalized/alias/homepage evidence; no lookalikes either,
cargo-chef,,0.0,none,missing,no exact/normalized/alias/homepage evidence; no lookalikes either,
cargo-clone,,0.0,none,missing,no exact/normalized/alias/homepage evidence; no lookalikes either,
cargo-component,,0.0,none,missing,no exact/normalized/alias/homepage evidence; no lookalikes either,
cargo-crev,,0.0,none,missing,no exact/normalized/alias/homepage evidence; no lookalikes either,
cargo-cyclonedx,,0.0,none,missing,no exact/normalized/alias/homepage evidence; no lookalikes either,
cargo-deny,,0.0,none,missing,no exact/normalized/alias/homepage evidence; no lookalikes either,
cargo-depgraph,,0.0,none,missing,no exact/normalized/alias/homepage evidence; no lookalikes either,
cargo-dist,,0.0,none,missing,no exact/normalized/alias/homepage evidence; no lookalikes either,
cargo-docset,,0.0,none,missing,no exact/normalized/alias/homepage evidence; no lookalikes either,
cargo-edit,,0.0,none,missing,no exact/normalized/alias/homepage evidence; no lookalikes either,
cargo-expand,,0.0,none,missing,no exact/normalized/alias/homepage evidence; no lookalikes either,
cargo-features-manager,,0.0,none,missing,no exact/normalized/alias/homepage evidence; no lookalikes either,
cargo-flamegraph,,0.0,none,missing,no exact/normalized/alias/homepage evidence; no lookalikes either,
cargo-fuzz,,0.0,none,missing,no exact/normalized/alias/homepage evidence; no lookalikes either,
cargo-geiger,,0.0,none,missing,no exact/normalized/alias/homepage evidence; no lookalikes either,
cargo-generate,,0.0,none,missing,no exact/normalized/alias/homepage evidence; no lookalikes either,
cargo-hack,,0.0,none,missing,no exact/normalized/alias/homepage evidence; no lookalikes either,
cargo-insta,,0.0,none,missing,no exact/normalized/alias/homepage evidence; no lookalikes either,
cargo-instruments,,0.0,none,missing,no exact/normalized/alias/homepage evidence; no lookalikes either,
cargo-llvm-cov,,0.0,none,missing,no exact/normalized/alias/homepage evidence; no lookalikes either,
cargo-llvm-lines,,0.0,none,missing,no exact/normalized/alias/homepage evidence; no lookalikes either,
cargo-make,,0.0,none,missing,no exact/normalized/alias/homepage evidence; no lookalikes either,
cargo-msrv,,0.0,none,missing,no exact/normalized/alias/homepage evidence; no lookalikes either,
cargo-nextest,,0.0,none,missing,no exact/normalized/alias/homepage evidence; no lookalikes either,
cargo-outdated,,0.0,none,missing,no exact/normalized/alias/homepage evidence; no lookalikes either,
cargo-public-api,,0.0,none,missing,no exact/normalized/alias/homepage evidence; no lookalikes either,
cargo-release,,0.0,none,missing,no exact/normalized/alias/homepage evidence; no lookalikes either,
cargo-run-bin,,0.0,none,missing,no exact/normalized/alias/homepage evidence; no lookalikes either,
cargo-shear,,0.0,none,missing,no exact/normalized/alias/homepage evidence; no lookalikes either,
cargo-show-asm,,0.0,none,missing,no exact/normalized/alias/homepage evidence; no lookalikes either,
cargo-shuttle,,0.0,none,missing,no exact/normalized/alias/homepage evidence; no lookalikes either,
cargo-sort,,0.0,none,missing,no exact/normalized/alias/homepage evidence; no lookalikes either,
cargo-spellcheck,,0.0,none,missing,no exact/normalized/alias/homepage evidence; no lookalikes either,
cargo-sweep,,0.0,none,missing,no exact/normalized/alias/homepage evidence; no lookalikes either,
cargo-udeps,,0.0,none,missing,no exact/normalized/alias/homepage evidence; no lookalikes either,
cargo-update,,0.0,none,missing,no exact/normalized/alias/homepage evidence; no lookalikes either,
cargo-watch,,0.0,none,missing,no exact/normalized/alias/homepage evidence; no lookalikes either,
cargo-zigbuild,,0.0,none,missing,no exact/normalized/alias/homepage evidence; no lookalikes either,
cariddi,,0.0,none,missing,no exact/normalized/alias/homepage evidence; no lookalikes either,
carl,,0.0,none,missing,no exact/normalized/alias/homepage evidence; no lookalikes either,
carla,,0.0,none,missing,no exact/normalized/alias/homepage evidence; no lookalikes either,
carrot2,,0.0,none,missing,no exact/normalized/alias/homepage evidence; no lookalikes either,
carthage,,0.0,none,missing,no exact/normalized/alias/homepage evidence; no lookalikes either,
carton,,0.0,none,missing,no exact/normalized/alias/homepage evidence; no lookalikes either,
cartridge-cli,,0.0,none,missing,no exact/normalized/alias/homepage evidence; no lookalikes either,
cascadia,,0.0,none,missing,no exact/normalized/alias/homepage evidence; no lookalikes either,
cask,,0.0,none,missing,no exact/normalized/alias/homepage evidence; no lookalikes either,
cassandra,,0.0,none,missing,no exact/normalized/alias/homepage evidence; no lookalikes either,
cassandra-cpp-driver,,0.0,none,missing,no exact/normalized/alias/homepage evidence; no lookalikes either,
cassandra-reaper,,0.0,none,missing,no exact/normalized/alias/homepage evidence; no lookalikes either,
cassowary,,0.0,none,missing,no exact/normalized/alias/homepage evidence; no lookalikes either,
castget,,0.0,none,missing,no exact/normalized/alias/homepage evidence; no lookalikes either,
castxml,,0.0,none,missing,no exact/normalized/alias/homepage evidence; no lookalikes either,
cataclysm,,0.0,none,missing,no exact/normalized/alias/homepage evidence; no lookalikes either,
catch2,,0.0,none,missing,no exact/normalized/alias/homepage evidence; no lookalikes either,
catgirl,,0.0,none,missing,no exact/normalized/alias/homepage evidence; no lookalikes either,
catimg,,0.0,none,missing,no exact/normalized/alias/homepage evidence; no lookalikes either,
cattle,,0.0,none,missing,no exact/normalized/alias/homepage evidence; no lookalikes either,
cava,,0.0,none,missing,no exact/normalized/alias/homepage evidence; no lookalikes either,
cayley,,0.0,none,missing,no exact/normalized/alias/homepage evidence; no lookalikes either,
cbc,,0.0,none,needs-review,no exact/normalized/alias/homepage evidence; fuzzy suggestions listed for review,bc
cbfmt,,0.0,none,missing,no exact/normalized/alias/homepage evidence; no lookalikes either,
cbindgen,,0.0,none,missing,no exact/normalized/alias/homepage evidence; no lookalikes either,
cbmbasic,,0.0,none,missing,no exact/normalized/alias/homepage evidence; no lookalikes either,
cbmc,,0.0,none,missing,no exact/normalized/alias/homepage evidence; no lookalikes either,
cbonsai,,0.0,none,missing,no exact/normalized/alias/homepage evidence; no lookalikes either,
cc-connect,,0.0,none,needs-review,no exact/normalized/alias/homepage evidence; fuzzy suggestions listed for review,connect; connect4
cc-switch-cli,,0.0,none,missing,no exact/normalized/alias/homepage evidence; no lookalikes either,
cc65,cc65,1.0,exact,confident,name identical in both managers; homepages 'https://cc65.github.io/cc65/' vs 'http://www.cc65.org/',
ccache,ccache,1.0,exact,confident,name identical in both managers; homepages 'https://ccache.dev/' vs 'http://ccache.samba.org/',
ccal,,0.0,none,missing,no exact/normalized/alias/homepage evidence; no lookalikes either,
ccat,,0.0,none,missing,no exact/normalized/alias/homepage evidence; no lookalikes either,
ccd2iso,ccd2iso,1.0,exact,confident,name identical in both managers; homepages 'https://ccd2iso.sourceforge.net/' vs 'http://sourceforge.net/projects/ccd2iso',
ccextractor,,0.0,none,needs-review,no exact/normalized/alias/homepage evidence; fuzzy suggestions listed for review,dsc-extractor; extractors; sextractor
ccfits,ccfits,1.0,exact,confident,name identical in both managers; homepages 'https://heasarc.gsfc.nasa.gov/docs/software/fitsio/CCfits/' vs '',
ccheck,,0.0,none,needs-review,no exact/normalized/alias/homepage evidence; fuzzy suggestions listed for review,check; cppcheck
ccls,,0.0,none,missing,no exact/normalized/alias/homepage evidence; no lookalikes either,
ccm,,0.0,none,missing,no exact/normalized/alias/homepage evidence; no lookalikes either,
cconv,,0.0,none,needs-review,no exact/normalized/alias/homepage evidence; fuzzy suggestions listed for review,jconv
ccrypt,ccrypt,1.0,exact,confident,name identical in both managers; homepages 'https://ccrypt.sourceforge.net/' vs 'http://ccrypt.sourceforge.net/',
cctz,,0.0,none,missing,no exact/normalized/alias/homepage evidence; no lookalikes either,
ccusage,,0.0,none,missing,no exact/normalized/alias/homepage evidence; no lookalikes either,
cd-discid,cd-discid,1.0,exact,confident,name identical in both managers; homepages 'https://linukz.org/cd-discid.shtml' vs 'http://lly.org/~rcw/cd-discid/',
cdargs,cdargs,1.0,exact,confident,name identical in both managers; homepages 'https://github.com/cbxbiker61/cdargs' vs '',
cdb,,0.0,none,missing,no exact/normalized/alias/homepage evidence; no lookalikes either,
cddlib,cddlib,1.0,exact,confident,name identical in both managers; homepages 'https://www.inf.ethz.ch/personal/fukudak/cdd_home/' vs '',
cdebug,,0.0,none,missing,no exact/normalized/alias/homepage evidence; no lookalikes either,
cdecl,,0.0,none,missing,no exact/normalized/alias/homepage evidence; no lookalikes either,
cdi,,0.0,none,needs-review,no exact/normalized/alias/homepage evidence; fuzzy suggestions listed for review,cdio; di
cdk,,0.0,none,missing,no exact/normalized/alias/homepage evidence; no lookalikes either,
cdk8s,,0.0,none,missing,no exact/normalized/alias/homepage evidence; no lookalikes either,
cdktf,,0.0,none,missing,no exact/normalized/alias/homepage evidence; no lookalikes either,
cdlabelgen,cdlabelgen,1.0,exact,confident,name identical in both managers; homepages 'https://www.aczoom.com/tools/cdinsert/' vs '',
cdncheck,,0.0,none,missing,no exact/normalized/alias/homepage evidence; no lookalikes either,
cdo,cdo,1.0,exact,confident,name identical in both managers; homepages 'https://code.mpimet.mpg.de/projects/cdo' vs '',
cdogs-sdl,,0.0,none,missing,no exact/normalized/alias/homepage evidence; no lookalikes either,
cdpr,cdpr,1.0,exact,confident,name identical in both managers; homepages 'https://www.monkeymental.com/' vs 'http://www.monkeymental.com',
cdrdao,cdrdao,1.0,exact,confident,name identical in both managers; homepages 'https://cdrdao.sourceforge.net/' vs 'http://cdrdao.sourceforge.net/',
cdrtools,cdrtools,1.0,exact,confident,name identical in both managers; homepages 'https://cdrtools.sourceforge.net/private/cdrecord.html' vs 'http://www.fokus.gmd.de/research/cc/glone/employees/joerg.schilling/private/cdrecord.html',
cdsclient,,0.0,none,needs-review,no exact/normalized/alias/homepage evidence; fuzzy suggestions listed for review,odsclient; ddclient; cvsup-client
cdxgen,,0.0,none,missing,no exact/normalized/alias/homepage evidence; no lookalikes either,
cek,,0.0,none,missing,no exact/normalized/alias/homepage evidence; no lookalikes either,
cekit,,0.0,none,missing,no exact/normalized/alias/homepage evidence; no lookalikes either,
celero,,0.0,none,missing,no exact/normalized/alias/homepage evidence; no lookalikes either,
censys,,0.0,none,missing,no exact/normalized/alias/homepage evidence; no lookalikes either,
center-im,,0.0,none,missing,no exact/normalized/alias/homepage evidence; no lookalikes either,
cereal,,0.0,none,needs-review,no exact/normalized/alias/homepage evidence; fuzzy suggestions listed for review,ghc-cereal
ceres-solver,,0.0,none,missing,no exact/normalized/alias/homepage evidence; no lookalikes either,
cern-ndiff,,0.0,none,missing,no exact/normalized/alias/homepage evidence; no lookalikes either,
certbot,,0.0,none,missing,no exact/normalized/alias/homepage evidence; no lookalikes either,
certgraph,,0.0,none,needs-review,no exact/normalized/alias/homepage evidence; fuzzy suggestions listed for review,cgraph
certifi,,0.0,none,missing,no exact/normalized/alias/homepage evidence; no lookalikes either,
certigo,,0.0,none,missing,no exact/normalized/alias/homepage evidence; no lookalikes either,
certstrap,,0.0,none,missing,no exact/normalized/alias/homepage evidence; no lookalikes either,
certsync,,0.0,none,missing,no exact/normalized/alias/homepage evidence; no lookalikes either,
cf,,0.0,none,needs-review,no exact/normalized/alias/homepage evidence; fuzzy suggestions listed for review,cfv; ucf
cf-terraforming,,0.0,none,missing,no exact/normalized/alias/homepage evidence; no lookalikes either,
cf2tf,,0.0,none,missing,no exact/normalized/alias/homepage evidence; no lookalikes either,
cfengine,cfengine,1.0,exact,confident,name identical in both managers; homepages 'https://cfengine.com/' vs 'http://www.cfengine.org/',
cffi,,0.0,none,missing,no exact/normalized/alias/homepage evidence; no lookalikes either,
cfitsio,cfitsio,1.0,exact,confident,name identical in both managers; homepages 'https://heasarc.gsfc.nasa.gov/docs/software/fitsio/fitsio.html' vs 'http://heasarc.gsfc.nasa.gov/docs/software/fitsio/fitsio.html',
cflow,,0.0,none,needs-review,no exact/normalized/alias/homepage evidence; fuzzy suggestions listed for review,flow; tcpflow
cfn-flip,,0.0,none,missing,no exact/normalized/alias/homepage evidence; no lookalikes either,
cfn-format,,0.0,none,missing,no exact/normalized/alias/homepage evidence; no lookalikes either,
cfn-lint,,0.0,none,missing,no exact/normalized/alias/homepage evidence; no lookalikes either,
cfnctl,,0.0,none,missing,no exact/normalized/alias/homepage evidence; no lookalikes either,
cfonts,,0.0,none,missing,no exact/normalized/alias/homepage evidence; no lookalikes either,
cfr-decompiler,,0.0,none,missing,no exact/normalized/alias/homepage evidence; no lookalikes either,
cfripper,,0.0,none,missing,no exact/normalized/alias/homepage evidence; no lookalikes either,
cfssl,,0.0,none,missing,no exact/normalized/alias/homepage evidence; no lookalikes either,
cfv,cfv,1.0,exact,confident,name identical in both managers; homepages 'https://github.com/cfv-project/cfv' vs 'http://cfv.sourceforge.net',
cgal,,0.0,none,needs-review,no exact/normalized/alias/homepage evidence; fuzzy suggestions listed for review,cgal4
cgdb,,0.0,none,needs-review,no exact/normalized/alias/homepage evidence; fuzzy suggestions listed for review,gdb
cgif,,0.0,none,missing,no exact/normalized/alias/homepage evidence; no lookalikes either,
cgit,,0.0,none,needs-review,no exact/normalized/alias/homepage evidence; fuzzy suggestions listed for review,git
cgl,,0.0,none,missing,no exact/normalized/alias/homepage evidence; no lookalikes either,
cglm,,0.0,none,needs-review,no exact/normalized/alias/homepage evidence; fuzzy suggestions listed for review,glm
cgns,,0.0,none,missing,no exact/normalized/alias/homepage evidence; no lookalikes either,
cgoban,cgoban,1.0,exact,confident,name identical in both managers; homepages 'https://cgoban1.sourceforge.net/' vs 'http://cgoban1.sourceforge.net/',
cgrep,,0.0,none,needs-review,no exact/normalized/alias/homepage evidence; fuzzy suggestions listed for review,grep; agrep
cgvg,,0.0,none,missing,no exact/normalized/alias/homepage evidence; no lookalikes either,
chadwick,,0.0,none,missing,no exact/normalized/alias/homepage evidence; no lookalikes either,
chafa,,0.0,none,missing,no exact/normalized/alias/homepage evidence; no lookalikes either,
chain-bench,,0.0,none,missing,no exact/normalized/alias/homepage evidence; no lookalikes either,
chainhook,,0.0,none,missing,no exact/normalized/alias/homepage evidence; no lookalikes either,
chainloop-cli,,0.0,none,missing,no exact/normalized/alias/homepage evidence; no lookalikes either,
chainsaw,,0.0,none,missing,no exact/normalized/alias/homepage evidence; no lookalikes either,
chaiscript,,0.0,none,missing,no exact/normalized/alias/homepage evidence; no lookalikes either,
chakra,,0.0,none,missing,no exact/normalized/alias/homepage evidence; no lookalikes either,
chalk-cli,,0.0,none,missing,no exact/normalized/alias/homepage evidence; no lookalikes either,
chamber,,0.0,none,missing,no exact/normalized/alias/homepage evidence; no lookalikes either,
changelogen,,0.0,none,missing,no exact/normalized/alias/homepage evidence; no lookalikes either,
changie,,0.0,none,missing,no exact/normalized/alias/homepage evidence; no lookalikes either,
chaos-client,,0.0,none,needs-review,no exact/normalized/alias/homepage evidence; fuzzy suggestions listed for review,odsclient
chaoskube,,0.0,none,missing,no exact/normalized/alias/homepage evidence; no lookalikes either,
chapel,,0.0,none,needs-review,no exact/normalized/alias/homepage evidence; fuzzy suggestions listed for review,apel
chardet,,0.0,none,missing,no exact/normalized/alias/homepage evidence; no lookalikes either,
charls,libcharls2-shlibs,0.9,homepage,confident,same upstream 'https://github.com/team-charls/charls' (desc overlap 0.67),
charm,,0.0,none,needs-review,no exact/normalized/alias/homepage evidence; fuzzy suggestions listed for review,pchar
charm-tools,,0.0,none,needs-review,no exact/normalized/alias/homepage evidence; fuzzy suggestions listed for review,chmtools; gchemtools
charmcraft,,0.0,none,missing,no exact/normalized/alias/homepage evidence; no lookalikes either,
chars,,0.0,none,needs-review,no exact/normalized/alias/homepage evidence; fuzzy suggestions listed for review,chase; pchar
chart-releaser,,0.0,none,missing,no exact/normalized/alias/homepage evidence; no lookalikes either,
chart-testing,,0.0,none,missing,no exact/normalized/alias/homepage evidence; no lookalikes either,
chatblade,,0.0,none,missing,no exact/normalized/alias/homepage evidence; no lookalikes either,
chawan,,0.0,none,missing,no exact/normalized/alias/homepage evidence; no lookalikes either,
chdig,,0.0,none,missing,no exact/normalized/alias/homepage evidence; no lookalikes either,
cheapglk,,0.0,none,missing,no exact/normalized/alias/homepage evidence; no lookalikes either,
cheat,,0.0,none,needs-review,no exact/normalized/alias/homepage evidence; fuzzy suggestions listed for review,xchat
check,check,1.0,exact,confident,name identical in both managers; homepages 'https://libcheck.github.io/check/' vs 'http://check.sourceforge.net',
check-jsonschema,,0.0,none,missing,no exact/normalized/alias/homepage evidence; no lookalikes either,
check_postgres,,0.0,none,missing,no exact/normalized/alias/homepage evidence; no lookalikes either,
checkbashisms,,0.0,none,missing,no exact/normalized/alias/homepage evidence; no lookalikes either,
checkdmarc,,0.0,none,missing,no exact/normalized/alias/homepage evidence; no lookalikes either,
checkmake,,0.0,none,missing,no exact/normalized/alias/homepage evidence; no lookalikes either,
checkov,,0.0,none,needs-review,no exact/normalized/alias/homepage evidence; fuzzy suggestions listed for review,check; checkmol
checkpwn,,0.0,none,missing,no exact/normalized/alias/homepage evidence; no lookalikes either,
checksec,,0.0,none,missing,no exact/normalized/alias/homepage evidence; no lookalikes either,
checkstyle,,0.0,none,missing,no exact/normalized/alias/homepage evidence; no lookalikes either,
cheops,,0.0,none,missing,no exact/normalized/alias/homepage evidence; no lookalikes either,
cherrytree,,0.0,none,missing,no exact/normalized/alias/homepage evidence; no lookalikes either,
chezmoi,,0.0,none,missing,no exact/normalized/alias/homepage evidence; no lookalikes either,
chezscheme,,0.0,none,missing,no exact/normalized/alias/homepage evidence; no lookalikes either,
chibi-scheme,,0.0,none,missing,no exact/normalized/alias/homepage evidence; no lookalikes either,
chicken,chicken,1.0,exact,confident,name identical in both managers; homepages 'https://www.call-cc.org/' vs 'http://www.call-with-current-continuation.org/',
chiko,,0.0,none,missing,no exact/normalized/alias/homepage evidence; no lookalikes either,
chinadns-c,,0.0,none,missing,no exact/normalized/alias/homepage evidence; no lookalikes either,
chipmunk-physics,,0.0,none,missing,no exact/normalized/alias/homepage evidence; no lookalikes either,
chisel,,0.0,none,missing,no exact/normalized/alias/homepage evidence; no lookalikes either,
chisel-tunnel,,0.0,none,missing,no exact/normalized/alias/homepage evidence; no lookalikes either,
chkbit,,0.0,none,missing,no exact/normalized/alias/homepage evidence; no lookalikes either,
chkrootkit,,0.0,none,missing,no exact/normalized/alias/homepage evidence; no lookalikes either,
chmlib,libchm,0.9,homepage,confident,same upstream 'https://www.jedrea.com/chmlib/' (desc overlap 0.44),
chocolate-doom,chocolate-doom,1.0,exact,confident,name identical in both managers; homepages 'https://www.chocolate-doom.org/' vs 'http://www.chocolate-doom.org',
choose-gui,,0.0,none,missing,no exact/normalized/alias/homepage evidence; no lookalikes either,
choose-rust,,0.0,none,missing,no exact/normalized/alias/homepage evidence; no lookalikes either,
chopper,,0.0,none,missing,no exact/normalized/alias/homepage evidence; no lookalikes either,
chordii,,0.0,none,missing,no exact/normalized/alias/homepage evidence; no lookalikes either,
chroma,,0.0,none,missing,no exact/normalized/alias/homepage evidence; no lookalikes either,
chromaprint,,0.0,none,needs-review,no exact/normalized/alias/homepage evidence; same homepage 'https://acoustid.org/chromaprint' as 'libchromaprint1-shlibs' but desc overlap only 0.11; no lookalikes either,
chrome-cli,,0.0,none,missing,no exact/normalized/alias/homepage evidence; no lookalikes either,
chrome-devtools-mcp,,0.0,none,missing,no exact/normalized/alias/homepage evidence; no lookalikes either,
chrome-export,,0.0,none,missing,no exact/normalized/alias/homepage evidence; no lookalikes either,
chronograf,,0.0,none,missing,no exact/normalized/alias/homepage evidence; no lookalikes either,
chrony,,0.0,none,missing,no exact/normalized/alias/homepage evidence; no lookalikes either,
chrpath,,0.0,none,missing,no exact/normalized/alias/homepage evidence; no lookalikes either,
chruby,,0.0,none,needs-review,no exact/normalized/alias/homepage evidence; fuzzy suggestions listed for review,ruby
chruby-fish,,0.0,none,missing,no exact/normalized/alias/homepage evidence; no lookalikes either,
chsrc,,0.0,none,missing,no exact/normalized/alias/homepage evidence; no lookalikes either,
chuck,,0.0,none,needs-review,no exact/normalized/alias/homepage evidence; fuzzy suggestions listed for review,check
chunkah,,0.0,none,missing,no exact/normalized/alias/homepage evidence; no lookalikes either,
cidr,cidr,1.0,exact,confident,name identical in both managers; homepages 'https://github.com/bschaatsbergen/cidr' vs 'http://geeksoul.com/robert/cidr/',
cidr2range,,0.0,none,missing,no exact/normalized/alias/homepage evidence; no lookalikes either,
cidrmerge,,0.0,none,missing,no exact/normalized/alias/homepage evidence; no lookalikes either,
cifer,,0.0,none,missing,no exact/normalized/alias/homepage evidence; no lookalikes either,
cig,,0.0,none,missing,no exact/normalized/alias/homepage evidence; no lookalikes either,
cilium-cli,,0.0,none,missing,no exact/normalized/alias/homepage evidence; no lookalikes either,
cimg,,0.0,none,needs-review,no exact/normalized/alias/homepage evidence; fuzzy suggestions listed for review,cim
cinecli,,0.0,none,missing,no exact/normalized/alias/homepage evidence; no lookalikes either,
circleci,,0.0,none,missing,no exact/normalized/alias/homepage evidence; no lookalikes either,
circumflex,,0.0,none,missing,no exact/normalized/alias/homepage evidence; no lookalikes either,
citus,,0.0,none,missing,no exact/normalized/alias/homepage evidence; no lookalikes either,
cityhash,,0.0,none,missing,no exact/normalized/alias/homepage evidence; no lookalikes either,
civetweb,,0.0,none,missing,no exact/normalized/alias/homepage evidence; no lookalikes either,
civl,,0.0,none,missing,no exact/normalized/alias/homepage evidence; no lookalikes either,
cjdns,,0.0,none,missing,no exact/normalized/alias/homepage evidence; no lookalikes either,
cjson,,0.0,none,needs-review,no exact/normalized/alias/homepage evidence; fuzzy suggestions listed for review,ghc-json; json-c
ckan,,0.0,none,missing,no exact/normalized/alias/homepage evidence; no lookalikes either,
cksfv,cksfv,1.0,exact,confident,name identical in both managers; homepages 'https://zakalwe.fi/~shd/foss/cksfv/' vs 'http://www.fodder.org/cksfv',
clac,,0.0,none,missing,no exact/normalized/alias/homepage evidence; no lookalikes either,
clair,,0.0,none,needs-review,no exact/normalized/alias/homepage evidence; fuzzy suggestions listed for review,cairo
clamav,clamav,1.0,exact,confident,name identical in both managers; homepages 'https://www.clamav.net/' vs 'http://www.clamav.net/',
clamz,,0.0,none,missing,no exact/normalized/alias/homepage evidence; no lookalikes either,
clang-build-analyzer,,0.0,none,missing,no exact/normalized/alias/homepage evidence; no lookalikes either,
clang-format,,0.0,none,missing,no exact/normalized/alias/homepage evidence; no lookalikes either,
clang-format@11,,0.0,none,missing,no exact/normalized/alias/homepage evidence; no lookalikes either,
clang-include-graph,,0.0,none,missing,no exact/normalized/alias/homepage evidence; no lookalikes either,
clang-uml,,0.0,none,missing,no exact/normalized/alias/homepage evidence; no lookalikes either,
clangql,,0.0,none,missing,no exact/normalized/alias/homepage evidence; no lookalikes either,
clarinet,,0.0,none,missing,no exact/normalized/alias/homepage evidence; no lookalikes either,
classads,,0.0,none,missing,no exact/normalized/alias/homepage evidence; no lookalikes either,
classifier,,0.0,none,needs-review,no exact/normalized/alias/homepage evidence; fuzzy suggestions listed for review,rdp-classifier
claude-cmd,,0.0,none,missing,no exact/normalized/alias/homepage evidence; no lookalikes either,
claude-code-router,,0.0,none,missing,no exact/normalized/alias/homepage evidence; no lookalikes either,
claude-code-templates,,0.0,none,missing,no exact/normalized/alias/homepage evidence; no lookalikes either,
claude-hooks,,0.0,none,missing,no exact/normalized/alias/homepage evidence; no lookalikes either,
claude-squad,,0.0,none,missing,no exact/normalized/alias/homepage evidence; no lookalikes either,
claudekit,,0.0,none,missing,no exact/normalized/alias/homepage evidence; no lookalikes either,
claws-mail,claws-mail,1.0,exact,confident,name identical in both managers; homepages 'https://www.claws-mail.org/' vs 'http://www.claws-mail.org/',
clazy,,0.0,none,missing,no exact/normalized/alias/homepage evidence; no lookalikes either,
clblas,,0.0,none,missing,no exact/normalized/alias/homepage evidence; no lookalikes either,
clblast,,0.0,none,missing,no exact/normalized/alias/homepage evidence; no lookalikes either,
clean,,0.0,none,missing,no exact/normalized/alias/homepage evidence; no lookalikes either,
clearlooks-phenix,,0.0,none,missing,no exact/normalized/alias/homepage evidence; no lookalikes either,
clens,,0.0,none,missing,no exact/normalized/alias/homepage evidence; no lookalikes either,
clhep,clhep,1.0,exact,confident,name identical in both managers; homepages 'https://proj-clhep.web.cern.ch/proj-clhep/' vs 'http://wwwinfo.cern.ch/asd/lhc++/clhep',
cli11,,0.0,none,missing,no exact/normalized/alias/homepage evidence; no lookalikes either,
cli53,,0.0,none,missing,no exact/normalized/alias/homepage evidence; no lookalikes either,
cliam,,0.0,none,needs-review,no exact/normalized/alias/homepage evidence; fuzzy suggestions listed for review,climm
clib,,0.0,none,needs-review,no exact/normalized/alias/homepage evidence; fuzzy suggestions listed for review,cddlib; cgilib; dclib0
click,,0.0,none,missing,no exact/normalized/alias/homepage evidence; no lookalikes either,
clickhouse-cpp,,0.0,none,missing,no exact/normalized/alias/homepage evidence; no lookalikes either,
clickhouse-odbc,,0.0,none,missing,no exact/normalized/alias/homepage evidence; no lookalikes either,
clickhouse-sql-parser,,0.0,none,missing,no exact/normalized/alias/homepage evidence; no lookalikes either,
cliclick,,0.0,none,missing,no exact/normalized/alias/homepage evidence; no lookalikes either,
clifm,,0.0,none,needs-review,no exact/normalized/alias/homepage evidence; fuzzy suggestions listed for review,climm; libfm
cline,,0.0,none,needs-review,no exact/normalized/alias/homepage evidence; fuzzy suggestions listed for review,cmine
clinfo,,0.0,none,missing,no exact/normalized/alias/homepage evidence; no lookalikes either,
cling,,0.0,none,missing,no exact/normalized/alias/homepage evidence; no lookalikes either,
clingo,,0.0,none,missing,no exact/normalized/alias/homepage evidence; no lookalikes either,
clip,,0.0,none,needs-review,no exact/normalized/alias/homepage evidence; fuzzy suggestions listed for review,clisp; xclip
clipboard,,0.0,none,missing,no exact/normalized/alias/homepage evidence; no lookalikes either,
cliphist,,0.0,none,missing,no exact/normalized/alias/homepage evidence; no lookalikes either,
clipper,,0.0,none,missing,no exact/normalized/alias/homepage evidence; no lookalikes either,
clipper2,,0.0,none,missing,no exact/normalized/alias/homepage evidence; no lookalikes either,
clippy,,0.0,none,missing,no exact/normalized/alias/homepage evidence; no lookalikes either,
cliproxyapi,,0.0,none,missing,no exact/normalized/alias/homepage evidence; no lookalikes either,
clipsafe,,0.0,none,missing,no exact/normalized/alias/homepage evidence; no lookalikes either,
clisp,clisp,1.0,exact,confident,name identical in both managers; homepages 'https://clisp.sourceforge.io/' vs 'http://clisp.sourceforge.net',
clitest,,0.0,none,missing,no exact/normalized/alias/homepage evidence; no lookalikes either,
clive,,0.0,none,missing,no exact/normalized/alias/homepage evidence; no lookalikes either,
cljfmt,,0.0,none,missing,no exact/normalized/alias/homepage evidence; no lookalikes either,
cln,cln,1.0,exact,confident,name identical in both managers; homepages 'https://www.ginac.de/CLN/' vs 'http://www.ginac.de/CLN/',
cloc,,0.0,none,needs-review,no exact/normalized/alias/homepage evidence; fuzzy suggestions listed for review,dclock
clock-rs,,0.0,none,missing,no exact/normalized/alias/homepage evidence; no lookalikes either,
clog,,0.0,none,needs-review,no exact/normalized/alias/homepage evidence; fuzzy suggestions listed for review,cloog
clojure,clojure,1.0,exact,confident,name identical in both managers; homepages 'https://clojure.org' vs 'http://clojure.org',
clojure-lsp,,0.0,none,needs-review,no exact/normalized/alias/homepage evidence; fuzzy suggestions listed for review,clojure
clojurescript,,0.0,none,missing,no exact/normalized/alias/homepage evidence; no lookalikes either,
cloog,cloog,1.0,exact,confident,name identical in both managers; homepages 'https://github.com/periscop/cloog' vs 'http://www.CLooG.org',
closure-compiler,,0.0,none,missing,no exact/normalized/alias/homepage evidence; no lookalikes either,
cloud-nuke,,0.0,none,missing,no exact/normalized/alias/homepage evidence; no lookalikes either,
cloud-provider-kind,,0.0,none,missing,no exact/normalized/alias/homepage evidence; no lookalikes either,
cloud-sql-proxy,,0.0,none,missing,no exact/normalized/alias/homepage evidence; no lookalikes either,
cloudflare-cli4,,0.0,none,missing,no exact/normalized/alias/homepage evidence; no lookalikes either,
cloudflare-quiche,,0.0,none,missing,no exact/normalized/alias/homepage evidence; no lookalikes either,
cloudflare-speed-cli,,0.0,none,missing,no exact/normalized/alias/homepage evidence; no lookalikes either,
cloudflare-wrangler,,0.0,none,missing,no exact/normalized/alias/homepage evidence; no lookalikes either,
cloudflared,,0.0,none,missing,no exact/normalized/alias/homepage evidence; no lookalikes either,
cloudformation-cli,,0.0,none,missing,no exact/normalized/alias/homepage evidence; no lookalikes either,
cloudformation-guard,,0.0,none,missing,no exact/normalized/alias/homepage evidence; no lookalikes either,
cloudfoundry-cli,,0.0,none,missing,no exact/normalized/alias/homepage evidence; no lookalikes either,
cloudfox,,0.0,none,missing,no exact/normalized/alias/homepage evidence; no lookalikes either,
cloudiscovery,,0.0,none,missing,no exact/normalized/alias/homepage evidence; no lookalikes either,
cloudlist,,0.0,none,missing,no exact/normalized/alias/homepage evidence; no lookalikes either,
cloudmonkey,,0.0,none,missing,no exact/normalized/alias/homepage evidence; no lookalikes either,
cloudpan189-go,,0.0,none,missing,no exact/normalized/alias/homepage evidence; no lookalikes either,
cloudprober,,0.0,none,missing,no exact/normalized/alias/homepage evidence; no lookalikes either,
cloudquery,,0.0,none,missing,no exact/normalized/alias/homepage evidence; no lookalikes either,
cloudsplaining,,0.0,none,missing,no exact/normalized/alias/homepage evidence; no lookalikes either,
clozure-cl,clozurecl,0.96,normalized,confident,'clozure-cl' ~ 'clozurecl' after case/punctuation folding,
clp,,0.0,none,missing,no exact/normalized/alias/homepage evidence; no lookalikes either,
clpbar,,0.0,none,missing,no exact/normalized/alias/homepage evidence; no lookalikes either,
clusterawsadm,,0.0,none,missing,no exact/normalized/alias/homepage evidence; no lookalikes either,
clusterctl,,0.0,none,missing,no exact/normalized/alias/homepage evidence; no lookalikes either,
clzip,,0.0,none,needs-review,no exact/normalized/alias/homepage evidence; fuzzy suggestions listed for review,lzip; lrzip; plzip
cmake,cmake,1.0,exact,confident,name identical in both managers; homepages 'https://www.cmake.org/' vs 'http://www.cmake.org',
cmake-docs,,0.0,none,needs-review,no exact/normalized/alias/homepage evidence; same homepage 'https://www.cmake.org/' as 'cmake' but desc overlap only 0.00; versions '4.4.3' vs '3.31.7'; no lookalikes either,
cmake-language-server,,0.0,none,missing,no exact/normalized/alias/homepage evidence; no lookalikes either,
cmake-lint,,0.0,none,missing,no exact/normalized/alias/homepage evidence; no lookalikes either,
cmark,,0.0,none,needs-review,no exact/normalized/alias/homepage evidence; fuzzy suggestions listed for review,cmake
cmark-gfm,,0.0,none,missing,no exact/normalized/alias/homepage evidence; no lookalikes either,
cmatrix,cmatrix,1.0,exact,confident,name identical in both managers; homepages 'https://github.com/abishekvashok/cmatrix/' vs 'http://www.astyanax.org/cmatrix/',
cmctl,,0.0,none,missing,no exact/normalized/alias/homepage evidence; no lookalikes either,
cmdshelf,,0.0,none,missing,no exact/normalized/alias/homepage evidence; no lookalikes either,
cmigemo,cmigemo,1.0,exact,confident,name identical in both managers; homepages 'https://www.kaoriya.net/software/cmigemo' vs '',
cminpack,,0.0,none,missing,no exact/normalized/alias/homepage evidence; no lookalikes either,
cmix,,0.0,none,missing,no exact/normalized/alias/homepage evidence; no lookalikes either,
cmocka,,0.0,none,missing,no exact/normalized/alias/homepage evidence; no lookalikes either,
cmrc,,0.0,none,missing,no exact/normalized/alias/homepage evidence; no lookalikes either,
cmu-pocketsphinx,,0.0,none,missing,no exact/normalized/alias/homepage evidence; no lookalikes either,
cmuclmtk,,0.0,none,missing,no exact/normalized/alias/homepage evidence; no lookalikes either,
cmus,,0.0,none,missing,no exact/normalized/alias/homepage evidence; no lookalikes either,
cmusfm,,0.0,none,missing,no exact/normalized/alias/homepage evidence; no lookalikes either,
cnats,,0.0,none,needs-review,no exact/normalized/alias/homepage evidence; fuzzy suggestions listed for review,ghc-nats
cni-plugins,,0.0,none,missing,no exact/normalized/alias/homepage evidence; no lookalikes either,
cntb,,0.0,none,missing,no exact/normalized/alias/homepage evidence; no lookalikes either,
cntlm,,0.0,none,missing,no exact/normalized/alias/homepage evidence; no lookalikes either,
coacd,,0.0,none,missing,no exact/normalized/alias/homepage evidence; no lookalikes either,
coal,,0.0,none,missing,no exact/normalized/alias/homepage evidence; no lookalikes either,
cobalt,,0.0,none,missing,no exact/normalized/alias/homepage evidence; no lookalikes either,
cobo-cli,,0.0,none,missing,no exact/normalized/alias/homepage evidence; no lookalikes either,
cobra-cli,,0.0,none,missing,no exact/normalized/alias/homepage evidence; no lookalikes either,
coccinelle,,0.0,none,missing,no exact/normalized/alias/homepage evidence; no lookalikes either,
cocoapods,,0.0,none,missing,no exact/normalized/alias/homepage evidence; no lookalikes either,
cocogitto,,0.0,none,missing,no exact/normalized/alias/homepage evidence; no lookalikes either,
coconut,,0.0,none,needs-review,no exact/normalized/alias/homepage evidence; fuzzy suggestions listed for review,cocot
cocot,cocot,1.0,exact,confident,name identical in both managers; homepages 'https://vmi.jp/software/cygwin/cocot.html' vs 'http://vmi.jp/software/cygwin/cocot.html',
codanna,,0.0,none,needs-review,no exact/normalized/alias/homepage evidence; fuzzy suggestions listed for review,canna
code-cli,,0.0,none,missing,no exact/normalized/alias/homepage evidence; no lookalikes either,
code-minimap,,0.0,none,missing,no exact/normalized/alias/homepage evidence; no lookalikes either,
code-server,,0.0,none,needs-review,no exact/normalized/alias/homepage evidence; fuzzy suggestions listed for review,node-semver
code2prompt,,0.0,none,missing,no exact/normalized/alias/homepage evidence; no lookalikes either,
codeberg-cli,,0.0,none,missing,no exact/normalized/alias/homepage evidence; no lookalikes either,
codebook-lsp,,0.0,none,missing,no exact/normalized/alias/homepage evidence; no lookalikes either,
codeburn,,0.0,none,missing,no exact/normalized/alias/homepage evidence; no lookalikes either,
codec2,,0.0,none,missing,no exact/normalized/alias/homepage evidence; no lookalikes either,
codecov-cli,,0.0,none,missing,no exact/normalized/alias/homepage evidence; no lookalikes either,
codelimit,,0.0,none,needs-review,no exact/normalized/alias/homepage evidence; fuzzy suggestions listed for review,node-p-limit
codequery,,0.0,none,missing,no exact/normalized/alias/homepage evidence; no lookalikes either,
coder,,0.0,none,missing,no exact/normalized/alias/homepage evidence; no lookalikes either,
codesnap,,0.0,none,missing,no exact/normalized/alias/homepage evidence; no lookalikes either,
codespell,,0.0,none,missing,no exact/normalized/alias/homepage evidence; no lookalikes either,
codevis,,0.0,none,missing,no exact/normalized/alias/homepage evidence; no lookalikes either,
codex-acp,,0.0,none,missing,no exact/normalized/alias/homepage evidence; no lookalikes either,
coffeescript,coffeescript,1.0,exact,confident,name identical in both managers; homepages 'https://coffeescript.org/' vs 'https://coffeescript.org/',
cog,,0.0,none,missing,no exact/normalized/alias/homepage evidence; no lookalikes either,
cogapp,,0.0,none,missing,no exact/normalized/alias/homepage evidence; no lookalikes either,
coin3d,,0.0,none,missing,no exact/normalized/alias/homepage evidence; no lookalikes either,
coinutils,,0.0,none,needs-review,no exact/normalized/alias/homepage evidence; fuzzy suggestions listed for review,binutils; rinutils
colfer,,0.0,none,missing,no exact/normalized/alias/homepage evidence; no lookalikes either,
colima,,0.0,none,missing,no exact/normalized/alias/homepage evidence; no lookalikes either,
collada-dom,,0.0,none,missing,no exact/normalized/alias/homepage evidence; no lookalikes either,
collectd,,0.0,none,missing,no exact/normalized/alias/homepage evidence; no lookalikes either,
colmap,,0.0,none,missing,no exact/normalized/alias/homepage evidence; no lookalikes either,
color-code,,0.0,none,missing,no exact/normalized/alias/homepage evidence; no lookalikes either,
colordiff,colordiff,1.0,exact,confident,name identical in both managers; homepages 'https://www.colordiff.org/' vs 'http://colordiff.sourceforge.net/',
colormake,,0.0,none,missing,no exact/normalized/alias/homepage evidence; no lookalikes either,
colortail,,0.0,none,missing,no exact/normalized/alias/homepage evidence; no lookalikes either,
comby,,0.0,none,missing,no exact/normalized/alias/homepage evidence; no lookalikes either,
commandbox,,0.0,none,missing,no exact/normalized/alias/homepage evidence; no lookalikes either,
commitizen,,0.0,none,missing,no exact/normalized/alias/homepage evidence; no lookalikes either,
commitlint,,0.0,none,missing,no exact/normalized/alias/homepage evidence; no lookalikes either,
committed,,0.0,none,missing,no exact/normalized/alias/homepage evidence; no lookalikes either,
compiledb,,0.0,none,missing,no exact/normalized/alias/homepage evidence; no lookalikes either,
composer,,0.0,none,needs-review,no exact/normalized/alias/homepage evidence; fuzzy suggestions listed for review,kompose
comrak,,0.0,none,missing,no exact/normalized/alias/homepage evidence; no lookalikes either,
comtrya,,0.0,none,missing,no exact/normalized/alias/homepage evidence; no lookalikes either,
conan,,0.0,none,missing,no exact/normalized/alias/homepage evidence; no lookalikes either,
conan@1,,0.0,none,missing,no exact/normalized/alias/homepage evidence; no lookalikes either,
concord,,0.0,none,needs-review,no exact/normalized/alias/homepage evidence; fuzzy suggestions listed for review,libconcord
concurrencykit,,0.0,none,missing,no exact/normalized/alias/homepage evidence; no lookalikes either,
concurrentqueue,,0.0,none,missing,no exact/normalized/alias/homepage evidence; no lookalikes either,
conda-lock,,0.0,none,missing,no exact/normalized/alias/homepage evidence; no lookalikes either,
conda-zsh-completion,,0.0,none,needs-review,no exact/normalized/alias/homepage evidence; fuzzy suggestions listed for review,bash-completion
conduit,,0.0,none,needs-review,no exact/normalized/alias/homepage evidence; fuzzy suggestions listed for review,ghc-conduit
condure,,0.0,none,missing,no exact/normalized/alias/homepage evidence; no lookalikes either,
confd,,0.0,none,needs-review,no exact/normalized/alias/homepage evidence; fuzzy suggestions listed for review,gconf
config-file-validator,,0.0,none,missing,no exact/normalized/alias/homepage evidence; no lookalikes either,
configen,,0.0,none,missing,no exact/normalized/alias/homepage evidence; no lookalikes either,
conftest,,0.0,none,missing,no exact/normalized/alias/homepage evidence; no lookalikes either,
confuse,,0.0,none,missing,no exact/normalized/alias/homepage evidence; no lookalikes either,
conman,,0.0,none,missing,no exact/normalized/alias/homepage evidence; no lookalikes either,
conmon,,0.0,none,missing,no exact/normalized/alias/homepage evidence; no lookalikes either,
connect,connect,1.0,exact,confident,name identical in both managers; homepages 'https://github.com/gotoh/ssh-connect' vs 'http://zippo.taiyo.co.jp/~gotoh/ssh/connect.html',
conserver,,0.0,none,needs-review,no exact/normalized/alias/homepage evidence; fuzzy suggestions listed for review,konserve
console_bridge,,0.0,none,missing,no exact/normalized/alias/homepage evidence; no lookalikes either,
consul-backinator,,0.0,none,missing,no exact/normalized/alias/homepage evidence; no lookalikes either,
consul-template,,0.0,none,missing,no exact/normalized/alias/homepage evidence; no lookalikes either,
container,,0.0,none,missing,no exact/normalized/alias/homepage evidence; no lookalikes either,
container-canary,,0.0,none,missing,no exact/normalized/alias/homepage evidence; no lookalikes either,
container-compose,,0.0,none,missing,no exact/normalized/alias/homepage evidence; no lookalikes either,
container-structure-test,,0.0,none,missing,no exact/normalized/alias/homepage evidence; no lookalikes either,
container-use,,0.0,none,missing,no exact/normalized/alias/homepage evidence; no lookalikes either,
container2wasm,,0.0,none,missing,no exact/normalized/alias/homepage evidence; no lookalikes either,
containerd,,0.0,none,missing,no exact/normalized/alias/homepage evidence; no lookalikes either,
contentful-cli,,0.0,none,missing,no exact/normalized/alias/homepage evidence; no lookalikes either,
context7-mcp,,0.0,none,missing,no exact/normalized/alias/homepage evidence; no lookalikes either,
convco,,0.0,none,missing,no exact/normalized/alias/homepage evidence; no lookalikes either,
convertlit,,0.0,none,needs-review,no exact/normalized/alias/homepage evidence; fuzzy suggestions listed for review,convertall
convmv,,0.0,none,missing,no exact/normalized/alias/homepage evidence; no lookalikes either,
convox,,0.0,none,missing,no exact/normalized/alias/homepage evidence; no lookalikes either,
cookcli,,0.0,none,missing,no exact/normalized/alias/homepage evidence; no lookalikes either,
cookiecutter,,0.0,none,missing,no exact/normalized/alias/homepage evidence; no lookalikes either,
coordgen,libcoordgen3-shlibs,0.9,homepage,confident,same upstream 'https://github.com/schrodinger/coordgenlibs' (desc overlap 0.40),
copa,,0.0,none,missing,no exact/normalized/alias/homepage evidence; no lookalikes either,
copier,,0.0,none,missing,no exact/normalized/alias/homepage evidence; no lookalikes either,
copilot,,0.0,none,missing,no exact/normalized/alias/homepage evidence; no lookalikes either,
copyparty,,0.0,none,missing,no exact/normalized/alias/homepage evidence; no lookalikes either,
core-lightning,,0.0,none,missing,no exact/normalized/alias/homepage evidence; no lookalikes either,
coredns,,0.0,none,missing,no exact/normalized/alias/homepage evidence; no lookalikes either,
coreos-ct,,0.0,none,missing,no exact/normalized/alias/homepage evidence; no lookalikes either,
corepack,,0.0,none,missing,no exact/normalized/alias/homepage evidence; no lookalikes either,
coreutils,coreutils,1.0,exact,confident,name identical in both managers; homepages 'https://www.gnu.org/software/coreutils/' vs 'http://www.gnu.org/software/coreutils/',
corkscrew,corkscrew,1.0,exact,confident,name identical in both managers; homepages 'https://packages.debian.org/sid/corkscrew' vs 'http://www.agroman.net/corkscrew/',
cornelis,,0.0,none,missing,no exact/normalized/alias/homepage evidence; no lookalikes either,
corral,,0.0,none,missing,no exact/normalized/alias/homepage evidence; no lookalikes either,
corrosion,,0.0,none,missing,no exact/normalized/alias/homepage evidence; no lookalikes either,
corsixth,,0.0,none,missing,no exact/normalized/alias/homepage evidence; no lookalikes either,
cortex,,0.0,none,missing,no exact/normalized/alias/homepage evidence; no lookalikes either,
cortexso,,0.0,none,missing,no exact/normalized/alias/homepage evidence; no lookalikes either,
cosign,,0.0,none,needs-review,no exact/normalized/alias/homepage evidence; fuzzy suggestions listed for review,sign
cot,,0.0,none,missing,no exact/normalized/alias/homepage evidence; no lookalikes either,
cotila,,0.0,none,missing,no exact/normalized/alias/homepage evidence; no lookalikes either,
cotp,,0.0,none,missing,no exact/normalized/alias/homepage evidence; no lookalikes either,
coturn,,0.0,none,missing,no exact/normalized/alias/homepage evidence; no lookalikes either,
couchbase-shell,,0.0,none,missing,no exact/normalized/alias/homepage evidence; no lookalikes either,
couchdb,,0.0,none,missing,no exact/normalized/alias/homepage evidence; no lookalikes either,
countdown,,0.0,none,missing,no exact/normalized/alias/homepage evidence; no lookalikes either,
counterfeiter,,0.0,none,missing,no exact/normalized/alias/homepage evidence; no lookalikes either,
counts,,0.0,none,missing,no exact/normalized/alias/homepage evidence; no lookalikes either,
coursier,,0.0,none,missing,no exact/normalized/alias/homepage evidence; no lookalikes either,
cowsay,cowsay,1.0,exact,confident,name identical in both managers; homepages 'https://cowsay.diamonds' vs 'http://www.nog.net/~tony/warez/cowsay.shtml',
cozyhr,,0.0,none,missing,no exact/normalized/alias/homepage evidence; no lookalikes either,
cozypkg,,0.0,none,missing,no exact/normalized/alias/homepage evidence; no lookalikes either,
cp2k,,0.0,none,missing,no exact/normalized/alias/homepage evidence; no lookalikes either,
cpanminus,,0.0,none,missing,no exact/normalized/alias/homepage evidence; no lookalikes either,
cpdf,,0.0,none,missing,no exact/normalized/alias/homepage evidence; no lookalikes either,
cpi,,0.0,none,needs-review,no exact/normalized/alias/homepage evidence; fuzzy suggestions listed for review,cpio; cppi
cpio,cpio,1.0,exact,confident,name identical in both managers; homepages 'https://www.gnu.org/software/cpio/' vs 'http://www.gnu.org/software/cpio/',
cpl,,0.0,none,missing,no exact/normalized/alias/homepage evidence; no lookalikes either,
cpm,,0.0,none,missing,no exact/normalized/alias/homepage evidence; no lookalikes either,
cpmtools,,0.0,none,needs-review,no exact/normalized/alias/homepage evidence; fuzzy suggestions listed for review,pmtools; chmtools; mtools
cpp-gsl,,0.0,none,missing,no exact/normalized/alias/homepage evidence; no lookalikes either,
cpp-httplib,,0.0,none,missing,no exact/normalized/alias/homepage evidence; no lookalikes either,
cpp-lazy,,0.0,none,missing,no exact/normalized/alias/homepage evidence; no lookalikes either,
cpp-peglib,,0.0,none,missing,no exact/normalized/alias/homepage evidence; no lookalikes either,
cppad,,0.0,none,missing,no exact/normalized/alias/homepage evidence; no lookalikes either,
cppcheck,cppcheck,1.0,exact,confident,name identical in both managers; homepages 'https://sourceforge.net/projects/cppcheck/' vs 'http://cppcheck.sourceforge.net',
cppcms,,0.0,none,missing,no exact/normalized/alias/homepage evidence; no lookalikes either,
cppi,cppi,1.0,exact,confident,name identical in both managers; homepages 'https://www.gnu.org/software/cppi/' vs 'http://www.gnu.org/software/coreutils',
cppinsights,,0.0,none,missing,no exact/normalized/alias/homepage evidence; no lookalikes either,
cpplint,,0.0,none,missing,no exact/normalized/alias/homepage evidence; no lookalikes either,
cppman,,0.0,none,missing,no exact/normalized/alias/homepage evidence; no lookalikes either,
cppp,,0.0,none,missing,no exact/normalized/alias/homepage evidence; no lookalikes either,
cpprestsdk,,0.0,none,missing,no exact/normalized/alias/homepage evidence; no lookalikes either,
cpptest,,0.0,none,needs-review,no exact/normalized/alias/homepage evidence; fuzzy suggestions listed for review,cpputest
cpptoml,,0.0,none,missing,no exact/normalized/alias/homepage evidence; no lookalikes either,
cpptrace,,0.0,none,needs-review,no exact/normalized/alias/homepage evidence; fuzzy suggestions listed for review,tcptrace; potrace; ppracer
cppunit,,0.0,none,missing,no exact/normalized/alias/homepage evidence; no lookalikes either,
cpputest,cpputest,1.0,exact,confident,name identical in both managers; homepages 'https://cpputest.github.io/' vs 'http://cpputest.org',
cppzmq,cppzmq,1.0,exact,confident,name identical in both managers; homepages 'https://www.zeromq.org' vs 'http://www.zeromq.org',
cpr,,0.0,none,needs-review,no exact/normalized/alias/homepage evidence; fuzzy suggestions listed for review,cdpr
cproto,cproto,1.0,exact,confident,name identical in both managers; homepages 'https://invisible-island.net/cproto/' vs 'http://invisible-island.net/cproto/',
cpu_features,,0.0,none,missing,no exact/normalized/alias/homepage evidence; no lookalikes either,
cpufetch,,0.0,none,missing,no exact/normalized/alias/homepage evidence; no lookalikes either,
cpuid,,0.0,none,missing,no exact/normalized/alias/homepage evidence; no lookalikes either,
cpulimit,,0.0,none,missing,no exact/normalized/alias/homepage evidence; no lookalikes either,
cql,,0.0,none,missing,no exact/normalized/alias/homepage evidence; no lookalikes either,
cql-proxy,,0.0,none,needs-review,no exact/normalized/alias/homepage evidence; fuzzy suggestions listed for review,ctrlproxy
cqlkit,,0.0,none,missing,no exact/normalized/alias/homepage evidence; no lookalikes either,
crabz,,0.0,none,missing,no exact/normalized/alias/homepage evidence; no lookalikes either,
cracklib,,0.0,none,missing,no exact/normalized/alias/homepage evidence; no lookalikes either,
cram,,0.0,none,missing,no exact/normalized/alias/homepage evidence; no lookalikes either,
crane,,0.0,none,missing,no exact/normalized/alias/homepage evidence; no lookalikes either,
crash,,0.0,none,missing,no exact/normalized/alias/homepage evidence; no lookalikes either,
crates-tui,,0.0,none,missing,no exact/normalized/alias/homepage evidence; no lookalikes either,
crc32c,,0.0,none,missing,no exact/normalized/alias/homepage evidence; no lookalikes either,
crcany,,0.0,none,missing,no exact/normalized/alias/homepage evidence; no lookalikes either,
crd2pulumi,,0.0,none,missing,no exact/normalized/alias/homepage evidence; no lookalikes either,
create-api,,0.0,none,missing,no exact/normalized/alias/homepage evidence; no lookalikes either,
create-dmg,,0.0,none,missing,no exact/normalized/alias/homepage evidence; no lookalikes either,
credo,,0.0,none,missing,no exact/normalized/alias/homepage evidence; no lookalikes either,
credstash,,0.0,none,missing,no exact/normalized/alias/homepage evidence; no lookalikes either,
creduce,,0.0,none,needs-review,no exact/normalized/alias/homepage evidence; fuzzy suggestions listed for review,reduce
crf++,,0.0,none,missing,no exact/normalized/alias/homepage evidence; no lookalikes either,
crfsuite,,0.0,none,missing,no exact/normalized/alias/homepage evidence; no lookalikes either,
cri-tools,,0.0,none,needs-review,no exact/normalized/alias/homepage evidence; fuzzy suggestions listed for review,cdrtools; ncbitools; ivtools
crip,,0.0,none,missing,no exact/normalized/alias/homepage evidence; no lookalikes either,
crispy-doom,,0.0,none,missing,no exact/normalized/alias/homepage evidence; no lookalikes either,
crit,,0.0,none,missing,no exact/normalized/alias/homepage evidence; no lookalikes either,
criterion,,0.0,none,missing,no exact/normalized/alias/homepage evidence; no lookalikes either,
croaring,,0.0,none,missing,no exact/normalized/alias/homepage evidence; no lookalikes either,
croc,,0.0,none,missing,no exact/normalized/alias/homepage evidence; no lookalikes either,
cromwell,,0.0,none,missing,no exact/normalized/alias/homepage evidence; no lookalikes either,
cronboard,,0.0,none,missing,no exact/normalized/alias/homepage evidence; no lookalikes either,
crossplane,,0.0,none,missing,no exact/normalized/alias/homepage evidence; no lookalikes either,
crosstool-ng,,0.0,none,missing,no exact/normalized/alias/homepage evidence; no lookalikes either,
crow,crow,1.0,exact,confident,name identical in both managers; homepages 'https://crowcpp.org' vs 'http://crow-designer.sourceforge.net',
crowdin,,0.0,none,missing,no exact/normalized/alias/homepage evidence; no lookalikes either,
cruft,,0.0,none,missing,no exact/normalized/alias/homepage evidence; no lookalikes either,
crun,,0.0,none,missing,no exact/normalized/alias/homepage evidence; no lookalikes either,
crunch,,0.0,none,missing,no exact/normalized/alias/homepage evidence; no lookalikes either,
cryfs,,0.0,none,missing,no exact/normalized/alias/homepage evidence; no lookalikes either,
cryptography,,0.0,none,missing,no exact/normalized/alias/homepage evidence; no lookalikes either,
cryptol,,0.0,none,needs-review,no exact/normalized/alias/homepage evidence; fuzzy suggestions listed for review,crypt++el
cryptominisat,,0.0,none,missing,no exact/normalized/alias/homepage evidence; no lookalikes either,
cryptopp,,0.0,none,needs-review,no exact/normalized/alias/homepage evidence; fuzzy suggestions listed for review,libcryptopp; libcryptopp5
crystal,crystal,1.0,exact,confident,name identical in both managers; homepages 'https://crystal-lang.org/' vs 'http://www.kde-look.org/content/show.php?content=13969',
crystal-icr,,0.0,none,needs-review,no exact/normalized/alias/homepage evidence; fuzzy suggestions listed for review,crystal
crystalline,,0.0,none,missing,no exact/normalized/alias/homepage evidence; no lookalikes either,
crytic-compile,,0.0,none,missing,no exact/normalized/alias/homepage evidence; no lookalikes either,
cscope,cscope,1.0,exact,confident,name identical in both managers; homepages 'https://cscope.sourceforge.net/' vs 'http://cscope.sourceforge.net',
csfml,,0.0,none,missing,no exact/normalized/alias/homepage evidence; no lookalikes either,
csmith,,0.0,none,missing,no exact/normalized/alias/homepage evidence; no lookalikes either,
csound,,0.0,none,needs-review,no exact/normalized/alias/homepage evidence; fuzzy suggestions listed for review,esound
cspell,,0.0,none,needs-review,no exact/normalized/alias/homepage evidence; fuzzy suggestions listed for review,spell; aspell; hspell
cspice,,0.0,none,needs-review,no exact/normalized/alias/homepage evidence; fuzzy suggestions listed for review,spice
csprecon,,0.0,none,missing,no exact/normalized/alias/homepage evidence; no lookalikes either,
css-crush,,0.0,none,missing,no exact/normalized/alias/homepage evidence; no lookalikes either,
csshx,,0.0,none,missing,no exact/normalized/alias/homepage evidence; no lookalikes either,
csview,,0.0,none,needs-review,no exact/normalized/alias/homepage evidence; fuzzy suggestions listed for review,ncview
csvkit,,0.0,none,missing,no exact/normalized/alias/homepage evidence; no lookalikes either,
csvlens,,0.0,none,missing,no exact/normalized/alias/homepage evidence; no lookalikes either,
csvprintf,,0.0,none,missing,no exact/normalized/alias/homepage evidence; no lookalikes either,
csvq,,0.0,none,missing,no exact/normalized/alias/homepage evidence; no lookalikes either,
csvtk,,0.0,none,missing,no exact/normalized/alias/homepage evidence; no lookalikes either,
csvtomd,,0.0,none,missing,no exact/normalized/alias/homepage evidence; no lookalikes either,
ctags,exuberant-ctags,0.9,homepage,confident,same upstream 'https://ctags.sourceforge.net/' (desc overlap 1.00),
ctags-lsp,,0.0,none,missing,no exact/normalized/alias/homepage evidence; no lookalikes either,
ctail,,0.0,none,needs-review,no exact/normalized/alias/homepage evidence; fuzzy suggestions listed for review,xtail
ctemplate,,0.0,none,needs-review,no exact/normalized/alias/homepage evidence; fuzzy suggestions listed for review,template-pm; cam-template-pm
ctl,,0.0,none,missing,no exact/normalized/alias/homepage evidence; no lookalikes either,
ctlptl,,0.0,none,missing,no exact/normalized/alias/homepage evidence; no lookalikes either,
ctop,,0.0,none,missing,no exact/normalized/alias/homepage evidence; no lookalikes either,
ctpv,,0.0,none,missing,no exact/normalized/alias/homepage evidence; no lookalikes either,
ctre,,0.0,none,needs-review,no exact/normalized/alias/homepage evidence; fuzzy suggestions listed for review,tre
ctrld,,0.0,none,missing,no exact/normalized/alias/homepage evidence; no lookalikes either,
ctx7,,0.0,none,missing,no exact/normalized/alias/homepage evidence; no lookalikes either,
cuba,,0.0,none,missing,no exact/normalized/alias/homepage evidence; no lookalikes either,
cubeb,,0.0,none,missing,no exact/normalized/alias/homepage evidence; no lookalikes either,
cubejs-cli,,0.0,none,missing,no exact/normalized/alias/homepage evidence; no lookalikes either,
cubelib,,0.0,none,missing,no exact/normalized/alias/homepage evidence; no lookalikes either,
cucumber-cpp,,0.0,none,missing,no exact/normalized/alias/homepage evidence; no lookalikes either,
cucumber-ruby,,0.0,none,missing,no exact/normalized/alias/homepage evidence; no lookalikes either,
cue,,0.0,none,missing,no exact/normalized/alias/homepage evidence; no lookalikes either,
cuetools,,0.0,none,missing,no exact/normalized/alias/homepage evidence; no lookalikes either,
cunit,cunit1,0.9,homepage,confident,same upstream 'https://cunit.sourceforge.net/' (desc overlap 0.80),
cups,,0.0,none,missing,no exact/normalized/alias/homepage evidence; no lookalikes either,
curl,curl,1.0,exact,confident,name identical in both managers; homepages 'https://curl.se' vs 'http://curl.haxx.se/',
curlcpp,,0.0,none,missing,no exact/normalized/alias/homepage evidence; no lookalikes either,
curlftpfs,,0.0,none,missing,no exact/normalized/alias/homepage evidence; no lookalikes either,
curlie,,0.0,none,needs-review,no exact/normalized/alias/homepage evidence; fuzzy suggestions listed for review,curl
curlpp,libcurlpp0,0.9,homepage,confident,same upstream 'https://www.curlpp.org/' (desc overlap 0.50),
curseofwar,,0.0,none,missing,no exact/normalized/alias/homepage evidence; no lookalikes either,
custom-install,,0.0,none,missing,no exact/normalized/alias/homepage evidence; no lookalikes either,
cutadapt,,0.0,none,missing,no exact/normalized/alias/homepage evidence; no lookalikes either,
cutter-cli,,0.0,none,missing,no exact/normalized/alias/homepage evidence; no lookalikes either,
cuttlefish,,0.0,none,missing,no exact/normalized/alias/homepage evidence; no lookalikes either,
cve-bin-tool,,0.0,none,missing,no exact/normalized/alias/homepage evidence; no lookalikes either,
cvs,cvs,1.0,exact,confident,name identical in both managers; homepages 'https://www.nongnu.org/cvs/' vs 'http://ccvs.cvshome.org/servlets/ProjectHome',
cvs-fast-export,cvs-fast-export,1.0,exact,confident,name identical in both managers; homepages 'http://www.catb.org/~esr/cvs-fast-export/' vs 'http://www.catb.org/~esr/cvs-fast-export/',
cvsutils,,0.0,none,needs-review,no exact/normalized/alias/homepage evidence; fuzzy suggestions listed for review,gcutils; psutils
cvsync,,0.0,none,missing,no exact/normalized/alias/homepage evidence; no lookalikes either,
cwalk,,0.0,none,missing,no exact/normalized/alias/homepage evidence; no lookalikes either,
cwb3,,0.0,none,missing,no exact/normalized/alias/homepage evidence; no lookalikes either,
cweb,,0.0,none,missing,no exact/normalized/alias/homepage evidence; no lookalikes either,
cxgo,,0.0,none,missing,no exact/normalized/alias/homepage evidence; no lookalikes either,
cxxopts,,0.0,none,missing,no exact/normalized/alias/homepage evidence; no lookalikes either,
cxxtest,,0.0,none,missing,no exact/normalized/alias/homepage evidence; no lookalikes either,
cyan,,0.0,none,missing,no exact/normalized/alias/homepage evidence; no lookalikes either,
cyclonedx-cli,,0.0,none,missing,no exact/normalized/alias/homepage evidence; no lookalikes either,
cyclonedx-gomod,,0.0,none,missing,no exact/normalized/alias/homepage evidence; no lookalikes either,
cyclonedx-npm,,0.0,none,missing,no exact/normalized/alias/homepage evidence; no lookalikes either,
cyclonedx-python,,0.0,none,missing,no exact/normalized/alias/homepage evidence; no lookalikes either,
cycode,,0.0,none,missing,no exact/normalized/alias/homepage evidence; no lookalikes either,
cyctl,,0.0,none,needs-review,no exact/normalized/alias/homepage evidence; fuzzy suggestions listed for review,cyclo
cyme,,0.0,none,missing,no exact/normalized/alias/homepage evidence; no lookalikes either,
cypher-shell,,0.0,none,missing,no exact/normalized/alias/homepage evidence; no lookalikes either,
cyphernetes,,0.0,none,missing,no exact/normalized/alias/homepage evidence; no lookalikes either,
cyrus-sasl,cyrus-sasl2.3,0.9,homepage,confident,same upstream 'https://www.cyrusimap.org/sasl/' (desc overlap 0.38),
cython,,0.0,none,needs-review,no exact/normalized/alias/homepage evidence; same homepage 'https://cython.org/' as 'cython-py%type_pkg[python]' but desc overlap only 0.10; fuzzy suggestions listed for review,jython
czg,,0.0,none,missing,no exact/normalized/alias/homepage evidence; no lookalikes either,
czkawka,,0.0,none,missing,no exact/normalized/alias/homepage evidence; no lookalikes either,
czmq,,0.0,none,needs-review,no exact/normalized/alias/homepage evidence; fuzzy suggestions listed for review,cppzmq
d2,,0.0,none,needs-review,no exact/normalized/alias/homepage evidence; fuzzy suggestions listed for review,gd2
daemon,,0.0,none,needs-review,no exact/normalized/alias/homepage evidence; fuzzy suggestions listed for review,daemonic; daemonize; libdaemon
daemonize,daemonize,1.0,exact,confident,name identical in both managers; homepages 'https://software.clapper.org/daemonize/' vs 'http://bmc.github.com/daemonize',
daemonlogger,,0.0,none,missing,no exact/normalized/alias/homepage evidence; no lookalikes either,
daemontools,daemontools,1.0,exact,confident,name identical in both managers; homepages 'https://cr.yp.to/daemontools.html' vs 'http://cr.yp.to/daemontools.html',
dafny,,0.0,none,missing,no exact/normalized/alias/homepage evidence; no lookalikes either,
dagger,,0.0,none,missing,no exact/normalized/alias/homepage evidence; no lookalikes either,
dagu,,0.0,none,missing,no exact/normalized/alias/homepage evidence; no lookalikes either,
daktilo,,0.0,none,missing,no exact/normalized/alias/homepage evidence; no lookalikes either,
dalfox,,0.0,none,missing,no exact/normalized/alias/homepage evidence; no lookalikes either,
damask-grid,,0.0,none,missing,no exact/normalized/alias/homepage evidence; no lookalikes either,
dante,,0.0,none,needs-review,no exact/normalized/alias/homepage evidence; fuzzy suggestions listed for review,mdate
daq,,0.0,none,missing,no exact/normalized/alias/homepage evidence; no lookalikes either,
dar,dar,1.0,exact,confident,name identical in both managers; homepages 'http://dar.linux.free.fr/doc/index.html' vs 'http://dar.linux.free.fr/',
darcs,darcs,1.0,exact,confident,name identical in both managers; homepages 'https://darcs.net/' vs 'http://abridgegame.org/darcs/',
dark-mode,,0.0,none,missing,no exact/normalized/alias/homepage evidence; no lookalikes either,
darker,,0.0,none,missing,no exact/normalized/alias/homepage evidence; no lookalikes either,
darkhttpd,,0.0,none,missing,no exact/normalized/alias/homepage evidence; no lookalikes either,
darkice,,0.0,none,missing,no exact/normalized/alias/homepage evidence; no lookalikes either,
darklua,,0.0,none,missing,no exact/normalized/alias/homepage evidence; no lookalikes either,
darkstat,darkstat,1.0,exact,confident,name identical in both managers; homepages 'https://unix4lyfe.org/darkstat/' vs 'http://members.optushome.com.au/emikulic/net/darkstat/',
dart-sass,,0.0,none,missing,no exact/normalized/alias/homepage evidence; no lookalikes either,
dart-sdk,,0.0,none,needs-review,no exact/normalized/alias/homepage evidence; fuzzy suggestions listed for review,darts
dartaotruntime,,0.0,none,missing,no exact/normalized/alias/homepage evidence; no lookalikes either,
dartsim,,0.0,none,needs-review,no exact/normalized/alias/homepage evidence; fuzzy suggestions listed for review,darts
dasel,,0.0,none,missing,no exact/normalized/alias/homepage evidence; no lookalikes either,
dash-mpd-cli,,0.0,none,missing,no exact/normalized/alias/homepage evidence; no lookalikes either,
dash-shell,dash,0.95,alias,confident,listed as alias/oldname of 'dash-shell',
dashing,,0.0,none,missing,no exact/normalized/alias/homepage evidence; no lookalikes either,
dasht,,0.0,none,needs-review,no exact/normalized/alias/homepage evidence; fuzzy suggestions listed for review,dash
dasm,,0.0,none,needs-review,no exact/normalized/alias/homepage evidence; fuzzy suggestions listed for review,asm
datadog-static-analyzer,,0.0,none,missing,no exact/normalized/alias/homepage evidence; no lookalikes either,
datafusion,,0.0,none,missing,no exact/normalized/alias/homepage evidence; no lookalikes either,
datalad,,0.0,none,missing,no exact/normalized/alias/homepage evidence; no lookalikes either,
datamash,datamash,1.0,exact,confident,name identical in both managers; homepages 'https://www.gnu.org/software/datamash/' vs 'https://www.gnu.org/software/datamash/',
datasette,,0.0,none,missing,no exact/normalized/alias/homepage evidence; no lookalikes either,
datatype99,,0.0,none,missing,no exact/normalized/alias/homepage evidence; no lookalikes either,
datetime-fortran,,0.0,none,missing,no exact/normalized/alias/homepage evidence; no lookalikes either,
dateutils,dateutils,1.0,exact,confident,name identical in both managers; homepages 'https://www.fresse.org/dateutils/' vs 'http://www.fresse.org/dateutils/',
dav1d,,0.0,none,missing,no exact/normalized/alias/homepage evidence; no lookalikes either,
davix,,0.0,none,missing,no exact/normalized/alias/homepage evidence; no lookalikes either,
davmail,,0.0,none,needs-review,no exact/normalized/alias/homepage evidence; fuzzy suggestions listed for review,javamail
db-vcs,,0.0,none,missing,no exact/normalized/alias/homepage evidence; no lookalikes either,
dbacl,,0.0,none,missing,no exact/normalized/alias/homepage evidence; no lookalikes either,
dbcsr,,0.0,none,missing,no exact/normalized/alias/homepage evidence; no lookalikes either,
dbg-macro,,0.0,none,missing,no exact/normalized/alias/homepage evidence; no lookalikes either,
dbhash,,0.0,none,needs-review,no exact/normalized/alias/homepage evidence; fuzzy suggestions listed for review,bash; dash
dblab,,0.0,none,missing,no exact/normalized/alias/homepage evidence; no lookalikes either,
dbmate,,0.0,none,missing,no exact/normalized/alias/homepage evidence; no lookalikes either,
dbml-cli,,0.0,none,missing,no exact/normalized/alias/homepage evidence; no lookalikes either,
dbus,dbus,1.0,exact,confident,name identical in both managers; homepages 'https://wiki.freedesktop.org/www/Software/dbus' vs 'http://dbus.freedesktop.org/',
dbus-glib,,0.0,none,missing,no exact/normalized/alias/homepage evidence; no lookalikes either,
dbx-cli,,0.0,none,missing,no exact/normalized/alias/homepage evidence; no lookalikes either,
dbxcli,,0.0,none,missing,no exact/normalized/alias/homepage evidence; no lookalikes either,
dbxml,,0.0,none,missing,no exact/normalized/alias/homepage evidence; no lookalikes either,
dc3dd,dc3dd,1.0,exact,confident,name identical in both managers; homepages 'https://sourceforge.net/projects/dc3dd/' vs 'http://dc3dd.sourceforge.net',
dcd,,0.0,none,missing,no exact/normalized/alias/homepage evidence; no lookalikes either,
dcfldd,,0.0,none,missing,no exact/normalized/alias/homepage evidence; no lookalikes either,
dcled,,0.0,none,missing,no exact/normalized/alias/homepage evidence; no lookalikes either,
dcm2niix,,0.0,none,missing,no exact/normalized/alias/homepage evidence; no lookalikes either,
dcmtk,dcmtk,1.0,exact,confident,name identical in both managers; homepages 'https://dcmtk.org/en/dcmtk/' vs 'http://dicom.offis.de/dcmtk/',
dcp,,0.0,none,needs-review,no exact/normalized/alias/homepage evidence; fuzzy suggestions listed for review,dhcp
dcraw,dcraw,1.0,exact,confident,name identical in both managers; homepages 'https://dechifro.org/dcraw/' vs 'http://www.cybercom.net/~dcoffin/dcraw',
ddate,,0.0,none,needs-review,no exact/normalized/alias/homepage evidence; fuzzy suggestions listed for review,mdate
ddcctl,,0.0,none,missing,no exact/normalized/alias/homepage evidence; no lookalikes either,
ddclient,ddclient,1.0,exact,confident,name identical in both managers; homepages 'https://ddclient.net/' vs 'http://ddclient.sourceforge.net/',
ddcutil,,0.0,none,needs-review,no exact/normalized/alias/homepage evidence; fuzzy suggestions listed for review,docutils
ddd,ddd,1.0,exact,confident,name identical in both managers; homepages 'https://www.gnu.org/software/ddd/' vs 'http://www.gnu.org/software/ddd/',
ddgr,,0.0,none,missing,no exact/normalized/alias/homepage evidence; no lookalikes either,
ddh,,0.0,none,missing,no exact/normalized/alias/homepage evidence; no lookalikes either,
ddns-go,,0.0,none,missing,no exact/normalized/alias/homepage evidence; no lookalikes either,
ddrescue,ddrescue,1.0,exact,confident,name identical in both managers; homepages 'https://www.gnu.org/software/ddrescue/ddrescue.html' vs 'http://www.garloff.de/kurt/linux/ddrescue/',
deadfinder,,0.0,none,missing,no exact/normalized/alias/homepage evidence; no lookalikes either,
deark,,0.0,none,missing,no exact/normalized/alias/homepage evidence; no lookalikes either,
debianutils,debianutils,1.0,exact,confident,name identical in both managers; homepages 'https://tracker.debian.org/pkg/debianutils' vs 'http://packages.debian.org/unstable/base/debianutils.html',
debugbreak,,0.0,none,missing,no exact/normalized/alias/homepage evidence; no lookalikes either,
decasify,,0.0,none,missing,no exact/normalized/alias/homepage evidence; no lookalikes either,
deck,,0.0,none,missing,no exact/normalized/alias/homepage evidence; no lookalikes either,
decker,,0.0,none,missing,no exact/normalized/alias/homepage evidence; no lookalikes either,
decompose,,0.0,none,missing,no exact/normalized/alias/homepage evidence; no lookalikes either,
deepline,,0.0,none,missing,no exact/normalized/alias/homepage evidence; no lookalikes either,
defaultbrowser,,0.0,none,missing,no exact/normalized/alias/homepage evidence; no lookalikes either,
define,,0.0,none,needs-review,no exact/normalized/alias/homepage evidence; fuzzy suggestions listed for review,node-fined
defuddle,,0.0,none,missing,no exact/normalized/alias/homepage evidence; no lookalikes either,
deheader,,0.0,none,missing,no exact/normalized/alias/homepage evidence; no lookalikes either,
dehydrated,,0.0,none,missing,no exact/normalized/alias/homepage evidence; no lookalikes either,
deja-gnu,dejagnu,0.96,normalized,confident,'deja-gnu' ~ 'dejagnu' after case/punctuation folding,
deja-vu,,0.0,none,missing,no exact/normalized/alias/homepage evidence; no lookalikes either,
delly,,0.0,none,missing,no exact/normalized/alias/homepage evidence; no lookalikes either,
delve,,0.0,none,missing,no exact/normalized/alias/homepage evidence; no lookalikes either,
demumble,,0.0,none,missing,no exact/normalized/alias/homepage evidence; no lookalikes either,
deno,,0.0,none,needs-review,no exact/normalized/alias/homepage evidence; fuzzy suggestions listed for review,denemo
denominator,,0.0,none,missing,no exact/normalized/alias/homepage evidence; no lookalikes either,
dep-tree,,0.0,none,missing,no exact/normalized/alias/homepage evidence; no lookalikes either,
dependabot,,0.0,none,missing,no exact/normalized/alias/homepage evidence; no lookalikes either,
dependency-check,,0.0,none,missing,no exact/normalized/alias/homepage evidence; no lookalikes either,
deployer,,0.0,none,missing,no exact/normalized/alias/homepage evidence; no lookalikes either,
depot,,0.0,none,missing,no exact/normalized/alias/homepage evidence; no lookalikes either,
depqbf,,0.0,none,missing,no exact/normalized/alias/homepage evidence; no lookalikes either,
depsguard,,0.0,none,missing,no exact/normalized/alias/homepage evidence; no lookalikes either,
der-ascii,,0.0,none,missing,no exact/normalized/alias/homepage evidence; no lookalikes either,
derby,,0.0,none,missing,no exact/normalized/alias/homepage evidence; no lookalikes either,
descope,,0.0,none,missing,no exact/normalized/alias/homepage evidence; no lookalikes either,
desed,,0.0,none,missing,no exact/normalized/alias/homepage evidence; no lookalikes either,
desk,,0.0,none,missing,no exact/normalized/alias/homepage evidence; no lookalikes either,
desktop-file-utils,desktop-file-utils,1.0,exact,confident,name identical in both managers; homepages 'https://wiki.freedesktop.org/www/Software/desktop-file-utils/' vs 'http://www.gnome.org/',
detach,,0.0,none,needs-review,no exact/normalized/alias/homepage evidence; fuzzy suggestions listed for review,dtach
detect-secrets,,0.0,none,missing,no exact/normalized/alias/homepage evidence; no lookalikes either,
detekt,,0.0,none,missing,no exact/normalized/alias/homepage evidence; no lookalikes either,
detox,detox,1.0,exact,confident,name identical in both managers; homepages 'https://detox.sourceforge.net/' vs 'https://github.com/dharple/detox',
devcockpit,,0.0,none,missing,no exact/normalized/alias/homepage evidence; no lookalikes either,
devcontainer,,0.0,none,missing,no exact/normalized/alias/homepage evidence; no lookalikes either,
device-mapper,,0.0,none,missing,no exact/normalized/alias/homepage evidence; no lookalikes either,
devil,,0.0,none,missing,no exact/normalized/alias/homepage evidence; no lookalikes either,
devspace,,0.0,none,missing,no exact/normalized/alias/homepage evidence; no lookalikes either,
dex,,0.0,none,needs-review,no exact/normalized/alias/homepage evidence; fuzzy suggestions listed for review,dhex
dex2jar,,0.0,none,missing,no exact/normalized/alias/homepage evidence; no lookalikes either,
dexidp,,0.0,none,missing,no exact/normalized/alias/homepage evidence; no lookalikes either,
dexter,,0.0,none,needs-review,no exact/normalized/alias/homepage evidence; fuzzy suggestions listed for review,hexter
dexter-lsp,,0.0,none,missing,no exact/normalized/alias/homepage evidence; no lookalikes either,
dezoomify-rs,,0.0,none,missing,no exact/normalized/alias/homepage evidence; no lookalikes either,
dfc,,0.0,none,missing,no exact/normalized/alias/homepage evidence; no lookalikes either,
dfmt,,0.0,none,missing,no exact/normalized/alias/homepage evidence; no lookalikes either,
dfu-programmer,dfu-programmer,1.0,exact,confident,name identical in both managers; homepages 'https://github.com/dfu-programmer/dfu-programmer' vs 'http://dfu-programmer.sourceforge.net/',
dfu-util,,0.0,none,missing,no exact/normalized/alias/homepage evidence; no lookalikes either,
dhall,,0.0,none,missing,no exact/normalized/alias/homepage evidence; no lookalikes either,
dhall-bash,,0.0,none,missing,no exact/normalized/alias/homepage evidence; no lookalikes either,
dhall-json,,0.0,none,missing,no exact/normalized/alias/homepage evidence; no lookalikes either,
dhall-lsp-server,,0.0,none,missing,no exact/normalized/alias/homepage evidence; no lookalikes either,
dhall-toml,,0.0,none,missing,no exact/normalized/alias/homepage evidence; no lookalikes either,
dhall-yaml,,0.0,none,missing,no exact/normalized/alias/homepage evidence; no lookalikes either,
dhcpdump,,0.0,none,needs-review,no exact/normalized/alias/homepage evidence; fuzzy suggestions listed for review,tcpdump
dhcping,,0.0,none,needs-review,no exact/normalized/alias/homepage evidence; same homepage 'https://www.mavetju.org/unix/general.php' as 'dnstracer' but desc overlap only 0.00; no lookalikes either,
dhex,dhex,1.0,exact,confident,name identical in both managers; homepages 'https://www.dettus.net/dhex/' vs 'http://www.dettus.net/dhex/',
di,di,1.0,exact,confident,name identical in both managers; homepages 'https://diskinfo-di.sourceforge.io/' vs 'http://www.gnu.org/directory/shellutils.html',
diagram,,0.0,none,missing,no exact/normalized/alias/homepage evidence; no lookalikes either,
dialog,dialog,1.0,exact,confident,name identical in both managers; homepages 'https://invisible-island.net/dialog/' vs 'http://freshmeat.net/projects/dialog/',
diamond,,0.0,none,missing,no exact/normalized/alias/homepage evidence; no lookalikes either,
diary,,0.0,none,missing,no exact/normalized/alias/homepage evidence; no lookalikes either,
dicebear,,0.0,none,missing,no exact/normalized/alias/homepage evidence; no lookalikes either,
diceware,,0.0,none,missing,no exact/normalized/alias/homepage evidence; no lookalikes either,
dict,dict,1.0,exact,confident,name identical in both managers; homepages 'https://dict.org/bin/Dict' vs 'http://www.dict.org',
diction,diction,1.0,exact,confident,name identical in both managers; homepages 'https://www.gnu.org/software/diction/' vs 'http://www.gnu.org/software/diction/diction.html',
diesel,,0.0,none,missing,no exact/normalized/alias/homepage evidence; no lookalikes either,
diff-pdf,,0.0,none,missing,no exact/normalized/alias/homepage evidence; no lookalikes either,
diff-so-fancy,,0.0,none,missing,no exact/normalized/alias/homepage evidence; no lookalikes either,
diffnav,,0.0,none,missing,no exact/normalized/alias/homepage evidence; no lookalikes either,
diffoci,,0.0,none,missing,no exact/normalized/alias/homepage evidence; no lookalikes either,
diffoscope,,0.0,none,missing,no exact/normalized/alias/homepage evidence; no lookalikes either,
diffr,,0.0,none,needs-review,no exact/normalized/alias/homepage evidence; fuzzy suggestions listed for review,wdiff
diffstat,diffstat,1.0,exact,confident,name identical in both managers; homepages 'https://invisible-island.net/diffstat/' vs 'http://invisible-island.net',
difftastic,,0.0,none,missing,no exact/normalized/alias/homepage evidence; no lookalikes either,
diffutils,diffutils,1.0,exact,confident,name identical in both managers; homepages 'https://www.gnu.org/software/diffutils/' vs 'http://www.gnu.org/software/diffutils/diffutils.html',
difi,,0.0,none,missing,no exact/normalized/alias/homepage evidence; no lookalikes either,
digdag,,0.0,none,missing,no exact/normalized/alias/homepage evidence; no lookalikes either,
digitemp,,0.0,none,missing,no exact/normalized/alias/homepage evidence; no lookalikes either,
dillo,dillo,1.0,exact,confident,name identical in both managers; homepages 'https://dillo-browser.github.io/' vs 'http://dillo.auriga.wearlab.de/',
dipc,,0.0,none,missing,no exact/normalized/alias/homepage evidence; no lookalikes either,
dirac,dirac,1.0,exact,confident,name identical in both managers; homepages 'https://sourceforge.net/projects/dirac/' vs 'http://diracvideo.org/',
directx-headers,,0.0,none,missing,no exact/normalized/alias/homepage evidence; no lookalikes either,
direnv,,0.0,none,missing,no exact/normalized/alias/homepage evidence; no lookalikes either,
direvent,,0.0,none,missing,no exact/normalized/alias/homepage evidence; no lookalikes either,
direwolf,,0.0,none,missing,no exact/normalized/alias/homepage evidence; no lookalikes either,
dirt,,0.0,none,missing,no exact/normalized/alias/homepage evidence; no lookalikes either,
discount,discount,1.0,exact,confident,name identical in both managers; homepages 'https://www.pell.portland.or.us/~orc/Code/discount/' vs 'http://www.pell.portland.or.us/~orc/Code/discount/',
dish,,0.0,none,missing,no exact/normalized/alias/homepage evidence; no lookalikes either,
diskonaut,,0.0,none,missing,no exact/normalized/alias/homepage evidence; no lookalikes either,
disktype,disktype,1.0,exact,confident,name identical in both managers; homepages 'https://disktype.sourceforge.net/' vs 'http://disktype.sourceforge.net/',
diskus,,0.0,none,missing,no exact/normalized/alias/homepage evidence; no lookalikes either,
diskwatch,,0.0,none,missing,no exact/normalized/alias/homepage evidence; no lookalikes either,
dislocker,,0.0,none,missing,no exact/normalized/alias/homepage evidence; no lookalikes either,
dispenso,,0.0,none,missing,no exact/normalized/alias/homepage evidence; no lookalikes either,
displayplacer,,0.0,none,missing,no exact/normalized/alias/homepage evidence; no lookalikes either,
dissent,,0.0,none,needs-review,no exact/normalized/alias/homepage evidence; fuzzy suggestions listed for review,kdissert
distcc,distcc,1.0,exact,confident,name identical in both managers; homepages 'https://github.com/distcc/distcc/' vs 'http://distcc.samba.org/',
distill-cli,,0.0,none,missing,no exact/normalized/alias/homepage evidence; no lookalikes either,
distribution,,0.0,none,missing,no exact/normalized/alias/homepage evidence; no lookalikes either,
distrobox,,0.0,none,missing,no exact/normalized/alias/homepage evidence; no lookalikes either,
dita-ot,,0.0,none,missing,no exact/normalized/alias/homepage evidence; no lookalikes either,
ditaa,ditaa,1.0,exact,confident,name identical in both managers; homepages 'https://ditaa.sourceforge.net/' vs '',
dive,,0.0,none,needs-review,no exact/normalized/alias/homepage evidence; fuzzy suggestions listed for review,drivel
django-completion,,0.0,none,needs-review,no exact/normalized/alias/homepage evidence; same homepage 'https://www.djangoproject.com/' as 'django-py%type_pkg[python]' but desc overlap only 0.00; versions '6.1.1' vs '2.1.7'; no lookalikes either,
djbdns,,0.0,none,missing,no exact/normalized/alias/homepage evidence; no lookalikes either,
djhtml,,0.0,none,missing,no exact/normalized/alias/homepage evidence; no lookalikes either,
djl-serving,,0.0,none,missing,no exact/normalized/alias/homepage evidence; no lookalikes either,
djlint,,0.0,none,missing,no exact/normalized/alias/homepage evidence; no lookalikes either,
djview4,,0.0,none,needs-review,no exact/normalized/alias/homepage evidence; fuzzy suggestions listed for review,djview
djvu2pdf,,0.0,none,missing,no exact/normalized/alias/homepage evidence; no lookalikes either,
djvulibre,djvulibre,1.0,exact,confident,name identical in both managers; homepages 'https://djvu.sourceforge.net/' vs 'http://www.djvuzone.org',
dlib,,0.0,none,needs-review,no exact/normalized/alias/homepage evidence; fuzzy suggestions listed for review,cddlib; dclib0; dclib5
dlpack,,0.0,none,missing,no exact/normalized/alias/homepage evidence; no lookalikes either,
dmagnetic,,0.0,none,missing,no exact/normalized/alias/homepage evidence; no lookalikes either,
dmalloc,,0.0,none,needs-review,no exact/normalized/alias/homepage evidence; fuzzy suggestions listed for review,maloc
dmd,,0.0,none,missing,no exact/normalized/alias/homepage evidence; no lookalikes either,
dmenu,dmenu,1.0,exact,confident,name identical in both managers; homepages 'https://tools.suckless.org/dmenu/' vs '',
dmg2img,dmg2img,1.0,exact,confident,name identical in both managers; homepages 'http://vu1tur.eu.org/tools/' vs 'http://vu1tur.eu.org/tools',
dmtx-utils,,0.0,none,missing,no exact/normalized/alias/homepage evidence; no lookalikes either,
dnglab,,0.0,none,missing,no exact/normalized/alias/homepage evidence; no lookalikes either,
dnote,,0.0,none,needs-review,no exact/normalized/alias/homepage evidence; fuzzy suggestions listed for review,gnote
dns2tcp,,0.0,none,missing,no exact/normalized/alias/homepage evidence; no lookalikes either,
dnscontrol,,0.0,none,missing,no exact/normalized/alias/homepage evidence; no lookalikes either,
dnscrypt-proxy,,0.0,none,missing,no exact/normalized/alias/homepage evidence; no lookalikes either,
dnscrypt-wrapper,,0.0,none,missing,no exact/normalized/alias/homepage evidence; no lookalikes either,
dnsdist,,0.0,none,missing,no exact/normalized/alias/homepage evidence; no lookalikes either,
dnsgen,,0.0,none,missing,no exact/normalized/alias/homepage evidence; no lookalikes either,
dnsglobe,,0.0,none,missing,no exact/normalized/alias/homepage evidence; no lookalikes either,
dnsmap,,0.0,none,needs-review,no exact/normalized/alias/homepage evidence; fuzzy suggestions listed for review,nmap
dnsmasq,dnsmasq,1.0,exact,confident,name identical in both managers; homepages 'https://thekelleys.org.uk/dnsmasq/doc.html' vs 'http://thekelleys.org.uk/dnsmasq/doc.html',
dnsperf,,0.0,none,missing,no exact/normalized/alias/homepage evidence; no lookalikes either,
dnspyre,,0.0,none,missing,no exact/normalized/alias/homepage evidence; no lookalikes either,
dnsrobocert,,0.0,none,missing,no exact/normalized/alias/homepage evidence; no lookalikes either,
dnstop,dnstop,1.0,exact,confident,name identical in both managers; homepages 'http://dns.measurement-factory.com/tools/dnstop/index.html' vs 'http://dnstop.measurement-factory.com/',
dnstracer,dnstracer,1.0,exact,confident,name identical in both managers; homepages 'https://www.mavetju.org/unix/dnstracer.php' vs 'http://www.mavetju.org/unix/general.php',
dnstwist,,0.0,none,missing,no exact/normalized/alias/homepage evidence; no lookalikes either,
dnsviz,,0.0,none,missing,no exact/normalized/alias/homepage evidence; no lookalikes either,
dnsx,,0.0,none,missing,no exact/normalized/alias/homepage evidence; no lookalikes either,
doc8,,0.0,none,missing,no exact/normalized/alias/homepage evidence; no lookalikes either,
docbook,,0.0,none,needs-review,no exact/normalized/alias/homepage evidence; fuzzy suggestions listed for review,docbook2x; docbook-dtd; docbook-xsl
docbook-xsl,docbook-xsl,1.0,exact,confident,name identical in both managers; homepages 'https://github.com/docbook/xslt10-stylesheets' vs 'http://sourceforge.net/projects/docbook/',
docbook2x,docbook2x,1.0,exact,confident,name identical in both managers; homepages 'https://docbook2x.sourceforge.net/' vs 'http://docbook2x.sourceforge.net',
docfx,,0.0,none,missing,no exact/normalized/alias/homepage evidence; no lookalikes either,
dockcheck,,0.0,none,missing,no exact/normalized/alias/homepage evidence; no lookalikes either,
docker,,0.0,none,missing,no exact/normalized/alias/homepage evidence; no lookalikes either,
docker-agent,,0.0,none,missing,no exact/normalized/alias/homepage evidence; no lookalikes either,
docker-buildx,,0.0,none,missing,no exact/normalized/alias/homepage evidence; no lookalikes either,
docker-clean,,0.0,none,missing,no exact/normalized/alias/homepage evidence; no lookalikes either,
docker-completion,,0.0,none,missing,no exact/normalized/alias/homepage evidence; no lookalikes either,
docker-compose,,0.0,none,missing,no exact/normalized/alias/homepage evidence; no lookalikes either,
docker-compose-langserver,,0.0,none,missing,no exact/normalized/alias/homepage evidence; no lookalikes either,
docker-credential-helper,,0.0,none,missing,no exact/normalized/alias/homepage evidence; no lookalikes either,
docker-credential-helper-ecr,,0.0,none,missing,no exact/normalized/alias/homepage evidence; no lookalikes either,
docker-debug,,0.0,none,missing,no exact/normalized/alias/homepage evidence; no lookalikes either,
docker-engine,,0.0,none,missing,no exact/normalized/alias/homepage evidence; no lookalikes either,
docker-gen,,0.0,none,missing,no exact/normalized/alias/homepage evidence; no lookalikes either,
docker-language-server,,0.0,none,missing,no exact/normalized/alias/homepage evidence; no lookalikes either,
docker-ls,,0.0,none,missing,no exact/normalized/alias/homepage evidence; no lookalikes either,
docker-machine,,0.0,none,missing,no exact/normalized/alias/homepage evidence; no lookalikes either,
docker-machine-driver-vmware,,0.0,none,missing,no exact/normalized/alias/homepage evidence; no lookalikes either,
docker-machine-driver-vultr,,0.0,none,missing,no exact/normalized/alias/homepage evidence; no lookalikes either,
docker-machine-nfs,,0.0,none,missing,no exact/normalized/alias/homepage evidence; no lookalikes either,
docker-squash,,0.0,none,missing,no exact/normalized/alias/homepage evidence; no lookalikes either,
dockerfile-language-server,,0.0,none,missing,no exact/normalized/alias/homepage evidence; no lookalikes either,
dockerfilegraph,,0.0,none,missing,no exact/normalized/alias/homepage evidence; no lookalikes either,
dockerfmt,,0.0,none,missing,no exact/normalized/alias/homepage evidence; no lookalikes either,
dockerize,,0.0,none,missing,no exact/normalized/alias/homepage evidence; no lookalikes either,
dockly,,0.0,none,missing,no exact/normalized/alias/homepage evidence; no lookalikes either,
dockutil,,0.0,none,needs-review,no exact/normalized/alias/homepage evidence; fuzzy suggestions listed for review,docutils; docbook-utils
dockviz,,0.0,none,missing,no exact/normalized/alias/homepage evidence; no lookalikes either,
docmd,,0.0,none,missing,no exact/normalized/alias/homepage evidence; no lookalikes either,
doctest,,0.0,none,missing,no exact/normalized/alias/homepage evidence; no lookalikes either,
doctl,,0.0,none,missing,no exact/normalized/alias/homepage evidence; no lookalikes either,
docutils,docutils,1.0,exact,confident,name identical in both managers; homepages 'https://docutils.sourceforge.io' vs 'http://docutils.sourceforge.net/',
docuum,,0.0,none,missing,no exact/normalized/alias/homepage evidence; no lookalikes either,
docx2txt,,0.0,none,missing,no exact/normalized/alias/homepage evidence; no lookalikes either,
doge,,0.0,none,needs-review,no exact/normalized/alias/homepage evidence; fuzzy suggestions listed for review,dog
doggo,,0.0,none,missing,no exact/normalized/alias/homepage evidence; no lookalikes either,
doh,,0.0,none,missing,no exact/normalized/alias/homepage evidence; no lookalikes either,
doitlive,,0.0,none,missing,no exact/normalized/alias/homepage evidence; no lookalikes either,
dolphie,,0.0,none,needs-review,no exact/normalized/alias/homepage evidence; fuzzy suggestions listed for review,dolphin
dolt,,0.0,none,missing,no exact/normalized/alias/homepage evidence; no lookalikes either,
doltgres,,0.0,none,missing,no exact/normalized/alias/homepage evidence; no lookalikes either,
domain-check,,0.0,none,missing,no exact/normalized/alias/homepage evidence; no lookalikes either,
dooit,,0.0,none,missing,no exact/normalized/alias/homepage evidence; no lookalikes either,
dopewars,dopewars,1.0,exact,confident,name identical in both managers; homepages 'https://dopewars.sourceforge.io' vs 'http://dopewars.sourceforge.net/',
doppler,,0.0,none,needs-review,no exact/normalized/alias/homepage evidence; fuzzy suggestions listed for review,poppler; toppler; poppler1
dory,,0.0,none,missing,no exact/normalized/alias/homepage evidence; no lookalikes either,
dos2unix,dos2unix,1.0,exact,confident,name identical in both managers; homepages 'https://waterlander.net/dos2unix/' vs 'http://fresh.t-systems-sfr.com/linux/src/',
dosbox-staging,,0.0,none,missing,no exact/normalized/alias/homepage evidence; no lookalikes either,
dosbox-x,,0.0,none,needs-review,no exact/normalized/alias/homepage evidence; fuzzy suggestions listed for review,dosbox
dosfstools,,0.0,none,missing,no exact/normalized/alias/homepage evidence; no lookalikes either,
dotbot,,0.0,none,missing,no exact/normalized/alias/homepage evidence; no lookalikes either,
dotdrop,,0.0,none,needs-review,no exact/normalized/alias/homepage evidence; fuzzy suggestions listed for review,plotdrop
dotenv-linter,,0.0,none,missing,no exact/normalized/alias/homepage evidence; no lookalikes either,
dotnet,,0.0,none,missing,no exact/normalized/alias/homepage evidence; no lookalikes either,
dotnet@6,,0.0,none,missing,no exact/normalized/alias/homepage evidence; no lookalikes either,
dotnet@8,,0.0,none,missing,no exact/normalized/alias/homepage evidence; no lookalikes either,
dotnet@9,,0.0,none,missing,no exact/normalized/alias/homepage evidence; no lookalikes either,
dotslash,,0.0,none,missing,no exact/normalized/alias/homepage evidence; no lookalikes either,
dotter,,0.0,none,needs-review,no exact/normalized/alias/homepage evidence; fuzzy suggestions listed for review,otter; rotter
double-conversion,libdoubleconversion3-shlibs,0.9,homepage,confident,same upstream 'https://github.com/google/double-conversion' (desc overlap 0.62),
doublecpp,,0.0,none,missing,no exact/normalized/alias/homepage evidence; no lookalikes either,
doubledown,,0.0,none,missing,no exact/normalized/alias/homepage evidence; no lookalikes either,
dovecot,dovecot,1.0,exact,confident,name identical in both managers; homepages 'https://dovecot.org/' vs '',
dovi_convert,,0.0,none,needs-review,no exact/normalized/alias/homepage evidence; fuzzy suggestions listed for review,diffconvert
dovi_tool,,0.0,none,missing,no exact/normalized/alias/homepage evidence; no lookalikes either,
doxx,,0.0,none,missing,no exact/normalized/alias/homepage evidence; no lookalikes either,
doxygen,doxygen,1.0,exact,confident,name identical in both managers; homepages 'https://www.doxygen.nl/' vs 'http://www.doxygen.org',
doxymacs,,0.0,none,missing,no exact/normalized/alias/homepage evidence; no lookalikes either,
dpcmd,,0.0,none,missing,no exact/normalized/alias/homepage evidence; no lookalikes either,
dpic,,0.0,none,missing,no exact/normalized/alias/homepage evidence; no lookalikes either,
dpkg,dpkg,1.0,exact,confident,name identical in both managers; homepages 'https://wiki.debian.org/Teams/Dpkg' vs 'http://packages.qa.debian.org/d/dpkg.html',
dpp,,0.0,none,missing,no exact/normalized/alias/homepage evidence; no lookalikes either,
dprint,,0.0,none,needs-review,no exact/normalized/alias/homepage evidence; fuzzy suggestions listed for review,qprint
dps8m,,0.0,none,missing,no exact/normalized/alias/homepage evidence; no lookalikes either,
dqlite,,0.0,none,needs-review,no exact/normalized/alias/homepage evidence; fuzzy suggestions listed for review,sqlite
dra,,0.0,none,missing,no exact/normalized/alias/homepage evidence; no lookalikes either,
draco,,0.0,none,needs-review,no exact/normalized/alias/homepage evidence; fuzzy suggestions listed for review,dirac; drac1
draft,,0.0,none,needs-review,no exact/normalized/alias/homepage evidence; fuzzy suggestions listed for review,kraft
drafter,,0.0,none,missing,no exact/normalized/alias/homepage evidence; no lookalikes either,
dragonbox,,0.0,none,missing,no exact/normalized/alias/homepage evidence; no lookalikes either,
draw-things-cli,,0.0,none,missing,no exact/normalized/alias/homepage evidence; no lookalikes either,
driftctl,,0.0,none,missing,no exact/normalized/alias/homepage evidence; no lookalikes either,
driftwood,,0.0,none,missing,no exact/normalized/alias/homepage evidence; no lookalikes either,
drill,,0.0,none,needs-review,no exact/normalized/alias/homepage evidence; fuzzy suggestions listed for review,dillo
droast,,0.0,none,needs-review,no exact/normalized/alias/homepage evidence; fuzzy suggestions listed for review,xcdroast; rast
drogon,,0.0,none,missing,no exact/normalized/alias/homepage evidence; no lookalikes either,
dromeaudio,,0.0,none,needs-review,no exact/normalized/alias/homepage evidence; fuzzy suggestions listed for review,gnome-audio
drone-cli,,0.0,none,missing,no exact/normalized/alias/homepage evidence; no lookalikes either,
dropbear,,0.0,none,missing,no exact/normalized/alias/homepage evidence; no lookalikes either,
dropbox-uploader,,0.0,none,missing,no exact/normalized/alias/homepage evidence; no lookalikes either,
druid,,0.0,none,missing,no exact/normalized/alias/homepage evidence; no lookalikes either,
dry,,0.0,none,missing,no exact/normalized/alias/homepage evidence; no lookalikes either,
dscanner,,0.0,none,missing,no exact/normalized/alias/homepage evidence; no lookalikes either,
dsda-doom,,0.0,none,missing,no exact/normalized/alias/homepage evidence; no lookalikes either,
dsh,,0.0,none,needs-review,no exact/normalized/alias/homepage evidence; fuzzy suggestions listed for review,dash; pdsh
dskditto,,0.0,none,missing,no exact/normalized/alias/homepage evidence; no lookalikes either,
dsocks,dsocks,1.0,exact,confident,name identical in both managers; homepages 'https://monkey.org/~dugsong/dsocks/' vs '',
dspdfviewer,,0.0,none,missing,no exact/normalized/alias/homepage evidence; no lookalikes either,
dsq,,0.0,none,missing,no exact/normalized/alias/homepage evidence; no lookalikes either,
dssim,,0.0,none,needs-review,no exact/normalized/alias/homepage evidence; fuzzy suggestions listed for review,dssi
dstack,,0.0,none,missing,no exact/normalized/alias/homepage evidence; no lookalikes either,
dstask,,0.0,none,needs-review,no exact/normalized/alias/homepage evidence; fuzzy suggestions listed for review,task
dstp,,0.0,none,missing,no exact/normalized/alias/homepage evidence; no lookalikes either,
dsvpn,,0.0,none,missing,no exact/normalized/alias/homepage evidence; no lookalikes either,
dtach,dtach,1.0,exact,confident,name identical in both managers; homepages 'https://dtach.sourceforge.net/' vs '',
dtc,,0.0,none,missing,no exact/normalized/alias/homepage evidence; no lookalikes either,
dtm,,0.0,none,needs-review,no exact/normalized/alias/homepage evidence; fuzzy suggestions listed for review,dvtm
dtools,,0.0,none,needs-review,no exact/normalized/alias/homepage evidence; fuzzy suggestions listed for review,bedtools; cdrtools; dbftools
dtop,,0.0,none,needs-review,no exact/normalized/alias/homepage evidence; fuzzy suggestions listed for review,dnstop
dtrx,,0.0,none,missing,no exact/normalized/alias/homepage evidence; no lookalikes either,
dtsroll,,0.0,none,missing,no exact/normalized/alias/homepage evidence; no lookalikes either,
dua-cli,,0.0,none,missing,no exact/normalized/alias/homepage evidence; no lookalikes either,
dub,,0.0,none,missing,no exact/normalized/alias/homepage evidence; no lookalikes either,
duc,,0.0,none,missing,no exact/normalized/alias/homepage evidence; no lookalikes either,
duck,,0.0,none,missing,no exact/normalized/alias/homepage evidence; no lookalikes either,
duckdb,,0.0,none,missing,no exact/normalized/alias/homepage evidence; no lookalikes either,
ducker,,0.0,none,missing,no exact/normalized/alias/homepage evidence; no lookalikes either,
duckscript,,0.0,none,missing,no exact/normalized/alias/homepage evidence; no lookalikes either,
dud,,0.0,none,missing,no exact/normalized/alias/homepage evidence; no lookalikes either,
duf,,0.0,none,needs-review,no exact/normalized/alias/homepage evidence; fuzzy suggestions listed for review,duff
duff,duff,1.0,exact,confident,name identical in both managers; homepages 'https://github.com/elmindreda/duff' vs 'http://duff.sourceforge.net',
dufs,,0.0,none,missing,no exact/normalized/alias/homepage evidence; no lookalikes either,
dug,,0.0,none,missing,no exact/normalized/alias/homepage evidence; no lookalikes either,
duktape,,0.0,none,missing,no exact/normalized/alias/homepage evidence; no lookalikes either,
dum,,0.0,none,needs-review,no exact/normalized/alias/homepage evidence; fuzzy suggestions listed for review,duma
dumb,,0.0,none,needs-review,no exact/normalized/alias/homepage evidence; same homepage 'https://dumb.sourceforge.net/' as 'libdumb' but versions '2.0.3' vs '0.9.3'; no lookalikes either,
dumbpipe,,0.0,none,missing,no exact/normalized/alias/homepage evidence; no lookalikes either,
dump1090-fa,,0.0,none,missing,no exact/normalized/alias/homepage evidence; no lookalikes either,
dumpling,,0.0,none,missing,no exact/normalized/alias/homepage evidence; no lookalikes either,
dunamai,,0.0,none,missing,no exact/normalized/alias/homepage evidence; no lookalikes either,
dune,,0.0,none,missing,no exact/normalized/alias/homepage evidence; no lookalikes either,
dungeon,,0.0,none,missing,no exact/normalized/alias/homepage evidence; no lookalikes either,
duo_unix,,0.0,none,needs-review,no exact/normalized/alias/homepage evidence; fuzzy suggestions listed for review,dosunix; dos2unix
duplicity,duplicity,1.0,exact,confident,name identical in both managers; homepages 'https://gitlab.com/duplicity/duplicity' vs 'http://duplicity.nongnu.org/',
duply,,0.0,none,missing,no exact/normalized/alias/homepage evidence; no lookalikes either,
dupseek,,0.0,none,missing,no exact/normalized/alias/homepage evidence; no lookalikes either,
dura,,0.0,none,missing,no exact/normalized/alias/homepage evidence; no lookalikes either,
durdraw,,0.0,none,missing,no exact/normalized/alias/homepage evidence; no lookalikes either,
dust,,0.0,none,missing,no exact/normalized/alias/homepage evidence; no lookalikes either,
duti,,0.0,none,missing,no exact/normalized/alias/homepage evidence; no lookalikes either,
dutree,,0.0,none,needs-review,no exact/normalized/alias/homepage evidence; fuzzy suggestions listed for review,tree
dvanalyzer,,0.0,none,missing,no exact/normalized/alias/homepage evidence; no lookalikes either,
dvc,,0.0,none,missing,no exact/normalized/alias/homepage evidence; no lookalikes either,
dvd-vr,,0.0,none,missing,no exact/normalized/alias/homepage evidence; no lookalikes either,
dvd+rw-tools,dvd+rw-tools,1.0,exact,confident,name identical in both managers; homepages 'https://en.wikipedia.org/wiki/Dvd+rw-tools' vs 'http://fy.chalmers.se/~appro/linux/DVD+RW/tools/',
dvdauthor,dvdauthor,1.0,exact,confident,name identical in both managers; homepages 'https://dvdauthor.sourceforge.net/' vs 'http://dvdauthor.sourceforge.net',
dvdbackup,dvdbackup,1.0,exact,confident,name identical in both managers; homepages 'https://dvdbackup.sourceforge.net/' vs '',
dvdrtools,,0.0,none,needs-review,no exact/normalized/alias/homepage evidence; fuzzy suggestions listed for review,dvd+rw-tools; cdrtools
dvisvgm,,0.0,none,missing,no exact/normalized/alias/homepage evidence; no lookalikes either,
dvm,,0.0,none,needs-review,no exact/normalized/alias/homepage evidence; fuzzy suggestions listed for review,dvtm
dvr-scan,,0.0,none,missing,no exact/normalized/alias/homepage evidence; no lookalikes either,
dwarf,,0.0,none,missing,no exact/normalized/alias/homepage evidence; no lookalikes either,
dwarfs,,0.0,none,missing,no exact/normalized/alias/homepage evidence; no lookalikes either,
dwarfutils,,0.0,none,missing,no exact/normalized/alias/homepage evidence; no lookalikes either,
dwatch,,0.0,none,needs-review,no exact/normalized/alias/homepage evidence; fuzzy suggestions listed for review,watch
dwdiff,,0.0,none,needs-review,no exact/normalized/alias/homepage evidence; fuzzy suggestions listed for review,wdiff
dwm,dwm,1.0,exact,confident,name identical in both managers; homepages 'https://dwm.suckless.org/' vs '',
dxflib,,0.0,none,needs-review,no exact/normalized/alias/homepage evidence; fuzzy suggestions listed for review,pdflib
dxpy,,0.0,none,missing,no exact/normalized/alias/homepage evidence; no lookalikes either,
dyff,,0.0,none,missing,no exact/normalized/alias/homepage evidence; no lookalikes either,
dyld-headers,,0.0,none,needs-review,no exact/normalized/alias/homepage evidence; same homepage 'https://opensource.apple.com/' as 'llvm-gcc42' but desc overlap only 0.09; versions '1378' vs '2336.11'; no lookalikes either,
dylibbundler,,0.0,none,missing,no exact/normalized/alias/homepage evidence; no lookalikes either,
dynaconf,,0.0,none,missing,no exact/normalized/alias/homepage evidence; no lookalikes either,
dynamips,dynamips,1.0,exact,confident,name identical in both managers; homepages 'https://github.com/GNS3/dynamips' vs 'http://www.ipflow.utc.fr/index.php/Cisco_7200_Simulator',
dynare,,0.0,none,missing,no exact/normalized/alias/homepage evidence; no lookalikes either,
dynein,,0.0,none,missing,no exact/normalized/alias/homepage evidence; no lookalikes either,
dynet,,0.0,none,missing,no exact/normalized/alias/homepage evidence; no lookalikes either,
dynomite,,0.0,none,missing,no exact/normalized/alias/homepage evidence; no lookalikes either,
dysk,,0.0,none,missing,no exact/normalized/alias/homepage evidence; no lookalikes either,
dz6,,0.0,none,missing,no exact/normalized/alias/homepage evidence; no lookalikes either,
dzr,,0.0,none,missing,no exact/normalized/alias/homepage evidence; no lookalikes either,
e1s,,0.0,none,missing,no exact/normalized/alias/homepage evidence; no lookalikes either,
e2b,,0.0,none,missing,no exact/normalized/alias/homepage evidence; no lookalikes either,
e2fsprogs,e2fsprogs,1.0,exact,confident,name identical in both managers; homepages 'https://e2fsprogs.sourceforge.net/' vs 'http://e2fsprogs.sourceforge.net',
e2tools,,0.0,none,needs-review,no exact/normalized/alias/homepage evidence; fuzzy suggestions listed for review,bedtools; ewf-tools
earthly,,0.0,none,missing,no exact/normalized/alias/homepage evidence; no lookalikes either,
eas-cli,,0.0,none,missing,no exact/normalized/alias/homepage evidence; no lookalikes either,
easeprobe,,0.0,none,missing,no exact/normalized/alias/homepage evidence; no lookalikes either,
eask-cli,,0.0,none,missing,no exact/normalized/alias/homepage evidence; no lookalikes either,
easy-rsa,,0.0,none,missing,no exact/normalized/alias/homepage evidence; no lookalikes either,
easy-tag,easytag,0.96,normalized,confident,'easy-tag' ~ 'easytag' after case/punctuation folding,
easyeda2kicad,,0.0,none,missing,no exact/normalized/alias/homepage evidence; no lookalikes either,
easyengine,,0.0,none,missing,no exact/normalized/alias/homepage evidence; no lookalikes either,
easyrpg-player,,0.0,none,missing,no exact/normalized/alias/homepage evidence; no lookalikes either,
eatmemory,,0.0,none,missing,no exact/normalized/alias/homepage evidence; no lookalikes either,
ebook-tools,ebook-tools,1.0,exact,confident,name identical in both managers; homepages 'https://sourceforge.net/projects/ebook-tools/' vs 'http://ebook-tools.sourceforge.net',
ebook2cw,,0.0,none,missing,no exact/normalized/alias/homepage evidence; no lookalikes either,
ec,,0.0,none,needs-review,no exact/normalized/alias/homepage evidence; fuzzy suggestions listed for review,ecj; ecl; erc
ecasound,,0.0,none,needs-review,no exact/normalized/alias/homepage evidence; fuzzy suggestions listed for review,esound
eccodes,eccodes,1.0,exact,confident,name identical in both managers; homepages 'https://confluence.ecmwf.int/display/ECC' vs 'https://confluence.ecmwf.int/display/ECC/ecCodes+Home',
ecflow-ui,,0.0,none,missing,no exact/normalized/alias/homepage evidence; no lookalikes either,
echidna,,0.0,none,missing,no exact/normalized/alias/homepage evidence; no lookalikes either,
echtvar,,0.0,none,missing,no exact/normalized/alias/homepage evidence; no lookalikes either,
ecl,ecl,1.0,exact,confident,name identical in both managers; homepages 'https://ecl.common-lisp.dev' vs 'http://ecls.sourceforge.net/',
ecoji,,0.0,none,missing,no exact/normalized/alias/homepage evidence; no lookalikes either,
ecs-deploy,,0.0,none,missing,no exact/normalized/alias/homepage evidence; no lookalikes either,
ed,,0.0,none,needs-review,no exact/normalized/alias/homepage evidence; fuzzy suggestions listed for review,edb; jed; sed
edbrowse,,0.0,none,missing,no exact/normalized/alias/homepage evidence; no lookalikes either,
edencommon,,0.0,none,missing,no exact/normalized/alias/homepage evidence; no lookalikes either,
edgevpn,,0.0,none,missing,no exact/normalized/alias/homepage evidence; no lookalikes either,
editorconfig,,0.0,none,missing,no exact/normalized/alias/homepage evidence; no lookalikes either,
editorconfig-checker,,0.0,none,missing,no exact/normalized/alias/homepage evidence; no lookalikes either,
efl,,0.0,none,needs-review,no exact/normalized/alias/homepage evidence; same homepage 'https://www.enlightenment.org' as 'enlightenment' but desc overlap only 0.00; no lookalikes either,
efm-langserver,,0.0,none,missing,no exact/normalized/alias/homepage evidence; no lookalikes either,
eg,,0.0,none,needs-review,no exact/normalized/alias/homepage evidence; fuzzy suggestions listed for review,eog; geg; teg
eg-examples,,0.0,none,needs-review,no exact/normalized/alias/homepage evidence; fuzzy suggestions listed for review,geda-examples
egctl,,0.0,none,missing,no exact/normalized/alias/homepage evidence; no lookalikes either,
eget,,0.0,none,needs-review,no exact/normalized/alias/homepage evidence; fuzzy suggestions listed for review,eet
ehco,,0.0,none,missing,no exact/normalized/alias/homepage evidence; no lookalikes either,
eiffelstudio,,0.0,none,missing,no exact/normalized/alias/homepage evidence; no lookalikes either,
eigen,,0.0,none,needs-review,no exact/normalized/alias/homepage evidence; fuzzy suggestions listed for review,eigen2; eigen3; eigen3-5
eigen@3,eigen3,0.96,normalized,confident,'eigen@3' ~ 'eigen3' after case/punctuation folding,
eigenpy,,0.0,none,missing,no exact/normalized/alias/homepage evidence; no lookalikes either,
ejabberd,ejabberd,1.0,exact,confident,name identical in both managers; homepages 'https://www.ejabberd.im' vs 'http://ejabberd.jabber.ru/',
ejdb,,0.0,none,needs-review,no exact/normalized/alias/homepage evidence; fuzzy suggestions listed for review,edb; jdb
ekg2,,0.0,none,missing,no exact/normalized/alias/homepage evidence; no lookalikes either,
ekhtml,,0.0,none,missing,no exact/normalized/alias/homepage evidence; no lookalikes either,
ekphos,,0.0,none,missing,no exact/normalized/alias/homepage evidence; no lookalikes either,
eksctl,,0.0,none,missing,no exact/normalized/alias/homepage evidence; no lookalikes either,
elan-init,,0.0,none,missing,no exact/normalized/alias/homepage evidence; no lookalikes either,
electric,,0.0,none,missing,no exact/normalized/alias/homepage evidence; no lookalikes either,
elektra,,0.0,none,needs-review,no exact/normalized/alias/homepage evidence; fuzzy suggestions listed for review,elettra
eless,,0.0,none,needs-review,no exact/normalized/alias/homepage evidence; fuzzy suggestions listed for review,less; jless; xless
eleventy,,0.0,none,missing,no exact/normalized/alias/homepage evidence; no lookalikes either,
elf2uf2-rs,,0.0,none,missing,no exact/normalized/alias/homepage evidence; no lookalikes either,
elfio,,0.0,none,missing,no exact/normalized/alias/homepage evidence; no lookalikes either,
elfutils,,0.0,none,missing,no exact/normalized/alias/homepage evidence; no lookalikes either,
elfx86exts,,0.0,none,missing,no exact/normalized/alias/homepage evidence; no lookalikes either,
elio,,0.0,none,missing,no exact/normalized/alias/homepage evidence; no lookalikes either,
elixir,,0.0,none,missing,no exact/normalized/alias/homepage evidence; no lookalikes either,
elixir-ls,,0.0,none,missing,no exact/normalized/alias/homepage evidence; no lookalikes either,
elm,,0.0,none,missing,no exact/normalized/alias/homepage evidence; no lookalikes either,
elm-format,,0.0,none,missing,no exact/normalized/alias/homepage evidence; no lookalikes either,
elvis,,0.0,none,missing,no exact/normalized/alias/homepage evidence; no lookalikes either,
elvish,,0.0,none,missing,no exact/normalized/alias/homepage evidence; no lookalikes either,
emacs,,0.0,none,needs-review,no exact/normalized/alias/homepage evidence; same homepage 'https://www.gnu.org/software/emacs/' as 'emacs25%type_pkg[uitype]' but versions '31.1' vs '25.3'; fuzzy suggestions listed for review,xemacs; emacs20; emacs21
emacs-clang-complete-async,,0.0,none,missing,no exact/normalized/alias/homepage evidence; no lookalikes either,
emacs-dracula,,0.0,none,missing,no exact/normalized/alias/homepage evidence; no lookalikes either,
embree,,0.0,none,missing,no exact/normalized/alias/homepage evidence; no lookalikes either,
embulk,,0.0,none,missing,no exact/normalized/alias/homepage evidence; no lookalikes either,
emmylua_ls,,0.0,none,missing,no exact/normalized/alias/homepage evidence; no lookalikes either,
emojify,,0.0,none,missing,no exact/normalized/alias/homepage evidence; no lookalikes either,
emp,,0.0,none,needs-review,no exact/normalized/alias/homepage evidence; fuzzy suggestions listed for review,mp
empty,,0.0,none,needs-review,no exact/normalized/alias/homepage evidence; fuzzy suggestions listed for review,empathy
emqx,,0.0,none,missing,no exact/normalized/alias/homepage evidence; no lookalikes either,
ems-flasher,,0.0,none,missing,no exact/normalized/alias/homepage evidence; no lookalikes either,
emscripten,,0.0,none,missing,no exact/normalized/alias/homepage evidence; no lookalikes either,
enca,enca,1.0,exact,confident,name identical in both managers; homepages 'https://cihar.com/software/enca/' vs '',
encfs,encfs,1.0,exact,confident,name identical in both managers; homepages 'https://vgough.github.io/encfs/' vs 'http://www.arg0.net/encfs',
enchant,enchant,1.0,exact,confident,name identical in both managers; homepages 'https://rrthomas.github.io/enchant/' vs 'http://www.abisource.com/projects/enchant',
enchive,,0.0,none,missing,no exact/normalized/alias/homepage evidence; no lookalikes either,
endlessh,,0.0,none,missing,no exact/normalized/alias/homepage evidence; no lookalikes either,
energy,,0.0,none,missing,no exact/normalized/alias/homepage evidence; no lookalikes either,
enet,libenet2-shlibs,0.9,homepage,confident,same upstream 'http://enet.bespin.org' (desc overlap 0.57),
enex2notion,,0.0,none,missing,no exact/normalized/alias/homepage evidence; no lookalikes either,
enigma,enigma,1.0,exact,confident,name identical in both managers; homepages 'https://www.nongnu.org/enigma/' vs 'http://www.chiark.greenend.org.uk/~sgtatham/enigma',
enkits,,0.0,none,missing,no exact/normalized/alias/homepage evidence; no lookalikes either,
enpass-cli,,0.0,none,missing,no exact/normalized/alias/homepage evidence; no lookalikes either,
enscript,enscript,1.0,exact,confident,name identical in both managers; homepages 'https://www.gnu.org/software/enscript/' vs 'http://people.ssh.fi/mtr/genscript/',
ensmallen,,0.0,none,missing,no exact/normalized/alias/homepage evidence; no lookalikes either,
ent,ent,1.0,exact,confident,name identical in both managers; homepages 'https://www.fourmilab.ch/random/' vs 'http://www.fourmilab.ch/random/',
ente-cli,,0.0,none,missing,no exact/normalized/alias/homepage evidence; no lookalikes either,
enter-tex,,0.0,none,missing,no exact/normalized/alias/homepage evidence; no lookalikes either,
entityx,,0.0,none,missing,no exact/normalized/alias/homepage evidence; no lookalikes either,
entr,,0.0,none,needs-review,no exact/normalized/alias/homepage evidence; fuzzy suggestions listed for review,ent
entt,,0.0,none,needs-review,no exact/normalized/alias/homepage evidence; fuzzy suggestions listed for review,ent
envchain,,0.0,none,needs-review,no exact/normalized/alias/homepage evidence; fuzzy suggestions listed for review,enchant
envd,,0.0,none,missing,no exact/normalized/alias/homepage evidence; no lookalikes either,
envelope,,0.0,none,needs-review,no exact/normalized/alias/homepage evidence; fuzzy suggestions listed for review,pgpenvelope
envio,,0.0,none,missing,no exact/normalized/alias/homepage evidence; no lookalikes either,
envoy,,0.0,none,missing,no exact/normalized/alias/homepage evidence; no lookalikes either,
envv,,0.0,none,missing,no exact/normalized/alias/homepage evidence; no lookalikes either,
enzyme,,0.0,none,missing,no exact/normalized/alias/homepage evidence; no lookalikes either,
eot-utils,,0.0,none,needs-review,no exact/normalized/alias/homepage evidence; fuzzy suggestions listed for review,plotutils; textutils; t1utils
epeg,,0.0,none,missing,no exact/normalized/alias/homepage evidence; no lookalikes either,
ephemeralpg,,0.0,none,missing,no exact/normalized/alias/homepage evidence; no lookalikes either,
epic5,epic5,1.0,exact,confident,name identical in both managers; homepages 'https://www.epicsol.org/' vs 'http://www.epicsol.org/',
epics-base,,0.0,none,missing,no exact/normalized/alias/homepage evidence; no lookalikes either,
epinio,,0.0,none,missing,no exact/normalized/alias/homepage evidence; no lookalikes either,
epoll-shim,,0.0,none,missing,no exact/normalized/alias/homepage evidence; no lookalikes either,
epr,,0.0,none,missing,no exact/normalized/alias/homepage evidence; no lookalikes either,
eprover,eprover,1.0,exact,confident,name identical in both managers; homepages 'https://eprover.org/' vs 'http://www.eprover.org',
epsilon,,0.0,none,missing,no exact/normalized/alias/homepage evidence; no lookalikes either,
epstool,epstool,1.0,exact,confident,name identical in both managers; homepages 'http://www.ghostgum.com.au/software/epstool.htm' vs 'http://www.cs.wisc.edu/~ghost/gsview/epstool.htm',
epubcheck,,0.0,none,missing,no exact/normalized/alias/homepage evidence; no lookalikes either,
eralchemy,,0.0,none,missing,no exact/normalized/alias/homepage evidence; no lookalikes either,
erdtree,,0.0,none,missing,no exact/normalized/alias/homepage evidence; no lookalikes either,
erfa,,0.0,none,missing,no exact/normalized/alias/homepage evidence; no lookalikes either,
erg,,0.0,none,missing,no exact/normalized/alias/homepage evidence; no lookalikes either,
erlang,,0.0,none,needs-review,no exact/normalized/alias/homepage evidence; same homepage 'https://www.erlang.org/' as 'erlang-otp' but versions '29.0.6' vs 'r15b01'; fuzzy suggestions listed for review,erlang-otp
erlang-language-platform,,0.0,none,missing,no exact/normalized/alias/homepage evidence; no lookalikes either,
erlang@26,,0.0,none,needs-review,no exact/normalized/alias/homepage evidence; same homepage 'https://www.erlang.org/' as 'erlang-otp' but versions '26.2.5.21' vs 'r15b01'; no lookalikes either,
erlang@27,,0.0,none,needs-review,no exact/normalized/alias/homepage evidence; same homepage 'https://www.erlang.org/' as 'erlang-otp' but versions '27.3.4.17' vs 'r15b01'; no lookalikes either,
erlang@28,,0.0,none,needs-review,no exact/normalized/alias/homepage evidence; same homepage 'https://www.erlang.org/' as 'erlang-otp' but versions '28.5.0.6' vs 'r15b01'; no lookalikes either,
erlang_ls,,0.0,none,missing,no exact/normalized/alias/homepage evidence; no lookalikes either,
erlfmt,,0.0,none,missing,no exact/normalized/alias/homepage evidence; no lookalikes either,
erofs-utils,,0.0,none,missing,no exact/normalized/alias/homepage evidence; no lookalikes either,
errcheck,,0.0,none,missing,no exact/normalized/alias/homepage evidence; no lookalikes either,
esbmc,,0.0,none,missing,no exact/normalized/alias/homepage evidence; no lookalikes either,
esbonio,,0.0,none,missing,no exact/normalized/alias/homepage evidence; no lookalikes either,
esbuild,,0.0,none,missing,no exact/normalized/alias/homepage evidence; no lookalikes either,
eslint,,0.0,none,needs-review,no exact/normalized/alias/homepage evidence; fuzzy suggestions listed for review,splint
eslint_d,,0.0,none,missing,no exact/normalized/alias/homepage evidence; no lookalikes either,
esniper,,0.0,none,missing,no exact/normalized/alias/homepage evidence; no lookalikes either,
espeak,,0.0,none,missing,no exact/normalized/alias/homepage evidence; no lookalikes either,
espeak-ng,,0.0,none,missing,no exact/normalized/alias/homepage evidence; no lookalikes either,
espflash,,0.0,none,missing,no exact/normalized/alias/homepage evidence; no lookalikes either,
esphome,,0.0,none,missing,no exact/normalized/alias/homepage evidence; no lookalikes either,
esptool,,0.0,none,needs-review,no exact/normalized/alias/homepage evidence; fuzzy suggestions listed for review,epstool
et,,0.0,none,needs-review,no exact/normalized/alias/homepage evidence; fuzzy suggestions listed for review,eet; ent; etl
etcd,,0.0,none,needs-review,no exact/normalized/alias/homepage evidence; fuzzy suggestions listed for review,netcdf
etcd-cpp-apiv3,,0.0,none,missing,no exact/normalized/alias/homepage evidence; no lookalikes either,
ethereum,,0.0,none,missing,no exact/normalized/alias/homepage evidence; no lookalikes either,
etl,etl,1.0,exact,confident,name identical in both managers; homepages 'https://synfig.org' vs 'http://synfig.sourceforge.net/',
etsh,,0.0,ambiguous,needs-review,alias 'osh' looks like a different program (homepages 'https://etsh.dev/' vs 'http://v6shell.org'),osh
ettercap,,0.0,none,missing,no exact/normalized/alias/homepage evidence; no lookalikes either,
euler-py,,0.0,none,needs-review,no exact/normalized/alias/homepage evidence; fuzzy suggestions listed for review,euler
eureka,,0.0,none,missing,no exact/normalized/alias/homepage evidence; no lookalikes either,
eva,,0.0,none,missing,no exact/normalized/alias/homepage evidence; no lookalikes either,
evans,,0.0,none,missing,no exact/normalized/alias/homepage evidence; no lookalikes either,
eventpp,,0.0,none,missing,no exact/normalized/alias/homepage evidence; no lookalikes either,
evernote-backup,,0.0,none,missing,no exact/normalized/alias/homepage evidence; no lookalikes either,
evernote2md,,0.0,none,missing,no exact/normalized/alias/homepage evidence; no lookalikes either,
evil-helix,,0.0,none,missing,no exact/normalized/alias/homepage evidence; no lookalikes either,
evince,evince,1.0,exact,confident,name identical in both managers; homepages 'https://apps.gnome.org/Evince/' vs 'http://www.gnome.org/projects/evince/',
evnx,,0.0,none,missing,no exact/normalized/alias/homepage evidence; no lookalikes either,
evtx,,0.0,none,missing,no exact/normalized/alias/homepage evidence; no lookalikes either,
ex-vi,,0.0,none,missing,no exact/normalized/alias/homepage evidence; no lookalikes either,
exact-image,,0.0,none,missing,no exact/normalized/alias/homepage evidence; no lookalikes either,
excalidraw-converter,,0.0,none,missing,no exact/normalized/alias/homepage evidence; no lookalikes either,
excel-compare,,0.0,none,missing,no exact/normalized/alias/homepage evidence; no lookalikes either,
execline,,0.0,none,missing,no exact/normalized/alias/homepage evidence; no lookalikes either,
execstack,,0.0,none,missing,no exact/normalized/alias/homepage evidence; no lookalikes either,
exempi,,0.0,none,missing,no exact/normalized/alias/homepage evidence; no lookalikes either,
exercism,,0.0,none,missing,no exact/normalized/alias/homepage evidence; no lookalikes either,
exif,,0.0,none,missing,no exact/normalized/alias/homepage evidence; no lookalikes either,
exiftags,exiftags,1.0,exact,confident,name identical in both managers; homepages 'https://johnst.org/sw/exiftags/' vs 'http://johnst.org/sw/exiftags/',
exiftool,,0.0,none,missing,no exact/normalized/alias/homepage evidence; no lookalikes either,
exiftran,,0.0,none,missing,no exact/normalized/alias/homepage evidence; no lookalikes either,
exim,,0.0,none,needs-review,no exact/normalized/alias/homepage evidence; fuzzy suggestions listed for review,tex2im
exiv2,exiv2,1.0,exact,confident,name identical in both managers; homepages 'https://exiv2.org/' vs 'http://www.exiv2.org',
exodriver,,0.0,none,missing,no exact/normalized/alias/homepage evidence; no lookalikes either,
exomizer,,0.0,none,missing,no exact/normalized/alias/homepage evidence; no lookalikes either,
expat,expat,1.0,exact,confident,name identical in both managers; homepages 'https://libexpat.github.io/' vs 'http://expat.sourceforge.net',
expect,expect,1.0,exact,confident,name identical in both managers; homepages 'https://core.tcl-lang.org/expect/index' vs 'http://expect.nist.gov',
expert,,0.0,none,needs-review,no exact/normalized/alias/homepage evidence; fuzzy suggestions listed for review,expect
exploitdb,,0.0,none,missing,no exact/normalized/alias/homepage evidence; no lookalikes either,
ext2fuse,,0.0,none,missing,no exact/normalized/alias/homepage evidence; no lookalikes either,
ext4fuse,,0.0,none,missing,no exact/normalized/alias/homepage evidence; no lookalikes either,
extra-cmake-modules,extra-cmake-modules,1.0,exact,confident,name identical in both managers; homepages 'https://api.kde.org/ecm/' vs 'http://www.kde.org',
extract_url,,0.0,none,needs-review,no exact/normalized/alias/homepage evidence; fuzzy suggestions listed for review,extractors; sextractor
exult,,0.0,none,missing,no exact/normalized/alias/homepage evidence; no lookalikes either,
eye-d3,,0.0,none,missing,no exact/normalized/alias/homepage evidence; no lookalikes either,
eza,,0.0,none,missing,no exact/normalized/alias/homepage evidence; no lookalikes either,
ezstream,,0.0,none,missing,no exact/normalized/alias/homepage evidence; no lookalikes either,
f2,,0.0,none,needs-review,no exact/normalized/alias/homepage evidence; fuzzy suggestions listed for review,f2c
f3,,0.0,none,missing,no exact/normalized/alias/homepage evidence; no lookalikes either,
f3d,,0.0,none,needs-review,no exact/normalized/alias/homepage evidence; fuzzy suggestions listed for review,fe3d
faac,faac,1.0,exact,confident,name identical in both managers; homepages 'https://sourceforge.net/projects/faac/' vs 'http://www.audiocoding.com/modules/wiki/?page=FAAC',
faad2,,0.0,none,needs-review,no exact/normalized/alias/homepage evidence; fuzzy suggestions listed for review,faad
faas-cli,,0.0,none,missing,no exact/normalized/alias/homepage evidence; no lookalikes either,
fabio,,0.0,none,missing,no exact/normalized/alias/homepage evidence; no lookalikes either,
fabric,,0.0,none,missing,no exact/normalized/alias/homepage evidence; no lookalikes either,
fabric-ai,,0.0,none,missing,no exact/normalized/alias/homepage evidence; no lookalikes either,
fabric-completion,,0.0,none,missing,no exact/normalized/alias/homepage evidence; no lookalikes either,
fabric-installer,,0.0,none,missing,no exact/normalized/alias/homepage evidence; no lookalikes either,
facad,,0.0,none,needs-review,no exact/normalized/alias/homepage evidence; fuzzy suggestions listed for review,faad
faceprints,,0.0,none,missing,no exact/normalized/alias/homepage evidence; no lookalikes either,
fades,,0.0,none,missing,no exact/normalized/alias/homepage evidence; no lookalikes either,
fail2ban,,0.0,none,missing,no exact/normalized/alias/homepage evidence; no lookalikes either,
faircamp,,0.0,none,missing,no exact/normalized/alias/homepage evidence; no lookalikes either,
fairy-stockfish,,0.0,none,missing,no exact/normalized/alias/homepage evidence; no lookalikes either,
fairymax,,0.0,none,missing,no exact/normalized/alias/homepage evidence; no lookalikes either,
faiss,,0.0,none,missing,no exact/normalized/alias/homepage evidence; no lookalikes either,
fake-gcs-server,,0.0,none,missing,no exact/normalized/alias/homepage evidence; no lookalikes either,
fakecloud,,0.0,none,missing,no exact/normalized/alias/homepage evidence; no lookalikes either,
faker,,0.0,none,missing,no exact/normalized/alias/homepage evidence; no lookalikes either,
fakeroot,,0.0,none,missing,no exact/normalized/alias/homepage evidence; no lookalikes either,
fakesteak,,0.0,none,missing,no exact/normalized/alias/homepage evidence; no lookalikes either,
faketty,,0.0,none,missing,no exact/normalized/alias/homepage evidence; no lookalikes either,
falco,,0.0,none,missing,no exact/normalized/alias/homepage evidence; no lookalikes either,
falcoctl,,0.0,none,missing,no exact/normalized/alias/homepage evidence; no lookalikes either,
falcosecurity-libs,,0.0,none,missing,no exact/normalized/alias/homepage evidence; no lookalikes either,
fallow,,0.0,none,needs-review,no exact/normalized/alias/homepage evidence; fuzzy suggestions listed for review,flow
fancy-cat,,0.0,none,missing,no exact/normalized/alias/homepage evidence; no lookalikes either,
fanficfare,,0.0,none,missing,no exact/normalized/alias/homepage evidence; no lookalikes either,
fann,fann,1.0,exact,confident,name identical in both managers; homepages 'https://sourceforge.net/projects/fann/' vs 'http://leenissen.dk/fann/',
fantom,,0.0,none,missing,no exact/normalized/alias/homepage evidence; no lookalikes either,
fanyi,,0.0,none,missing,no exact/normalized/alias/homepage evidence; no lookalikes either,
far2l-tty,,0.0,none,missing,no exact/normalized/alias/homepage evidence; no lookalikes either,
fast_float,,0.0,none,missing,no exact/normalized/alias/homepage evidence; no lookalikes either,
fastani,,0.0,none,missing,no exact/normalized/alias/homepage evidence; no lookalikes either,
fastapi,,0.0,none,missing,no exact/normalized/alias/homepage evidence; no lookalikes either,
fastbuild,,0.0,none,missing,no exact/normalized/alias/homepage evidence; no lookalikes either,
fastd,,0.0,none,needs-review,no exact/normalized/alias/homepage evidence; fuzzy suggestions listed for review,bfast
fastfec,,0.0,none,missing,no exact/normalized/alias/homepage evidence; no lookalikes either,
fastfetch,,0.0,none,missing,no exact/normalized/alias/homepage evidence; no lookalikes either,
fastga,,0.0,none,missing,no exact/normalized/alias/homepage evidence; no lookalikes either,
fastgron,,0.0,none,missing,no exact/normalized/alias/homepage evidence; no lookalikes either,
fastjar,,0.0,none,missing,no exact/normalized/alias/homepage evidence; no lookalikes either,
fastk,,0.0,none,needs-review,no exact/normalized/alias/homepage evidence; fuzzy suggestions listed for review,bfast
fastlane,,0.0,none,missing,no exact/normalized/alias/homepage evidence; no lookalikes either,
fastly,,0.0,none,missing,no exact/normalized/alias/homepage evidence; no lookalikes either,
fastmcp,,0.0,none,missing,no exact/normalized/alias/homepage evidence; no lookalikes either,
fastme,,0.0,none,missing,no exact/normalized/alias/homepage evidence; no lookalikes either,
fastmod,,0.0,none,missing,no exact/normalized/alias/homepage evidence; no lookalikes either,
fastnetmon,,0.0,none,missing,no exact/normalized/alias/homepage evidence; no lookalikes either,
fastp,,0.0,none,needs-review,no exact/normalized/alias/homepage evidence; fuzzy suggestions listed for review,bfast
fastq-tools,,0.0,none,missing,no exact/normalized/alias/homepage evidence; no lookalikes either,
fastqc,,0.0,none,missing,no exact/normalized/alias/homepage evidence; no lookalikes either,
fastrace,,0.0,none,needs-review,no exact/normalized/alias/homepage evidence; fuzzy suggestions listed for review,mftrace
fatal,,0.0,none,missing,no exact/normalized/alias/homepage evidence; no lookalikes either,
fatsort,,0.0,none,needs-review,no exact/normalized/alias/homepage evidence; fuzzy suggestions listed for review,flag-sort
faudio,,0.0,none,missing,no exact/normalized/alias/homepage evidence; no lookalikes either,
fauna-shell,,0.0,none,missing,no exact/normalized/alias/homepage evidence; no lookalikes either,
faust,,0.0,none,needs-review,no exact/normalized/alias/homepage evidence; fuzzy suggestions listed for review,bfast
fava,,0.0,none,missing,no exact/normalized/alias/homepage evidence; no lookalikes either,
favirecon,,0.0,none,missing,no exact/normalized/alias/homepage evidence; no lookalikes either,
fb-client,,0.0,none,missing,no exact/normalized/alias/homepage evidence; no lookalikes either,
fb303,,0.0,none,missing,no exact/normalized/alias/homepage evidence; no lookalikes either,
fblog,,0.0,none,missing,no exact/normalized/alias/homepage evidence; no lookalikes either,
fbthrift,,0.0,none,missing,no exact/normalized/alias/homepage evidence; no lookalikes either,
fceux,,0.0,none,missing,no exact/normalized/alias/homepage evidence; no lookalikes either,
fcft,,0.0,none,missing,no exact/normalized/alias/homepage evidence; no lookalikes either,
fcgi,,0.0,none,missing,no exact/normalized/alias/homepage evidence; no lookalikes either,
fcgiwrap,,0.0,none,missing,no exact/normalized/alias/homepage evidence; no lookalikes either,
fcitx-remote-for-osx,,0.0,none,missing,no exact/normalized/alias/homepage evidence; no lookalikes either,
fcl,,0.0,none,missing,no exact/normalized/alias/homepage evidence; no lookalikes either,
fclones,,0.0,none,needs-review,no exact/normalized/alias/homepage evidence; fuzzy suggestions listed for review,fdclone
fcp,,0.0,none,missing,no exact/normalized/alias/homepage evidence; no lookalikes either,
fcrackzip,,0.0,none,missing,no exact/normalized/alias/homepage evidence; no lookalikes either,
fd,,0.0,none,missing,no exact/normalized/alias/homepage evidence; no lookalikes either,
fdclone,fdclone,1.0,exact,confident,name identical in both managers; homepages 'https://hp.vector.co.jp/authors/VA012337/soft/fd/' vs 'http://hp.vector.co.jp/authors/VA012337/soft/fd/',
fdk-aac,,0.0,none,needs-review,no exact/normalized/alias/homepage evidence; same homepage 'https://sourceforge.net/projects/opencore-amr/' as 'libopencore-amr0' but desc overlap only 0.00; versions '2.0.3' vs '0.1.5'; fuzzy suggestions listed for review,faac
fdk-aac-encoder,,0.0,none,missing,no exact/normalized/alias/homepage evidence; no lookalikes either,
fdroidcl,,0.0,none,missing,no exact/normalized/alias/homepage evidence; no lookalikes either,
fdroidserver,,0.0,none,missing,no exact/normalized/alias/homepage evidence; no lookalikes either,
fdupes,fdupes,1.0,exact,confident,name identical in both managers; homepages 'https://github.com/adrianlopezroche/fdupes' vs 'https://github.com/adrianlopezroche/fdupes/',
fedify,,0.0,none,missing,no exact/normalized/alias/homepage evidence; no lookalikes either,
feedgnuplot,,0.0,none,missing,no exact/normalized/alias/homepage evidence; no lookalikes either,
feh,feh,1.0,exact,confident,name identical in both managers; homepages 'https://feh.finalrewind.org/' vs 'https://derf.homelinux.org/~derf/projects/feh',
feishu2md,,0.0,none,missing,no exact/normalized/alias/homepage evidence; no lookalikes either,
felinks,,0.0,none,needs-review,no exact/normalized/alias/homepage evidence; fuzzy suggestions listed for review,elinks; links
feluda,,0.0,none,missing,no exact/normalized/alias/homepage evidence; no lookalikes either,
fence,,0.0,none,missing,no exact/normalized/alias/homepage evidence; no lookalikes either,
fend,,0.0,none,missing,no exact/normalized/alias/homepage evidence; no lookalikes either,
fennel,,0.0,none,missing,no exact/normalized/alias/homepage evidence; no lookalikes either,
fennel-ls,,0.0,none,missing,no exact/normalized/alias/homepage evidence; no lookalikes either,
ferium,,0.0,none,missing,no exact/normalized/alias/homepage evidence; no lookalikes either,
fern-api,,0.0,none,missing,no exact/normalized/alias/homepage evidence; no lookalikes either,
fernflower,,0.0,none,missing,no exact/normalized/alias/homepage evidence; no lookalikes either,
feroxbuster,,0.0,none,missing,no exact/normalized/alias/homepage evidence; no lookalikes either,
ferron,,0.0,none,missing,no exact/normalized/alias/homepage evidence; no lookalikes either,
fetch,,0.0,none,missing,no exact/normalized/alias/homepage evidence; no lookalikes either,
fetch-crl,,0.0,none,missing,no exact/normalized/alias/homepage evidence; no lookalikes either,
fetchmail,fetchmail,1.0,exact,confident,name identical in both managers; homepages 'https://www.fetchmail.info/' vs 'http://www.catb.org/~esr/fetchmail/index.html',
fex,,0.0,none,needs-review,no exact/normalized/alias/homepage evidence; fuzzy suggestions listed for review,flex
ffc.h,,0.0,none,missing,no exact/normalized/alias/homepage evidence; no lookalikes either,
ffe,,0.0,none,missing,no exact/normalized/alias/homepage evidence; no lookalikes either,
ffind,,0.0,none,missing,no exact/normalized/alias/homepage evidence; no lookalikes either,
ffmate,,0.0,none,missing,no exact/normalized/alias/homepage evidence; no lookalikes either,
ffmpeg,ffmpeg,1.0,exact,confident,name identical in both managers; homepages 'https://ffmpeg.org/' vs 'http://ffmpeg.mplayerhq.hu/',
ffmpeg-full,,0.0,none,needs-review,no exact/normalized/alias/homepage evidence; same homepage 'https://ffmpeg.org/' as 'libavcodec58-4.0-shlibs' but desc overlap only 0.10; versions '9.0.1' vs '4.4.8'; no lookalikes either,
ffmpeg@2.8,,0.0,none,needs-review,no exact/normalized/alias/homepage evidence; same homepage 'https://ffmpeg.org/' as 'libavcodec58-4.0-shlibs' but desc overlap only 0.08; versions '2.8.22' vs '4.4.8'; fuzzy suggestions listed for review,ffmpeg
ffmpeg2theora,ffmpeg2theora,1.0,exact,confident,name identical in both managers; homepages 'https://gitlab.xiph.org/xiph/ffmpeg2theora' vs 'http://v2v.cc/~j/ffmpeg2theora/',
ffmpeg@4,,0.0,none,needs-review,no exact/normalized/alias/homepage evidence; same homepage 'https://ffmpeg.org/' as 'libavcodec58-4.0-shlibs' but desc overlap only 0.08; fuzzy suggestions listed for review,ffmpeg
ffmpeg@5,,0.0,none,needs-review,no exact/normalized/alias/homepage evidence; same homepage 'https://ffmpeg.org/' as 'libavcodec58-4.0-shlibs' but desc overlap only 0.08; versions '5.1.10' vs '4.4.8'; fuzzy suggestions listed for review,ffmpeg
ffmpeg@6,,0.0,none,needs-review,no exact/normalized/alias/homepage evidence; same homepage 'https://ffmpeg.org/' as 'libavcodec58-4.0-shlibs' but desc overlap only 0.08; versions '6.1.6' vs '4.4.8'; fuzzy suggestions listed for review,ffmpeg
ffmpeg@7,,0.0,none,needs-review,no exact/normalized/alias/homepage evidence; same homepage 'https://ffmpeg.org/' as 'libavcodec58-4.0-shlibs' but desc overlap only 0.08; versions '7.1.5' vs '4.4.8'; fuzzy suggestions listed for review,ffmpeg
ffmpeg@8,,0.0,none,needs-review,no exact/normalized/alias/homepage evidence; same homepage 'https://ffmpeg.org/' as 'libavcodec58-4.0-shlibs' but desc overlap only 0.07; versions '8.1.2' vs '4.4.8'; fuzzy suggestions listed for review,ffmpeg
ffmpegthumbnailer,ffmpegthumbnailer,1.0,exact,confident,name identical in both managers; homepages 'https://github.com/dirkvdb/ffmpegthumbnailer' vs 'https://github.com/dirkvdb/ffmpegthumbnailer',
ffms2,,0.0,none,missing,no exact/normalized/alias/homepage evidence; no lookalikes either,
ffsend,,0.0,none,missing,no exact/normalized/alias/homepage evidence; no lookalikes either,
fftw,fftw,1.0,exact,confident,name identical in both managers; homepages 'https://fftw.org' vs 'http://www.fftw.org',
ffuf,,0.0,none,missing,no exact/normalized/alias/homepage evidence; no lookalikes either,
fgbio,,0.0,none,missing,no exact/normalized/alias/homepage evidence; no lookalikes either,
fheroes2,,0.0,none,missing,no exact/normalized/alias/homepage evidence; no lookalikes either,
fibjs,,0.0,none,missing,no exact/normalized/alias/homepage evidence; no lookalikes either,
ficy,,0.0,none,missing,no exact/normalized/alias/homepage evidence; no lookalikes either,
fierce,,0.0,none,missing,no exact/normalized/alias/homepage evidence; no lookalikes either,
fifechan,,0.0,none,missing,no exact/normalized/alias/homepage evidence; no lookalikes either,
fig2dev,fig2dev,1.0,exact,confident,name identical in both managers; homepages 'https://mcj.sourceforge.net/' vs 'https://sourceforge.net/projects/mcj/',
figlet,figlet,1.0,exact,confident,name identical in both managers; homepages 'https://www.figlet.org/' vs 'http://www.figlet.org/',
file-formula,file,0.95,alias,confident,listed as alias/oldname of 'file-formula',
file-roller,file-roller,1.0,exact,confident,name identical in both managers; homepages 'https://wiki.gnome.org/Apps/FileRoller' vs 'http://www.gnome.org/',
filebeat,,0.0,none,missing,no exact/normalized/alias/homepage evidence; no lookalikes either,
filebrowser,,0.0,none,missing,no exact/normalized/alias/homepage evidence; no lookalikes either,
fileicon,,0.0,none,missing,no exact/normalized/alias/homepage evidence; no lookalikes either,
filen-cli,,0.0,none,missing,no exact/normalized/alias/homepage evidence; no lookalikes either,
fileql,,0.0,none,needs-review,no exact/normalized/alias/homepage evidence; fuzzy suggestions listed for review,file
filtlong,,0.0,none,missing,no exact/normalized/alias/homepage evidence; no lookalikes either,
findent,,0.0,none,needs-review,no exact/normalized/alias/homepage evidence; fuzzy suggestions listed for review,indent
findomain,,0.0,none,missing,no exact/normalized/alias/homepage evidence; no lookalikes either,
findutils,findutils,1.0,exact,confident,name identical in both managers; homepages 'https://www.gnu.org/software/findutils/' vs 'http://www.gnu.org/software/findutils/findutils.html',
fio,,0.0,none,needs-review,no exact/normalized/alias/homepage evidence; fuzzy suggestions listed for review,afio
fiona,,0.0,none,missing,no exact/normalized/alias/homepage evidence; no lookalikes either,
firebase-cli,,0.0,none,missing,no exact/normalized/alias/homepage evidence; no lookalikes either,
firefly,,0.0,none,missing,no exact/normalized/alias/homepage evidence; no lookalikes either,
firefoxpwa,,0.0,none,needs-review,no exact/normalized/alias/homepage evidence; fuzzy suggestions listed for review,firefox
fish,fish,1.0,exact,confident,name identical in both managers; homepages 'https://fishshell.com' vs 'http://www.fishshell.org/',
fish-lsp,,0.0,none,missing,no exact/normalized/alias/homepage evidence; no lookalikes either,
fisher,,0.0,none,needs-review,no exact/normalized/alias/homepage evidence; fuzzy suggestions listed for review,fish
fits,,0.0,none,needs-review,no exact/normalized/alias/homepage evidence; fuzzy suggestions listed for review,qfits; ccfits
fizmo,,0.0,none,missing,no exact/normalized/alias/homepage evidence; no lookalikes either,
fizsh,,0.0,none,needs-review,no exact/normalized/alias/homepage evidence; fuzzy suggestions listed for review,fish; kfish
fizz,,0.0,none,missing,no exact/normalized/alias/homepage evidence; no lookalikes either,
fjira,,0.0,none,missing,no exact/normalized/alias/homepage evidence; no lookalikes either,
flac,flac,1.0,exact,confident,name identical in both managers; homepages 'https://xiph.org/flac/' vs 'http://flac.sourceforge.net/',
flac123,,0.0,none,missing,no exact/normalized/alias/homepage evidence; no lookalikes either,
flactag,,0.0,none,missing,no exact/normalized/alias/homepage evidence; no lookalikes either,
flagd,,0.0,none,missing,no exact/normalized/alias/homepage evidence; no lookalikes either,
flake,,0.0,none,missing,no exact/normalized/alias/homepage evidence; no lookalikes either,
flake8,,0.0,none,missing,no exact/normalized/alias/homepage evidence; no lookalikes either,
flamebearer,,0.0,none,missing,no exact/normalized/alias/homepage evidence; no lookalikes either,
flamegraph,,0.0,none,missing,no exact/normalized/alias/homepage evidence; no lookalikes either,
flang,,0.0,none,needs-review,no exact/normalized/alias/homepage evidence; fuzzy suggestions listed for review,slang
flank,,0.0,none,missing,no exact/normalized/alias/homepage evidence; no lookalikes either,
flann,,0.0,none,needs-review,no exact/normalized/alias/homepage evidence; fuzzy suggestions listed for review,fann
flarectl,,0.0,none,missing,no exact/normalized/alias/homepage evidence; no lookalikes either,
flash,,0.0,none,missing,no exact/normalized/alias/homepage evidence; no lookalikes either,
flashrom,,0.0,none,missing,no exact/normalized/alias/homepage evidence; no lookalikes either,
flatbuffers,,0.0,none,missing,no exact/normalized/alias/homepage evidence; no lookalikes either,
flatcc,,0.0,none,needs-review,no exact/normalized/alias/homepage evidence; fuzzy suggestions listed for review,flac
flavours,,0.0,none,missing,no exact/normalized/alias/homepage evidence; no lookalikes either,
flawfinder,flawfinder,1.0,exact,confident,name identical in both managers; homepages 'https://dwheeler.com/flawfinder/' vs 'http://www.dwheeler.com/flawfinder/',
flawz,,0.0,none,missing,no exact/normalized/alias/homepage evidence; no lookalikes either,
flecs,,0.0,none,missing,no exact/normalized/alias/homepage evidence; no lookalikes either,
fleet-cli,,0.0,none,missing,no exact/normalized/alias/homepage evidence; no lookalikes either,
flex,flex,1.0,exact,confident,name identical in both managers; homepages 'https://github.com/westes/flex' vs 'http://www.gnu.org/software/flex/flex.html',
flexget,flexget,1.0,exact,confident,name identical in both managers; homepages 'https://www.flexget.com' vs 'http://flexget.com/',
flexiblas,,0.0,none,missing,no exact/normalized/alias/homepage evidence; no lookalikes either,
flickcurl,,0.0,none,missing,no exact/normalized/alias/homepage evidence; no lookalikes either,
flif,,0.0,none,missing,no exact/normalized/alias/homepage evidence; no lookalikes either,
flint,libflint22-shlibs,0.9,homepage,confident,same upstream 'https://flintlib.org/' (desc overlap 0.80),
flint-checker,,0.0,none,needs-review,no exact/normalized/alias/homepage evidence; fuzzy suggestions listed for review,linkchecker
flintrock,,0.0,none,missing,no exact/normalized/alias/homepage evidence; no lookalikes either,
flip-link,,0.0,none,missing,no exact/normalized/alias/homepage evidence; no lookalikes either,
flit,,0.0,none,needs-review,no exact/normalized/alias/homepage evidence; same homepage 'https://github.com/pypa/flit' as 'flit-core-py%type_pkg[python]' but desc overlap only 0.00; versions '4.0.2' vs '3.12.0'; fuzzy suggestions listed for review,flite
flite,flite,1.0,exact,confident,name identical in both managers; homepages 'http://www.festvox.org/flite' vs 'http://cmuflite.org',
flix,,0.0,none,missing,no exact/normalized/alias/homepage evidence; no lookalikes either,
flock,,0.0,none,needs-review,no exact/normalized/alias/homepage evidence; fuzzy suggestions listed for review,kflocks
floresta,,0.0,none,missing,no exact/normalized/alias/homepage evidence; no lookalikes either,
flow,flow,1.0,exact,confident,name identical in both managers; homepages 'https://flow.org/' vs 'http://www.netlib.org/floppy/',
flow-cli,,0.0,none,missing,no exact/normalized/alias/homepage evidence; no lookalikes either,
flow-control,,0.0,none,missing,no exact/normalized/alias/homepage evidence; no lookalikes either,
flow-tools,,0.0,none,missing,no exact/normalized/alias/homepage evidence; no lookalikes either,
flowgrind,,0.0,none,missing,no exact/normalized/alias/homepage evidence; no lookalikes either,
flowpipe,,0.0,none,missing,no exact/normalized/alias/homepage evidence; no lookalikes either,
flowrs,,0.0,none,needs-review,no exact/normalized/alias/homepage evidence; fuzzy suggestions listed for review,flow
fltk,,0.0,ambiguous,needs-review,homepage shared by several targets,"%N-shlibs Depends: << libjpeg9-shlibs, libpng16-shlibs, macosx << Conflicts: fltk Replaces: fltk BuildDependsOnly: false Files:  << lib/%N/lib/*.1.3.dylib bin/%N-config << Shlibs: << %p/lib/fltk13-aqua/lib/libfltk.1.3.dylib 			1.3.0 %n (>=1.3.0-1) %p/lib/fltk13-aqua/lib/libfltk_forms.1.3.dylib 		1.3.0 %n (>=1.3.0-1) %p/lib/fltk13-aqua/lib/libfltk_gl.1.3.dylib 		1.3.0 %n (>=1.3.0-1) %p/lib/fltk13-aqua/lib/libfltk_images.1.3.dylib 	1.3.0 %n (>=1.3.0-1) << DescUsage: << This package contains the shared libraries. Any package that Depends on this one and builds an app bundle may need to have the following in a PostInstScript: fltk13-aqua-config.aqua --post <name of executable> where <name of executable> is the real executable, not just the app bundle. This is because even if the package is set up properly, packing the .deb appears to clobber the resource fork. << DocFiles: CHANGES COPYING CREDITS README README.OSX.txt; fltk-x11"
fltk@1.3,,0.0,ambiguous,needs-review,homepage shared by several targets,"%N-shlibs Depends: << libjpeg9-shlibs, libpng16-shlibs, macosx << Conflicts: fltk Replaces: fltk BuildDependsOnly: false Files:  << lib/%N/lib/*.1.3.dylib bin/%N-config << Shlibs: << %p/lib/fltk13-aqua/lib/libfltk.1.3.dylib 			1.3.0 %n (>=1.3.0-1) %p/lib/fltk13-aqua/lib/libfltk_forms.1.3.dylib 		1.3.0 %n (>=1.3.0-1) %p/lib/fltk13-aqua/lib/libfltk_gl.1.3.dylib 		1.3.0 %n (>=1.3.0-1) %p/lib/fltk13-aqua/lib/libfltk_images.1.3.dylib 	1.3.0 %n (>=1.3.0-1) << DescUsage: << This package contains the shared libraries. Any package that Depends on this one and builds an app bundle may need to have the following in a PostInstScript: fltk13-aqua-config.aqua --post <name of executable> where <name of executable> is the real executable, not just the app bundle. This is because even if the package is set up properly, packing the .deb appears to clobber the resource fork. << DocFiles: CHANGES COPYING CREDITS README README.OSX.txt; fltk-x11"
fluent-bit,,0.0,none,missing,no exact/normalized/alias/homepage evidence; no lookalikes either,
fluid-synth,fluidsynth,0.96,normalized,confident,'fluid-synth' ~ 'fluidsynth' after case/punctuation folding,
flume,,0.0,none,missing,no exact/normalized/alias/homepage evidence; no lookalikes either,
flux,,0.0,none,missing,no exact/normalized/alias/homepage evidence; no lookalikes either,
fluxcd,,0.0,none,missing,no exact/normalized/alias/homepage evidence; no lookalikes either,
flvmeta,,0.0,none,missing,no exact/normalized/alias/homepage evidence; no lookalikes either,
flvstreamer,,0.0,none,needs-review,no exact/normalized/alias/homepage evidence; fuzzy suggestions listed for review,gstreamer
flyctl,,0.0,none,missing,no exact/normalized/alias/homepage evidence; no lookalikes either,
flye,,0.0,none,missing,no exact/normalized/alias/homepage evidence; no lookalikes either,
flyline,,0.0,none,missing,no exact/normalized/alias/homepage evidence; no lookalikes either,
flyscrape,,0.0,none,missing,no exact/normalized/alias/homepage evidence; no lookalikes either,
flyway,,0.0,none,missing,no exact/normalized/alias/homepage evidence; no lookalikes either,
fmdiff,,0.0,none,needs-review,no exact/normalized/alias/homepage evidence; fuzzy suggestions listed for review,mgdiff
fmpp,,0.0,none,missing,no exact/normalized/alias/homepage evidence; no lookalikes either,
fmt,,0.0,none,missing,no exact/normalized/alias/homepage evidence; no lookalikes either,
fn,,0.0,none,missing,no exact/normalized/alias/homepage evidence; no lookalikes either,
fnlfmt,,0.0,none,missing,no exact/normalized/alias/homepage evidence; no lookalikes either,
fnm,,0.0,none,missing,no exact/normalized/alias/homepage evidence; no lookalikes either,
fnox,,0.0,none,missing,no exact/normalized/alias/homepage evidence; no lookalikes either,
fnt,,0.0,none,missing,no exact/normalized/alias/homepage evidence; no lookalikes either,
fobis,,0.0,none,missing,no exact/normalized/alias/homepage evidence; no lookalikes either,
folderify,,0.0,none,missing,no exact/normalized/alias/homepage evidence; no lookalikes either,
folly,,0.0,none,missing,no exact/normalized/alias/homepage evidence; no lookalikes either,
foma,,0.0,none,missing,no exact/normalized/alias/homepage evidence; no lookalikes either,
fon-flash-cli,,0.0,none,missing,no exact/normalized/alias/homepage evidence; no lookalikes either,
font-util,,0.0,none,missing,no exact/normalized/alias/homepage evidence; no lookalikes either,
fontconfig,,0.0,none,needs-review,no exact/normalized/alias/homepage evidence; fuzzy suggestions listed for review,fontconfig-path; fontconfig2-dev
fontforge,fontforge,1.0,exact,confident,name identical in both managers; homepages 'https://fontforge.github.io' vs 'http://fontforge.sourceforge.net/',
fonts-encodings,,0.0,none,missing,no exact/normalized/alias/homepage evidence; no lookalikes either,
fonttools,fonttools,1.0,exact,confident,name identical in both managers; homepages 'https://github.com/fonttools/fonttools' vs '',
foot,,0.0,none,missing,no exact/normalized/alias/homepage evidence; no lookalikes either,
fop,fop,1.0,exact,confident,name identical in both managers; homepages 'https://xmlgraphics.apache.org/fop/index.html' vs 'http://xmlgraphics.apache.org/fop/',
forbidden,,0.0,none,missing,no exact/normalized/alias/homepage evidence; no lookalikes either,
forcecli,,0.0,none,missing,no exact/normalized/alias/homepage evidence; no lookalikes either,
ford,,0.0,none,missing,no exact/normalized/alias/homepage evidence; no lookalikes either,
forego,,0.0,none,missing,no exact/normalized/alias/homepage evidence; no lookalikes either,
foreman,,0.0,none,missing,no exact/normalized/alias/homepage evidence; no lookalikes either,
foremost,,0.0,none,missing,no exact/normalized/alias/homepage evidence; no lookalikes either,
forge,,0.0,none,missing,no exact/normalized/alias/homepage evidence; no lookalikes either,
forgecode,,0.0,none,needs-review,no exact/normalized/alias/homepage evidence; fuzzy suggestions listed for review,recode
forgejo,,0.0,none,missing,no exact/normalized/alias/homepage evidence; no lookalikes either,
forgejo-cli,,0.0,none,missing,no exact/normalized/alias/homepage evidence; no lookalikes either,
forgit,,0.0,none,missing,no exact/normalized/alias/homepage evidence; no lookalikes either,
fork-cleaner,,0.0,none,missing,no exact/normalized/alias/homepage evidence; no lookalikes either,
form,,0.0,none,needs-review,no exact/normalized/alias/homepage evidence; fuzzy suggestions listed for review,inform; xforms
format-udf,,0.0,none,missing,no exact/normalized/alias/homepage evidence; no lookalikes either,
fortio,,0.0,none,missing,no exact/normalized/alias/homepage evidence; no lookalikes either,
fortitude,,0.0,none,missing,no exact/normalized/alias/homepage evidence; no lookalikes either,
fortls,,0.0,none,missing,no exact/normalized/alias/homepage evidence; no lookalikes either,
fortran-language-server,,0.0,none,missing,no exact/normalized/alias/homepage evidence; no lookalikes either,
fortran-stdlib,,0.0,none,missing,no exact/normalized/alias/homepage evidence; no lookalikes either,
fortune,,0.0,none,needs-review,no exact/normalized/alias/homepage evidence; fuzzy suggestions listed for review,fortune-mod; fortunes-b5; fortunes-de
fossil,fossil,1.0,exact,confident,name identical in both managers; homepages 'https://www.fossil-scm.org/home/' vs 'http://www.fossil-scm.org',
foundry,,0.0,none,missing,no exact/normalized/alias/homepage evidence; no lookalikes either,
fourmolu,,0.0,none,missing,no exact/normalized/alias/homepage evidence; no lookalikes either,
fourstore,,0.0,none,missing,no exact/normalized/alias/homepage evidence; no lookalikes either,
fox,,0.0,none,needs-review,no exact/normalized/alias/homepage evidence; same homepage 'http://fox-toolkit.org/' as 'fox16' but desc overlap only 0.12; fuzzy suggestions listed for review,frox
foxglove-cli,,0.0,none,missing,no exact/normalized/alias/homepage evidence; no lookalikes either,
fpart,,0.0,none,missing,no exact/normalized/alias/homepage evidence; no lookalikes either,
fpc,fpc,1.0,exact,confident,name identical in both managers; homepages 'https://www.freepascal.org/' vs 'http://www.freepascal.org',
fpdns,,0.0,none,needs-review,no exact/normalized/alias/homepage evidence; fuzzy suggestions listed for review,pydns
fping,fping,1.0,exact,confident,name identical in both managers; homepages 'https://fping.org/' vs 'http://www.fping.com/',
fplll,,0.0,none,needs-review,no exact/normalized/alias/homepage evidence; same homepage 'https://github.com/fplll/fplll' as 'fplll2' but desc overlap only 0.00; fuzzy suggestions listed for review,fplll0; fplll2
fpm,,0.0,none,missing,no exact/normalized/alias/homepage evidence; no lookalikes either,
fpp,,0.0,none,missing,no exact/normalized/alias/homepage evidence; no lookalikes either,
fprettify,,0.0,none,missing,no exact/normalized/alias/homepage evidence; no lookalikes either,
fprobe,fprobe,1.0,exact,confident,name identical in both managers; homepages 'https://sourceforge.net/projects/fprobe/' vs '',
fq,,0.0,none,missing,no exact/normalized/alias/homepage evidence; no lookalikes either,
fracturedjson,,0.0,none,missing,no exact/normalized/alias/homepage evidence; no lookalikes either,
fragroute,,0.0,none,missing,no exact/normalized/alias/homepage evidence; no lookalikes either,
framework-tool-tui,,0.0,none,missing,no exact/normalized/alias/homepage evidence; no lookalikes either,
fred,,0.0,none,missing,no exact/normalized/alias/homepage evidence; no lookalikes either,
freealut,,0.0,none,needs-review,no exact/normalized/alias/homepage evidence; fuzzy suggestions listed for review,freeglut; freeglut2
freebayes,,0.0,none,missing,no exact/normalized/alias/homepage evidence; no lookalikes either,
freeciv,freeciv,1.0,exact,confident,name identical in both managers; homepages 'https://freeciv.org/' vs 'http://www.freeciv.org',
freediameter,,0.0,none,missing,no exact/normalized/alias/homepage evidence; no lookalikes either,
freedink,,0.0,none,missing,no exact/normalized/alias/homepage evidence; no lookalikes either,
freeglut,freeglut,1.0,exact,confident,name identical in both managers; homepages 'https://freeglut.sourceforge.net/' vs 'http://freeglut.sourceforge.net/',
freeimage,,0.0,none,missing,no exact/normalized/alias/homepage evidence; no lookalikes either,
freeipmi,freeipmi,1.0,exact,confident,name identical in both managers; homepages 'https://www.gnu.org/software/freeipmi/' vs 'http://www.gnu.org/software/freeipmi',
freeling,,0.0,none,missing,no exact/normalized/alias/homepage evidence; no lookalikes either,
freeradius-server,,0.0,none,missing,no exact/normalized/alias/homepage evidence; no lookalikes either,
freerdp,,0.0,none,missing,no exact/normalized/alias/homepage evidence; no lookalikes either,
freesasa,,0.0,none,missing,no exact/normalized/alias/homepage evidence; no lookalikes either,
freeswitch,,0.0,none,missing,no exact/normalized/alias/homepage evidence; no lookalikes either,
freetds,freetds,1.0,exact,confident,name identical in both managers; homepages 'https://www.freetds.org/' vs 'http://www.freetds.org/',
freetype,freetype,1.0,exact,confident,name identical in both managers; homepages 'https://www.freetype.org/' vs 'http://www.freetype.org/',
freexl,,0.0,none,needs-review,no exact/normalized/alias/homepage evidence; same homepage 'https://www.gaia-gis.it/fossil/freexl/index' as 'libfreexl1-shlibs' but versions '2.0.0' vs '1.0.0g'; no lookalikes either,
frege,,0.0,none,missing,no exact/normalized/alias/homepage evidence; no lookalikes either,
frege-repl,,0.0,none,missing,no exact/normalized/alias/homepage evidence; no lookalikes either,
frei0r,,0.0,none,needs-review,no exact/normalized/alias/homepage evidence; fuzzy suggestions listed for review,frei0r-dev
fresh-editor,,0.0,none,missing,no exact/normalized/alias/homepage evidence; no lookalikes either,
fribidi,fribidi,1.0,exact,confident,name identical in both managers; homepages 'https://github.com/fribidi/fribidi' vs 'http://freedesktop.org/Software/FriBidi',
fricas,,0.0,none,missing,no exact/normalized/alias/homepage evidence; no lookalikes either,
frizbee,,0.0,none,missing,no exact/normalized/alias/homepage evidence; no lookalikes either,
frotz,frotz,1.0,exact,confident,name identical in both managers; homepages 'https://661.org/proj/if/frotz/' vs 'http://www.geocities.com/SiliconValley/Heights/3222/frotz.html',
frozen,,0.0,none,missing,no exact/normalized/alias/homepage evidence; no lookalikes either,
frpc,,0.0,none,needs-review,no exact/normalized/alias/homepage evidence; fuzzy suggestions listed for review,fpc
frps,,0.0,none,missing,no exact/normalized/alias/homepage evidence; no lookalikes either,
fruit,,0.0,none,missing,no exact/normalized/alias/homepage evidence; no lookalikes either,
frum,,0.0,none,missing,no exact/normalized/alias/homepage evidence; no lookalikes either,
fs-uae,,0.0,none,missing,no exact/normalized/alias/homepage evidence; no lookalikes either,
fselect,,0.0,none,missing,no exact/normalized/alias/homepage evidence; no lookalikes either,
fsevent_watch,,0.0,none,missing,no exact/normalized/alias/homepage evidence; no lookalikes either,
fsevents-tools,,0.0,none,missing,no exact/normalized/alias/homepage evidence; no lookalikes either,
fsql,,0.0,none,missing,no exact/normalized/alias/homepage evidence; no lookalikes either,
fst,,0.0,none,missing,no exact/normalized/alias/homepage evidence; no lookalikes either,
fstrm,,0.0,none,missing,no exact/normalized/alias/homepage evidence; no lookalikes either,
fsw,,0.0,none,missing,no exact/normalized/alias/homepage evidence; no lookalikes either,
fswatch,,0.0,none,needs-review,no exact/normalized/alias/homepage evidence; fuzzy suggestions listed for review,watch
ftgl,,0.0,none,missing,no exact/normalized/alias/homepage evidence; no lookalikes either,
ftnchek,ftnchek,1.0,exact,confident,name identical in both managers; homepages 'https://www.dsm.fordham.edu/~ftnchek/' vs 'http://www.dsm.fordham.edu/~ftnchek',
ftxui,,0.0,none,missing,no exact/normalized/alias/homepage evidence; no lookalikes either,
fuc,,0.0,none,missing,no exact/normalized/alias/homepage evidence; no lookalikes either,
fuego,,0.0,none,missing,no exact/normalized/alias/homepage evidence; no lookalikes either,
fuego-firestore,,0.0,none,missing,no exact/normalized/alias/homepage evidence; no lookalikes either,
func-e,,0.0,none,needs-review,no exact/normalized/alias/homepage evidence; fuzzy suggestions listed for review,unace
funcoeszz,,0.0,none,missing,no exact/normalized/alias/homepage evidence; no lookalikes either,
functionalplus,,0.0,none,missing,no exact/normalized/alias/homepage evidence; no lookalikes either,
funzzy,,0.0,none,needs-review,no exact/normalized/alias/homepage evidence; fuzzy suggestions listed for review,fuzz
fuse-overlayfs,,0.0,none,missing,no exact/normalized/alias/homepage evidence; no lookalikes either,
fuse-zip,fuse-zip,1.0,exact,confident,name identical in both managers; homepages 'https://bitbucket.org/agalanin/fuse-zip' vs 'http://code.google.com/p/fuse-zip/',
fuseki,,0.0,none,needs-review,no exact/normalized/alias/homepage evidence; fuzzy suggestions listed for review,fuse
fusesoc,,0.0,none,missing,no exact/normalized/alias/homepage evidence; no lookalikes either,
futhark,,0.0,none,missing,no exact/normalized/alias/homepage evidence; no lookalikes either,
fuzzy-find,,0.0,none,missing,no exact/normalized/alias/homepage evidence; no lookalikes either,
fvm,,0.0,none,needs-review,no exact/normalized/alias/homepage evidence; fuzzy suggestions listed for review,fvwm
fw,,0.0,none,missing,no exact/normalized/alias/homepage evidence; no lookalikes either,
fwknop,,0.0,none,missing,no exact/normalized/alias/homepage evidence; no lookalikes either,
fwup,,0.0,none,missing,no exact/normalized/alias/homepage evidence; no lookalikes either,
fwupd,,0.0,none,missing,no exact/normalized/alias/homepage evidence; no lookalikes either,
fx,,0.0,none,missing,no exact/normalized/alias/homepage evidence; no lookalikes either,
fx-agent,,0.0,none,missing,no exact/normalized/alias/homepage evidence; no lookalikes either,
fx-upscale,,0.0,none,missing,no exact/normalized/alias/homepage evidence; no lookalikes either,
fypp,,0.0,none,missing,no exact/normalized/alias/homepage evidence; no lookalikes either,
fzf,,0.0,none,missing,no exact/normalized/alias/homepage evidence; no lookalikes either,
fzf-make,,0.0,none,missing,no exact/normalized/alias/homepage evidence; no lookalikes either,
fzf-tab,,0.0,none,missing,no exact/normalized/alias/homepage evidence; no lookalikes either,
fzy,,0.0,none,missing,no exact/normalized/alias/homepage evidence; no lookalikes either,
g-ls,,0.0,none,missing,no exact/normalized/alias/homepage evidence; no lookalikes either,
g2,,0.0,none,needs-review,no exact/normalized/alias/homepage evidence; fuzzy suggestions listed for review,gd2
g2o,,0.0,none,missing,no exact/normalized/alias/homepage evidence; no lookalikes either,
g3log,,0.0,none,missing,no exact/normalized/alias/homepage evidence; no lookalikes either,
gabedit,,0.0,none,needs-review,no exact/normalized/alias/homepage evidence; fuzzy suggestions listed for review,gedit; gmanedit
gabo,,0.0,none,missing,no exact/normalized/alias/homepage evidence; no lookalikes either,
gaffitter,,0.0,none,missing,no exact/normalized/alias/homepage evidence; no lookalikes either,
galen,,0.0,none,needs-review,no exact/normalized/alias/homepage evidence; fuzzy suggestions listed for review,galeon
gallery-dl,,0.0,none,missing,no exact/normalized/alias/homepage evidence; no lookalikes either,
gama,,0.0,none,needs-review,no exact/normalized/alias/homepage evidence; fuzzy suggestions listed for review,gaa
gambit,,0.0,none,missing,no exact/normalized/alias/homepage evidence; no lookalikes either,
gambit-scheme,,0.0,none,missing,no exact/normalized/alias/homepage evidence; no lookalikes either,
gamdl,,0.0,none,missing,no exact/normalized/alias/homepage evidence; no lookalikes either,
game-music-emu,,0.0,none,missing,no exact/normalized/alias/homepage evidence; no lookalikes either,
gammaray,,0.0,none,missing,no exact/normalized/alias/homepage evidence; no lookalikes either,
gammu,,0.0,none,missing,no exact/normalized/alias/homepage evidence; no lookalikes either,
garage,,0.0,none,missing,no exact/normalized/alias/homepage evidence; no lookalikes either,
garble,,0.0,none,missing,no exact/normalized/alias/homepage evidence; no lookalikes either,
garden,,0.0,none,missing,no exact/normalized/alias/homepage evidence; no lookalikes either,
garmintools,,0.0,none,missing,no exact/normalized/alias/homepage evidence; no lookalikes either,
garnet,,0.0,none,needs-review,no exact/normalized/alias/homepage evidence; fuzzy suggestions listed for review,gnet
gascity,,0.0,none,missing,no exact/normalized/alias/homepage evidence; no lookalikes either,
gastown,,0.0,none,missing,no exact/normalized/alias/homepage evidence; no lookalikes either,
gat,,0.0,none,missing,no exact/normalized/alias/homepage evidence; no lookalikes either,
gateway-go,,0.0,none,missing,no exact/normalized/alias/homepage evidence; no lookalikes either,
gator,,0.0,none,missing,no exact/normalized/alias/homepage evidence; no lookalikes either,
gatsby-cli,,0.0,none,missing,no exact/normalized/alias/homepage evidence; no lookalikes either,
gau,,0.0,none,missing,no exact/normalized/alias/homepage evidence; no lookalikes either,
gauche,gauche,1.0,exact,confident,name identical in both managers; homepages 'https://practical-scheme.net/gauche/' vs 'http://www.shiro.dreamhost.com/scheme/gauche/',
gauge,,0.0,none,missing,no exact/normalized/alias/homepage evidence; no lookalikes either,
gaul,,0.0,none,missing,no exact/normalized/alias/homepage evidence; no lookalikes either,
gauth,,0.0,none,missing,no exact/normalized/alias/homepage evidence; no lookalikes either,
gawk,gawk,1.0,exact,confident,name identical in both managers; homepages 'https://www.gnu.org/software/gawk/' vs 'http://www.gnu.org/software/gawk/',
gaze,,0.0,none,missing,no exact/normalized/alias/homepage evidence; no lookalikes either,
gbox,,0.0,none,needs-review,no exact/normalized/alias/homepage evidence; fuzzy suggestions listed for review,box
gcab,,0.0,none,missing,no exact/normalized/alias/homepage evidence; no lookalikes either,
gcalcli,,0.0,none,missing,no exact/normalized/alias/homepage evidence; no lookalikes either,
gcc,,0.0,none,needs-review,no exact/normalized/alias/homepage evidence; same homepage 'https://gcc.gnu.org/' as 'mingw-gcc' but versions '16.2.0' vs '4.1.0'; fuzzy suggestions listed for review,gcc4; gcc5; gcc6
gcc@10,gcc10,0.96,normalized,confident,'gcc@10' ~ 'gcc10' after case/punctuation folding,
gcc@11,gcc11,0.96,normalized,confident,'gcc@11' ~ 'gcc11' after case/punctuation folding,
gcc@12,gcc12,0.96,normalized,confident,'gcc@12' ~ 'gcc12' after case/punctuation folding,
gcc@13,,0.0,none,needs-review,no exact/normalized/alias/homepage evidence; same homepage 'https://gcc.gnu.org/' as 'mingw-gcc' but versions '13.4.0' vs '4.1.0'; fuzzy suggestions listed for review,gcc10; gcc11; gcc12
gcc@14,,0.0,none,needs-review,no exact/normalized/alias/homepage evidence; same homepage 'https://gcc.gnu.org/' as 'mingw-gcc' but versions '14.4.0' vs '4.1.0'; fuzzy suggestions listed for review,gcc4; gcc10; gcc11
gcc@15,,0.0,none,needs-review,no exact/normalized/alias/homepage evidence; same homepage 'https://gcc.gnu.org/' as 'mingw-gcc' but versions '15.3.0' vs '4.1.0'; fuzzy suggestions listed for review,gcc5; gcc10; gcc11
gcc@9,gcc9,0.96,normalized,confident,'gcc@9' ~ 'gcc9' after case/punctuation folding,
gcem,,0.0,none,missing,no exact/normalized/alias/homepage evidence; no lookalikes either,
gci,,0.0,none,needs-review,no exact/normalized/alias/homepage evidence; fuzzy suggestions listed for review,gcin; gc
gcl,,0.0,none,needs-review,no exact/normalized/alias/homepage evidence; fuzzy suggestions listed for review,gcal; gc
gcli,,0.0,none,missing,no exact/normalized/alias/homepage evidence; no lookalikes either,
gcovr,,0.0,none,missing,no exact/normalized/alias/homepage evidence; no lookalikes either,
gcr,,0.0,none,needs-review,no exact/normalized/alias/homepage evidence; fuzzy suggestions listed for review,gocr; gc
gcsfuse,,0.0,none,missing,no exact/normalized/alias/homepage evidence; no lookalikes either,
gcviewer,,0.0,none,needs-review,no exact/normalized/alias/homepage evidence; fuzzy suggestions listed for review,g3dviewer; zgrviewer
gcx,,0.0,none,needs-review,no exact/normalized/alias/homepage evidence; fuzzy suggestions listed for review,gc
gd,gd,1.0,exact,confident,name identical in both managers; homepages 'https://libgd.github.io/' vs 'http://www.boutell.com/gd/',
gdal,gdal,1.0,exact,confident,name identical in both managers; homepages 'https://gdal.org/en/stable/' vs 'http://www.gdal.org',
gdb,gdb,1.0,exact,confident,name identical in both managers; homepages 'https://www.gnu.org/software/gdb/' vs 'http://www.gnu.org/software/gdb/',
gdbgui,,0.0,none,missing,no exact/normalized/alias/homepage evidence; no lookalikes either,
gdbm,gdbm,1.0,exact,confident,name identical in both managers; homepages 'https://www.gnu.org.ua/software/gdbm/' vs 'http://www.gnu.org/software/gdbm/',
gdcm,gdcm,1.0,exact,confident,name identical in both managers; homepages 'https://sourceforge.net/projects/gdcm/' vs 'http://gdcm.sourceforge.net/wiki/index.php/Main_Page',
gdk-pixbuf,gdk-pixbuf,1.0,exact,confident,name identical in both managers; homepages 'https://gtk.org' vs 'http://www.gnome.org/',
gdl,gdl,1.0,exact,confident,name identical in both managers; homepages 'https://gitlab.gnome.org/Archive/gdl' vs 'http://gnudatalanguage.sf.net/',
gdown,,0.0,none,missing,no exact/normalized/alias/homepage evidence; no lookalikes either,
gdrive,,0.0,none,needs-review,no exact/normalized/alias/homepage evidence; fuzzy suggestions listed for review,drivel
gdrive-downloader,,0.0,none,missing,no exact/normalized/alias/homepage evidence; no lookalikes either,
gdtoolkit,,0.0,none,needs-review,no exact/normalized/alias/homepage evidence; fuzzy suggestions listed for review,xdev-toolkit
gdu,,0.0,none,needs-review,no exact/normalized/alias/homepage evidence; fuzzy suggestions listed for review,gd
gearman,,0.0,none,missing,no exact/normalized/alias/homepage evidence; no lookalikes either,
gebug,,0.0,none,missing,no exact/normalized/alias/homepage evidence; no lookalikes either,
geckodriver,,0.0,none,missing,no exact/normalized/alias/homepage evidence; no lookalikes either,
gecode,,0.0,none,needs-review,no exact/normalized/alias/homepage evidence; fuzzy suggestions listed for review,geekcode; recode
gedit,gedit,1.0,exact,confident,name identical in both managers; homepages 'https://gedit-technology.github.io/apps/gedit/' vs 'http://gedit.sourceforge.net/',
geeqie,geeqie,1.0,exact,confident,name identical in both managers; homepages 'https://www.geeqie.org/' vs 'http://geeqie.sourceforge.net',
geesefs,,0.0,none,missing,no exact/normalized/alias/homepage evidence; no lookalikes either,
gegl,,0.0,ambiguous,needs-review,homepage shared by several targets,libgegl0.0.0-shlibs; libgegl0.1.0-shlibs; geg
gel,,0.0,none,missing,no exact/normalized/alias/homepage evidence; no lookalikes either,
gem-completion,,0.0,none,missing,no exact/normalized/alias/homepage evidence; no lookalikes either,
gemgen,,0.0,none,missing,no exact/normalized/alias/homepage evidence; no lookalikes either,
gemini-cli,,0.0,none,missing,no exact/normalized/alias/homepage evidence; no lookalikes either,
gemmi,,0.0,none,missing,no exact/normalized/alias/homepage evidence; no lookalikes either,
genact,,0.0,none,needs-review,no exact/normalized/alias/homepage evidence; fuzzy suggestions listed for review,gnac
genders,,0.0,none,missing,no exact/normalized/alias/homepage evidence; no lookalikes either,
generate-json-schema,,0.0,none,missing,no exact/normalized/alias/homepage evidence; no lookalikes either,
genext2fs,,0.0,none,missing,no exact/normalized/alias/homepage evidence; no lookalikes either,
gengetopt,gengetopt,1.0,exact,confident,name identical in both managers; homepages 'https://www.gnu.org/software/gengetopt/' vs 'http://www.gnu.org/software/gengetopt/gengetopt.html',
geni,,0.0,none,needs-review,no exact/normalized/alias/homepage evidence; fuzzy suggestions listed for review,genius
genometools,,0.0,none,missing,no exact/normalized/alias/homepage evidence; no lookalikes either,
gensio,,0.0,none,missing,no exact/normalized/alias/homepage evidence; no lookalikes either,
geocode-glib,,0.0,none,missing,no exact/normalized/alias/homepage evidence; no lookalikes either,
geogram,,0.0,none,missing,no exact/normalized/alias/homepage evidence; no lookalikes either,
geographiclib,,0.0,none,missing,no exact/normalized/alias/homepage evidence; no lookalikes either,
geoip2fast,,0.0,none,missing,no exact/normalized/alias/homepage evidence; no lookalikes either,
geoipupdate,,0.0,none,missing,no exact/normalized/alias/homepage evidence; no lookalikes either,
geometry,,0.0,none,missing,no exact/normalized/alias/homepage evidence; no lookalikes either,
geomview,,0.0,ambiguous,needs-review,homepage shared by several targets,geomview191-shlibs; geomview194-shlibs; geomview195-shlibs
geos,,0.0,none,missing,no exact/normalized/alias/homepage evidence; no lookalikes either,
geoserver,,0.0,none,missing,no exact/normalized/alias/homepage evidence; no lookalikes either,
geph4,,0.0,none,missing,no exact/normalized/alias/homepage evidence; no lookalikes either,
gerbil-scheme,,0.0,none,missing,no exact/normalized/alias/homepage evidence; no lookalikes either,
gerbv,gerbv,1.0,exact,confident,name identical in both managers; homepages 'https://gerbv.github.io/' vs 'http://gerbv.sourceforge.net/',
gerrit-tools,,0.0,none,missing,no exact/normalized/alias/homepage evidence; no lookalikes either,
gersemi,,0.0,none,missing,no exact/normalized/alias/homepage evidence; no lookalikes either,
gerust,,0.0,none,needs-review,no exact/normalized/alias/homepage evidence; fuzzy suggestions listed for review,rust
get-flash-videos,,0.0,none,missing,no exact/normalized/alias/homepage evidence; no lookalikes either,
get_iplayer,,0.0,none,needs-review,no exact/normalized/alias/homepage evidence; fuzzy suggestions listed for review,gst-player
getdns,,0.0,none,missing,no exact/normalized/alias/homepage evidence; no lookalikes either,
getmail6,,0.0,none,needs-review,no exact/normalized/alias/homepage evidence; fuzzy suggestions listed for review,getmail; gotmail
getparty,,0.0,none,missing,no exact/normalized/alias/homepage evidence; no lookalikes either,
gettext,gettext,1.0,exact,confident,name identical in both managers; homepages 'https://www.gnu.org/software/gettext/' vs 'http://www.gnu.org/software/gettext/',
getxbook,,0.0,none,missing,no exact/normalized/alias/homepage evidence; no lookalikes either,
gexiv2,libgexiv2.2-shlibs,0.9,homepage,confident,same upstream 'https://wiki.gnome.org/Projects/gexiv2' (desc overlap 0.56),
gf,,0.0,none,needs-review,no exact/normalized/alias/homepage evidence; fuzzy suggestions listed for review,pgf
gffcompare,,0.0,none,missing,no exact/normalized/alias/homepage evidence; no lookalikes either,
gffread,,0.0,none,missing,no exact/normalized/alias/homepage evidence; no lookalikes either,
gflags,libgflags22-shlibs,0.9,homepage,confident,same upstream 'https://gflags.github.io/gflags/' (desc overlap 0.43),
gfold,,0.0,none,missing,no exact/normalized/alias/homepage evidence; no lookalikes either,
gforth,gforth,1.0,exact,confident,name identical in both managers; homepages 'https://www.gnu.org/software/gforth/' vs 'http://www.gnu.org/software/gforth/',
gfxutil,,0.0,none,missing,no exact/normalized/alias/homepage evidence; no lookalikes either,
ggc,,0.0,none,needs-review,no exact/normalized/alias/homepage evidence; fuzzy suggestions listed for review,gc
ggh,,0.0,none,missing,no exact/normalized/alias/homepage evidence; no lookalikes either,
ggml,,0.0,none,missing,no exact/normalized/alias/homepage evidence; no lookalikes either,
ggshield,,0.0,none,missing,no exact/normalized/alias/homepage evidence; no lookalikes either,
gh,,0.0,none,needs-review,no exact/normalized/alias/homepage evidence; fuzzy suggestions listed for review,ghc
gh-ost,,0.0,none,needs-review,no exact/normalized/alias/homepage evidence; fuzzy suggestions listed for review,host
ghalint,,0.0,none,missing,no exact/normalized/alias/homepage evidence; no lookalikes either,
ghc,ghc,1.0,exact,confident,name identical in both managers; homepages 'https://haskell.org/ghc/' vs 'http://www.haskell.org/ghc/',
ghc@9.10,,0.0,none,needs-review,no exact/normalized/alias/homepage evidence; same homepage 'https://haskell.org/ghc/' as 'ghc' but versions '9.10.3' vs '7.10.3'; no lookalikes either,
ghc@9.12,,0.0,none,needs-review,no exact/normalized/alias/homepage evidence; same homepage 'https://haskell.org/ghc/' as 'ghc' but versions '9.12.3' vs '7.10.3'; no lookalikes either,
ghc@9.4,,0.0,none,needs-review,no exact/normalized/alias/homepage evidence; same homepage 'https://haskell.org/ghc/' as 'ghc' but versions '9.4.8' vs '7.10.3'; no lookalikes either,
ghc@9.6,,0.0,none,needs-review,no exact/normalized/alias/homepage evidence; same homepage 'https://haskell.org/ghc/' as 'ghc' but versions '9.6.7' vs '7.10.3'; no lookalikes either,
ghc@9.8,,0.0,none,needs-review,no exact/normalized/alias/homepage evidence; same homepage 'https://haskell.org/ghc/' as 'ghc' but versions '9.8.4' vs '7.10.3'; no lookalikes either,
ghcid,,0.0,none,needs-review,no exact/normalized/alias/homepage evidence; fuzzy suggestions listed for review,ghc-void
ghcitty,,0.0,none,missing,no exact/normalized/alias/homepage evidence; no lookalikes either,
ghcup,,0.0,none,missing,no exact/normalized/alias/homepage evidence; no lookalikes either,
ghex,,0.0,none,needs-review,no exact/normalized/alias/homepage evidence; fuzzy suggestions listed for review,ghex2
ghi,,0.0,none,missing,no exact/normalized/alias/homepage evidence; no lookalikes either,
ghidra,,0.0,none,missing,no exact/normalized/alias/homepage evidence; no lookalikes either,
ghorg,,0.0,none,missing,no exact/normalized/alias/homepage evidence; no lookalikes either,
ghostscript,ghostscript,1.0,exact,confident,name identical in both managers; homepages 'https://www.ghostscript.com/' vs 'http://www.cs.wisc.edu/~ghost/',
ghostunnel,,0.0,none,missing,no exact/normalized/alias/homepage evidence; no lookalikes either,
ghq,,0.0,none,missing,no exact/normalized/alias/homepage evidence; no lookalikes either,
ghr,,0.0,none,missing,no exact/normalized/alias/homepage evidence; no lookalikes either,
ghz,,0.0,none,missing,no exact/normalized/alias/homepage evidence; no lookalikes either,
ghz-web,,0.0,none,missing,no exact/normalized/alias/homepage evidence; no lookalikes either,
gi-docgen,,0.0,none,missing,no exact/normalized/alias/homepage evidence; no lookalikes either,
gibbslda,,0.0,none,missing,no exact/normalized/alias/homepage evidence; no lookalikes either,
gibo,,0.0,none,missing,no exact/normalized/alias/homepage evidence; no lookalikes either,
gickup,,0.0,none,missing,no exact/normalized/alias/homepage evidence; no lookalikes either,
gif2png,gif2png,1.0,exact,confident,name identical in both managers; homepages 'http://www.catb.org/~esr/gif2png/' vs 'http://catb.org/~esr/gif2png/',
gifcap,,0.0,none,missing,no exact/normalized/alias/homepage evidence; no lookalikes either,
gifify,,0.0,none,missing,no exact/normalized/alias/homepage evidence; no lookalikes either,
giflib,giflib,1.0,exact,confident,name identical in both managers; homepages 'https://giflib.sourceforge.net/' vs 'http://prtr-13.ucsc.edu/~badger/software/libungif/index.shtml',
gifsicle,gifsicle,1.0,exact,confident,name identical in both managers; homepages 'https://www.lcdf.org/gifsicle/' vs 'http://www.lcdf.org/gifsicle',
gifski,,0.0,none,missing,no exact/normalized/alias/homepage evidence; no lookalikes either,
gimme,,0.0,none,missing,no exact/normalized/alias/homepage evidence; no lookalikes either,
gimme-aws-creds,,0.0,none,missing,no exact/normalized/alias/homepage evidence; no lookalikes either,
gimmecert,,0.0,none,missing,no exact/normalized/alias/homepage evidence; no lookalikes either,
ginac,ginac,1.0,exact,confident,name identical in both managers; homepages 'https://www.ginac.de/' vs 'http://www.ginac.de/',
ginkgo,,0.0,none,missing,no exact/normalized/alias/homepage evidence; no lookalikes either,
girara,,0.0,none,missing,no exact/normalized/alias/homepage evidence; no lookalikes either,
gismo,,0.0,none,missing,no exact/normalized/alias/homepage evidence; no lookalikes either,
gist,,0.0,none,needs-review,no exact/normalized/alias/homepage evidence; fuzzy suggestions listed for review,git; glista
gistit,,0.0,none,missing,no exact/normalized/alias/homepage evidence; no lookalikes either,
git,git,1.0,exact,confident,name identical in both managers; homepages 'https://git-scm.com' vs 'http://git-scm.com/',
git-absorb,,0.0,none,missing,no exact/normalized/alias/homepage evidence; no lookalikes either,
git-annex,,0.0,none,missing,no exact/normalized/alias/homepage evidence; no lookalikes either,
git-annex-remote-rclone,,0.0,none,missing,no exact/normalized/alias/homepage evidence; no lookalikes either,
git-appraise,,0.0,none,missing,no exact/normalized/alias/homepage evidence; no lookalikes either,
git-archive-all,,0.0,none,missing,no exact/normalized/alias/homepage evidence; no lookalikes either,
git-big-picture,,0.0,none,missing,no exact/normalized/alias/homepage evidence; no lookalikes either,
git-branchless,,0.0,none,missing,no exact/normalized/alias/homepage evidence; no lookalikes either,
git-bug,,0.0,none,missing,no exact/normalized/alias/homepage evidence; no lookalikes either,
git-cal,,0.0,none,needs-review,no exact/normalized/alias/homepage evidence; fuzzy suggestions listed for review,gcal; itcl
git-cinnabar,,0.0,none,missing,no exact/normalized/alias/homepage evidence; no lookalikes either,
git-cliff,,0.0,none,missing,no exact/normalized/alias/homepage evidence; no lookalikes either,
git-codereview,,0.0,none,missing,no exact/normalized/alias/homepage evidence; no lookalikes either,
git-cola,,0.0,none,missing,no exact/normalized/alias/homepage evidence; no lookalikes either,
git-credential-libsecret,git-remote-mediawiki,0.9,homepage,confident,same upstream 'https://git-scm.com' (desc overlap 0.18),
git-credential-oauth,,0.0,none,missing,no exact/normalized/alias/homepage evidence; no lookalikes either,
git-crypt,,0.0,none,missing,no exact/normalized/alias/homepage evidence; no lookalikes either,
git-delete-merged-branches,,0.0,none,missing,no exact/normalized/alias/homepage evidence; no lookalikes either,
git-delta,delta,0.95,alias,confident,listed as alias/oldname of 'git-delta',
git-extras,git-extras,1.0,exact,confident,name identical in both managers; homepages 'https://github.com/tj/git-extras' vs 'https://github.com/visionmedia/git-extras',
git-filter-repo,,0.0,none,missing,no exact/normalized/alias/homepage evidence; no lookalikes either,
git-fixup,,0.0,none,missing,no exact/normalized/alias/homepage evidence; no lookalikes either,
git-flow,git-flow,1.0,exact,confident,name identical in both managers; homepages 'https://github.com/nvie/gitflow' vs 'http://github.com/nvie/gitflow',
git-flow-next,,0.0,none,missing,no exact/normalized/alias/homepage evidence; no lookalikes either,
git-format-staged,,0.0,none,missing,no exact/normalized/alias/homepage evidence; no lookalikes either,
git-fresh,,0.0,none,missing,no exact/normalized/alias/homepage evidence; no lookalikes either,
git-ftp,git-ftp,1.0,exact,confident,name identical in both managers; homepages 'https://git-ftp.github.io/' vs 'https://github.com/resmo/git-ftp',
git-game,,0.0,none,missing,no exact/normalized/alias/homepage evidence; no lookalikes either,
git-gerrit,,0.0,none,missing,no exact/normalized/alias/homepage evidence; no lookalikes either,
git-get,,0.0,none,missing,no exact/normalized/alias/homepage evidence; no lookalikes either,
git-grab,,0.0,none,missing,no exact/normalized/alias/homepage evidence; no lookalikes either,
git-graph,,0.0,none,needs-review,no exact/normalized/alias/homepage evidence; fuzzy suggestions listed for review,gtkgraph
git-gui,git,0.9,homepage,confident,same upstream 'https://git-scm.com' (desc overlap 0.22),
git-hooks-go,,0.0,none,missing,no exact/normalized/alias/homepage evidence; no lookalikes either,
git-hound,,0.0,none,missing,no exact/normalized/alias/homepage evidence; no lookalikes either,
git-if,,0.0,none,missing,no exact/normalized/alias/homepage evidence; no lookalikes either,
git-ignore,,0.0,none,missing,no exact/normalized/alias/homepage evidence; no lookalikes either,
git-imerge,,0.0,none,missing,no exact/normalized/alias/homepage evidence; no lookalikes either,
git-integration,,0.0,none,missing,no exact/normalized/alias/homepage evidence; no lookalikes either,
git-interactive-rebase-tool,,0.0,none,missing,no exact/normalized/alias/homepage evidence; no lookalikes either,
git-lfs,git-lfs,1.0,exact,confident,name identical in both managers; homepages 'https://git-lfs.com/' vs 'https://git-lfs.github.com',
git-machete,,0.0,none,missing,no exact/normalized/alias/homepage evidence; no lookalikes either,
git-mediate,,0.0,none,missing,no exact/normalized/alias/homepage evidence; no lookalikes either,
git-mob,,0.0,none,missing,no exact/normalized/alias/homepage evidence; no lookalikes either,
git-multipush,,0.0,none,missing,no exact/normalized/alias/homepage evidence; no lookalikes either,
git-now,,0.0,none,missing,no exact/normalized/alias/homepage evidence; no lookalikes either,
git-number,,0.0,none,missing,no exact/normalized/alias/homepage evidence; no lookalikes either,
git-octopus,,0.0,none,missing,no exact/normalized/alias/homepage evidence; no lookalikes either,
git-open,,0.0,none,needs-review,no exact/normalized/alias/homepage evidence; fuzzy suggestions listed for review,gift-openft
git-pages,,0.0,none,missing,no exact/normalized/alias/homepage evidence; no lookalikes either,
git-pages-cli,,0.0,none,missing,no exact/normalized/alias/homepage evidence; no lookalikes either,
git-pkgs,,0.0,none,missing,no exact/normalized/alias/homepage evidence; no lookalikes either,
git-pkgs-brief,,0.0,none,missing,no exact/normalized/alias/homepage evidence; no lookalikes either,
git-pkgs-forge,,0.0,none,missing,no exact/normalized/alias/homepage evidence; no lookalikes either,
git-pkgs-proxy,,0.0,none,missing,no exact/normalized/alias/homepage evidence; no lookalikes either,
git-plus,,0.0,none,missing,no exact/normalized/alias/homepage evidence; no lookalikes either,
git-quick-stats,,0.0,none,missing,no exact/normalized/alias/homepage evidence; no lookalikes either,
git-recent,,0.0,none,missing,no exact/normalized/alias/homepage evidence; no lookalikes either,
git-remote-codecommit,,0.0,none,missing,no exact/normalized/alias/homepage evidence; no lookalikes either,
git-remote-gcrypt,,0.0,none,missing,no exact/normalized/alias/homepage evidence; no lookalikes either,
git-remote-hg,git-remote-hg,1.0,exact,confident,name identical in both managers; homepages 'https://github.com/felipec/git-remote-hg' vs 'https://github.com/felipec/git-remote-hg',
git-review,,0.0,none,missing,no exact/normalized/alias/homepage evidence; no lookalikes either,
git-revise,,0.0,none,missing,no exact/normalized/alias/homepage evidence; no lookalikes either,
git-secret,,0.0,none,missing,no exact/normalized/alias/homepage evidence; no lookalikes either,
git-secrets,,0.0,none,missing,no exact/normalized/alias/homepage evidence; no lookalikes either,
git-series,,0.0,none,missing,no exact/normalized/alias/homepage evidence; no lookalikes either,
git-sizer,,0.0,none,missing,no exact/normalized/alias/homepage evidence; no lookalikes either,
git-spice,,0.0,none,needs-review,no exact/normalized/alias/homepage evidence; fuzzy suggestions listed for review,ngspice
git-split-diffs,,0.0,none,missing,no exact/normalized/alias/homepage evidence; no lookalikes either,
git-standup,,0.0,none,missing,no exact/normalized/alias/homepage evidence; no lookalikes either,
git-subrepo,,0.0,none,missing,no exact/normalized/alias/homepage evidence; no lookalikes either,
git-svn,git-svn,1.0,exact,confident,name identical in both managers; homepages 'https://git-scm.com' vs 'http://git-scm.com/',
git-svn-abandon,,0.0,none,missing,no exact/normalized/alias/homepage evidence; no lookalikes either,
git-sync,,0.0,none,needs-review,no exact/normalized/alias/homepage evidence; fuzzy suggestions listed for review,isync
git-tools,,0.0,none,needs-review,no exact/normalized/alias/homepage evidence; fuzzy suggestions listed for review,gpivtools; itstool; ivtools
git-town,,0.0,none,missing,no exact/normalized/alias/homepage evidence; no lookalikes either,
git-tracker,,0.0,none,missing,no exact/normalized/alias/homepage evidence; no lookalikes either,
git-trim,,0.0,none,missing,no exact/normalized/alias/homepage evidence; no lookalikes either,
git-url-sub,,0.0,none,missing,no exact/normalized/alias/homepage evidence; no lookalikes either,
git-vendor,,0.0,none,missing,no exact/normalized/alias/homepage evidence; no lookalikes either,
git-when-merged,,0.0,none,missing,no exact/normalized/alias/homepage evidence; no lookalikes either,
git-who,,0.0,none,missing,no exact/normalized/alias/homepage evidence; no lookalikes either,
git-workspace,,0.0,none,missing,no exact/normalized/alias/homepage evidence; no lookalikes either,
git-xargs,,0.0,none,missing,no exact/normalized/alias/homepage evidence; no lookalikes either,
git-xet,,0.0,none,missing,no exact/normalized/alias/homepage evidence; no lookalikes either,
gita,,0.0,none,needs-review,no exact/normalized/alias/homepage evidence; fuzzy suggestions listed for review,git
gitbackup,,0.0,none,missing,no exact/normalized/alias/homepage evidence; no lookalikes either,
gitbatch,,0.0,none,missing,no exact/normalized/alias/homepage evidence; no lookalikes either,
gitbucket,,0.0,none,missing,no exact/normalized/alias/homepage evidence; no lookalikes either,
gitea,,0.0,none,missing,no exact/normalized/alias/homepage evidence; no lookalikes either,
gitea-mcp-server,,0.0,none,missing,no exact/normalized/alias/homepage evidence; no lookalikes either,
gitea-runner,,0.0,none,missing,no exact/normalized/alias/homepage evidence; no lookalikes either,
gitg,,0.0,none,needs-review,no exact/normalized/alias/homepage evidence; fuzzy suggestions listed for review,git
github-keygen,,0.0,none,missing,no exact/normalized/alias/homepage evidence; no lookalikes either,
github-markdown-toc,,0.0,none,missing,no exact/normalized/alias/homepage evidence; no lookalikes either,
github-mcp-server,,0.0,none,missing,no exact/normalized/alias/homepage evidence; no lookalikes either,
github-release,,0.0,none,missing,no exact/normalized/alias/homepage evidence; no lookalikes either,
gitingest,,0.0,none,missing,no exact/normalized/alias/homepage evidence; no lookalikes either,
gitlab-ci-linter,,0.0,none,missing,no exact/normalized/alias/homepage evidence; no lookalikes either,
gitlab-ci-local,,0.0,none,missing,no exact/normalized/alias/homepage evidence; no lookalikes either,
gitlab-gem,,0.0,none,missing,no exact/normalized/alias/homepage evidence; no lookalikes either,
gitlab-release-cli,,0.0,none,missing,no exact/normalized/alias/homepage evidence; no lookalikes either,
gitlab-runner,,0.0,none,missing,no exact/normalized/alias/homepage evidence; no lookalikes either,
gitleaks,,0.0,none,missing,no exact/normalized/alias/homepage evidence; no lookalikes either,
gitlint,,0.0,none,missing,no exact/normalized/alias/homepage evidence; no lookalikes either,
gitlogue,,0.0,none,missing,no exact/normalized/alias/homepage evidence; no lookalikes either,
gitmoji,,0.0,none,missing,no exact/normalized/alias/homepage evidence; no lookalikes either,
gitmux,,0.0,none,needs-review,no exact/normalized/alias/homepage evidence; fuzzy suggestions listed for review,tmux
gitnr,,0.0,none,missing,no exact/normalized/alias/homepage evidence; no lookalikes either,
gitoxide,,0.0,none,needs-review,no exact/normalized/alias/homepage evidence; fuzzy suggestions listed for review,git-mode
gitql,,0.0,none,missing,no exact/normalized/alias/homepage evidence; no lookalikes either,
gitsign,,0.0,none,missing,no exact/normalized/alias/homepage evidence; no lookalikes either,
gitslave,,0.0,none,missing,no exact/normalized/alias/homepage evidence; no lookalikes either,
gitter-cli,,0.0,none,missing,no exact/normalized/alias/homepage evidence; no lookalikes either,
gittuf,,0.0,none,missing,no exact/normalized/alias/homepage evidence; no lookalikes either,
gittype,,0.0,none,missing,no exact/normalized/alias/homepage evidence; no lookalikes either,
gitu,,0.0,none,needs-review,no exact/normalized/alias/homepage evidence; fuzzy suggestions listed for review,git; github
gitui,,0.0,none,missing,no exact/normalized/alias/homepage evidence; no lookalikes either,
gitup,,0.0,none,missing,no exact/normalized/alias/homepage evidence; no lookalikes either,
gitversion,,0.0,none,missing,no exact/normalized/alias/homepage evidence; no lookalikes either,
gitwatch,,0.0,none,missing,no exact/normalized/alias/homepage evidence; no lookalikes either,
gixy,,0.0,none,missing,no exact/normalized/alias/homepage evidence; no lookalikes either,
giza,,0.0,none,missing,no exact/normalized/alias/homepage evidence; no lookalikes either,
gjs,,0.0,none,missing,no exact/normalized/alias/homepage evidence; no lookalikes either,
gkrellm,gkrellm,1.0,exact,confident,name identical in both managers; homepages 'https://billw2.github.io/gkrellm/gkrellm.html' vs 'http://web.wt.net/~billw/gkrellm/gkrellm.html',
gl2ps,gl2ps,1.0,exact,confident,name identical in both managers; homepages 'https://www.geuz.org/gl2ps/' vs 'http://www.geuz.org/gl2ps',
glab,,0.0,none,missing,no exact/normalized/alias/homepage evidence; no lookalikes either,
glade,glade,1.0,exact,confident,name identical in both managers; homepages 'https://glade.gnome.org/' vs 'http://glade.gnome.org/',
glances,,0.0,none,missing,no exact/normalized/alias/homepage evidence; no lookalikes either,
glassfish,,0.0,none,missing,no exact/normalized/alias/homepage evidence; no lookalikes either,
glasskube,,0.0,none,missing,no exact/normalized/alias/homepage evidence; no lookalikes either,
glaze,,0.0,none,needs-review,no exact/normalized/alias/homepage evidence; fuzzy suggestions listed for review,glade
glbinding,,0.0,none,missing,no exact/normalized/alias/homepage evidence; no lookalikes either,
glbinding@2,,0.0,none,missing,no exact/normalized/alias/homepage evidence; no lookalikes either,
glci,,0.0,none,missing,no exact/normalized/alias/homepage evidence; no lookalikes either,
gleam,,0.0,none,missing,no exact/normalized/alias/homepage evidence; no lookalikes either,
glew,glew,1.0,exact,confident,name identical in both managers; homepages 'https://glew.sourceforge.net/' vs 'http://glew.sourceforge.net/',
glfw,glfw,1.0,exact,confident,name identical in both managers; homepages 'https://www.glfw.org/' vs 'http://www.glfw.org/',
glib,glib,1.0,exact,confident,name identical in both managers; homepages 'https://docs.gtk.org/glib/' vs 'http://www.gtk.org/',
glib-networking,,0.0,none,missing,no exact/normalized/alias/homepage evidence; no lookalikes either,
glibc,,0.0,none,needs-review,no exact/normalized/alias/homepage evidence; fuzzy suggestions listed for review,glib; glib2
glibc@2.13,,0.0,none,missing,no exact/normalized/alias/homepage evidence; no lookalikes either,
glibc@2.17,,0.0,none,missing,no exact/normalized/alias/homepage evidence; no lookalikes either,
glibmm,,0.0,none,needs-review,no exact/normalized/alias/homepage evidence; fuzzy suggestions listed for review,glibmm2.4; glib
glibmm@2.66,,0.0,none,needs-review,no exact/normalized/alias/homepage evidence; fuzzy suggestions listed for review,glibmm2.4
glider,,0.0,none,missing,no exact/normalized/alias/homepage evidence; no lookalikes either,
glkterm,,0.0,none,needs-review,no exact/normalized/alias/homepage evidence; fuzzy suggestions listed for review,kterm
glktermw,,0.0,none,missing,no exact/normalized/alias/homepage evidence; no lookalikes either,
glm,glm,1.0,exact,confident,name identical in both managers; homepages 'https://glm.g-truc.net/' vs 'http://glm.g-truc.net/',
global,global,1.0,exact,confident,name identical in both managers; homepages 'https://www.gnu.org/software/global/' vs 'http://www.gnu.org/software/global',
global-arrays,,0.0,none,missing,no exact/normalized/alias/homepage evidence; no lookalikes either,
globjects,,0.0,none,missing,no exact/normalized/alias/homepage evidence; no lookalikes either,
globstar,,0.0,none,missing,no exact/normalized/alias/homepage evidence; no lookalikes either,
glog,,0.0,none,missing,no exact/normalized/alias/homepage evidence; no lookalikes either,
glom,,0.0,none,needs-review,no exact/normalized/alias/homepage evidence; fuzzy suggestions listed for review,glm
glooctl,,0.0,none,missing,no exact/normalized/alias/homepage evidence; no lookalikes either,
gloox,,0.0,none,missing,no exact/normalized/alias/homepage evidence; no lookalikes either,
glow,,0.0,none,missing,no exact/normalized/alias/homepage evidence; no lookalikes either,
glpk,glpk,1.0,exact,confident,name identical in both managers; homepages 'https://www.gnu.org/software/glpk/' vs 'http://www.gnu.org/software/glpk/',
glslang,,0.0,none,needs-review,no exact/normalized/alias/homepage evidence; fuzzy suggestions listed for review,slang
glslviewer,,0.0,none,missing,no exact/normalized/alias/homepage evidence; no lookalikes either,
glui,glui,1.0,exact,confident,name identical in both managers; homepages 'https://github.com/libglui/glui' vs 'http://www.cs.unc.edu/~rademach/glui',
glulxe,,0.0,none,missing,no exact/normalized/alias/homepage evidence; no lookalikes either,
gluon,,0.0,none,missing,no exact/normalized/alias/homepage evidence; no lookalikes either,
glyph,,0.0,none,missing,no exact/normalized/alias/homepage evidence; no lookalikes either,
glyr,,0.0,none,missing,no exact/normalized/alias/homepage evidence; no lookalikes either,
gmailctl,,0.0,none,missing,no exact/normalized/alias/homepage evidence; no lookalikes either,
gmic,gmic,1.0,exact,confident,name identical in both managers; homepages 'https://gmic.eu/' vs 'http://gmic.sourceforge.net/',
gmime,,0.0,none,needs-review,no exact/normalized/alias/homepage evidence; fuzzy suggestions listed for review,gmime24
gmp,gmp,1.0,exact,confident,name identical in both managers; homepages 'https://gmplib.org/' vs 'http://www.swox.com/gmp/',
gmp-ecm,,0.0,none,needs-review,no exact/normalized/alias/homepage evidence; fuzzy suggestions listed for review,gmpc
gmsh,gmsh,1.0,exact,confident,name identical in both managers; homepages 'https://gmsh.info/' vs 'http://www.geuz.org/gmsh',
gmssl,,0.0,none,missing,no exact/normalized/alias/homepage evidence; no lookalikes either,
gmt,gmt,1.0,exact,confident,name identical in both managers; homepages 'https://www.generic-mapping-tools.org/' vs 'http://gmt.soest.hawaii.edu/',
gnhf,,0.0,none,missing,no exact/normalized/alias/homepage evidence; no lookalikes either,
gnirehtet,,0.0,none,missing,no exact/normalized/alias/homepage evidence; no lookalikes either,
gnmic,,0.0,none,needs-review,no exact/normalized/alias/homepage evidence; fuzzy suggestions listed for review,gmic
gnome-autoar,,0.0,none,missing,no exact/normalized/alias/homepage evidence; no lookalikes either,
gnome-builder,,0.0,none,needs-review,no exact/normalized/alias/homepage evidence; fuzzy suggestions listed for review,gnome-build
gnome-online-accounts,,0.0,none,missing,no exact/normalized/alias/homepage evidence; no lookalikes either,
gnome-papers,,0.0,none,missing,no exact/normalized/alias/homepage evidence; no lookalikes either,
gnome-recipes,,0.0,none,missing,no exact/normalized/alias/homepage evidence; no lookalikes either,
gnome-themes-extra,,0.0,none,needs-review,no exact/normalized/alias/homepage evidence; fuzzy suggestions listed for review,gnome-themes-extras; gnome-themes
gnu-apl,,0.0,none,needs-review,no exact/normalized/alias/homepage evidence; fuzzy suggestions listed for review,gnucap
gnu-barcode,,0.0,none,needs-review,no exact/normalized/alias/homepage evidence; fuzzy suggestions listed for review,barcode
gnu-chess,gnuchess,0.96,normalized,confident,'gnu-chess' ~ 'gnuchess' after case/punctuation folding,
gnu-complexity,,0.0,none,missing,no exact/normalized/alias/homepage evidence; no lookalikes either,
gnu-getopt,,0.0,none,needs-review,no exact/normalized/alias/homepage evidence; fuzzy suggestions listed for review,gengetopt; libgnugetopt
gnu-go,gnugo,0.96,normalized,confident,'gnu-go' ~ 'gnugo' after case/punctuation folding,
gnu-indent,indent,0.9,homepage,confident,same upstream 'https://www.gnu.org/software/indent/' (desc overlap 0.17),
gnu-prolog,,0.0,none,needs-review,no exact/normalized/alias/homepage evidence; fuzzy suggestions listed for review,gprolog
gnu-sed,,0.0,none,missing,no exact/normalized/alias/homepage evidence; no lookalikes either,
gnu-shogi,gnushogi,0.96,normalized,confident,'gnu-shogi' ~ 'gnushogi' after case/punctuation folding,
gnu-smalltalk,,0.0,none,needs-review,no exact/normalized/alias/homepage evidence; fuzzy suggestions listed for review,smalltalk
gnu-tar,,0.0,none,needs-review,no exact/normalized/alias/homepage evidence; same homepage 'https://www.gnu.org/software/tar/' as 'tar' but desc overlap only 0.09; fuzzy suggestions listed for review,gnut
gnu-time,,0.0,none,missing,no exact/normalized/alias/homepage evidence; no lookalikes either,
gnu-typist,gtypist,0.95,alias,confident,listed as alias/oldname of 'gnu-typist',
gnu-units,,0.0,none,needs-review,no exact/normalized/alias/homepage evidence; fuzzy suggestions listed for review,udunits
gnu-which,,0.0,none,missing,no exact/normalized/alias/homepage evidence; no lookalikes either,
gnuastro,,0.0,none,missing,no exact/normalized/alias/homepage evidence; no lookalikes either,
gnucobol,gnucobol,1.0,exact,confident,name identical in both managers; homepages 'https://gnucobol.sourceforge.io/' vs 'https://gnucobol.sourceforge.io/',
gnumeric,gnumeric,1.0,exact,confident,name identical in both managers; homepages 'https://projects.gnome.org/gnumeric/' vs 'http://www.gnome.org/projects/gnumeric/',
gnunet,,0.0,none,needs-review,no exact/normalized/alias/homepage evidence; fuzzy suggestions listed for review,gnet; gnut
gnupg,gnupg,1.0,exact,confident,name identical in both managers; homepages 'https://gnupg.org/' vs 'http://www.gnupg.org',
gnupg-pkcs11-scd,,0.0,none,missing,no exact/normalized/alias/homepage evidence; no lookalikes either,
gnupg@1.4,,0.0,ambiguous,needs-review,homepage shared by several targets,gnupg; gnupg-testing; gnupg-unified
gnuplot,gnuplot,1.0,exact,confident,name identical in both managers; homepages 'http://www.gnuplot.info/' vs 'http://www.gnuplot.info/',
gnuradio,,0.0,none,missing,no exact/normalized/alias/homepage evidence; no lookalikes either,
gnuski,,0.0,none,missing,no exact/normalized/alias/homepage evidence; no lookalikes either,
gnustep-base,,0.0,none,missing,no exact/normalized/alias/homepage evidence; no lookalikes either,
gnustep-make,,0.0,none,missing,no exact/normalized/alias/homepage evidence; no lookalikes either,
gnutls,,0.0,ambiguous,needs-review,homepage shared by several targets,gnutls28; gnutls28-shlibs; gnutls30-3.7-shlibs; gnutls30-shlibs; gnutls26
go,go,1.0,exact,confident,name identical in both managers; homepages 'https://go.dev/' vs 'http://golang.org/',
go-air,,0.0,none,missing,no exact/normalized/alias/homepage evidence; no lookalikes either,
go-bindata,,0.0,none,missing,no exact/normalized/alias/homepage evidence; no lookalikes either,
go-blueprint,,0.0,none,missing,no exact/normalized/alias/homepage evidence; no lookalikes either,
go-camo,,0.0,none,missing,no exact/normalized/alias/homepage evidence; no lookalikes either,
go-critic,,0.0,none,missing,no exact/normalized/alias/homepage evidence; no lookalikes either,
go-feature-flag-relay-proxy,,0.0,none,missing,no exact/normalized/alias/homepage evidence; no lookalikes either,
go-hass-agent,,0.0,none,missing,no exact/normalized/alias/homepage evidence; no lookalikes either,
go-jira,,0.0,none,missing,no exact/normalized/alias/homepage evidence; no lookalikes either,
go-jsonnet,,0.0,none,missing,no exact/normalized/alias/homepage evidence; no lookalikes either,
go-librespot,,0.0,none,missing,no exact/normalized/alias/homepage evidence; no lookalikes either,
go-md2man,,0.0,none,missing,no exact/normalized/alias/homepage evidence; no lookalikes either,
go-parquet-tools,,0.0,none,missing,no exact/normalized/alias/homepage evidence; no lookalikes either,
go-passbolt-cli,,0.0,none,missing,no exact/normalized/alias/homepage evidence; no lookalikes either,
go-rice,,0.0,none,missing,no exact/normalized/alias/homepage evidence; no lookalikes either,
go-size-analyzer,,0.0,none,missing,no exact/normalized/alias/homepage evidence; no lookalikes either,
go-statik,,0.0,none,missing,no exact/normalized/alias/homepage evidence; no lookalikes either,
go-task,,0.0,none,needs-review,no exact/normalized/alias/homepage evidence; fuzzy suggestions listed for review,task
go@1.22,,0.0,none,missing,no exact/normalized/alias/homepage evidence; no lookalikes either,
go@1.23,,0.0,none,missing,no exact/normalized/alias/homepage evidence; no lookalikes either,
go@1.24,,0.0,none,missing,no exact/normalized/alias/homepage evidence; no lookalikes either,
go@1.25,,0.0,none,missing,no exact/normalized/alias/homepage evidence; no lookalikes either,
go@1.26,,0.0,none,missing,no exact/normalized/alias/homepage evidence; no lookalikes either,
goaccess,,0.0,none,missing,no exact/normalized/alias/homepage evidence; no lookalikes either,
goat,,0.0,none,missing,no exact/normalized/alias/homepage evidence; no lookalikes either,
goawk,,0.0,none,needs-review,no exact/normalized/alias/homepage evidence; fuzzy suggestions listed for review,gawk
gobackup,,0.0,none,needs-review,no exact/normalized/alias/homepage evidence; fuzzy suggestions listed for review,kbackup
gobject-introspection,,0.0,none,missing,no exact/normalized/alias/homepage evidence; no lookalikes either,
gobo,,0.0,none,needs-review,no exact/normalized/alias/homepage evidence; fuzzy suggestions listed for review,gob
gobuster,,0.0,none,missing,no exact/normalized/alias/homepage evidence; no lookalikes either,
gocheat,,0.0,none,missing,no exact/normalized/alias/homepage evidence; no lookalikes either,
gocloc,,0.0,none,missing,no exact/normalized/alias/homepage evidence; no lookalikes either,
goclone,,0.0,none,missing,no exact/normalized/alias/homepage evidence; no lookalikes either,
gocr,gocr,1.0,exact,confident,name identical in both managers; homepages 'https://wasd.urz.uni-magdeburg.de/jschulen/ocr/' vs 'http://jocr.sourceforge.net',
gocryptfs,,0.0,none,missing,no exact/normalized/alias/homepage evidence; no lookalikes either,
goctl,,0.0,none,missing,no exact/normalized/alias/homepage evidence; no lookalikes either,
godap,,0.0,none,missing,no exact/normalized/alias/homepage evidence; no lookalikes either,
godns,,0.0,none,missing,no exact/normalized/alias/homepage evidence; no lookalikes either,
goenv,,0.0,none,missing,no exact/normalized/alias/homepage evidence; no lookalikes either,
goenv@2,,0.0,none,missing,no exact/normalized/alias/homepage evidence; no lookalikes either,
gof5,,0.0,none,missing,no exact/normalized/alias/homepage evidence; no lookalikes either,
goffice,,0.0,none,needs-review,no exact/normalized/alias/homepage evidence; fuzzy suggestions listed for review,koffice
gofumpt,,0.0,none,missing,no exact/normalized/alias/homepage evidence; no lookalikes either,
gogcli,,0.0,none,missing,no exact/normalized/alias/homepage evidence; no lookalikes either,
goimapnotify,,0.0,none,missing,no exact/normalized/alias/homepage evidence; no lookalikes either,
goimports,,0.0,none,missing,no exact/normalized/alias/homepage evidence; no lookalikes either,
gojq,,0.0,none,missing,no exact/normalized/alias/homepage evidence; no lookalikes either,
gokey,,0.0,none,missing,no exact/normalized/alias/homepage evidence; no lookalikes either,
goku,,0.0,none,needs-review,no exact/normalized/alias/homepage evidence; fuzzy suggestions listed for review,gok
golang-migrate,,0.0,none,missing,no exact/normalized/alias/homepage evidence; no lookalikes either,
golangci-lint,,0.0,none,missing,no exact/normalized/alias/homepage evidence; no lookalikes either,
golangci-lint-langserver,,0.0,none,missing,no exact/normalized/alias/homepage evidence; no lookalikes either,
golines,,0.0,none,missing,no exact/normalized/alias/homepage evidence; no lookalikes either,
gollama,,0.0,none,missing,no exact/normalized/alias/homepage evidence; no lookalikes either,
gom,,0.0,none,needs-review,no exact/normalized/alias/homepage evidence; fuzzy suggestions listed for review,go
gomi,,0.0,none,missing,no exact/normalized/alias/homepage evidence; no lookalikes either,
gomodifytags,,0.0,none,missing,no exact/normalized/alias/homepage evidence; no lookalikes either,
gomplate,,0.0,none,missing,no exact/normalized/alias/homepage evidence; no lookalikes either,
gonzo,,0.0,none,missing,no exact/normalized/alias/homepage evidence; no lookalikes either,
goocanvas,goocanvas,1.0,exact,confident,name identical in both managers; homepages 'https://wiki.gnome.org/Projects/GooCanvas' vs 'http://live.gnome.org/GooCanvas',
goodls,,0.0,none,missing,no exact/normalized/alias/homepage evidence; no lookalikes either,
google-authenticator-libpam,,0.0,none,missing,no exact/normalized/alias/homepage evidence; no lookalikes either,
google-benchmark,,0.0,none,missing,no exact/normalized/alias/homepage evidence; no lookalikes either,
google-java-format,,0.0,none,missing,no exact/normalized/alias/homepage evidence; no lookalikes either,
google-sparsehash,google-sparsehash,1.0,exact,confident,name identical in both managers; homepages 'https://github.com/sparsehash/sparsehash' vs 'http://google-sparsehash.googlecode.com',
googletest,gtest-dev,0.9,homepage,confident,same upstream 'https://google.github.io/googletest/' (desc overlap 0.33),
googleworkspace-cli,,0.0,none,missing,no exact/normalized/alias/homepage evidence; no lookalikes either,
goolabs,,0.0,none,missing,no exact/normalized/alias/homepage evidence; no lookalikes either,
goose,,0.0,none,missing,no exact/normalized/alias/homepage evidence; no lookalikes either,
gopass,,0.0,none,needs-review,no exact/normalized/alias/homepage evidence; fuzzy suggestions listed for review,gpass
gopass-jsonapi,,0.0,none,missing,no exact/normalized/alias/homepage evidence; no lookalikes either,
gopeed,,0.0,none,missing,no exact/normalized/alias/homepage evidence; no lookalikes either,
gopls,,0.0,none,missing,no exact/normalized/alias/homepage evidence; no lookalikes either,
goproxy,,0.0,none,needs-review,no exact/normalized/alias/homepage evidence; fuzzy suggestions listed for review,proxy
gops,,0.0,none,missing,no exact/normalized/alias/homepage evidence; no lookalikes either,
gor,,0.0,none,needs-review,no exact/normalized/alias/homepage evidence; fuzzy suggestions listed for review,gocr; go
goread,,0.0,none,missing,no exact/normalized/alias/homepage evidence; no lookalikes either,
goredo,,0.0,none,missing,no exact/normalized/alias/homepage evidence; no lookalikes either,
goreleaser,,0.0,none,missing,no exact/normalized/alias/homepage evidence; no lookalikes either,
goreman,,0.0,none,missing,no exact/normalized/alias/homepage evidence; no lookalikes either,
goresym,,0.0,none,missing,no exact/normalized/alias/homepage evidence; no lookalikes either,
gorilla-cli,,0.0,none,missing,no exact/normalized/alias/homepage evidence; no lookalikes either,
gosec,,0.0,none,missing,no exact/normalized/alias/homepage evidence; no lookalikes either,
goshs,,0.0,none,needs-review,no exact/normalized/alias/homepage evidence; fuzzy suggestions listed for review,gshhs
gossip,gossip,1.0,exact,confident,name identical in both managers; homepages 'https://github.com/mikedilger/gossip' vs 'http://live.gnome.org/Gossip',
gost,,0.0,none,missing,no exact/normalized/alias/homepage evidence; no lookalikes either,
gostatic,,0.0,none,needs-review,no exact/normalized/alias/homepage evidence; fuzzy suggestions listed for review,gc-static
gosu,,0.0,none,missing,no exact/normalized/alias/homepage evidence; no lookalikes either,
got,,0.0,none,needs-review,no exact/normalized/alias/homepage evidence; fuzzy suggestions listed for review,go
gotags,,0.0,none,missing,no exact/normalized/alias/homepage evidence; no lookalikes either,
gotests,,0.0,none,needs-review,no exact/normalized/alias/homepage evidence; fuzzy suggestions listed for review,ghostess
gotestsum,,0.0,none,missing,no exact/normalized/alias/homepage evidence; no lookalikes either,
gotestwaf,,0.0,none,missing,no exact/normalized/alias/homepage evidence; no lookalikes either,
gotify,,0.0,none,missing,no exact/normalized/alias/homepage evidence; no lookalikes either,
goto,,0.0,none,missing,no exact/normalized/alias/homepage evidence; no lookalikes either,
gotop,,0.0,none,missing,no exact/normalized/alias/homepage evidence; no lookalikes either,
gotpm,,0.0,none,missing,no exact/normalized/alias/homepage evidence; no lookalikes either,
gotun,,0.0,none,missing,no exact/normalized/alias/homepage evidence; no lookalikes either,
gotz,,0.0,none,missing,no exact/normalized/alias/homepage evidence; no lookalikes either,
gource,,0.0,none,missing,no exact/normalized/alias/homepage evidence; no lookalikes either,
govc,,0.0,none,missing,no exact/normalized/alias/homepage evidence; no lookalikes either,
govulncheck,,0.0,none,missing,no exact/normalized/alias/homepage evidence; no lookalikes either,
gowall,,0.0,none,missing,no exact/normalized/alias/homepage evidence; no lookalikes either,
gowsdl,,0.0,none,missing,no exact/normalized/alias/homepage evidence; no lookalikes either,
goyacc,,0.0,none,missing,no exact/normalized/alias/homepage evidence; no lookalikes either,
gpa,gpa,1.0,exact,confident,name identical in both managers; homepages 'https://www.gnupg.org/related_software/gpa/' vs 'http://www.gnupg.org/gpa.html',
gpac,,0.0,none,needs-review,no exact/normalized/alias/homepage evidence; fuzzy suggestions listed for review,gpa; gpc
gpatch,,0.0,none,needs-review,no exact/normalized/alias/homepage evidence; fuzzy suggestions listed for review,patch; mpatch
gpcslots2,,0.0,none,missing,no exact/normalized/alias/homepage evidence; no lookalikes either,
gperf,gperf,1.0,exact,confident,name identical in both managers; homepages 'https://www.gnu.org/software/gperf/' vs 'http://www.gnu.org/software/gperf/gperf.html',
gperftools,,0.0,none,missing,no exact/normalized/alias/homepage evidence; no lookalikes either,
gpg-tui,,0.0,none,missing,no exact/normalized/alias/homepage evidence; no lookalikes either,
gpgme,,0.0,none,needs-review,no exact/normalized/alias/homepage evidence; fuzzy suggestions listed for review,gpgme11
gpgmepp,,0.0,none,missing,no exact/normalized/alias/homepage evidence; no lookalikes either,
gpgmepy,,0.0,none,missing,no exact/normalized/alias/homepage evidence; no lookalikes either,
gphoto2,gphoto2,1.0,exact,confident,name identical in both managers; homepages 'http://www.gphoto.org/' vs 'http://gphoto.sourceforge.net/',
gphotos-uploader-cli,,0.0,none,missing,no exact/normalized/alias/homepage evidence; no lookalikes either,
gping,,0.0,none,needs-review,no exact/normalized/alias/homepage evidence; fuzzy suggestions listed for review,gtping; fping
gpk,,0.0,none,needs-review,no exact/normalized/alias/homepage evidence; fuzzy suggestions listed for review,glpk
gplcver,,0.0,none,missing,no exact/normalized/alias/homepage evidence; no lookalikes either,
gplugin,,0.0,none,needs-review,no exact/normalized/alias/homepage evidence; fuzzy suggestions listed for review,gst-plugins
gpp,,0.0,none,missing,no exact/normalized/alias/homepage evidence; no lookalikes either,
gpredict,gpredict,1.0,exact,confident,name identical in both managers; homepages 'https://oz9aec.dk/gpredict/' vs 'http://gpredict.oz9aec.net',
gprof2dot,,0.0,none,missing,no exact/normalized/alias/homepage evidence; no lookalikes either,
gpsbabel,gpsbabel,1.0,exact,confident,name identical in both managers; homepages 'https://www.gpsbabel.org/' vs 'http://www.gpsbabel.org/',
gpsd,gpsd,1.0,exact,confident,name identical in both managers; homepages 'https://gpsd.gitlab.io/gpsd/' vs 'http://catb.org/gpsd/',
gpsim,,0.0,none,missing,no exact/normalized/alias/homepage evidence; no lookalikes either,
gptfdisk,,0.0,none,needs-review,no exact/normalized/alias/homepage evidence; same homepage 'https://www.rodsbooks.com/gdisk/' as 'gdisk' but desc overlap only 0.00; versions '1.0.10' vs '0.8.10'; no lookalikes either,
gptline,,0.0,none,missing,no exact/normalized/alias/homepage evidence; no lookalikes either,
gptme,,0.0,none,missing,no exact/normalized/alias/homepage evidence; no lookalikes either,
gptscript,,0.0,none,needs-review,no exact/normalized/alias/homepage evidence; fuzzy suggestions listed for review,ghostscript
gptsync,,0.0,none,needs-review,no exact/normalized/alias/homepage evidence; fuzzy suggestions listed for review,psync
gputils,gputils,1.0,exact,confident,name identical in both managers; homepages 'https://gputils.sourceforge.io/' vs 'http://gputils.sourceforge.net/',
gpx,,0.0,none,missing,no exact/normalized/alias/homepage evidence; no lookalikes either,
gql,,0.0,none,needs-review,no exact/normalized/alias/homepage evidence; fuzzy suggestions listed for review,gsql; gq
gqlplus,,0.0,none,missing,no exact/normalized/alias/homepage evidence; no lookalikes either,
graalvm,,0.0,none,missing,no exact/normalized/alias/homepage evidence; no lookalikes either,
grace,grace,1.0,exact,confident,name identical in both managers; homepages 'https://plasma-gate.weizmann.ac.il/Grace/' vs 'http://plasma-gate.weizmann.ac.il/Grace/',
gradle,,0.0,none,missing,no exact/normalized/alias/homepage evidence; no lookalikes either,
gradle-completion,,0.0,none,missing,no exact/normalized/alias/homepage evidence; no lookalikes either,
gradle-profiler,,0.0,none,missing,no exact/normalized/alias/homepage evidence; no lookalikes either,
gradle@7,,0.0,none,missing,no exact/normalized/alias/homepage evidence; no lookalikes either,
gradle@8,,0.0,none,missing,no exact/normalized/alias/homepage evidence; no lookalikes either,
grafana,,0.0,none,missing,no exact/normalized/alias/homepage evidence; no lookalikes either,
grafana-agent,,0.0,none,missing,no exact/normalized/alias/homepage evidence; no lookalikes either,
grafana-alloy,,0.0,none,missing,no exact/normalized/alias/homepage evidence; no lookalikes either,
grafanactl,,0.0,none,missing,no exact/normalized/alias/homepage evidence; no lookalikes either,
grails,,0.0,none,missing,no exact/normalized/alias/homepage evidence; no lookalikes either,
granted,,0.0,none,missing,no exact/normalized/alias/homepage evidence; no lookalikes either,
grantlee,libgrantlee-textdocument5-shlibs,0.9,homepage,confident,same upstream 'https://github.com/steveire/grantlee' (desc overlap 0.29),
grap,,0.0,none,needs-review,no exact/normalized/alias/homepage evidence; fuzzy suggestions listed for review,g-wrap; cgraph; gramps
graph-tool,,0.0,none,missing,no exact/normalized/alias/homepage evidence; no lookalikes either,
graphene,,0.0,none,missing,no exact/normalized/alias/homepage evidence; no lookalikes either,
graphicsmagick,graphicsmagick,1.0,exact,confident,name identical in both managers; homepages 'https://graphicsmagick.sourceforge.io/' vs 'http://www.graphicsmagick.org/',
graphite2,libgraphite2-shlibs,0.9,homepage,confident,same upstream 'https://graphite.sil.org/' (desc overlap 0.30),
graphql-cli,,0.0,none,missing,no exact/normalized/alias/homepage evidence; no lookalikes either,
graphql-inspector,,0.0,none,missing,no exact/normalized/alias/homepage evidence; no lookalikes either,
graphqlite,,0.0,none,missing,no exact/normalized/alias/homepage evidence; no lookalikes either,
graphqlviz,,0.0,none,needs-review,no exact/normalized/alias/homepage evidence; fuzzy suggestions listed for review,graphviz
graphqurl,,0.0,none,missing,no exact/normalized/alias/homepage evidence; no lookalikes either,
graphqxl,,0.0,none,missing,no exact/normalized/alias/homepage evidence; no lookalikes either,
graphviz,graphviz,1.0,exact,confident,name identical in both managers; homepages 'https://graphviz.org/' vs 'http://www.research.att.com/sw/tools/graphviz/',
graphviz2drawio,,0.0,none,missing,no exact/normalized/alias/homepage evidence; no lookalikes either,
gravitino,,0.0,none,missing,no exact/normalized/alias/homepage evidence; no lookalikes either,
gravity,,0.0,none,missing,no exact/normalized/alias/homepage evidence; no lookalikes either,
grayskull,,0.0,none,missing,no exact/normalized/alias/homepage evidence; no lookalikes either,
grc,grc,1.0,exact,confident,name identical in both managers; homepages 'https://kassiopeia.juls.savba.sk/~garabik/software/grc.html' vs 'http://kassiopeia.juls.savba.sk/~garabik/software/grc.html',
greenmask,,0.0,none,missing,no exact/normalized/alias/homepage evidence; no lookalikes either,
grep,grep,1.0,exact,confident,name identical in both managers; homepages 'https://www.gnu.org/software/grep/' vs 'http://www.gnu.org/software/grep/grep.html',
grepcidr,,0.0,none,missing,no exact/normalized/alias/homepage evidence; no lookalikes either,
grepip,,0.0,none,needs-review,no exact/normalized/alias/homepage evidence; fuzzy suggestions listed for review,grep
grex,,0.0,none,missing,no exact/normalized/alias/homepage evidence; no lookalikes either,
grin,,0.0,none,needs-review,no exact/normalized/alias/homepage evidence; fuzzy suggestions listed for review,gri; grhino; vgrind
grin-wallet,,0.0,none,missing,no exact/normalized/alias/homepage evidence; no lookalikes either,
grip,,0.0,none,needs-review,no exact/normalized/alias/homepage evidence; fuzzy suggestions listed for review,gri
grizzly,,0.0,none,missing,no exact/normalized/alias/homepage evidence; no lookalikes either,
groestlcoin,,0.0,none,missing,no exact/normalized/alias/homepage evidence; no lookalikes either,
groff,groff,1.0,exact,confident,name identical in both managers; homepages 'https://www.gnu.org/software/groff/' vs 'http://www.gnu.org/software/groff/groff.html',
grok,,0.0,none,needs-review,no exact/normalized/alias/homepage evidence; fuzzy suggestions listed for review,gok
grokj2k,,0.0,none,missing,no exact/normalized/alias/homepage evidence; no lookalikes either,
grokmirror,,0.0,none,missing,no exact/normalized/alias/homepage evidence; no lookalikes either,
gromacs,,0.0,none,missing,no exact/normalized/alias/homepage evidence; no lookalikes either,
gron,,0.0,none,missing,no exact/normalized/alias/homepage evidence; no lookalikes either,
groonga,,0.0,none,missing,no exact/normalized/alias/homepage evidence; no lookalikes either,
groovy,,0.0,none,missing,no exact/normalized/alias/homepage evidence; no lookalikes either,
groovysdk,,0.0,none,missing,no exact/normalized/alias/homepage evidence; no lookalikes either,
grpc,,0.0,none,needs-review,no exact/normalized/alias/homepage evidence; fuzzy suggestions listed for review,gpc; grc
grpcui,,0.0,none,missing,no exact/normalized/alias/homepage evidence; no lookalikes either,
grpcurl,,0.0,none,missing,no exact/normalized/alias/homepage evidence; no lookalikes either,
grsync,grsync,1.0,exact,confident,name identical in both managers; homepages 'https://www.opbyte.it/grsync/' vs 'http://www.opbyte.it/grsync',
grt,,0.0,none,missing,no exact/normalized/alias/homepage evidence; no lookalikes either,
grunt-cli,,0.0,none,missing,no exact/normalized/alias/homepage evidence; no lookalikes either,
grunt-completion,,0.0,none,missing,no exact/normalized/alias/homepage evidence; no lookalikes either,
gruyere,,0.0,none,missing,no exact/normalized/alias/homepage evidence; no lookalikes either,
grype,,0.0,none,missing,no exact/normalized/alias/homepage evidence; no lookalikes either,
gsan,,0.0,none,missing,no exact/normalized/alias/homepage evidence; no lookalikes either,
gsar,,0.0,none,missing,no exact/normalized/alias/homepage evidence; no lookalikes either,
gsasl,,0.0,none,needs-review,no exact/normalized/alias/homepage evidence; same homepage 'https://www.gnu.org/software/gsasl/' as 'gsasl19-shlibs' but desc overlap only 0.12; no lookalikes either,
gsettings-desktop-schemas,,0.0,none,missing,no exact/normalized/alias/homepage evidence; no lookalikes either,
gsl,gsl,1.0,exact,confident,name identical in both managers; homepages 'https://www.gnu.org/software/gsl/' vs 'http://www.gnu.org/software/gsl/',
gsmartcontrol,gsmartcontrol,1.0,exact,confident,name identical in both managers; homepages 'https://gsmartcontrol.shaduri.dev/' vs 'http://gsmartcontrol.berlios.de',
gsoap,,0.0,none,missing,no exact/normalized/alias/homepage evidence; no lookalikes either,
gspell,,0.0,none,needs-review,no exact/normalized/alias/homepage evidence; fuzzy suggestions listed for review,spell; aspell; hspell
gss-ntlmssp,,0.0,none,missing,no exact/normalized/alias/homepage evidence; no lookalikes either,
gssdp,gssdp,1.0,exact,confident,name identical in both managers; homepages 'https://wiki.gnome.org/GUPnP/' vs 'http://gupnp.org',
gssh,,0.0,none,missing,no exact/normalized/alias/homepage evidence; no lookalikes either,
gstreamer,gstreamer,1.0,exact,confident,name identical in both managers; homepages 'https://gstreamer.freedesktop.org/' vs 'http://www.gstreamer.net/',
gti,,0.0,none,missing,no exact/normalized/alias/homepage evidence; no lookalikes either,
gtk-doc,gtk-doc,1.0,exact,confident,name identical in both managers; homepages 'https://gitlab.gnome.org/GNOME/gtk-doc' vs 'http://www.gtk.org/rdp/',
gtk-gnutella,gtk-gnutella,1.0,exact,confident,name identical in both managers; homepages 'https://gtk-gnutella.sourceforge.io' vs 'http://gtk-gnutella.sourceforge.net',
gtk-mac-integration,,0.0,none,missing,no exact/normalized/alias/homepage evidence; no lookalikes either,
gtk-vnc,gtk-vnc,1.0,exact,confident,name identical in both managers; homepages 'https://gitlab.gnome.org/GNOME/gtk-vnc' vs 'http://gtk-vnc.sourceforge.net',
gtk4,,0.0,none,needs-review,no exact/normalized/alias/homepage evidence; same homepage 'https://gtk.org/' as 'atk1' but desc overlap only 0.14; versions '4.22.4' vs '1.32.0'; fuzzy suggestions listed for review,gtk+
gtk+,gtk+,1.0,exact,confident,name identical in both managers; homepages 'https://gtk.org/' vs 'http://www.gtk.org/',
gtk+3,,0.0,none,needs-review,no exact/normalized/alias/homepage evidence; same homepage 'https://gtk.org/' as 'atk1' but desc overlap only 0.14; versions '3.24.52' vs '1.32.0'; fuzzy suggestions listed for review,gtk+
gtkdatabox,gtkdatabox,1.0,exact,confident,name identical in both managers; homepages 'https://sourceforge.net/projects/gtkdatabox/' vs 'http://sourceforge.net/projects/gtkdatabox',
gtkglext,,0.0,none,needs-review,no exact/normalized/alias/homepage evidence; fuzzy suggestions listed for review,gtkglext1; gtkglextmm
gtkmm,gtkmm,1.0,exact,confident,name identical in both managers; homepages 'https://www.gtkmm.org/' vs 'http://gtkmm.sourceforge.net/',
gtkmm3,,0.0,none,needs-review,no exact/normalized/alias/homepage evidence; same homepage 'https://www.gtkmm.org/' as 'libpanelappletmm2.6.1' but versions '3.24.11' vs '2.26.0'; fuzzy suggestions listed for review,gtkmm; gtkmm2
gtkmm4,,0.0,none,needs-review,no exact/normalized/alias/homepage evidence; same homepage 'https://www.gtkmm.org/' as 'libpanelappletmm2.6.1' but versions '4.22.0' vs '2.26.0'; fuzzy suggestions listed for review,gtkmm2.4; gtkmm; gtkmm2
gtksourceview3,,0.0,none,needs-review,no exact/normalized/alias/homepage evidence; fuzzy suggestions listed for review,gtksourceview; gtksourceviewmm; gtksourceview2-dev
gtksourceview4,,0.0,none,needs-review,no exact/normalized/alias/homepage evidence; fuzzy suggestions listed for review,gtksourceview; gtksourceviewmm; gtksourceview2-dev
gtksourceview5,,0.0,none,needs-review,no exact/normalized/alias/homepage evidence; fuzzy suggestions listed for review,gtksourceview; gtksourceviewmm; gtksourceview2-dev
gtksourceviewmm3,,0.0,none,needs-review,no exact/normalized/alias/homepage evidence; fuzzy suggestions listed for review,gtksourceviewmm; gtksourceview
gtkspell3,,0.0,none,needs-review,no exact/normalized/alias/homepage evidence; same homepage 'https://gtkspell.sourceforge.net/' as 'gtkspell2' but versions '3.0.10' vs '2.0.4'; fuzzy suggestions listed for review,gtkspell2
gtl,,0.0,none,missing,no exact/normalized/alias/homepage evidence; no lookalikes either,
gtmess,,0.0,none,missing,no exact/normalized/alias/homepage evidence; no lookalikes either,
gtop,,0.0,none,missing,no exact/normalized/alias/homepage evidence; no lookalikes either,
gtranslator,gtranslator,1.0,exact,confident,name identical in both managers; homepages 'https://wiki.gnome.org/Design/Apps/Translator' vs 'http://www.gtranslator.org',
gtrash,,0.0,none,missing,no exact/normalized/alias/homepage evidence; no lookalikes either,
gtree,,0.0,none,needs-review,no exact/normalized/alias/homepage evidence; fuzzy suggestions listed for review,tree
gts,gts,1.0,exact,confident,name identical in both managers; homepages 'https://gts.sourceforge.net/' vs '',
gucharmap,gucharmap,1.0,exact,confident,name identical in both managers; homepages 'https://wiki.gnome.org/Apps/Gucharmap' vs 'http://www.gnome.org/',
guetzli,,0.0,none,missing,no exact/normalized/alias/homepage evidence; no lookalikes either,
guichan,,0.0,none,missing,no exact/normalized/alias/homepage evidence; no lookalikes either,
guile,guile,1.0,exact,confident,name identical in both managers; homepages 'https://www.gnu.org/software/guile/' vs 'http://www.gnu.org/software/guile/guile.html',
guile-fibers,,0.0,none,missing,no exact/normalized/alias/homepage evidence; no lookalikes either,
guile-gnutls,,0.0,none,missing,no exact/normalized/alias/homepage evidence; no lookalikes either,
gulp-cli,,0.0,none,missing,no exact/normalized/alias/homepage evidence; no lookalikes either,
gum,,0.0,none,missing,no exact/normalized/alias/homepage evidence; no lookalikes either,
gumbo-parser,,0.0,none,missing,no exact/normalized/alias/homepage evidence; no lookalikes either,
gup,,0.0,none,missing,no exact/normalized/alias/homepage evidence; no lookalikes either,
gupnp,gupnp,1.0,exact,confident,name identical in both managers; homepages 'https://gitlab.gnome.org/GNOME/gupnp' vs 'http://gupnp.org',
gupnp-av,,0.0,none,needs-review,no exact/normalized/alias/homepage evidence; fuzzy suggestions listed for review,gupnp; libgupnp-av
gupnp-tools,gupnp-tools,1.0,exact,confident,name identical in both managers; homepages 'https://wiki.gnome.org/GUPnP/' vs 'http://www.gupnp.org',
gurk,,0.0,none,missing,no exact/normalized/alias/homepage evidence; no lookalikes either,
gut,,0.0,none,needs-review,no exact/normalized/alias/homepage evidence; fuzzy suggestions listed for review,glut; gnut
gvp,,0.0,none,needs-review,no exact/normalized/alias/homepage evidence; fuzzy suggestions listed for review,gvpe; gv
gwctl,,0.0,none,missing,no exact/normalized/alias/homepage evidence; no lookalikes either,
gwenhywfar,,0.0,none,needs-review,no exact/normalized/alias/homepage evidence; fuzzy suggestions listed for review,gwenhywfar38; gwenhywfar47; gwenhywfar60
gws,,0.0,none,missing,no exact/normalized/alias/homepage evidence; no lookalikes either,
gwt,,0.0,none,missing,no exact/normalized/alias/homepage evidence; no lookalikes either,
gwyddion,gwyddion,1.0,exact,confident,name identical in both managers; homepages 'https://gwyddion.net/' vs 'http://gwyddion.net',
gx,,0.0,none,missing,no exact/normalized/alias/homepage evidence; no lookalikes either,
gxml,,0.0,none,needs-review,no exact/normalized/alias/homepage evidence; fuzzy suggestions listed for review,gccxml; getxml; ghc-xml
gyb,,0.0,none,missing,no exact/normalized/alias/homepage evidence; no lookalikes either,
gzip,gzip,1.0,exact,confident,name identical in both managers; homepages 'https://www.gnu.org/software/gzip/' vs 'http://www.gzip.org/',
gzrt,,0.0,none,missing,no exact/normalized/alias/homepage evidence; no lookalikes either,
h2,,0.0,none,missing,no exact/normalized/alias/homepage evidence; no lookalikes either,
h264bitstream,,0.0,none,missing,no exact/normalized/alias/homepage evidence; no lookalikes either,
h26forge,,0.0,none,missing,no exact/normalized/alias/homepage evidence; no lookalikes either,
h2c,,0.0,none,missing,no exact/normalized/alias/homepage evidence; no lookalikes either,
h2o,,0.0,none,missing,no exact/normalized/alias/homepage evidence; no lookalikes either,
h2spec,,0.0,none,missing,no exact/normalized/alias/homepage evidence; no lookalikes either,
h3,,0.0,none,missing,no exact/normalized/alias/homepage evidence; no lookalikes either,
hack-browser-data,,0.0,none,missing,no exact/normalized/alias/homepage evidence; no lookalikes either,
hackrf,,0.0,none,missing,no exact/normalized/alias/homepage evidence; no lookalikes either,
hadolint,,0.0,none,missing,no exact/normalized/alias/homepage evidence; no lookalikes either,
hadoop,,0.0,none,missing,no exact/normalized/alias/homepage evidence; no lookalikes either,
haiti,,0.0,none,missing,no exact/normalized/alias/homepage evidence; no lookalikes either,
halibut,,0.0,none,missing,no exact/normalized/alias/homepage evidence; no lookalikes either,
halide,,0.0,none,missing,no exact/normalized/alias/homepage evidence; no lookalikes either,
halp,,0.0,none,missing,no exact/normalized/alias/homepage evidence; no lookalikes either,
hamlib,,0.0,none,missing,no exact/normalized/alias/homepage evidence; no lookalikes either,
handbrake,,0.0,none,missing,no exact/normalized/alias/homepage evidence; no lookalikes either,
hapi-fhir-cli,,0.0,none,missing,no exact/normalized/alias/homepage evidence; no lookalikes either,
hapless,,0.0,none,missing,no exact/normalized/alias/homepage evidence; no lookalikes either,
happy-coder,,0.0,none,missing,no exact/normalized/alias/homepage evidence; no lookalikes either,
haproxy,haproxy,1.0,exact,confident,name identical in both managers; homepages 'https://www.haproxy.org/' vs 'http://haproxy.1wt.eu',
haproxy@2.8,,0.0,none,needs-review,no exact/normalized/alias/homepage evidence; fuzzy suggestions listed for review,haproxy
haraka,,0.0,none,missing,no exact/normalized/alias/homepage evidence; no lookalikes either,
harbor-cli,,0.0,none,missing,no exact/normalized/alias/homepage evidence; no lookalikes either,
harbour,,0.0,none,missing,no exact/normalized/alias/homepage evidence; no lookalikes either,
harfbuzz,,0.0,none,needs-review,no exact/normalized/alias/homepage evidence; same homepage 'https://github.com/harfbuzz/harfbuzz' as 'libharfbuzz0-shlibs' but versions '14.4.0' vs '2.6.8'; no lookalikes either,
harlequin,,0.0,none,missing,no exact/normalized/alias/homepage evidence; no lookalikes either,
harper,,0.0,none,needs-review,no exact/normalized/alias/homepage evidence; fuzzy suggestions listed for review,ha-prosper
harsh,,0.0,none,missing,no exact/normalized/alias/homepage evidence; no lookalikes either,
has,,0.0,none,missing,no exact/normalized/alias/homepage evidence; no lookalikes either,
hashcash,hashcash,1.0,exact,confident,name identical in both managers; homepages 'http://hashcash.org' vs 'http://www.hashcash.org/',
hashcat,,0.0,none,needs-review,no exact/normalized/alias/homepage evidence; fuzzy suggestions listed for review,hashcash
hashlink,,0.0,none,missing,no exact/normalized/alias/homepage evidence; no lookalikes either,
haskell-language-server,,0.0,none,missing,no exact/normalized/alias/homepage evidence; no lookalikes either,
haskell-stack,,0.0,none,missing,no exact/normalized/alias/homepage evidence; no lookalikes either,
haste-client,,0.0,none,missing,no exact/normalized/alias/homepage evidence; no lookalikes either,
hasura-cli,,0.0,none,missing,no exact/normalized/alias/homepage evidence; no lookalikes either,
hatari,,0.0,none,missing,no exact/normalized/alias/homepage evidence; no lookalikes either,
hatch,,0.0,none,needs-review,no exact/normalized/alias/homepage evidence; fuzzy suggestions listed for review,patch; watch
havener,,0.0,none,missing,no exact/normalized/alias/homepage evidence; no lookalikes either,
havn,,0.0,none,missing,no exact/normalized/alias/homepage evidence; no lookalikes either,
hawkeye,,0.0,none,missing,no exact/normalized/alias/homepage evidence; no lookalikes either,
haxe,,0.0,none,missing,no exact/normalized/alias/homepage evidence; no lookalikes either,
hayagriva,,0.0,none,missing,no exact/normalized/alias/homepage evidence; no lookalikes either,
hbase,,0.0,none,needs-review,no exact/normalized/alias/homepage evidence; fuzzy suggestions listed for review,9base; chase; r-base
hblock,,0.0,none,missing,no exact/normalized/alias/homepage evidence; no lookalikes either,
hck,,0.0,none,needs-review,no exact/normalized/alias/homepage evidence; fuzzy suggestions listed for review,hc
hcl2json,,0.0,none,needs-review,no exact/normalized/alias/homepage evidence; fuzzy suggestions listed for review,ghc-json
hcledit,,0.0,none,needs-review,no exact/normalized/alias/homepage evidence; fuzzy suggestions listed for review,ledit
hcloud,,0.0,none,missing,no exact/normalized/alias/homepage evidence; no lookalikes either,
hcxtools,,0.0,none,missing,no exact/normalized/alias/homepage evidence; no lookalikes either,
hdf5,hdf5,1.0,exact,confident,name identical in both managers; homepages 'https://www.hdfgroup.org/solutions/hdf5/' vs 'http://hdf.ncsa.uiuc.edu/HDF5/',
hdf5-mpi,,0.0,none,missing,no exact/normalized/alias/homepage evidence; no lookalikes either,
hdr10plus_tool,,0.0,none,missing,no exact/normalized/alias/homepage evidence; no lookalikes either,
hdrhistogram_c,,0.0,none,missing,no exact/normalized/alias/homepage evidence; no lookalikes either,
hdt,,0.0,none,needs-review,no exact/normalized/alias/homepage evidence; fuzzy suggestions listed for review,hddt
headscale-cli,,0.0,none,missing,no exact/normalized/alias/homepage evidence; no lookalikes either,
headson,,0.0,none,missing,no exact/normalized/alias/homepage evidence; no lookalikes either,
healpix,,0.0,none,missing,no exact/normalized/alias/homepage evidence; no lookalikes either,
heartbeat,,0.0,none,missing,no exact/normalized/alias/homepage evidence; no lookalikes either,
heatshrink,,0.0,none,missing,no exact/normalized/alias/homepage evidence; no lookalikes either,
hebcal,hebcal,1.0,exact,confident,name identical in both managers; homepages 'https://hebcal.github.io/' vs '',
heimdal,,0.0,none,missing,no exact/normalized/alias/homepage evidence; no lookalikes either,
heksa,,0.0,none,missing,no exact/normalized/alias/homepage evidence; no lookalikes either,
helib,,0.0,none,needs-review,no exact/normalized/alias/homepage evidence; fuzzy suggestions listed for review,elib
helidon,,0.0,none,missing,no exact/normalized/alias/homepage evidence; no lookalikes either,
helix,,0.0,ambiguous,needs-review,alias 'hx' looks like a different program (homepages 'https://helix-editor.com' vs 'http://www.hotlinex.org/'),hx
helix-db,,0.0,none,missing,no exact/normalized/alias/homepage evidence; no lookalikes either,
hello,hello,1.0,exact,confident,name identical in both managers; homepages 'https://www.gnu.org/software/hello/' vs 'http://www.gnu.org/software/hello/',
hellwal,,0.0,none,missing,no exact/normalized/alias/homepage evidence; no lookalikes either,
helm,,0.0,none,missing,no exact/normalized/alias/homepage evidence; no lookalikes either,
helm-docs,,0.0,none,missing,no exact/normalized/alias/homepage evidence; no lookalikes either,
helm-ls,,0.0,none,missing,no exact/normalized/alias/homepage evidence; no lookalikes either,
helm@3,,0.0,none,missing,no exact/normalized/alias/homepage evidence; no lookalikes either,
helmfile,,0.0,none,missing,no exact/normalized/alias/homepage evidence; no lookalikes either,
helmify,,0.0,none,missing,no exact/normalized/alias/homepage evidence; no lookalikes either,
helmsman,,0.0,none,missing,no exact/normalized/alias/homepage evidence; no lookalikes either,
help2man,help2man,1.0,exact,confident,name identical in both managers; homepages 'https://www.gnu.org/software/help2man/' vs 'http://www.gnu.org/software/help2man/',
hercules,hercules,1.0,exact,confident,name identical in both managers; homepages 'https://sdl-hercules-390.github.io/html/' vs 'http://www.hercules-390.org/',
herdr,,0.0,none,missing,no exact/normalized/alias/homepage evidence; no lookalikes either,
hermes-agent,,0.0,none,missing,no exact/normalized/alias/homepage evidence; no lookalikes either,
hermit,,0.0,none,missing,no exact/normalized/alias/homepage evidence; no lookalikes either,
heroku,,0.0,none,missing,no exact/normalized/alias/homepage evidence; no lookalikes either,
hesiod,,0.0,none,missing,no exact/normalized/alias/homepage evidence; no lookalikes either,
hevea,hevea,1.0,exact,confident,name identical in both managers; homepages 'https://hevea.inria.fr/' vs '',
hevi,,0.0,none,missing,no exact/normalized/alias/homepage evidence; no lookalikes either,
hex,,0.0,none,needs-review,no exact/normalized/alias/homepage evidence; fuzzy suggestions listed for review,dhex
hexapoda,,0.0,none,missing,no exact/normalized/alias/homepage evidence; no lookalikes either,
hexcurse,hexcurse,1.0,exact,confident,name identical in both managers; homepages 'https://github.com/LonnyGomes/hexcurse' vs 'http://jewfish.net/description.php?title=HexCurse',
hexd,,0.0,none,missing,no exact/normalized/alias/homepage evidence; no lookalikes either,
hexedit,,0.0,none,missing,no exact/normalized/alias/homepage evidence; no lookalikes either,
hexer,,0.0,none,needs-review,no exact/normalized/alias/homepage evidence; fuzzy suggestions listed for review,hexter
hexgui,,0.0,none,missing,no exact/normalized/alias/homepage evidence; no lookalikes either,
hexhog,,0.0,none,missing,no exact/normalized/alias/homepage evidence; no lookalikes either,
hexo,,0.0,none,missing,no exact/normalized/alias/homepage evidence; no lookalikes either,
hexyl,,0.0,none,missing,no exact/normalized/alias/homepage evidence; no lookalikes either,
hey,,0.0,none,missing,no exact/normalized/alias/homepage evidence; no lookalikes either,
hf,,0.0,none,needs-review,no exact/normalized/alias/homepage evidence; fuzzy suggestions listed for review,hdf
hf-mcp-server,,0.0,none,needs-review,no exact/normalized/alias/homepage evidence; fuzzy suggestions listed for review,mapserver
hf-mount,,0.0,none,missing,no exact/normalized/alias/homepage evidence; no lookalikes either,
hfstospell,,0.0,none,missing,no exact/normalized/alias/homepage evidence; no lookalikes either,
hfsutils,hfsutils,1.0,exact,confident,name identical in both managers; homepages 'https://www.mars.org/home/rob/proj/hfs/' vs 'http://www.mars.org/home/rob/proj/hfs',
hg-fast-export,hg-fast-export,1.0,exact,confident,name identical in both managers; homepages 'https://repo.or.cz/fast-export.git' vs 'http://repo.or.cz/w/fast-export.git',
hgrep,,0.0,none,needs-review,no exact/normalized/alias/homepage evidence; fuzzy suggestions listed for review,grep; agrep
hickory-dns,,0.0,none,missing,no exact/normalized/alias/homepage evidence; no lookalikes either,
hicolor-icon-theme,,0.0,none,missing,no exact/normalized/alias/homepage evidence; no lookalikes either,
hidapi,,0.0,none,missing,no exact/normalized/alias/homepage evidence; no lookalikes either,
hierarchy-builder,,0.0,none,missing,no exact/normalized/alias/homepage evidence; no lookalikes either,
highlight,highlight,1.0,exact,confident,name identical in both managers; homepages 'http://andre-simon.de/doku/highlight/en/highlight.php' vs 'http://www.andre-simon.de/doku/highlight/en/highlight.html',
highs,,0.0,none,missing,no exact/normalized/alias/homepage evidence; no lookalikes either,
highway,,0.0,none,missing,no exact/normalized/alias/homepage evidence; no lookalikes either,
hilite,,0.0,none,missing,no exact/normalized/alias/homepage evidence; no lookalikes either,
himalaya,,0.0,none,missing,no exact/normalized/alias/homepage evidence; no lookalikes either,
hindent,,0.0,none,needs-review,no exact/normalized/alias/homepage evidence; fuzzy suggestions listed for review,indent
hiredis,,0.0,none,needs-review,no exact/normalized/alias/homepage evidence; fuzzy suggestions listed for review,redis
hishtory,,0.0,none,missing,no exact/normalized/alias/homepage evidence; no lookalikes either,
historian,,0.0,none,needs-review,no exact/normalized/alias/homepage evidence; fuzzy suggestions listed for review,hitori
hive,,0.0,none,missing,no exact/normalized/alias/homepage evidence; no lookalikes either,
hivemind,,0.0,none,missing,no exact/normalized/alias/homepage evidence; no lookalikes either,
hivex,,0.0,none,missing,no exact/normalized/alias/homepage evidence; no lookalikes either,
hjson,,0.0,none,needs-review,no exact/normalized/alias/homepage evidence; fuzzy suggestions listed for review,ghc-json; json-c
hk,,0.0,none,missing,no exact/normalized/alias/homepage evidence; no lookalikes either,
hl,,0.0,none,missing,no exact/normalized/alias/homepage evidence; no lookalikes either,
hledger,,0.0,none,needs-review,no exact/normalized/alias/homepage evidence; fuzzy suggestions listed for review,ledger; ledger-el; ledger26
hlint,,0.0,none,missing,no exact/normalized/alias/homepage evidence; no lookalikes either,
hmmer,hmmer,1.0,exact,confident,name identical in both managers; homepages 'http://hmmer.org/' vs 'http://hmmer.wustl.edu/',
hoedown,,0.0,none,missing,no exact/normalized/alias/homepage evidence; no lookalikes either,
hof,,0.0,none,missing,no exact/normalized/alias/homepage evidence; no lookalikes either,
homeassistant-cli,,0.0,none,missing,no exact/normalized/alias/homepage evidence; no lookalikes either,
homebank,,0.0,none,missing,no exact/normalized/alias/homepage evidence; no lookalikes either,
homeshick,,0.0,none,missing,no exact/normalized/alias/homepage evidence; no lookalikes either,
homeworlds,,0.0,none,missing,no exact/normalized/alias/homepage evidence; no lookalikes either,
honcho,,0.0,none,missing,no exact/normalized/alias/homepage evidence; no lookalikes either,
honker,,0.0,none,missing,no exact/normalized/alias/homepage evidence; no lookalikes either,
hookdeck,,0.0,none,missing,no exact/normalized/alias/homepage evidence; no lookalikes either,
hopenpgp-tools,,0.0,none,missing,no exact/normalized/alias/homepage evidence; no lookalikes either,
hopscotch-map,,0.0,none,missing,no exact/normalized/alias/homepage evidence; no lookalikes either,
hostdb,,0.0,none,needs-review,no exact/normalized/alias/homepage evidence; fuzzy suggestions listed for review,host
hostess,,0.0,none,needs-review,no exact/normalized/alias/homepage evidence; fuzzy suggestions listed for review,ghostess
hotbuild,,0.0,none,missing,no exact/normalized/alias/homepage evidence; no lookalikes either,
hoverfly,,0.0,none,missing,no exact/normalized/alias/homepage evidence; no lookalikes either,
howard-hinnant-date,,0.0,none,missing,no exact/normalized/alias/homepage evidence; no lookalikes either,
howdoi,,0.0,none,missing,no exact/normalized/alias/homepage evidence; no lookalikes either,
hpack,,0.0,none,needs-review,no exact/normalized/alias/homepage evidence; fuzzy suggestions listed for review,hackt; mpack
hq,,0.0,none,missing,no exact/normalized/alias/homepage evidence; no lookalikes either,
hqx,,0.0,none,missing,no exact/normalized/alias/homepage evidence; no lookalikes either,
hr,,0.0,none,missing,no exact/normalized/alias/homepage evidence; no lookalikes either,
hsd,,0.0,none,missing,no exact/normalized/alias/homepage evidence; no lookalikes either,
hspell,hspell,1.0,exact,confident,name identical in both managers; homepages 'https://hspell.sourceforge.net/' vs 'http://ivrix.org.il/projects/spell-checker/',
hss,,0.0,none,missing,no exact/normalized/alias/homepage evidence; no lookalikes either,
hstr,,0.0,none,missing,no exact/normalized/alias/homepage evidence; no lookalikes either,
ht,ht,1.0,exact,confident,name identical in both managers; homepages 'https://hte.sourceforge.net/' vs 'http://hte.sourceforge.net',
html-xml-utils,,0.0,none,missing,no exact/normalized/alias/homepage evidence; no lookalikes either,
html2markdown,,0.0,none,missing,no exact/normalized/alias/homepage evidence; no lookalikes either,
html2text,html2text,1.0,exact,confident,name identical in both managers; homepages 'https://gitlab.com/grobian/html2text' vs 'http://userpage.fu-berlin.de/~mbayer/tools/html2text.html',
htmlcleaner,,0.0,none,missing,no exact/normalized/alias/homepage evidence; no lookalikes either,
htmlcompressor,,0.0,none,missing,no exact/normalized/alias/homepage evidence; no lookalikes either,
htmlcxx,,0.0,none,missing,no exact/normalized/alias/homepage evidence; no lookalikes either,
htmldoc,,0.0,none,missing,no exact/normalized/alias/homepage evidence; no lookalikes either,
htmlhint,,0.0,none,missing,no exact/normalized/alias/homepage evidence; no lookalikes either,
htmlq,,0.0,none,missing,no exact/normalized/alias/homepage evidence; no lookalikes either,
htmltest,,0.0,none,needs-review,no exact/normalized/alias/homepage evidence; fuzzy suggestions listed for review,html2text
htop,htop,1.0,exact,confident,name identical in both managers; homepages 'https://htop.dev/' vs 'https://htop.dev',
htpdate,,0.0,none,missing,no exact/normalized/alias/homepage evidence; no lookalikes either,
htslib,,0.0,ambiguous,needs-review,homepage shared by several targets,libhts2-shlibs; libhts3-shlibs; slib
httm,,0.0,none,missing,no exact/normalized/alias/homepage evidence; no lookalikes either,
http-prompt,,0.0,none,missing,no exact/normalized/alias/homepage evidence; no lookalikes either,
http-server,,0.0,none,needs-review,no exact/normalized/alias/homepage evidence; fuzzy suggestions listed for review,net-httpserver-pm
http-server-rs,,0.0,none,missing,no exact/normalized/alias/homepage evidence; no lookalikes either,
http_load,,0.0,none,missing,no exact/normalized/alias/homepage evidence; no lookalikes either,
httpd,apache2,0.95,alias,confident,listed as alias/oldname of 'httpd',
httperf,httperf,1.0,exact,confident,name identical in both managers; homepages 'https://github.com/httperf/httperf' vs 'http://www.hpl.hp.com/research/linux/httperf/',
httpflow,,0.0,none,needs-review,no exact/normalized/alias/homepage evidence; fuzzy suggestions listed for review,tcpflow
httpie,,0.0,none,missing,no exact/normalized/alias/homepage evidence; no lookalikes either,
httping,httping,1.0,exact,confident,name identical in both managers; homepages 'https://github.com/folkertvanheusden/HTTPing' vs 'http://www.vanheusden.com/httping',
httpry,,0.0,none,missing,no exact/normalized/alias/homepage evidence; no lookalikes either,
httpstat,,0.0,none,missing,no exact/normalized/alias/homepage evidence; no lookalikes either,
httptap,,0.0,none,needs-review,no exact/normalized/alias/homepage evidence; fuzzy suggestions listed for review,httptype
httpx,,0.0,none,missing,no exact/normalized/alias/homepage evidence; no lookalikes either,
httpx2,,0.0,none,missing,no exact/normalized/alias/homepage evidence; no lookalikes either,
httpyac,,0.0,none,missing,no exact/normalized/alias/homepage evidence; no lookalikes either,
httrack,httrack,1.0,exact,confident,name identical in both managers; homepages 'https://www.httrack.com/' vs 'http://www.httrack.com/',
hub,hub,1.0,exact,confident,name identical in both managers; homepages 'https://hub.github.com/' vs 'http://pypi.python.org/pypi/hub',
hub-tool,,0.0,none,missing,no exact/normalized/alias/homepage evidence; no lookalikes either,
hubble,,0.0,none,missing,no exact/normalized/alias/homepage evidence; no lookalikes either,
huexpress,,0.0,none,missing,no exact/normalized/alias/homepage evidence; no lookalikes either,
hugo,,0.0,none,missing,no exact/normalized/alias/homepage evidence; no lookalikes either,
humanbound,,0.0,none,needs-review,no exact/normalized/alias/homepage evidence; fuzzy suggestions listed for review,unbound
humanlog,,0.0,none,missing,no exact/normalized/alias/homepage evidence; no lookalikes either,
hunk,,0.0,none,needs-review,no exact/normalized/alias/homepage evidence; fuzzy suggestions listed for review,bchunk
hunspell,hunspell,1.0,exact,confident,name identical in both managers; homepages 'https://hunspell.github.io' vs 'http://hunspell.sourceforge.net',
hurl,,0.0,none,missing,no exact/normalized/alias/homepage evidence; no lookalikes either,
hut,,0.0,none,missing,no exact/normalized/alias/homepage evidence; no lookalikes either,
hwatch,,0.0,none,needs-review,no exact/normalized/alias/homepage evidence; fuzzy suggestions listed for review,watch
hwloc,hwloc,1.0,exact,confident,name identical in both managers; homepages 'https://www.open-mpi.org/projects/hwloc/' vs 'http://www.open-mpi.org/projects/hwloc/',
hy,,0.0,none,missing,no exact/normalized/alias/homepage evidence; no lookalikes either,
hydra,,0.0,none,missing,no exact/normalized/alias/homepage evidence; no lookalikes either,
hyfetch,,0.0,none,missing,no exact/normalized/alias/homepage evidence; no lookalikes either,
hyper-mcp,,0.0,none,missing,no exact/normalized/alias/homepage evidence; no lookalikes either,
hyperestraier,hyperestraier,1.0,exact,confident,name identical in both managers; homepages 'https://dbmx.net/hyperestraier/' vs 'http://hyperestraier.sourceforge.net/',
hyperfine,,0.0,none,missing,no exact/normalized/alias/homepage evidence; no lookalikes either,
hyphy,,0.0,none,missing,no exact/normalized/alias/homepage evidence; no lookalikes either,
hypopg,,0.0,none,missing,no exact/normalized/alias/homepage evidence; no lookalikes either,
hypre,,0.0,none,missing,no exact/normalized/alias/homepage evidence; no lookalikes either,
hysteria,,0.0,none,missing,no exact/normalized/alias/homepage evidence; no lookalikes either,
hyx,,0.0,none,missing,no exact/normalized/alias/homepage evidence; no lookalikes either,
hz,,0.0,none,missing,no exact/normalized/alias/homepage evidence; no lookalikes either,
i2c-tools,,0.0,none,needs-review,no exact/normalized/alias/homepage evidence; fuzzy suggestions listed for review,ivtools
i2p,,0.0,none,missing,no exact/normalized/alias/homepage evidence; no lookalikes either,
i2pd,,0.0,none,missing,no exact/normalized/alias/homepage evidence; no lookalikes either,
i2util,,0.0,none,missing,no exact/normalized/alias/homepage evidence; no lookalikes either,
i386-elf-gdb,,0.0,none,needs-review,no exact/normalized/alias/homepage evidence; same homepage 'https://www.gnu.org/software/gdb/' as 'gdb' but versions '17.2' vs '13.2'; no lookalikes either,
i686-elf-binutils,,0.0,ambiguous,needs-review,homepage shared by several targets,aarch64-%type_pkg[platform]-binutils; arm-%type_pkg[platform]-binutils; avr-binutils; avr-embedded-binutils; binutils-docs
i686-elf-gcc,,0.0,none,needs-review,no exact/normalized/alias/homepage evidence; same homepage 'https://gcc.gnu.org' as 'mingw-gcc' but versions '16.2.0' vs '4.1.0'; no lookalikes either,
i686-elf-grub,,0.0,none,missing,no exact/normalized/alias/homepage evidence; no lookalikes either,
iam-policy-json-to-terraform,,0.0,none,missing,no exact/normalized/alias/homepage evidence; no lookalikes either,
iamb,,0.0,none,missing,no exact/normalized/alias/homepage evidence; no lookalikes either,
iamy,,0.0,none,missing,no exact/normalized/alias/homepage evidence; no lookalikes either,
iat,iat,1.0,exact,confident,name identical in both managers; homepages 'https://sourceforge.net/projects/iat.berlios/' vs 'http://iat.berlios.de',
ibazel,,0.0,none,missing,no exact/normalized/alias/homepage evidence; no lookalikes either,
ibex,,0.0,none,missing,no exact/normalized/alias/homepage evidence; no lookalikes either,
iblinter,,0.0,none,missing,no exact/normalized/alias/homepage evidence; no lookalikes either,
ic-wasm,,0.0,none,missing,no exact/normalized/alias/homepage evidence; no lookalikes either,
ical-buddy,,0.0,none,missing,no exact/normalized/alias/homepage evidence; no lookalikes either,
icann-rdap,,0.0,none,missing,no exact/normalized/alias/homepage evidence; no lookalikes either,
icarus-verilog,,0.0,none,missing,no exact/normalized/alias/homepage evidence; no lookalikes either,
icbirc,,0.0,none,missing,no exact/normalized/alias/homepage evidence; no lookalikes either,
iccdev,,0.0,none,missing,no exact/normalized/alias/homepage evidence; no lookalikes either,
icdiff,icdiff-py%type_pkg[python],0.9,homepage,confident,same upstream 'https://www.jefftk.com/icdiff' (desc overlap 1.00),
ice,,0.0,none,needs-review,no exact/normalized/alias/homepage evidence; fuzzy suggestions listed for review,vice
iceberg-cli,,0.0,none,missing,no exact/normalized/alias/homepage evidence; no lookalikes either,
icecast,icecast,1.0,exact,confident,name identical in both managers; homepages 'https://icecast.org/' vs 'http://www.icecast.org/',
icecream,,0.0,none,missing,no exact/normalized/alias/homepage evidence; no lookalikes either,
icemon,,0.0,none,needs-review,no exact/normalized/alias/homepage evidence; fuzzy suggestions listed for review,icon
icestorm,,0.0,none,missing,no exact/normalized/alias/homepage evidence; no lookalikes either,
icloudpd,,0.0,none,missing,no exact/normalized/alias/homepage evidence; no lookalikes either,
icon,icon,1.0,exact,confident,name identical in both managers; homepages 'https://www2.cs.arizona.edu/icon/' vs 'http://www.cs.arizona.edu/icon/',
icon-naming-utils,icon-naming-utils,1.0,exact,confident,name identical in both managers; homepages 'https://specifications.freedesktop.org/icon-naming/latest/' vs 'http://tango.freedesktop.org/Standard_Icon_Naming_Specification',
iconsur,,0.0,none,missing,no exact/normalized/alias/homepage evidence; no lookalikes either,
icoutils,,0.0,none,needs-review,no exact/normalized/alias/homepage evidence; fuzzy suggestions listed for review,coreutils; gcutils; idutils
icp-cli,,0.0,none,missing,no exact/normalized/alias/homepage evidence; no lookalikes either,
icu4c@75,,0.0,none,needs-review,no exact/normalized/alias/homepage evidence; same homepage 'https://icu.unicode.org/home' as 'libicu67-shlibs' but versions '75.1' vs '67.1'; no lookalikes either,
icu4c@76,,0.0,none,needs-review,no exact/normalized/alias/homepage evidence; same homepage 'https://icu.unicode.org/home' as 'libicu67-shlibs' but versions '76.1' vs '67.1'; no lookalikes either,
icu4c@77,,0.0,none,needs-review,no exact/normalized/alias/homepage evidence; same homepage 'https://icu.unicode.org/home' as 'libicu67-shlibs' but versions '77.1' vs '67.1'; no lookalikes either,
icu4c@78,,0.0,none,needs-review,no exact/normalized/alias/homepage evidence; same homepage 'https://icu.unicode.org/home' as 'libicu67-shlibs' but versions '78.3' vs '67.1'; no lookalikes either,
id3lib,,0.0,none,needs-review,no exact/normalized/alias/homepage evidence; same homepage 'https://id3lib.sourceforge.net/' as 'id3lib3.7' but desc overlap only 0.00; fuzzy suggestions listed for review,id3lib4; id3lib3.7
id3tool,id3tool,1.0,exact,confident,name identical in both managers; homepages 'http://nekohako.xware.cx/id3tool/' vs 'http://kitsumi.xware.cx/id3tool/',
id3v2,id3v2,1.0,exact,confident,name identical in both managers; homepages 'https://id3v2.sourceforge.net/' vs 'http://id3v2.sourceforge.net/',
identme,,0.0,none,missing,no exact/normalized/alias/homepage evidence; no lookalikes either,
ideviceinstaller,ideviceinstaller,1.0,exact,confident,name identical in both managers; homepages 'https://libimobiledevice.org/' vs 'http://www.libimobiledevice.org/',
idnits,idnits,1.0,exact,confident,name identical in both managers; homepages 'https://author-tools.ietf.org/idnits3/' vs '',
idris2,,0.0,none,missing,no exact/normalized/alias/homepage evidence; no lookalikes either,
idsgrep,,0.0,none,missing,no exact/normalized/alias/homepage evidence; no lookalikes either,
idutils,idutils,1.0,exact,confident,name identical in both managers; homepages 'https://www.gnu.org/software/idutils/' vs 'http://www.gnu.org/software/idutils/',
ifacemaker,,0.0,none,missing,no exact/normalized/alias/homepage evidence; no lookalikes either,
ifopt,,0.0,none,needs-review,no exact/normalized/alias/homepage evidence; fuzzy suggestions listed for review,iftop
ifstat,ifstat,1.0,exact,confident,name identical in both managers; homepages 'http://gael.roualland.free.fr/ifstat/' vs 'http://gael.roualland.free.fr/ifstat',
iftop,iftop,1.0,exact,confident,name identical in both managers; homepages 'https://pdw.ex-parrot.com/iftop/' vs 'http://www.ex-parrot.com/~pdw/iftop',
ifuse,,0.0,none,needs-review,no exact/normalized/alias/homepage evidence; same homepage 'https://libimobiledevice.org/' as 'libplist-py%type_pkg[python]' but desc overlap only 0.12; fuzzy suggestions listed for review,fuse; diffuse
ignite,,0.0,none,missing,no exact/normalized/alias/homepage evidence; no lookalikes either,
igraph,,0.0,none,needs-review,no exact/normalized/alias/homepage evidence; fuzzy suggestions listed for review,cgraph; jgraph; ngraph
igrep,,0.0,none,needs-review,no exact/normalized/alias/homepage evidence; fuzzy suggestions listed for review,grep; biogrep; agrep
iguana,,0.0,none,missing,no exact/normalized/alias/homepage evidence; no lookalikes either,
igv,,0.0,none,needs-review,no exact/normalized/alias/homepage evidence; fuzzy suggestions listed for review,gv
ii,,0.0,none,missing,no exact/normalized/alias/homepage evidence; no lookalikes either,
iir1,,0.0,none,missing,no exact/normalized/alias/homepage evidence; no lookalikes either,
ijq,,0.0,none,needs-review,no exact/normalized/alias/homepage evidence; fuzzy suggestions listed for review,jq
ike-scan,ike-scan,1.0,exact,confident,name identical in both managers; homepages 'https://github.com/royhills/ike-scan' vs 'http://www.nta-monitor.com/tools/ike-scan/',
imagejs,,0.0,none,missing,no exact/normalized/alias/homepage evidence; no lookalikes either,
imagemagick,imagemagick,1.0,exact,confident,name identical in both managers; homepages 'https://imagemagick.org' vs 'http://www.imagemagick.org/',
imagemagick-full,,0.0,none,needs-review,no exact/normalized/alias/homepage evidence; same homepage 'https://imagemagick.org' as 'imagemagick' but desc overlap only 0.13; versions '7.1.2-31' vs '5.5.1'; fuzzy suggestions listed for review,imagemagick
imagemagick@6,,0.0,none,needs-review,no exact/normalized/alias/homepage evidence; fuzzy suggestions listed for review,imagemagick; imagemagick-nox
imageoptim-cli,,0.0,none,missing,no exact/normalized/alias/homepage evidence; no lookalikes either,
imagesnap,,0.0,none,missing,no exact/normalized/alias/homepage evidence; no lookalikes either,
imageworsener,,0.0,none,missing,no exact/normalized/alias/homepage evidence; no lookalikes either,
imagineer,,0.0,none,missing,no exact/normalized/alias/homepage evidence; no lookalikes either,
imake,,0.0,none,needs-review,no exact/normalized/alias/homepage evidence; same homepage 'https://xorg.freedesktop.org' as 'xorg' but versions '1.0.11' vs '6.8.2'; fuzzy suggestions listed for review,make; cmake; omake
imap-backup,,0.0,none,missing,no exact/normalized/alias/homepage evidence; no lookalikes either,
imapfilter,,0.0,none,missing,no exact/normalized/alias/homepage evidence; no lookalikes either,
imapsync,,0.0,none,missing,no exact/normalized/alias/homepage evidence; no lookalikes either,
imath,,0.0,none,needs-review,no exact/normalized/alias/homepage evidence; fuzzy suggestions listed for review,libmath++
imessage-exporter,,0.0,none,missing,no exact/normalized/alias/homepage evidence; no lookalikes either,
imessage-ruby,,0.0,none,missing,no exact/normalized/alias/homepage evidence; no lookalikes either,
img2pdf,,0.0,none,missing,no exact/normalized/alias/homepage evidence; no lookalikes either,
imgdiet,,0.0,none,missing,no exact/normalized/alias/homepage evidence; no lookalikes either,
imgdiff,,0.0,none,needs-review,no exact/normalized/alias/homepage evidence; fuzzy suggestions listed for review,mgdiff
imgp,,0.0,none,missing,no exact/normalized/alias/homepage evidence; no lookalikes either,
imgproxy,,0.0,none,needs-review,no exact/normalized/alias/homepage evidence; fuzzy suggestions listed for review,ziproxy
imlib2,imlib2,1.0,exact,confident,name identical in both managers; homepages 'https://sourceforge.net/projects/enlightenment/' vs 'http://www.enlightenment.org/pages/imlib2.html',
immer,,0.0,none,needs-review,no exact/normalized/alias/homepage evidence; fuzzy suggestions listed for review,hmmer
immich-cli,,0.0,none,missing,no exact/normalized/alias/homepage evidence; no lookalikes either,
immich-go,,0.0,none,missing,no exact/normalized/alias/homepage evidence; no lookalikes either,
immortal,,0.0,none,missing,no exact/normalized/alias/homepage evidence; no lookalikes either,
immudb,,0.0,none,missing,no exact/normalized/alias/homepage evidence; no lookalikes either,
imposm3,,0.0,none,missing,no exact/normalized/alias/homepage evidence; no lookalikes either,
inadyn,,0.0,none,missing,no exact/normalized/alias/homepage evidence; no lookalikes either,
inchi,,0.0,none,missing,no exact/normalized/alias/homepage evidence; no lookalikes either,
include-what-you-use,,0.0,none,missing,no exact/normalized/alias/homepage evidence; no lookalikes either,
incus,,0.0,none,missing,no exact/normalized/alias/homepage evidence; no lookalikes either,
indicators,,0.0,none,missing,no exact/normalized/alias/homepage evidence; no lookalikes either,
inetutils,,0.0,none,needs-review,no exact/normalized/alias/homepage evidence; fuzzy suggestions listed for review,binutils; rinutils
infat,,0.0,none,missing,no exact/normalized/alias/homepage evidence; no lookalikes either,
infisical,,0.0,none,missing,no exact/normalized/alias/homepage evidence; no lookalikes either,
influxdb,,0.0,none,missing,no exact/normalized/alias/homepage evidence; no lookalikes either,
influxdb-cli,,0.0,none,missing,no exact/normalized/alias/homepage evidence; no lookalikes either,
influxdb@1,,0.0,none,missing,no exact/normalized/alias/homepage evidence; no lookalikes either,
influxdb@2,,0.0,none,missing,no exact/normalized/alias/homepage evidence; no lookalikes either,
inform6,,0.0,none,needs-review,no exact/normalized/alias/homepage evidence; fuzzy suggestions listed for review,inform
infracost,,0.0,none,missing,no exact/normalized/alias/homepage evidence; no lookalikes either,
inframap,,0.0,none,missing,no exact/normalized/alias/homepage evidence; no lookalikes either,
ingress2gateway,,0.0,none,missing,no exact/normalized/alias/homepage evidence; no lookalikes either,
inih,,0.0,none,missing,no exact/normalized/alias/homepage evidence; no lookalikes either,
iniparser,,0.0,none,missing,no exact/normalized/alias/homepage evidence; no lookalikes either,
inja,,0.0,none,needs-review,no exact/normalized/alias/homepage evidence; fuzzy suggestions listed for review,ninja
inko,,0.0,none,missing,no exact/normalized/alias/homepage evidence; no lookalikes either,
inlyne,,0.0,none,missing,no exact/normalized/alias/homepage evidence; no lookalikes either,
innoextract,,0.0,none,missing,no exact/normalized/alias/homepage evidence; no lookalikes either,
innotop,,0.0,none,missing,no exact/normalized/alias/homepage evidence; no lookalikes either,
inotify-tools,,0.0,none,missing,no exact/normalized/alias/homepage evidence; no lookalikes either,
insect,,0.0,none,missing,no exact/normalized/alias/homepage evidence; no lookalikes either,
inshellisense,,0.0,none,missing,no exact/normalized/alias/homepage evidence; no lookalikes either,
inspectrum,,0.0,none,missing,no exact/normalized/alias/homepage evidence; no lookalikes either,
inspircd,,0.0,none,missing,no exact/normalized/alias/homepage evidence; no lookalikes either,
install-nothing,,0.0,none,missing,no exact/normalized/alias/homepage evidence; no lookalikes either,
install-peerdeps,,0.0,none,missing,no exact/normalized/alias/homepage evidence; no lookalikes either,
instaloader,,0.0,none,missing,no exact/normalized/alias/homepage evidence; no lookalikes either,
instalooter,,0.0,none,missing,no exact/normalized/alias/homepage evidence; no lookalikes either,
instead,,0.0,none,missing,no exact/normalized/alias/homepage evidence; no lookalikes either,
intelli-shell,,0.0,none,missing,no exact/normalized/alias/homepage evidence; no lookalikes either,
intercal,,0.0,none,missing,no exact/normalized/alias/homepage evidence; no lookalikes either,
intercept,,0.0,none,missing,no exact/normalized/alias/homepage evidence; no lookalikes either,
interface99,,0.0,none,missing,no exact/normalized/alias/homepage evidence; no lookalikes either,
intermodal,,0.0,none,missing,no exact/normalized/alias/homepage evidence; no lookalikes either,
internetarchive,,0.0,none,missing,no exact/normalized/alias/homepage evidence; no lookalikes either,
intltool,intltool,1.0,exact,confident,name identical in both managers; homepages 'https://wiki.freedesktop.org/www/Software/intltool' vs 'http://www.gnome.org/',
invoice,,0.0,none,missing,no exact/normalized/alias/homepage evidence; no lookalikes either,
inxi,,0.0,none,missing,no exact/normalized/alias/homepage evidence; no lookalikes either,
io,,0.0,none,needs-review,no exact/normalized/alias/homepage evidence; fuzzy suggestions listed for review,ion
iocextract,,0.0,none,needs-review,no exact/normalized/alias/homepage evidence; fuzzy suggestions listed for review,cabextract
ioctl,,0.0,none,missing,no exact/normalized/alias/homepage evidence; no lookalikes either,
iodine,iodine,1.0,exact,confident,name identical in both managers; homepages 'https://code.kryo.se/iodine' vs 'http://code.kryo.se/iodine',
ioping,,0.0,none,needs-review,no exact/normalized/alias/homepage evidence; fuzzy suggestions listed for review,liboping
ios-class-guard,,0.0,none,missing,no exact/normalized/alias/homepage evidence; no lookalikes either,
ios-deploy,,0.0,none,missing,no exact/normalized/alias/homepage evidence; no lookalikes either,
ios-sim,,0.0,none,missing,no exact/normalized/alias/homepage evidence; no lookalikes either,
ios-webkit-debug-proxy,,0.0,none,missing,no exact/normalized/alias/homepage evidence; no lookalikes either,
iowow,,0.0,none,missing,no exact/normalized/alias/homepage evidence; no lookalikes either,
ip2location,,0.0,none,missing,no exact/normalized/alias/homepage evidence; no lookalikes either,
ip_relay,,0.0,none,missing,no exact/normalized/alias/homepage evidence; no lookalikes either,
ipapatch,,0.0,none,missing,no exact/normalized/alias/homepage evidence; no lookalikes either,
ipatool,,0.0,none,needs-review,no exact/normalized/alias/homepage evidence; fuzzy suggestions listed for review,patool; atool; ipmitool
ipbt,,0.0,none,missing,no exact/normalized/alias/homepage evidence; no lookalikes either,
ipcalc,,0.0,none,needs-review,no exact/normalized/alias/homepage evidence; fuzzy suggestions listed for review,sipcalc; ipv6calc; pgcalc
iperf,iperf,1.0,exact,confident,name identical in both managers; homepages 'https://sourceforge.net/projects/iperf2/' vs 'http://dast.nlanr.net/Projects/Iperf/',
iperf3,iperf3,1.0,exact,confident,name identical in both managers; homepages 'https://github.com/esnet/iperf' vs 'https://software.es.net/iperf/',
ipget,,0.0,none,missing,no exact/normalized/alias/homepage evidence; no lookalikes either,
ipinfo,,0.0,none,needs-review,no exact/normalized/alias/homepage evidence; fuzzy suggestions listed for review,pinfo
ipinfo-cli,,0.0,none,missing,no exact/normalized/alias/homepage evidence; no lookalikes either,
ipmitool,ipmitool,1.0,exact,confident,name identical in both managers; homepages 'https://codeberg.org/IPMITool/ipmitool' vs 'http://ipmitool.sourceforge.net',
ipmiutil,,0.0,none,missing,no exact/normalized/alias/homepage evidence; no lookalikes either,
ipopt,,0.0,none,needs-review,no exact/normalized/alias/homepage evidence; fuzzy suggestions listed for review,popt
iproute2,,0.0,none,missing,no exact/normalized/alias/homepage evidence; no lookalikes either,
iproute2mac,,0.0,none,missing,no exact/normalized/alias/homepage evidence; no lookalikes either,
ipsumdump,ipsumdump,1.0,exact,confident,name identical in both managers; homepages 'https://read.seas.harvard.edu/~kohler/ipsumdump/' vs 'http://www.cs.ucla.edu/~kohler/ipsumdump/',
ipsw,,0.0,none,missing,no exact/normalized/alias/homepage evidence; no lookalikes either,
iptables,,0.0,none,missing,no exact/normalized/alias/homepage evidence; no lookalikes either,
iputils,,0.0,none,needs-review,no exact/normalized/alias/homepage evidence; fuzzy suggestions listed for review,gputils; idutils; psutils
ipv6calc,ipv6calc,1.0,exact,confident,name identical in both managers; homepages 'https://www.deepspace6.net/projects/ipv6calc.html' vs 'http://www.deepspace6.net/projects/ipv6calc.html',
ipv6toolkit,,0.0,none,missing,no exact/normalized/alias/homepage evidence; no lookalikes either,
ipython,,0.0,none,needs-review,no exact/normalized/alias/homepage evidence; fuzzy suggestions listed for review,python21; python22; python23
iqtree3,,0.0,none,missing,no exact/normalized/alias/homepage evidence; no lookalikes either,
ircd-hybrid,ircd-hybrid,1.0,exact,confident,name identical in both managers; homepages 'https://www.ircd-hybrid.org/' vs 'http://www.ircd-hybrid.org',
ircd-irc2,,0.0,none,missing,no exact/normalized/alias/homepage evidence; no lookalikes either,
ircii,ircii,1.0,exact,confident,name identical in both managers; homepages 'http://www.eterna23.net/ircii/' vs 'http://www.eterna.com.au/ircii/',
ired,,0.0,none,missing,no exact/normalized/alias/homepage evidence; no lookalikes either,
iredis,,0.0,none,needs-review,no exact/normalized/alias/homepage evidence; fuzzy suggestions listed for review,redis
ironclaw,,0.0,none,missing,no exact/normalized/alias/homepage evidence; no lookalikes either,
irrlicht,,0.0,none,missing,no exact/normalized/alias/homepage evidence; no lookalikes either,
irrtoolset,,0.0,none,missing,no exact/normalized/alias/homepage evidence; no lookalikes either,
irssi,irssi,1.0,exact,confident,name identical in both managers; homepages 'https://irssi.org/' vs 'http://real.irssi.org/',
is-fast,,0.0,none,missing,no exact/normalized/alias/homepage evidence; no lookalikes either,
isa-l,,0.0,none,needs-review,no exact/normalized/alias/homepage evidence; fuzzy suggestions listed for review,isl
isl,isl,1.0,exact,confident,name identical in both managers; homepages 'https://libisl.sourceforge.io/' vs 'http://www.CLooG.org',
iso-codes,iso-codes,1.0,exact,confident,name identical in both managers; homepages 'https://salsa.debian.org/iso-codes-team/iso-codes' vs 'http://alioth.debian.org/projects/pkg-isocodes/',
isort,,0.0,none,missing,no exact/normalized/alias/homepage evidence; no lookalikes either,
ispc,,0.0,none,missing,no exact/normalized/alias/homepage evidence; no lookalikes either,
ispell,ispell,1.0,exact,confident,name identical in both managers; homepages 'https://www.cs.hmc.edu/~geoff/ispell.html' vs 'http://ficus-www.cs.ucla.edu/geoff/ispell.html',
isponsorblocktv,,0.0,none,missing,no exact/normalized/alias/homepage evidence; no lookalikes either,
istioctl,,0.0,none,missing,no exact/normalized/alias/homepage evidence; no lookalikes either,
isync,isync,1.0,exact,confident,name identical in both managers; homepages 'https://isync.sourceforge.io/' vs 'http://isync.sourceforge.net/',
itex2mml,,0.0,none,missing,no exact/normalized/alias/homepage evidence; no lookalikes either,
itk,itk,1.0,exact,confident,name identical in both managers; homepages 'https://itk.org' vs 'http://incrtcl.sourceforge.net/itcl/',
itpp,,0.0,none,missing,no exact/normalized/alias/homepage evidence; no lookalikes either,
itstool,itstool,1.0,exact,confident,name identical in both managers; homepages 'https://itstool.org/' vs 'http://itstool.org',
ittapi,,0.0,none,missing,no exact/normalized/alias/homepage evidence; no lookalikes either,
ivtools,ivtools,1.0,exact,confident,name identical in both managers; homepages 'https://github.com/vectaport/ivtools' vs 'http://ivtools.sourceforge.net/',
ivy,,0.0,none,missing,no exact/normalized/alias/homepage evidence; no lookalikes either,
ivykis,,0.0,none,missing,no exact/normalized/alias/homepage evidence; no lookalikes either,
jabba,,0.0,none,missing,no exact/normalized/alias/homepage evidence; no lookalikes either,
jack,jack,1.0,exact,confident,name identical in both managers; homepages 'https://jackaudio.org/' vs 'http://jackit.sourceforge.net/',
jackett,,0.0,none,needs-review,no exact/normalized/alias/homepage evidence; fuzzy suggestions listed for review,jackbeat
jadx,,0.0,none,missing,no exact/normalized/alias/homepage evidence; no lookalikes either,
jags,jags,1.0,exact,confident,name identical in both managers; homepages 'https://mcmc-jags.sourceforge.io' vs 'http://jags.sourceforge.net',
jaguar,,0.0,none,missing,no exact/normalized/alias/homepage evidence; no lookalikes either,
jailkit,,0.0,none,missing,no exact/normalized/alias/homepage evidence; no lookalikes either,
janet,,0.0,none,missing,no exact/normalized/alias/homepage evidence; no lookalikes either,
jansson,libjansson4,0.9,homepage,confident,same upstream 'https://digip.org/jansson/' (desc overlap 0.50),
jaq,,0.0,none,missing,no exact/normalized/alias/homepage evidence; no lookalikes either,
jarl,,0.0,none,missing,no exact/normalized/alias/homepage evidence; no lookalikes either,
jasmin,jasmin,1.0,exact,confident,name identical in both managers; homepages 'https://jasmin.sourceforge.net/' vs 'http://jasmin.sourceforge.net',
jasper,,0.0,none,missing,no exact/normalized/alias/homepage evidence; no lookalikes either,
java-service-wrapper,,0.0,none,missing,no exact/normalized/alias/homepage evidence; no lookalikes either,
javacc,javacc,1.0,exact,confident,name identical in both managers; homepages 'https://javacc.github.io/javacc/' vs 'http://javacc.dev.java.net/',
jbake,,0.0,none,missing,no exact/normalized/alias/homepage evidence; no lookalikes either,
jbang,,0.0,none,missing,no exact/normalized/alias/homepage evidence; no lookalikes either,
jbig2dec,jbig2dec,1.0,exact,confident,name identical in both managers; homepages 'https://github.com/ArtifexSoftware/jbig2dec' vs 'http://jbig2dec.sourceforge.net/',
jbig2enc,,0.0,none,needs-review,no exact/normalized/alias/homepage evidence; fuzzy suggestions listed for review,jbig2dec
jbigkit,,0.0,none,needs-review,no exact/normalized/alias/homepage evidence; same homepage 'https://www.cl.cam.ac.uk/~mgk25/jbigkit/' as 'libjbig' but desc overlap only 0.05; no lookalikes either,
jboss-forge,,0.0,none,missing,no exact/normalized/alias/homepage evidence; no lookalikes either,
jc,,0.0,none,needs-review,no exact/normalized/alias/homepage evidence; fuzzy suggestions listed for review,jca; jce
jcal,,0.0,none,needs-review,no exact/normalized/alias/homepage evidence; fuzzy suggestions listed for review,jca
jcode,,0.0,none,missing,no exact/normalized/alias/homepage evidence; no lookalikes either,
jd,,0.0,none,needs-review,no exact/normalized/alias/homepage evidence; fuzzy suggestions listed for review,j3d; jdb; jed
jdnssec-tools,,0.0,none,missing,no exact/normalized/alias/homepage evidence; no lookalikes either,
jdtls,,0.0,none,missing,no exact/normalized/alias/homepage evidence; no lookalikes either,
jdupes,,0.0,none,needs-review,no exact/normalized/alias/homepage evidence; fuzzy suggestions listed for review,fdupes
jed,jed,1.0,exact,confident,name identical in both managers; homepages 'https://www.jedsoft.org/jed/' vs 'http://space.mit.edu/~davis/jed',
jello,,0.0,none,needs-review,no exact/normalized/alias/homepage evidence; fuzzy suggestions listed for review,hello
jellyfish,,0.0,none,missing,no exact/normalized/alias/homepage evidence; no lookalikes either,
jemalloc,,0.0,none,needs-review,no exact/normalized/alias/homepage evidence; fuzzy suggestions listed for review,libjemalloc1
jena,,0.0,none,missing,no exact/normalized/alias/homepage evidence; no lookalikes either,
jenkins,,0.0,none,missing,no exact/normalized/alias/homepage evidence; no lookalikes either,
jenkins-cli,,0.0,none,missing,no exact/normalized/alias/homepage evidence; no lookalikes either,
jenkins-job-builder,,0.0,none,missing,no exact/normalized/alias/homepage evidence; no lookalikes either,
jenkins-lts,,0.0,none,missing,no exact/normalized/alias/homepage evidence; no lookalikes either,
jenv,,0.0,none,missing,no exact/normalized/alias/homepage evidence; no lookalikes either,
jerryscript,,0.0,none,missing,no exact/normalized/alias/homepage evidence; no lookalikes either,
jet,,0.0,none,missing,no exact/normalized/alias/homepage evidence; no lookalikes either,
jetty,,0.0,none,missing,no exact/normalized/alias/homepage evidence; no lookalikes either,
jetty-runner,,0.0,none,missing,no exact/normalized/alias/homepage evidence; no lookalikes either,
jflex,,0.0,none,needs-review,no exact/normalized/alias/homepage evidence; fuzzy suggestions listed for review,flex
jfrog-cli,,0.0,none,missing,no exact/normalized/alias/homepage evidence; no lookalikes either,
jhead,jhead,1.0,exact,confident,name identical in both managers; homepages 'https://github.com/Matthias-Wandel/jhead' vs 'http://www.sentex.net/~mwandel/jhead/',
jhiccup,,0.0,none,missing,no exact/normalized/alias/homepage evidence; no lookalikes either,
jhipster,,0.0,none,missing,no exact/normalized/alias/homepage evidence; no lookalikes either,
jid,,0.0,none,missing,no exact/normalized/alias/homepage evidence; no lookalikes either,
jigdo,,0.0,none,missing,no exact/normalized/alias/homepage evidence; no lookalikes either,
jikken,,0.0,none,missing,no exact/normalized/alias/homepage evidence; no lookalikes either,
jimtcl,libjim0.81-shlibs,0.9,homepage,confident,same upstream 'https://jim.tcl.tk/index.html' (desc overlap 0.80),
jing-trang,,0.0,none,missing,no exact/normalized/alias/homepage evidence; no lookalikes either,
jinja2-cli,,0.0,none,missing,no exact/normalized/alias/homepage evidence; no lookalikes either,
jinx,,0.0,none,missing,no exact/normalized/alias/homepage evidence; no lookalikes either,
jira-cli,,0.0,none,missing,no exact/normalized/alias/homepage evidence; no lookalikes either,
jiratui,,0.0,none,missing,no exact/normalized/alias/homepage evidence; no lookalikes either,
jj,,0.0,none,missing,no exact/normalized/alias/homepage evidence; no lookalikes either,
jjui,,0.0,none,missing,no exact/normalized/alias/homepage evidence; no lookalikes either,
jless,jless,1.0,exact,confident,name identical in both managers; homepages 'https://jless.io/' vs 'http://www25.big.jp/~jam/less/',
jlog,,0.0,none,missing,no exact/normalized/alias/homepage evidence; no lookalikes either,
jmeter,,0.0,none,missing,no exact/normalized/alias/homepage evidence; no lookalikes either,
jmxterm,,0.0,none,missing,no exact/normalized/alias/homepage evidence; no lookalikes either,
jnethack,,0.0,none,needs-review,no exact/normalized/alias/homepage evidence; fuzzy suggestions listed for review,nethack
jnettop,,0.0,none,missing,no exact/normalized/alias/homepage evidence; no lookalikes either,
jnv,,0.0,none,missing,no exact/normalized/alias/homepage evidence; no lookalikes either,
jo,,0.0,none,needs-review,no exact/normalized/alias/homepage evidence; fuzzy suggestions listed for review,joe
jobber,,0.0,none,needs-review,no exact/normalized/alias/homepage evidence; fuzzy suggestions listed for review,jabber
joe,joe,1.0,exact,confident,name identical in both managers; homepages 'https://joe-editor.sourceforge.io/' vs 'http://sourceforge.net/projects/joe-editor',
joern,,0.0,none,missing,no exact/normalized/alias/homepage evidence; no lookalikes either,
john,john,1.0,exact,confident,name identical in both managers; homepages 'https://www.openwall.com/john/' vs 'http://www.openwall.com/john',
john-jumbo,john,0.9,homepage,confident,same upstream 'https://www.openwall.com/john/' (desc overlap 0.29),
johnnydep,,0.0,none,missing,no exact/normalized/alias/homepage evidence; no lookalikes either,
joker,,0.0,none,missing,no exact/normalized/alias/homepage evidence; no lookalikes either,
jolie,,0.0,none,missing,no exact/normalized/alias/homepage evidence; no lookalikes either,
joplin-cli,,0.0,none,missing,no exact/normalized/alias/homepage evidence; no lookalikes either,
jose,,0.0,none,needs-review,no exact/normalized/alias/homepage evidence; fuzzy suggestions listed for review,joe
joshuto,,0.0,none,missing,no exact/normalized/alias/homepage evidence; no lookalikes either,
jot,,0.0,none,missing,no exact/normalized/alias/homepage evidence; no lookalikes either,
jove,jove,1.0,exact,confident,name identical in both managers; homepages 'https://directory.fsf.org/wiki/Jove' vs 'http://www.cs.toronto.edu/~moraes/',
joyce,,0.0,none,missing,no exact/normalized/alias/homepage evidence; no lookalikes either,
jp,,0.0,none,missing,no exact/normalized/alias/homepage evidence; no lookalikes either,
jp2a,jp2a,1.0,exact,confident,name identical in both managers; homepages 'https://github.com/Talinx/jp2a' vs 'https://github.com/cslarsen/jp2a',
jpdfbookmarks,,0.0,none,missing,no exact/normalized/alias/homepage evidence; no lookalikes either,
jpeg,libjpeg,0.95,alias,confident,listed as alias/oldname of 'jpeg',
jpeg-archive,,0.0,none,missing,no exact/normalized/alias/homepage evidence; no lookalikes either,
jpeg-turbo,libjpeg-turbo,0.95,alias,confident,listed as alias/oldname of 'jpeg-turbo',
jpeg-xl,,0.0,none,missing,no exact/normalized/alias/homepage evidence; no lookalikes either,
jpeginfo,jpeginfo,1.0,exact,confident,name identical in both managers; homepages 'https://www.kokkonen.net/tjko/projects.html' vs 'http://www.kokkonen.net/tjko/projects.html',
jpegoptim,jpegoptim,1.0,exact,confident,name identical in both managers; homepages 'https://github.com/tjko/jpegoptim' vs 'http://www.cc.jyu.fi/~tjko/projects.html',
jprq,,0.0,none,missing,no exact/normalized/alias/homepage evidence; no lookalikes either,
jq,jq,1.0,exact,confident,name identical in both managers; homepages 'https://jqlang.github.io/jq/' vs 'https://stedolan.github.io/jq/',
jq-lsp,,0.0,none,missing,no exact/normalized/alias/homepage evidence; no lookalikes either,
jqfmt,,0.0,none,missing,no exact/normalized/alias/homepage evidence; no lookalikes either,
jql,,0.0,none,needs-review,no exact/normalized/alias/homepage evidence; fuzzy suggestions listed for review,jq
jqp,,0.0,none,needs-review,no exact/normalized/alias/homepage evidence; fuzzy suggestions listed for review,jq
jr,,0.0,none,missing,no exact/normalized/alias/homepage evidence; no lookalikes either,
jreleaser,,0.0,none,missing,no exact/normalized/alias/homepage evidence; no lookalikes either,
jrnl,,0.0,none,missing,no exact/normalized/alias/homepage evidence; no lookalikes either,
jrsonnet,,0.0,none,missing,no exact/normalized/alias/homepage evidence; no lookalikes either,
jrtplib,,0.0,none,missing,no exact/normalized/alias/homepage evidence; no lookalikes either,
jruby,,0.0,none,needs-review,no exact/normalized/alias/homepage evidence; fuzzy suggestions listed for review,ruby
js-beautify,,0.0,none,missing,no exact/normalized/alias/homepage evidence; no lookalikes either,
jsawk,,0.0,none,missing,no exact/normalized/alias/homepage evidence; no lookalikes either,
jsbeautifier,,0.0,none,missing,no exact/normalized/alias/homepage evidence; no lookalikes either,
jscpd,,0.0,none,missing,no exact/normalized/alias/homepage evidence; no lookalikes either,
jsdoc3,,0.0,none,missing,no exact/normalized/alias/homepage evidence; no lookalikes either,
jshon,,0.0,none,needs-review,no exact/normalized/alias/homepage evidence; fuzzy suggestions listed for review,json-c
jsign,,0.0,none,needs-review,no exact/normalized/alias/homepage evidence; fuzzy suggestions listed for review,sign
jslint4java,,0.0,none,missing,no exact/normalized/alias/homepage evidence; no lookalikes either,
jsmn,,0.0,none,missing,no exact/normalized/alias/homepage evidence; no lookalikes either,
json-c,json-c,1.0,exact,confident,name identical in both managers; homepages 'https://github.com/json-c/json-c/wiki' vs 'http://oss.metaparadigm.com/json-c/',
json-fortran,,0.0,none,missing,no exact/normalized/alias/homepage evidence; no lookalikes either,
json-glib,,0.0,none,needs-review,no exact/normalized/alias/homepage evidence; fuzzy suggestions listed for review,libjson-glib
json-table,,0.0,none,missing,no exact/normalized/alias/homepage evidence; no lookalikes either,
json2hcl,,0.0,none,missing,no exact/normalized/alias/homepage evidence; no lookalikes either,
json2ts,,0.0,none,missing,no exact/normalized/alias/homepage evidence; no lookalikes either,
json2tsv,,0.0,none,missing,no exact/normalized/alias/homepage evidence; no lookalikes either,
json5,,0.0,none,needs-review,no exact/normalized/alias/homepage evidence; same homepage 'https://json5.org/' as 'node-json5' but desc overlap only 0.11; fuzzy suggestions listed for review,json-c5; json-c
json_spirit,,0.0,none,missing,no exact/normalized/alias/homepage evidence; no lookalikes either,
jsoncpp,,0.0,none,needs-review,no exact/normalized/alias/homepage evidence; fuzzy suggestions listed for review,json-c; json-pp-pm
jsonfmt,,0.0,none,missing,no exact/normalized/alias/homepage evidence; no lookalikes either,
jsongrep,,0.0,none,missing,no exact/normalized/alias/homepage evidence; no lookalikes either,
jsonlint,,0.0,none,missing,no exact/normalized/alias/homepage evidence; no lookalikes either,
jsonnet,,0.0,none,missing,no exact/normalized/alias/homepage evidence; no lookalikes either,
jsonnet-bundler,,0.0,none,missing,no exact/normalized/alias/homepage evidence; no lookalikes either,
jsonpp,,0.0,none,needs-review,no exact/normalized/alias/homepage evidence; fuzzy suggestions listed for review,json-pp-pm
jsonrpc-glib,,0.0,none,missing,no exact/normalized/alias/homepage evidence; no lookalikes either,
jsonschema2pojo,,0.0,none,missing,no exact/normalized/alias/homepage evidence; no lookalikes either,
jsontoolkit,,0.0,none,missing,no exact/normalized/alias/homepage evidence; no lookalikes either,
jsrepo,,0.0,none,missing,no exact/normalized/alias/homepage evidence; no lookalikes either,
jsvc,,0.0,none,missing,no exact/normalized/alias/homepage evidence; no lookalikes either,
jtbl,,0.0,none,missing,no exact/normalized/alias/homepage evidence; no lookalikes either,
jthread,,0.0,none,needs-review,no exact/normalized/alias/homepage evidence; fuzzy suggestions listed for review,jhead
judy,,0.0,none,missing,no exact/normalized/alias/homepage evidence; no lookalikes either,
juicefs,,0.0,none,missing,no exact/normalized/alias/homepage evidence; no lookalikes either,
juise,,0.0,none,missing,no exact/normalized/alias/homepage evidence; no lookalikes either,
juju,,0.0,none,missing,no exact/normalized/alias/homepage evidence; no lookalikes either,
julia,,0.0,none,missing,no exact/normalized/alias/homepage evidence; no lookalikes either,
juliaup,,0.0,none,missing,no exact/normalized/alias/homepage evidence; no lookalikes either,
julius,,0.0,none,missing,no exact/normalized/alias/homepage evidence; no lookalikes either,
juman,,0.0,none,missing,no exact/normalized/alias/homepage evidence; no lookalikes either,
jumanpp,,0.0,none,missing,no exact/normalized/alias/homepage evidence; no lookalikes either,
jump,,0.0,none,missing,no exact/normalized/alias/homepage evidence; no lookalikes either,
jupp,,0.0,none,missing,no exact/normalized/alias/homepage evidence; no lookalikes either,
jupyter-r,,0.0,none,missing,no exact/normalized/alias/homepage evidence; no lookalikes either,
jupyterlab,,0.0,none,missing,no exact/normalized/alias/homepage evidence; no lookalikes either,
jupytext,,0.0,none,missing,no exact/normalized/alias/homepage evidence; no lookalikes either,
just,,0.0,none,missing,no exact/normalized/alias/homepage evidence; no lookalikes either,
just-lsp,,0.0,none,missing,no exact/normalized/alias/homepage evidence; no lookalikes either,
jvgrep,,0.0,none,needs-review,no exact/normalized/alias/homepage evidence; fuzzy suggestions listed for review,grep
jvm-mon,,0.0,none,missing,no exact/normalized/alias/homepage evidence; no lookalikes either,
jvmtop,,0.0,none,missing,no exact/normalized/alias/homepage evidence; no lookalikes either,
jwt-cli,,0.0,none,missing,no exact/normalized/alias/homepage evidence; no lookalikes either,
jwt-hack,,0.0,none,missing,no exact/normalized/alias/homepage evidence; no lookalikes either,
jwt-ui,,0.0,none,missing,no exact/normalized/alias/homepage evidence; no lookalikes either,
jxl-oxide,,0.0,none,missing,no exact/normalized/alias/homepage evidence; no lookalikes either,
jxrlib,,0.0,none,missing,no exact/normalized/alias/homepage evidence; no lookalikes either,
jython,jython,1.0,exact,confident,name identical in both managers; homepages 'https://www.jython.org/' vs 'http://www.jython.org/',
k0sctl,,0.0,none,missing,no exact/normalized/alias/homepage evidence; no lookalikes either,
k2tf,,0.0,none,missing,no exact/normalized/alias/homepage evidence; no lookalikes either,
k3d,,0.0,none,missing,no exact/normalized/alias/homepage evidence; no lookalikes either,
k3sup,,0.0,none,missing,no exact/normalized/alias/homepage evidence; no lookalikes either,
k6,,0.0,none,missing,no exact/normalized/alias/homepage evidence; no lookalikes either,
k8sgpt,,0.0,none,missing,no exact/normalized/alias/homepage evidence; no lookalikes either,
k9s,,0.0,none,missing,no exact/normalized/alias/homepage evidence; no lookalikes either,
kaf,,0.0,none,missing,no exact/normalized/alias/homepage evidence; no lookalikes either,
kafka,,0.0,none,missing,no exact/normalized/alias/homepage evidence; no lookalikes either,
kafkactl,,0.0,none,missing,no exact/normalized/alias/homepage evidence; no lookalikes either,
kafkactl-aws-plugin,,0.0,none,missing,no exact/normalized/alias/homepage evidence; no lookalikes either,
kafkactl-azure-plugin,,0.0,none,missing,no exact/normalized/alias/homepage evidence; no lookalikes either,
kagent,,0.0,none,missing,no exact/normalized/alias/homepage evidence; no lookalikes either,
kahip,,0.0,none,missing,no exact/normalized/alias/homepage evidence; no lookalikes either,
kaitai-struct-compiler,,0.0,none,missing,no exact/normalized/alias/homepage evidence; no lookalikes either,
kakoune,,0.0,none,missing,no exact/normalized/alias/homepage evidence; no lookalikes either,
kalign,kalign,1.0,exact,confident,name identical in both managers; homepages 'https://github.com/TimoLassmann/kalign' vs 'http://www.ebi.ac.uk/Tools/kalign/index.html',
kalker,,0.0,none,missing,no exact/normalized/alias/homepage evidence; no lookalikes either,
kallisto,,0.0,none,missing,no exact/normalized/alias/homepage evidence; no lookalikes either,
kamal-proxy,,0.0,none,missing,no exact/normalized/alias/homepage evidence; no lookalikes either,
kamel,,0.0,none,missing,no exact/normalized/alias/homepage evidence; no lookalikes either,
kanata,,0.0,none,missing,no exact/normalized/alias/homepage evidence; no lookalikes either,
kanata-tray,,0.0,none,missing,no exact/normalized/alias/homepage evidence; no lookalikes either,
kanif,kanif,1.0,exact,confident,name identical in both managers; homepages 'https://packages.debian.org/stable/net/kanif' vs 'http://taktuk.gforge.inria.fr/kanif',
kapacitor,,0.0,none,missing,no exact/normalized/alias/homepage evidence; no lookalikes either,
kapp,,0.0,none,missing,no exact/normalized/alias/homepage evidence; no lookalikes either,
karakeep,,0.0,none,missing,no exact/normalized/alias/homepage evidence; no lookalikes either,
karchive,,0.0,none,needs-review,no exact/normalized/alias/homepage evidence; fuzzy suggestions listed for review,karchiver; xarchive
kargo,,0.0,none,needs-review,no exact/normalized/alias/homepage evidence; fuzzy suggestions listed for review,cargo
karmadactl,,0.0,none,missing,no exact/normalized/alias/homepage evidence; no lookalikes either,
karn,,0.0,none,missing,no exact/normalized/alias/homepage evidence; no lookalikes either,
kaskade,,0.0,none,missing,no exact/normalized/alias/homepage evidence; no lookalikes either,
kata,,0.0,none,missing,no exact/normalized/alias/homepage evidence; no lookalikes either,
katago,,0.0,none,missing,no exact/normalized/alias/homepage evidence; no lookalikes either,
katana,,0.0,none,missing,no exact/normalized/alias/homepage evidence; no lookalikes either,
kawa,,0.0,none,missing,no exact/normalized/alias/homepage evidence; no lookalikes either,
kbld,,0.0,none,missing,no exact/normalized/alias/homepage evidence; no lookalikes either,
kbt,,0.0,none,missing,no exact/normalized/alias/homepage evidence; no lookalikes either,
kcat,,0.0,none,missing,no exact/normalized/alias/homepage evidence; no lookalikes either,
kcgi,,0.0,none,missing,no exact/normalized/alias/homepage evidence; no lookalikes either,
kconf,,0.0,none,needs-review,no exact/normalized/alias/homepage evidence; fuzzy suggestions listed for review,gconf
kcov,,0.0,none,missing,no exact/normalized/alias/homepage evidence; no lookalikes either,
kcptun,,0.0,none,missing,no exact/normalized/alias/homepage evidence; no lookalikes either,
kdash,,0.0,none,needs-review,no exact/normalized/alias/homepage evidence; fuzzy suggestions listed for review,dash
kdoctools,kdoctools,1.0,exact,confident,name identical in both managers; homepages 'https://l10n.kde.org/docs/doc-primer/' vs 'http://www.kde.org',
kdoctor,,0.0,none,missing,no exact/normalized/alias/homepage evidence; no lookalikes either,
kea,,0.0,none,missing,no exact/normalized/alias/homepage evidence; no lookalikes either,
keep-sorted,,0.0,none,missing,no exact/normalized/alias/homepage evidence; no lookalikes either,
keepassc,,0.0,none,needs-review,no exact/normalized/alias/homepage evidence; fuzzy suggestions listed for review,keepassxc
keeper-commander,,0.0,none,missing,no exact/normalized/alias/homepage evidence; no lookalikes either,
keepkey-agent,,0.0,none,missing,no exact/normalized/alias/homepage evidence; no lookalikes either,
kekkai,,0.0,none,missing,no exact/normalized/alias/homepage evidence; no lookalikes either,
keploy,,0.0,none,missing,no exact/normalized/alias/homepage evidence; no lookalikes either,
kepubify,,0.0,none,missing,no exact/normalized/alias/homepage evidence; no lookalikes either,
kerl,,0.0,none,missing,no exact/normalized/alias/homepage evidence; no lookalikes either,
kertish-dos,,0.0,none,missing,no exact/normalized/alias/homepage evidence; no lookalikes either,
kettle,,0.0,none,needs-review,no exact/normalized/alias/homepage evidence; fuzzy suggestions listed for review,nettle
kew,,0.0,none,missing,no exact/normalized/alias/homepage evidence; no lookalikes either,
keychain,keychain,1.0,exact,confident,name identical in both managers; homepages 'https://www.funtoo.org/Keychain' vs 'http://www.gentoo.org/proj/en/keychain',
keyd,,0.0,none,missing,no exact/normalized/alias/homepage evidence; no lookalikes either,
keydb,,0.0,none,missing,no exact/normalized/alias/homepage evidence; no lookalikes either,
keyring,,0.0,none,missing,no exact/normalized/alias/homepage evidence; no lookalikes either,
keystone,,0.0,none,missing,no exact/normalized/alias/homepage evidence; no lookalikes either,
keyutils,,0.0,none,needs-review,no exact/normalized/alias/homepage evidence; fuzzy suggestions listed for review,kdeutils3
kfr,,0.0,none,missing,no exact/normalized/alias/homepage evidence; no lookalikes either,
khal,,0.0,none,missing,no exact/normalized/alias/homepage evidence; no lookalikes either,
khaos,,0.0,none,missing,no exact/normalized/alias/homepage evidence; no lookalikes either,
khard,,0.0,none,missing,no exact/normalized/alias/homepage evidence; no lookalikes either,
khiva,,0.0,none,missing,no exact/normalized/alias/homepage evidence; no lookalikes either,
ki,,0.0,none,missing,no exact/normalized/alias/homepage evidence; no lookalikes either,
ki18n,,0.0,none,missing,no exact/normalized/alias/homepage evidence; no lookalikes either,
kibi,,0.0,none,missing,no exact/normalized/alias/homepage evidence; no lookalikes either,
kickstart,,0.0,none,missing,no exact/normalized/alias/homepage evidence; no lookalikes either,
kics,,0.0,none,missing,no exact/normalized/alias/homepage evidence; no lookalikes either,
kiesel,,0.0,none,missing,no exact/normalized/alias/homepage evidence; no lookalikes either,
killport,,0.0,none,missing,no exact/normalized/alias/homepage evidence; no lookalikes either,
killswitch,,0.0,none,missing,no exact/normalized/alias/homepage evidence; no lookalikes either,
kim-api,,0.0,none,missing,no exact/normalized/alias/homepage evidence; no lookalikes either,
kimi-cli,,0.0,none,missing,no exact/normalized/alias/homepage evidence; no lookalikes either,
kimi-code,,0.0,none,missing,no exact/normalized/alias/homepage evidence; no lookalikes either,
kimwitu++,,0.0,none,missing,no exact/normalized/alias/homepage evidence; no lookalikes either,
kin,,0.0,none,missing,no exact/normalized/alias/homepage evidence; no lookalikes either,
kind,,0.0,none,needs-review,no exact/normalized/alias/homepage evidence; fuzzy suggestions listed for review,ind
kingfisher,,0.0,none,missing,no exact/normalized/alias/homepage evidence; no lookalikes either,
kiota,,0.0,none,missing,no exact/normalized/alias/homepage evidence; no lookalikes either,
kirimase,,0.0,none,missing,no exact/normalized/alias/homepage evidence; no lookalikes either,
kissat,,0.0,none,missing,no exact/normalized/alias/homepage evidence; no lookalikes either,
kitchen-completion,,0.0,none,missing,no exact/normalized/alias/homepage evidence; no lookalikes either,
kitchen-sync,,0.0,none,missing,no exact/normalized/alias/homepage evidence; no lookalikes either,
kitex,,0.0,none,needs-review,no exact/normalized/alias/homepage evidence; fuzzy suggestions listed for review,kbibtex
klavaro,klavaro,1.0,exact,confident,name identical in both managers; homepages 'https://klavaro.sourceforge.io/' vs 'http://klavaro.sourceforge.net',
klee,,0.0,none,missing,no exact/normalized/alias/homepage evidence; no lookalikes either,
klog,,0.0,none,needs-review,no exact/normalized/alias/homepage evidence; fuzzy suggestions listed for review,klogic
kmod,,0.0,none,needs-review,no exact/normalized/alias/homepage evidence; fuzzy suggestions listed for review,mikmod
kn,,0.0,none,missing,no exact/normalized/alias/homepage evidence; no lookalikes either,
knock,,0.0,none,needs-review,no exact/normalized/alias/homepage evidence; fuzzy suggestions listed for review,knocker
knot,,0.0,none,needs-review,no exact/normalized/alias/homepage evidence; fuzzy suggestions listed for review,knowit
knot-resolver,,0.0,none,missing,no exact/normalized/alias/homepage evidence; no lookalikes either,
ko,,0.0,none,missing,no exact/normalized/alias/homepage evidence; no lookalikes either,
koji,,0.0,none,missing,no exact/normalized/alias/homepage evidence; no lookalikes either,
koka,,0.0,none,missing,no exact/normalized/alias/homepage evidence; no lookalikes either,
kokkos,,0.0,none,missing,no exact/normalized/alias/homepage evidence; no lookalikes either,
komac,,0.0,none,missing,no exact/normalized/alias/homepage evidence; no lookalikes either,
kommit,,0.0,none,missing,no exact/normalized/alias/homepage evidence; no lookalikes either,
kompose,kompose,1.0,exact,confident,name identical in both managers; homepages 'https://kompose.io/' vs 'http://kompose.berlios.de',
kona,,0.0,none,missing,no exact/normalized/alias/homepage evidence; no lookalikes either,
kondo,,0.0,none,needs-review,no exact/normalized/alias/homepage evidence; fuzzy suggestions listed for review,kodos
kool,,0.0,none,missing,no exact/normalized/alias/homepage evidence; no lookalikes either,
kopia,,0.0,none,missing,no exact/normalized/alias/homepage evidence; no lookalikes either,
kops,,0.0,none,missing,no exact/normalized/alias/homepage evidence; no lookalikes either,
kor,,0.0,none,missing,no exact/normalized/alias/homepage evidence; no lookalikes either,
kore,,0.0,none,missing,no exact/normalized/alias/homepage evidence; no lookalikes either,
kosli-cli,,0.0,none,missing,no exact/normalized/alias/homepage evidence; no lookalikes either,
kotlin,kotlin,1.0,exact,confident,name identical in both managers; homepages 'https://kotlinlang.org/' vs 'https://kotlinlang.org/',
kotlin-language-server,,0.0,none,missing,no exact/normalized/alias/homepage evidence; no lookalikes either,
kotofetch,,0.0,none,missing,no exact/normalized/alias/homepage evidence; no lookalikes either,
kpcli,,0.0,none,missing,no exact/normalized/alias/homepage evidence; no lookalikes either,
kqwait,,0.0,none,missing,no exact/normalized/alias/homepage evidence; no lookalikes either,
kraftkit,,0.0,none,missing,no exact/normalized/alias/homepage evidence; no lookalikes either,
kraken2,,0.0,none,missing,no exact/normalized/alias/homepage evidence; no lookalikes either,
krakend,,0.0,none,missing,no exact/normalized/alias/homepage evidence; no lookalikes either,
krane,,0.0,none,missing,no exact/normalized/alias/homepage evidence; no lookalikes either,
krb5,,0.0,none,missing,no exact/normalized/alias/homepage evidence; no lookalikes either,
krep,krep,1.0,exact,confident,name identical in both managers; homepages 'https://github.com/davidesantangelo/krep' vs 'http://www.staerk.de/thorsten',
krew,,0.0,none,missing,no exact/normalized/alias/homepage evidence; no lookalikes either,
ksh93,,0.0,none,missing,no exact/normalized/alias/homepage evidence; no lookalikes either,
ksops,,0.0,none,needs-review,no exact/normalized/alias/homepage evidence; fuzzy suggestions listed for review,stops
kstart,,0.0,none,needs-review,no exact/normalized/alias/homepage evidence; fuzzy suggestions listed for review,star
ktea,,0.0,none,needs-review,no exact/normalized/alias/homepage evidence; fuzzy suggestions listed for review,tea
ktexttemplate,,0.0,none,needs-review,no exact/normalized/alias/homepage evidence; fuzzy suggestions listed for review,text-template-pm
ktfmt,,0.0,none,missing,no exact/normalized/alias/homepage evidence; no lookalikes either,
ktlint,,0.0,none,needs-review,no exact/normalized/alias/homepage evidence; fuzzy suggestions listed for review,kotlin
ktmpl,,0.0,none,missing,no exact/normalized/alias/homepage evidence; no lookalikes either,
ktoblzcheck,ktoblzcheck,1.0,exact,confident,name identical in both managers; homepages 'https://ktoblzcheck.sourceforge.net/' vs 'http://ktoblzcheck.sourceforge.net',
ktop,,0.0,none,missing,no exact/normalized/alias/homepage evidence; no lookalikes either,
ktor,,0.0,none,needs-review,no exact/normalized/alias/homepage evidence; fuzzy suggestions listed for review,tor
kty,,0.0,none,needs-review,no exact/normalized/alias/homepage evidence; fuzzy suggestions listed for review,katy
kube-bench,,0.0,none,missing,no exact/normalized/alias/homepage evidence; no lookalikes either,
kube-linter,,0.0,none,missing,no exact/normalized/alias/homepage evidence; no lookalikes either,
kube-ps1,,0.0,none,missing,no exact/normalized/alias/homepage evidence; no lookalikes either,
kube-score,,0.0,none,missing,no exact/normalized/alias/homepage evidence; no lookalikes either,
kubeaudit,,0.0,none,missing,no exact/normalized/alias/homepage evidence; no lookalikes either,
kubebuilder,,0.0,none,missing,no exact/normalized/alias/homepage evidence; no lookalikes either,
kubecfg,,0.0,none,missing,no exact/normalized/alias/homepage evidence; no lookalikes either,
kubecm,,0.0,none,missing,no exact/normalized/alias/homepage evidence; no lookalikes either,
kubecolor,,0.0,none,missing,no exact/normalized/alias/homepage evidence; no lookalikes either,
kubeconform,,0.0,none,missing,no exact/normalized/alias/homepage evidence; no lookalikes either,
kubectl-ai,,0.0,none,missing,no exact/normalized/alias/homepage evidence; no lookalikes either,
kubectl-cnpg,,0.0,none,missing,no exact/normalized/alias/homepage evidence; no lookalikes either,
kubectl-explore,,0.0,none,missing,no exact/normalized/alias/homepage evidence; no lookalikes either,
kubectl-klock,,0.0,none,missing,no exact/normalized/alias/homepage evidence; no lookalikes either,
kubectl-rook-ceph,,0.0,none,missing,no exact/normalized/alias/homepage evidence; no lookalikes either,
kubectl-tree,,0.0,none,missing,no exact/normalized/alias/homepage evidence; no lookalikes either,
kubectx,,0.0,none,missing,no exact/normalized/alias/homepage evidence; no lookalikes either,
kubefirst,,0.0,none,missing,no exact/normalized/alias/homepage evidence; no lookalikes either,
kubefwd,,0.0,none,missing,no exact/normalized/alias/homepage evidence; no lookalikes either,
kubehound,,0.0,none,missing,no exact/normalized/alias/homepage evidence; no lookalikes either,
kubekey,,0.0,none,missing,no exact/normalized/alias/homepage evidence; no lookalikes either,
kubelogin,,0.0,none,missing,no exact/normalized/alias/homepage evidence; no lookalikes either,
kubent,,0.0,none,missing,no exact/normalized/alias/homepage evidence; no lookalikes either,
kubeone,,0.0,none,missing,no exact/normalized/alias/homepage evidence; no lookalikes either,
kubergrunt,,0.0,none,missing,no exact/normalized/alias/homepage evidence; no lookalikes either,
kubernetes-cli,,0.0,none,needs-review,no exact/normalized/alias/homepage evidence; fuzzy suggestions listed for review,kubernetes-client
kubernetes-cli@1.31,,0.0,none,needs-review,no exact/normalized/alias/homepage evidence; fuzzy suggestions listed for review,kubernetes-client
kubernetes-cli@1.32,,0.0,none,needs-review,no exact/normalized/alias/homepage evidence; fuzzy suggestions listed for review,kubernetes-client
kubernetes-cli@1.33,,0.0,none,needs-review,no exact/normalized/alias/homepage evidence; fuzzy suggestions listed for review,kubernetes-client
kubernetes-cli@1.34,,0.0,none,needs-review,no exact/normalized/alias/homepage evidence; fuzzy suggestions listed for review,kubernetes-client
kubernetes-cli@1.35,,0.0,none,needs-review,no exact/normalized/alias/homepage evidence; fuzzy suggestions listed for review,kubernetes-client
kubernetes-mcp-server,,0.0,none,missing,no exact/normalized/alias/homepage evidence; no lookalikes either,
kubescape,,0.0,none,missing,no exact/normalized/alias/homepage evidence; no lookalikes either,
kubeseal,,0.0,none,missing,no exact/normalized/alias/homepage evidence; no lookalikes either,
kubesess,,0.0,none,missing,no exact/normalized/alias/homepage evidence; no lookalikes either,
kubeshark,,0.0,none,missing,no exact/normalized/alias/homepage evidence; no lookalikes either,
kubespy,,0.0,none,missing,no exact/normalized/alias/homepage evidence; no lookalikes either,
kubetail,,0.0,none,missing,no exact/normalized/alias/homepage evidence; no lookalikes either,
kubetrim,,0.0,none,missing,no exact/normalized/alias/homepage evidence; no lookalikes either,
kubetui,,0.0,none,missing,no exact/normalized/alias/homepage evidence; no lookalikes either,
kubevela,,0.0,none,missing,no exact/normalized/alias/homepage evidence; no lookalikes either,
kubevious,,0.0,none,missing,no exact/normalized/alias/homepage evidence; no lookalikes either,
kubevpn,,0.0,none,missing,no exact/normalized/alias/homepage evidence; no lookalikes either,
kubie,,0.0,none,missing,no exact/normalized/alias/homepage evidence; no lookalikes either,
kubo,,0.0,none,missing,no exact/normalized/alias/homepage evidence; no lookalikes either,
kumactl,,0.0,none,missing,no exact/normalized/alias/homepage evidence; no lookalikes either,
kumo,,0.0,none,missing,no exact/normalized/alias/homepage evidence; no lookalikes either,
kustomize,,0.0,none,missing,no exact/normalized/alias/homepage evidence; no lookalikes either,
kustomizer,,0.0,none,missing,no exact/normalized/alias/homepage evidence; no lookalikes either,
kuto,,0.0,none,missing,no exact/normalized/alias/homepage evidence; no lookalikes either,
kuttl,,0.0,none,missing,no exact/normalized/alias/homepage evidence; no lookalikes either,
kuzco,,0.0,none,missing,no exact/normalized/alias/homepage evidence; no lookalikes either,
kuzu,,0.0,none,missing,no exact/normalized/alias/homepage evidence; no lookalikes either,
kvazaar,,0.0,none,missing,no exact/normalized/alias/homepage evidence; no lookalikes either,
kwctl,,0.0,none,missing,no exact/normalized/alias/homepage evidence; no lookalikes either,
kwok,,0.0,none,missing,no exact/normalized/alias/homepage evidence; no lookalikes either,
kyma-cli,,0.0,none,missing,no exact/normalized/alias/homepage evidence; no lookalikes either,
kyoto-cabinet,,0.0,none,needs-review,no exact/normalized/alias/homepage evidence; same homepage 'https://dbmx.net/kyotocabinet/' as 'kyotocabinet16-shlibs' but desc overlap only 0.12; fuzzy suggestions listed for review,tokyocabinet; tokyocabinet9
kyoto-tycoon,,0.0,none,missing,no exact/normalized/alias/homepage evidence; no lookalikes either,
kytea,,0.0,none,missing,no exact/normalized/alias/homepage evidence; no lookalikes either,
kyua,,0.0,none,missing,no exact/normalized/alias/homepage evidence; no lookalikes either,
kyverno,,0.0,none,missing,no exact/normalized/alias/homepage evidence; no lookalikes either,
lab,,0.0,none,missing,no exact/normalized/alias/homepage evidence; no lookalikes either,
labctl,,0.0,none,needs-review,no exact/normalized/alias/homepage evidence; fuzzy suggestions listed for review,libctl
lacework-cli,,0.0,none,missing,no exact/normalized/alias/homepage evidence; no lookalikes either,
ladder,,0.0,none,missing,no exact/normalized/alias/homepage evidence; no lookalikes either,
ladspa-sdk,,0.0,none,needs-review,no exact/normalized/alias/homepage evidence; fuzzy suggestions listed for review,ladspa
ladybug,,0.0,none,missing,no exact/normalized/alias/homepage evidence; no lookalikes either,
lager,,0.0,none,missing,no exact/normalized/alias/homepage evidence; no lookalikes either,
lakekeeper,,0.0,none,missing,no exact/normalized/alias/homepage evidence; no lookalikes either,
lame,lame,1.0,exact,confident,name identical in both managers; homepages 'https://lame.sourceforge.io/' vs 'http://www.mp3dev.org/',
lammps,,0.0,none,needs-review,no exact/normalized/alias/homepage evidence; fuzzy suggestions listed for review,lammpi
lando-cli,,0.0,none,missing,no exact/normalized/alias/homepage evidence; no lookalikes either,
landrun,,0.0,none,missing,no exact/normalized/alias/homepage evidence; no lookalikes either,
langgraph-cli,,0.0,none,missing,no exact/normalized/alias/homepage evidence; no lookalikes either,
languagetool,,0.0,none,missing,no exact/normalized/alias/homepage evidence; no lookalikes either,
languagetool-rust,,0.0,none,missing,no exact/normalized/alias/homepage evidence; no lookalikes either,
lanraragi,,0.0,none,missing,no exact/normalized/alias/homepage evidence; no lookalikes either,
lapack,,0.0,none,needs-review,no exact/normalized/alias/homepage evidence; same homepage 'https://www.netlib.org/lapack/' as 'lapack3-shlibs' but desc overlap only 0.00; fuzzy suggestions listed for review,cpplapack; lapack341; lapack342
largetifftools,,0.0,none,missing,no exact/normalized/alias/homepage evidence; no lookalikes either,
lasi,lasi,1.0,exact,confident,name identical in both managers; homepages 'https://www.unifont.org/lasi/' vs 'http://lasi.sourceforge.net/',
lasso,,0.0,none,needs-review,no exact/normalized/alias/homepage evidence; fuzzy suggestions listed for review,glass
lastpass-cli,,0.0,none,missing,no exact/normalized/alias/homepage evidence; no lookalikes either,
lastz,,0.0,none,missing,no exact/normalized/alias/homepage evidence; no lookalikes either,
laszip,,0.0,none,needs-review,no exact/normalized/alias/homepage evidence; fuzzy suggestions listed for review,lasi; lzip; szip
latex2html,latex2html,1.0,exact,confident,name identical in both managers; homepages 'https://www.latex2html.org' vs 'http://www.latex2html.org',
latex2rtf,latex2rtf,1.0,exact,confident,name identical in both managers; homepages 'https://latex2rtf.sourceforge.net/' vs 'http://latex2rtf.sourceforge.net/',
latexdiff,latexdiff,1.0,exact,confident,name identical in both managers; homepages 'https://www.ctan.org/pkg/latexdiff' vs 'http://bullard.esc.cam.ac.uk/~tilmann/soft.html',
latexindent,,0.0,none,missing,no exact/normalized/alias/homepage evidence; no lookalikes either,
latexml,,0.0,none,needs-review,no exact/normalized/alias/homepage evidence; fuzzy suggestions listed for review,latexmk; latex2html
latino,,0.0,none,missing,no exact/normalized/alias/homepage evidence; no lookalikes either,
launch,launch,1.0,exact,confident,name identical in both managers; homepages 'https://sabi.net/nriley/software/#launch' vs 'http://web.sabi.net/nriley/software/',
launch4j,,0.0,none,needs-review,no exact/normalized/alias/homepage evidence; fuzzy suggestions listed for review,launch
launch_socket_server,,0.0,none,missing,no exact/normalized/alias/homepage evidence; no lookalikes either,
launchctl-completion,,0.0,none,missing,no exact/normalized/alias/homepage evidence; no lookalikes either,
lavat,,0.0,none,missing,no exact/normalized/alias/homepage evidence; no lookalikes either,
lavinmq,,0.0,none,missing,no exact/normalized/alias/homepage evidence; no lookalikes either,
lazy-tmux,,0.0,none,missing,no exact/normalized/alias/homepage evidence; no lookalikes either,
lazycontainer,,0.0,none,missing,no exact/normalized/alias/homepage evidence; no lookalikes either,
lazycut,,0.0,none,missing,no exact/normalized/alias/homepage evidence; no lookalikes either,
lazydocker,,0.0,none,missing,no exact/normalized/alias/homepage evidence; no lookalikes either,
lazygit,,0.0,none,missing,no exact/normalized/alias/homepage evidence; no lookalikes either,
lazyjj,,0.0,none,missing,no exact/normalized/alias/homepage evidence; no lookalikes either,
lazyjournal,,0.0,none,missing,no exact/normalized/alias/homepage evidence; no lookalikes either,
lazymake,,0.0,none,missing,no exact/normalized/alias/homepage evidence; no lookalikes either,
lazyrsync,,0.0,none,missing,no exact/normalized/alias/homepage evidence; no lookalikes either,
lazysql,,0.0,none,missing,no exact/normalized/alias/homepage evidence; no lookalikes either,
lazyssh,,0.0,none,missing,no exact/normalized/alias/homepage evidence; no lookalikes either,
lbdb,lbdb,1.0,exact,confident,name identical in both managers; homepages 'https://www.spinnaker.de/lbdb/' vs 'http://www.spinnaker.de/lbdb/',
lbfgspp,,0.0,none,missing,no exact/normalized/alias/homepage evidence; no lookalikes either,
lc0,,0.0,none,missing,no exact/normalized/alias/homepage evidence; no lookalikes either,
lcdf-typetools,lcdf-typetools,1.0,exact,confident,name identical in both managers; homepages 'https://www.lcdf.org/type/' vs 'http://www.lcdf.org/type/#typetools',
lcdproc,,0.0,none,missing,no exact/normalized/alias/homepage evidence; no lookalikes either,
lci,,0.0,none,missing,no exact/normalized/alias/homepage evidence; no lookalikes either,
lcm,,0.0,none,needs-review,no exact/normalized/alias/homepage evidence; fuzzy suggestions listed for review,lcms
lcov,lcov,1.0,exact,confident,name identical in both managers; homepages 'https://github.com/linux-test-project/lcov' vs '',
lcs,,0.0,none,needs-review,no exact/normalized/alias/homepage evidence; fuzzy suggestions listed for review,lcms
ld-find-code-refs,,0.0,none,missing,no exact/normalized/alias/homepage evidence; no lookalikes either,
ldapvi,ldapvi,1.0,exact,confident,name identical in both managers; homepages 'http://www.lichteblau.com/ldapvi/' vs 'http://www.lichteblau.com/ldapvi/',
ldc,,0.0,none,missing,no exact/normalized/alias/homepage evidence; no lookalikes either,
ldcli,,0.0,none,missing,no exact/normalized/alias/homepage evidence; no lookalikes either,
ldeep,,0.0,none,missing,no exact/normalized/alias/homepage evidence; no lookalikes either,
ldid,ldid,1.0,exact,confident,name identical in both managers; homepages 'https://cydia.saurik.com/info/ldid/' vs 'https://cydia.saurik.com/info/ldid/',
ldid-procursus,,0.0,none,missing,no exact/normalized/alias/homepage evidence; no lookalikes either,
ldns,libldns,0.9,homepage,confident,same upstream 'https://nlnetlabs.nl/projects/ldns/' (desc overlap 0.33),
ldpl,,0.0,none,missing,no exact/normalized/alias/homepage evidence; no lookalikes either,
le,,0.0,none,needs-review,no exact/normalized/alias/homepage evidence; fuzzy suggestions listed for review,lie
leaf,,0.0,none,missing,no exact/normalized/alias/homepage evidence; no lookalikes either,
leaf-markdown-viewer,,0.0,none,missing,no exact/normalized/alias/homepage evidence; no lookalikes either,
leaf-proxy,,0.0,none,missing,no exact/normalized/alias/homepage evidence; no lookalikes either,
leakcanary-shark,,0.0,none,missing,no exact/normalized/alias/homepage evidence; no lookalikes either,
lean-cli,,0.0,none,missing,no exact/normalized/alias/homepage evidence; no lookalikes either,
leapp-cli,,0.0,none,missing,no exact/normalized/alias/homepage evidence; no lookalikes either,
leaps,,0.0,none,missing,no exact/normalized/alias/homepage evidence; no lookalikes either,
leaves,,0.0,none,missing,no exact/normalized/alias/homepage evidence; no lookalikes either,
ledger,ledger,1.0,exact,confident,name identical in both managers; homepages 'https://ledger-cli.org/' vs 'http://www.newartisans.com/ledger.html',
ledit,ledit,1.0,exact,confident,name identical in both managers; homepages 'https://pauillac.inria.fr/~ddr/ledit/' vs 'http://pauillac.inria.fr/~ddr/ledit/',
leela-zero,,0.0,none,missing,no exact/normalized/alias/homepage evidence; no lookalikes either,
leetcode-cli,,0.0,none,missing,no exact/normalized/alias/homepage evidence; no lookalikes either,
leetgo,,0.0,none,missing,no exact/normalized/alias/homepage evidence; no lookalikes either,
leetsolv,,0.0,none,missing,no exact/normalized/alias/homepage evidence; no lookalikes either,
leetup,,0.0,none,missing,no exact/normalized/alias/homepage evidence; no lookalikes either,
lefthook,,0.0,none,missing,no exact/normalized/alias/homepage evidence; no lookalikes either,
legba,,0.0,none,missing,no exact/normalized/alias/homepage evidence; no lookalikes either,
legit,,0.0,none,needs-review,no exact/normalized/alias/homepage evidence; fuzzy suggestions listed for review,ledit
legitify,,0.0,none,missing,no exact/normalized/alias/homepage evidence; no lookalikes either,
lego,,0.0,none,missing,no exact/normalized/alias/homepage evidence; no lookalikes either,
leiningen,,0.0,none,missing,no exact/normalized/alias/homepage evidence; no lookalikes either,
lemmeknow,,0.0,none,missing,no exact/normalized/alias/homepage evidence; no lookalikes either,
lemon,,0.0,none,missing,no exact/normalized/alias/homepage evidence; no lookalikes either,
lensfun,lensfun,1.0,exact,confident,name identical in both managers; homepages 'https://lensfun.github.io/' vs 'http://developer.berlios.de/projects/lensfun/',
leptonica,,0.0,ambiguous,needs-review,homepage shared by several targets,liblept2-shlibs; liblept3-shlibs; libleptonica6-shlibs
lerna,,0.0,none,missing,no exact/normalized/alias/homepage evidence; no lookalikes either,
less,less,1.0,exact,confident,name identical in both managers; homepages 'https://www.greenwoodsoftware.com/less/index.html' vs 'http://www.greenwoodsoftware.com/less/',
lesspipe,lesspipe,1.0,exact,confident,name identical in both managers; homepages 'https://lesspipe.org' vs 'http://www.desy.de/zeuthen/~friebel/unix/lesspipe.html',
letta-code,,0.0,none,missing,no exact/normalized/alias/homepage evidence; no lookalikes either,
levant,,0.0,none,missing,no exact/normalized/alias/homepage evidence; no lookalikes either,
leveldb,libleveldb-dev,0.9,homepage,confident,same upstream 'https://github.com/google/leveldb/' (desc overlap 0.40),
lexbor,,0.0,none,missing,no exact/normalized/alias/homepage evidence; no lookalikes either,
lexicon,,0.0,none,missing,no exact/normalized/alias/homepage evidence; no lookalikes either,
lexido,,0.0,none,missing,no exact/normalized/alias/homepage evidence; no lookalikes either,
lf,,0.0,none,needs-review,no exact/normalized/alias/homepage evidence; fuzzy suggestions listed for review,lft
lfe,,0.0,none,missing,no exact/normalized/alias/homepage evidence; no lookalikes either,
lfk,,0.0,none,missing,no exact/normalized/alias/homepage evidence; no lookalikes either,
lft,lft,1.0,exact,confident,name identical in both managers; homepages 'https://pwhois.org/lft/' vs 'http://pwhois.org/lft/',
lftp,lftp,1.0,exact,confident,name identical in both managers; homepages 'https://lftp.yar.ru/' vs 'http://lftp.yar.ru/',
lgeneral,,0.0,none,missing,no exact/normalized/alias/homepage evidence; no lookalikes either,
lgogdownloader,,0.0,none,missing,no exact/normalized/alias/homepage evidence; no lookalikes either,
lhasa,lhasa,1.0,exact,confident,name identical in both managers; homepages 'https://fragglet.github.io/lhasa/' vs 'http://fragglet.github.io/lhasa/',
lib3ds,lib3ds,1.0,exact,confident,name identical in both managers; homepages 'https://code.google.com/archive/p/lib3ds/' vs 'http://lib3ds.sourceforge.net/',
libaacs,,0.0,none,missing,no exact/normalized/alias/homepage evidence; no lookalikes either,
libabigail,,0.0,none,missing,no exact/normalized/alias/homepage evidence; no lookalikes either,
libabw,libabw01-dev,0.9,homepage,confident,same upstream 'https://wiki.documentfoundation.org/DLP/Libraries/libabw' (desc overlap 0.29),
libadwaita,,0.0,none,missing,no exact/normalized/alias/homepage evidence; no lookalikes either,
libaec,,0.0,none,needs-review,no exact/normalized/alias/homepage evidence; fuzzy suggestions listed for review,libarprec
libaegis,,0.0,none,missing,no exact/normalized/alias/homepage evidence; no lookalikes either,
libagg,libagg,1.0,exact,confident,name identical in both managers; homepages 'https://agg.sourceforge.net/antigrain.com/' vs 'http://www.antigrain.com/',
libaio,,0.0,none,needs-review,no exact/normalized/alias/homepage evidence; fuzzy suggestions listed for review,libmatio; libao2; libao4
libansilove,,0.0,none,missing,no exact/normalized/alias/homepage evidence; no lookalikes either,
libantlr3c,libantlr3c,1.0,exact,confident,name identical in both managers; homepages 'https://www.antlr3.org/' vs '',
libao,,0.0,ambiguous,needs-review,homepage shared by several targets,libao4; libao4-shlibs; libao2
libapplewm,,0.0,none,missing,no exact/normalized/alias/homepage evidence; no lookalikes either,
libarchive,libarchive,1.0,exact,confident,name identical in both managers; homepages 'https://www.libarchive.org' vs 'http://people.freebsd.org/~kientzle/libarchive/',
libaribcaption,,0.0,none,missing,no exact/normalized/alias/homepage evidence; no lookalikes either,
libart,,0.0,none,needs-review,no exact/normalized/alias/homepage evidence; fuzzy suggestions listed for review,libart2; libtar
libass,,0.0,ambiguous,needs-review,homepage shared by several targets,libass5-shlibs; libass9-shlibs; libassimp; libassuan
libassuan,libassuan,1.0,exact,confident,name identical in both managers; homepages 'https://www.gnupg.org/related_software/libassuan/' vs 'http://www.gnupg.org/(en)/related_software/libassuan/index.html',
libassuan@2,libassuan2,0.96,normalized,confident,'libassuan@2' ~ 'libassuan2' after case/punctuation folding,
libatomic_ops,libatomic-ops,0.96,normalized,confident,'libatomic_ops' ~ 'libatomic-ops' after case/punctuation folding,
libavif,,0.0,none,missing,no exact/normalized/alias/homepage evidence; no lookalikes either,
libayatana-appindicator,,0.0,none,missing,no exact/normalized/alias/homepage evidence; no lookalikes either,
libayatana-indicator,,0.0,none,missing,no exact/normalized/alias/homepage evidence; no lookalikes either,
libb2,,0.0,none,needs-review,no exact/normalized/alias/homepage evidence; fuzzy suggestions listed for review,glib2; libmb
libb64,,0.0,none,missing,no exact/normalized/alias/homepage evidence; no lookalikes either,
libbcg729,,0.0,none,needs-review,no exact/normalized/alias/homepage evidence; same homepage 'https://www.linphone.org' as 'libosip2' but desc overlap only 0.04; versions '1.1.2' vs '2.0.5'; no lookalikes either,
libbdplus,,0.0,none,needs-review,no exact/normalized/alias/homepage evidence; fuzzy suggestions listed for review,libgdiplus
libbi,,0.0,none,needs-review,no exact/normalized/alias/homepage evidence; fuzzy suggestions listed for review,libdbi; libjbig; libmb
libbinio,,0.0,none,missing,no exact/normalized/alias/homepage evidence; no lookalikes either,
libbitcoin-consensus,,0.0,none,missing,no exact/normalized/alias/homepage evidence; no lookalikes either,
libbladerf,,0.0,none,missing,no exact/normalized/alias/homepage evidence; no lookalikes either,
libblastrampoline,,0.0,none,missing,no exact/normalized/alias/homepage evidence; no lookalikes either,
libbluray,libbluray2-shlibs,0.9,homepage,confident,same upstream 'https://www.videolan.org/developers/libbluray.html' (desc overlap 0.50),
libbpf,,0.0,none,needs-review,no exact/normalized/alias/homepage evidence; fuzzy suggestions listed for review,libpgf
libbs2b,libbs2b0-shlibs,0.9,homepage,confident,same upstream 'https://bs2b.sourceforge.net/' (desc overlap 1.00),
libbsc,,0.0,none,missing,no exact/normalized/alias/homepage evidence; no lookalikes either,
libbsd,,0.0,none,missing,no exact/normalized/alias/homepage evidence; no lookalikes either,
libbtbb,,0.0,none,needs-review,no exact/normalized/alias/homepage evidence; fuzzy suggestions listed for review,libtbb4
libcaca,,0.0,none,missing,no exact/normalized/alias/homepage evidence; no lookalikes either,
libcanberra,,0.0,ambiguous,needs-review,homepage shared by several targets,libcanberra-gtk0; libcanberra0
libcap,,0.0,none,needs-review,no exact/normalized/alias/homepage evidence; fuzzy suggestions listed for review,libpcap; libpcap1; libdca
libcap-ng,,0.0,none,needs-review,no exact/normalized/alias/homepage evidence; fuzzy suggestions listed for review,libpcap; libpng3
libcaption,,0.0,none,missing,no exact/normalized/alias/homepage evidence; no lookalikes either,
libcbor,,0.0,none,missing,no exact/normalized/alias/homepage evidence; no lookalikes either,
libccd,,0.0,none,needs-review,no exact/normalized/alias/homepage evidence; fuzzy suggestions listed for review,libcdr; libtcd
libcddb,libcddb,1.0,exact,confident,name identical in both managers; homepages 'https://libcddb.sourceforge.net/' vs 'http://libcddb.sourceforge.net/',
libcdio,,0.0,none,missing,no exact/normalized/alias/homepage evidence; no lookalikes either,
libcdio-paranoia,,0.0,none,needs-review,no exact/normalized/alias/homepage evidence; fuzzy suggestions listed for review,libcdparanoia0-dev; libcdio-paranoia2-shlibs
libcdr,libcdr,1.0,exact,confident,name identical in both managers; homepages 'https://wiki.documentfoundation.org/DLP/Libraries/libcdr' vs 'https://wiki.documentfoundation.org/DLP/Libraries/libcdr',
libcds,,0.0,none,needs-review,no exact/normalized/alias/homepage evidence; fuzzy suggestions listed for review,lib3ds; libcdr; libmcs
libcec,,0.0,none,missing,no exact/normalized/alias/homepage evidence; no lookalikes either,
libcello,,0.0,none,missing,no exact/normalized/alias/homepage evidence; no lookalikes either,
libcerf,,0.0,none,needs-review,no exact/normalized/alias/homepage evidence; fuzzy suggestions listed for review,libcerf1; libserf0; libserf1
libcext,,0.0,none,missing,no exact/normalized/alias/homepage evidence; no lookalikes either,
libchaos,,0.0,none,missing,no exact/normalized/alias/homepage evidence; no lookalikes either,
libchardet,,0.0,none,missing,no exact/normalized/alias/homepage evidence; no lookalikes either,
libchewing,,0.0,none,missing,no exact/normalized/alias/homepage evidence; no lookalikes either,
libclc,,0.0,none,needs-review,no exact/normalized/alias/homepage evidence; fuzzy suggestions listed for review,libctl
libcmph,,0.0,none,missing,no exact/normalized/alias/homepage evidence; no lookalikes either,
libcoap,,0.0,none,needs-review,no exact/normalized/alias/homepage evidence; fuzzy suggestions listed for review,libpcap; libpcap1
libconfig,,0.0,none,needs-review,no exact/normalized/alias/homepage evidence; fuzzy suggestions listed for review,libconfig8; libconfig9
libconfini,,0.0,none,needs-review,no exact/normalized/alias/homepage evidence; fuzzy suggestions listed for review,libconfig8; libconfig9
libcotp,,0.0,none,needs-review,no exact/normalized/alias/homepage evidence; fuzzy suggestions listed for review,libortp
libcouchbase,,0.0,none,missing,no exact/normalized/alias/homepage evidence; no lookalikes either,
libcpucycles,,0.0,none,missing,no exact/normalized/alias/homepage evidence; no lookalikes either,
libcpuid,,0.0,none,missing,no exact/normalized/alias/homepage evidence; no lookalikes either,
libcss,,0.0,none,needs-review,no exact/normalized/alias/homepage evidence; fuzzy suggestions listed for review,libmcs; libdvdcss
libcsv,,0.0,none,needs-review,no exact/normalized/alias/homepage evidence; fuzzy suggestions listed for review,libmcs
libcue,,0.0,none,missing,no exact/normalized/alias/homepage evidence; no lookalikes either,
libcuefile,,0.0,none,needs-review,no exact/normalized/alias/homepage evidence; same homepage 'https://www.musepack.net/' as 'libmpcdec3' but desc overlap only 0.12; versions 'r475' vs '1.2.2'; no lookalikes either,
libcutl,,0.0,none,needs-review,no exact/normalized/alias/homepage evidence; fuzzy suggestions listed for review,libctl; libcurl4
libcyaml,,0.0,none,needs-review,no exact/normalized/alias/homepage evidence; fuzzy suggestions listed for review,libyaml
libdaemon,libdaemon,1.0,exact,confident,name identical in both managers; homepages 'https://0pointer.de/lennart/projects/libdaemon/' vs 'http://0pointer.de/lennart/projects/libdaemon/',
libdap,,0.0,none,needs-review,no exact/normalized/alias/homepage evidence; same homepage 'https://www.opendap.org/' as 'dods' but desc overlap only 0.09; fuzzy suggestions listed for review,libdap9; libdap10; libdap11
libdatrie,libdatrie,1.0,exact,confident,name identical in both managers; homepages 'https://github.com/tlwg/libdatrie' vs 'http://linux.thai.net/~thep/datrie/datrie.html',
libdazzle,,0.0,none,needs-review,no exact/normalized/alias/homepage evidence; fuzzy suggestions listed for review,libdrizzle
libdbi,libdbi,1.0,exact,confident,name identical in both managers; homepages 'https://libdbi.sourceforge.net/' vs 'http://libdbi.sourceforge.net',
libdbusmenu,libdbusmenu,1.0,exact,confident,name identical in both managers; homepages 'https://launchpad.net/libdbusmenu' vs 'http://launchpad.net/ubuntu/karmic/+source/libdbusmenu',
libdc1394,libdc1394,1.0,exact,confident,name identical in both managers; homepages 'https://damien.douxchamps.net/ieee1394/libdc1394/' vs 'http://sourceforge.net/projects/libdc1394',
libdca,libdca,1.0,exact,confident,name identical in both managers; homepages 'https://www.videolan.org/developers/libdca.html' vs 'http://www.videolan.org/developers/libdca.html',
libde265,libde265.0-shlibs,0.9,homepage,confident,same upstream 'https://github.com/strukturag/libde265' (desc overlap 0.80),
libdecor,,0.0,none,missing,no exact/normalized/alias/homepage evidence; no lookalikes either,
libdeflate,,0.0,none,needs-review,no exact/normalized/alias/homepage evidence; same homepage 'https://github.com/ebiggers/libdeflate' as 'libdeflate0-shlibs' but desc overlap only 0.09; no lookalikes either,
libdex,,0.0,none,missing,no exact/normalized/alias/homepage evidence; no lookalikes either,
libdicom,,0.0,none,missing,no exact/normalized/alias/homepage evidence; no lookalikes either,
libdill,,0.0,none,missing,no exact/normalized/alias/homepage evidence; no lookalikes either,
libdiscid,libdiscid,1.0,exact,confident,name identical in both managers; homepages 'https://musicbrainz.org/doc/libdiscid' vs 'http://musicbrainz.org/doc/libdiscid/',
libdivecomputer,,0.0,none,missing,no exact/normalized/alias/homepage evidence; no lookalikes either,
libdivide,,0.0,none,missing,no exact/normalized/alias/homepage evidence; no lookalikes either,
libdivsufsort,,0.0,none,missing,no exact/normalized/alias/homepage evidence; no lookalikes either,
libdmtx,libdmtx,1.0,exact,confident,name identical in both managers; homepages 'https://libdmtx.sourceforge.net/' vs '',
libdmx,,0.0,none,needs-review,no exact/normalized/alias/homepage evidence; fuzzy suggestions listed for review,libdmtx; libmxp
libdnet,libdnet,1.0,exact,confident,name identical in both managers; homepages 'https://github.com/ofalk/libdnet' vs 'http://libdnet.sourceforge.net/',
libdom,,0.0,none,needs-review,no exact/normalized/alias/homepage evidence; fuzzy suggestions listed for review,libgdome0
libdpp,,0.0,none,missing,no exact/normalized/alias/homepage evidence; no lookalikes either,
libdrawtext,,0.0,none,missing,no exact/normalized/alias/homepage evidence; no lookalikes either,
libdrm,,0.0,none,needs-review,no exact/normalized/alias/homepage evidence; fuzzy suggestions listed for review,libcdr
libdshconfig,,0.0,none,needs-review,no exact/normalized/alias/homepage evidence; fuzzy suggestions listed for review,libconfig8; libconfig9
libdsk,,0.0,none,needs-review,no exact/normalized/alias/homepage evidence; fuzzy suggestions listed for review,lib3ds
libdv,,0.0,none,needs-review,no exact/normalized/alias/homepage evidence; fuzzy suggestions listed for review,libdv4; libev; libmd
libdvbcsa,,0.0,none,needs-review,no exact/normalized/alias/homepage evidence; fuzzy suggestions listed for review,libdca
libdvbpsi,libdvbpsi,1.0,exact,confident,name identical in both managers; homepages 'https://www.videolan.org/developers/libdvbpsi.html' vs '',
libdvdcss,libdvdcss,1.0,exact,confident,name identical in both managers; homepages 'https://www.videolan.org/developers/libdvdcss.html' vs 'http://www.videolan.org/libdvdcss/index.html',
libdvdnav,libdvdnav,1.0,exact,confident,name identical in both managers; homepages 'https://www.videolan.org/developers/libdvdnav.html' vs 'http://dvd.sourceforge.net/',
libdvdread,,0.0,none,needs-review,no exact/normalized/alias/homepage evidence; same homepage 'https://www.videolan.org/developers/libdvdnav.html' as 'libdvdread.3-shlibs' but versions '7.1.1' vs '0.9.7'; fuzzy suggestions listed for review,libdvdread.3; libdvdread4
libeatmydata,,0.0,none,missing,no exact/normalized/alias/homepage evidence; no lookalikes either,
libebml,libebml,1.0,exact,confident,name identical in both managers; homepages 'https://www.matroska.org/' vs 'http://dl.matroska.org/downloads/libebml/',
libebur128,,0.0,none,missing,no exact/normalized/alias/homepage evidence; no lookalikes either,
libecpint,,0.0,none,missing,no exact/normalized/alias/homepage evidence; no lookalikes either,
libedit,libedit,1.0,exact,confident,name identical in both managers; homepages 'https://thrysoee.dk/editline/' vs 'http://www.thrysoee.dk/editline',
libelf,libelf,1.0,exact,confident,name identical in both managers; homepages 'https://fossies.org/linux/misc/old/libelf-0.8.13.tar.gz/' vs 'http://directory.fsf.org/libs/misc/libelf.html',
libemf2svg,,0.0,none,missing,no exact/normalized/alias/homepage evidence; no lookalikes either,
libepoxy,,0.0,none,needs-review,no exact/normalized/alias/homepage evidence; fuzzy suggestions listed for review,libproxy0; libproxy1; libsexy
libesedb,,0.0,none,missing,no exact/normalized/alias/homepage evidence; no lookalikes either,
libestr,,0.0,none,needs-review,no exact/normalized/alias/homepage evidence; fuzzy suggestions listed for review,libesmtp
libetonyek,libetonyek,1.0,exact,confident,name identical in both managers; homepages 'https://wiki.documentfoundation.org/DLP/Libraries/libetonyek' vs 'http://www.freedesktop.org/wiki/Software/libetonyek/',
libetpan,libetpan,1.0,exact,confident,name identical in both managers; homepages 'https://www.etpan.org/libetpan.html' vs 'http://libetpan.sourceforge.net',
libev,libev,1.0,exact,confident,name identical in both managers; homepages 'https://software.schmorp.de/pkg/libev.html' vs 'http://software.schmorp.de/pkg/libev.html',
libevdev,,0.0,none,missing,no exact/normalized/alias/homepage evidence; no lookalikes either,
libevent,,0.0,none,needs-review,no exact/normalized/alias/homepage evidence; same homepage 'https://libevent.org/' as 'libevent1.4-shlibs' but desc overlap only 0.06; versions '2.1.13' vs '1.4.15'; fuzzy suggestions listed for review,libevent1; libevent2; libevent1.4
libewf,,0.0,none,needs-review,no exact/normalized/alias/homepage evidence; fuzzy suggestions listed for review,libelf; libemf; libwmf
libexif,libexif,1.0,exact,confident,name identical in both managers; homepages 'https://libexif.github.io/' vs 'http://home.bawue.de/~lutz/',
libexosip,,0.0,none,needs-review,no exact/normalized/alias/homepage evidence; fuzzy suggestions listed for review,libosip1; libosip2
libextractor,libextractor,1.0,exact,confident,name identical in both managers; homepages 'https://www.gnu.org/software/libextractor/' vs 'http://www.gnu.org/software/libextractor',
libfabric,,0.0,none,missing,no exact/normalized/alias/homepage evidence; no lookalikes either,
libfaketime,libfaketime,1.0,exact,confident,name identical in both managers; homepages 'https://github.com/wolfcw/libfaketime' vs '',
libfastjson,,0.0,none,missing,no exact/normalized/alias/homepage evidence; no lookalikes either,
libff,,0.0,none,needs-review,no exact/normalized/alias/homepage evidence; fuzzy suggestions listed for review,libffi; libffi6; libtiff
libffcall,,0.0,none,needs-review,no exact/normalized/alias/homepage evidence; fuzzy suggestions listed for review,ffcall
libffi,libffi,1.0,exact,confident,name identical in both managers; homepages 'https://sourceware.org/libffi/' vs '',
libfido2,,0.0,none,needs-review,no exact/normalized/alias/homepage evidence; fuzzy suggestions listed for review,klibido; libidl2
libfishsound,,0.0,none,missing,no exact/normalized/alias/homepage evidence; no lookalikes either,
libfixbuf,,0.0,none,missing,no exact/normalized/alias/homepage evidence; no lookalikes either,
libfixposix,,0.0,none,missing,no exact/normalized/alias/homepage evidence; no lookalikes either,
libflowmanager,,0.0,none,missing,no exact/normalized/alias/homepage evidence; no lookalikes either,
libfontenc,,0.0,none,missing,no exact/normalized/alias/homepage evidence; no lookalikes either,
libforensic1394,,0.0,none,missing,no exact/normalized/alias/homepage evidence; no lookalikes either,
libformfactor,,0.0,none,missing,no exact/normalized/alias/homepage evidence; no lookalikes either,
libfreefare,,0.0,none,missing,no exact/normalized/alias/homepage evidence; no lookalikes either,
libfreehand,libfreehand,1.0,exact,confident,name identical in both managers; homepages 'https://wiki.documentfoundation.org/DLP/Libraries/libfreehand' vs 'https://wiki.documentfoundation.org/DLP/Libraries/libfreehand',
libfreenect,libfreenect,1.0,exact,confident,name identical in both managers; homepages 'https://openkinect.org/' vs 'http://openkinect.org',
libfs,,0.0,none,needs-review,no exact/normalized/alias/homepage evidence; fuzzy suggestions listed for review,libfm
libftdi,libftdi,1.0,exact,confident,name identical in both managers; homepages 'https://www.intra2net.com/en/developer/libftdi' vs 'http://www.intra2net.com/en/developer/libftdi/index.php',
libfuse,,0.0,none,missing,no exact/normalized/alias/homepage evidence; no lookalikes either,
libfuse@2,,0.0,none,missing,no exact/normalized/alias/homepage evidence; no lookalikes either,
libfyaml,,0.0,none,needs-review,no exact/normalized/alias/homepage evidence; fuzzy suggestions listed for review,libyaml
libgadu,,0.0,none,needs-review,no exact/normalized/alias/homepage evidence; fuzzy suggestions listed for review,libgaul0; libglade
libgccjit,,0.0,none,needs-review,no exact/normalized/alias/homepage evidence; same homepage 'https://gcc.gnu.org/' as 'mingw-gcc' but versions '16.2.0' vs '4.1.0'; no lookalikes either,
libgcrypt,libgcrypt,1.0,exact,confident,name identical in both managers; homepages 'https://gnupg.org/related_software/libgcrypt/' vs 'http://directory.fsf.org/project/libgcrypt/',
libgda,libgda,1.0,exact,confident,name identical in both managers; homepages 'https://www.gnome-db.org/' vs 'http://www.gnome-db.org',
libgdata,,0.0,none,needs-review,no exact/normalized/alias/homepage evidence; fuzzy suggestions listed for review,libgda; libgeda
libgedit-amtk,,0.0,none,missing,no exact/normalized/alias/homepage evidence; no lookalikes either,
libgedit-gfls,,0.0,none,missing,no exact/normalized/alias/homepage evidence; no lookalikes either,
libgedit-gtksourceview,,0.0,none,missing,no exact/normalized/alias/homepage evidence; no lookalikes either,
libgedit-tepl,,0.0,none,missing,no exact/normalized/alias/homepage evidence; no lookalikes either,
libgee,libgee,1.0,exact,confident,name identical in both managers; homepages 'https://gitlab.gnome.org/GNOME/libgee' vs 'http://live.gnome.org/Libgee',
libgeotiff,libgeotiff,1.0,exact,confident,name identical in both managers; homepages 'https://github.com/OSGeo/libgeotiff' vs 'http://trac.osgeo.org/geotiff/',
libgetdata,,0.0,none,needs-review,no exact/normalized/alias/homepage evidence; fuzzy suggestions listed for review,libgeda
libgfshare,,0.0,none,missing,no exact/normalized/alias/homepage evidence; no lookalikes either,
libghthash,,0.0,none,missing,no exact/normalized/alias/homepage evidence; no lookalikes either,
libgig,,0.0,none,needs-review,no exact/normalized/alias/homepage evidence; fuzzy suggestions listed for review,libgig1; libagg; libggz
libgit2,libgit2,1.0,exact,confident,name identical in both managers; homepages 'https://libgit2.org/' vs 'http://libgit2.github.com',
libgit2-glib,,0.0,none,missing,no exact/normalized/alias/homepage evidence; no lookalikes either,
libgit2@1.7,,0.0,none,needs-review,no exact/normalized/alias/homepage evidence; fuzzy suggestions listed for review,libgit2.21; libgit2.27; libgit2
libgit2@1.8,,0.0,none,needs-review,no exact/normalized/alias/homepage evidence; fuzzy suggestions listed for review,libgit2.21; libgit2.28; libgit2
libgnt,,0.0,none,needs-review,no exact/normalized/alias/homepage evidence; same homepage 'https://pidgin.im/' as 'pidgin' but desc overlap only 0.00; fuzzy suggestions listed for review,libnet
libgoa,,0.0,none,needs-review,no exact/normalized/alias/homepage evidence; fuzzy suggestions listed for review,libgda
libgosu,,0.0,none,needs-review,no exact/normalized/alias/homepage evidence; fuzzy suggestions listed for review,libgeos2; libgeos3; libgksu2
libgpg-error,libgpg-error,1.0,exact,confident,name identical in both managers; homepages 'https://www.gnupg.org/related_software/libgpg-error/' vs 'https://gnupg.org/software/libgpg-error/index.html',
libgphoto2,libgphoto2,1.0,exact,confident,name identical in both managers; homepages 'http://www.gphoto.org/proj/libgphoto2/' vs 'http://www.gphoto.org',
libgr,,0.0,none,needs-review,no exact/normalized/alias/homepage evidence; fuzzy suggestions listed for review,libgrx
libgrape-lite,,0.0,none,missing,no exact/normalized/alias/homepage evidence; no lookalikes either,
libgrapheme,,0.0,none,missing,no exact/normalized/alias/homepage evidence; no lookalikes either,
libgsf,libgsf,1.0,exact,confident,name identical in both managers; homepages 'https://gitlab.gnome.org/GNOME/libgsf' vs 'http://www.gnumeric.org',
libgsm,,0.0,none,needs-review,no exact/normalized/alias/homepage evidence; fuzzy suggestions listed for review,libgsf; libsmi
libgtop,libgtop,1.0,exact,confident,name identical in both managers; homepages 'https://gitlab.gnome.org/GNOME/libgtop' vs 'http://www.gnome.org/softwaremap/projects/libgtop/',
libgudev,,0.0,none,needs-review,no exact/normalized/alias/homepage evidence; fuzzy suggestions listed for review,libgadu3-dev
libgusb,,0.0,none,needs-review,no exact/normalized/alias/homepage evidence; fuzzy suggestions listed for review,libusb; libusb1; libguess
libgweather,libgweather,1.0,exact,confident,name identical in both managers; homepages 'https://wiki.gnome.org/Projects/LibGWeather' vs 'http://www.gnome.org/',
libgxps,,0.0,none,missing,no exact/normalized/alias/homepage evidence; no lookalikes either,
libhandy,,0.0,none,missing,no exact/normalized/alias/homepage evidence; no lookalikes either,
libharu,,0.0,none,missing,no exact/normalized/alias/homepage evidence; no lookalikes either,
libhdhomerun,,0.0,none,missing,no exact/normalized/alias/homepage evidence; no lookalikes either,
libheif,,0.0,none,needs-review,no exact/normalized/alias/homepage evidence; fuzzy suggestions listed for review,libexif; libkexif
libheif-plugins,,0.0,none,missing,no exact/normalized/alias/homepage evidence; no lookalikes either,
libheinz,,0.0,none,missing,no exact/normalized/alias/homepage evidence; no lookalikes either,
libhttpserver,,0.0,none,missing,no exact/normalized/alias/homepage evidence; no lookalikes either,
libhubbub,,0.0,none,missing,no exact/normalized/alias/homepage evidence; no lookalikes either,
libical,libical,1.0,exact,confident,name identical in both managers; homepages 'https://libical.github.io/libical/' vs 'http://sourceforge.net/projects/freeassociation',
libice,,0.0,none,needs-review,no exact/normalized/alias/homepage evidence; fuzzy suggestions listed for review,libnice; libnice10
libicns,,0.0,none,needs-review,no exact/normalized/alias/homepage evidence; fuzzy suggestions listed for review,libicns1; libiconv
libiconv,libiconv,1.0,exact,confident,name identical in both managers; homepages 'https://www.gnu.org/software/libiconv/' vs 'http://www.gnu.org/software/libiconv/',
libid3tag,libid3tag,1.0,exact,confident,name identical in both managers; homepages 'https://codeberg.org/tenacityteam/libid3tag' vs 'http://www.mars.org/home/rob/proj/mpeg/',
libident,libident,1.0,exact,confident,name identical in both managers; homepages 'https://www.remlab.net/libident/' vs 'http://www.remlab.net/files/libident',
libidl,,0.0,none,needs-review,no exact/normalized/alias/homepage evidence; fuzzy suggestions listed for review,libidl2; libidn
libidn,libidn,1.0,exact,confident,name identical in both managers; homepages 'https://www.gnu.org/software/libidn/' vs 'http://www.gnu.org/software/libidn/',
libidn2,libidn2.0-shlibs,0.9,homepage,confident,same upstream 'https://www.gnu.org/software/libidn/#libidn2' (desc overlap 0.20),
libigloo,,0.0,none,needs-review,no exact/normalized/alias/homepage evidence; same homepage 'https://icecast.org/' as 'shout' but desc overlap only 0.07; no lookalikes either,
libilbc,,0.0,none,needs-review,no exact/normalized/alias/homepage evidence; fuzzy suggestions listed for review,libiodbc
libimagequant,,0.0,none,needs-review,no exact/normalized/alias/homepage evidence; fuzzy suggestions listed for review,libimagequant0
libimobiledevice,libimobiledevice,1.0,exact,confident,name identical in both managers; homepages 'https://www.libimobiledevice.org/' vs 'http://www.libimobiledevice.org/',
libimobiledevice-glue,libplist1,0.9,homepage,confident,same upstream 'https://libimobiledevice.org/' (desc overlap 0.15),
libint,,0.0,none,needs-review,no exact/normalized/alias/homepage evidence; fuzzy suggestions listed for review,libident; libidn; libnet
libiodbc,libiodbc,1.0,exact,confident,name identical in both managers; homepages 'https://www.iodbc.org/' vs 'http://www.mysql.com/',
libiptcdata,,0.0,none,missing,no exact/normalized/alias/homepage evidence; no lookalikes either,
libirecovery,,0.0,ambiguous,needs-review,homepage shared by several targets,libimobiledevice; libimobiledevice-py%type_pkg[python]
libiscsi,,0.0,none,needs-review,no exact/normalized/alias/homepage evidence; fuzzy suggestions listed for review,libdiscid
libisofs,libisofs,1.0,exact,confident,name identical in both managers; homepages 'https://dev.lovelyhq.com/libburnia/libisofs' vs 'http://libburnia-project.org/wiki/Libisofs',
libjaylink,,0.0,none,needs-review,no exact/normalized/alias/homepage evidence; same homepage 'https://gitlab.zapb.de/libjaylink/libjaylink' as 'libjaylink0-shlibs' but desc overlap only 0.00; no lookalikes either,
libjcat,,0.0,none,needs-review,no exact/normalized/alias/homepage evidence; fuzzy suggestions listed for review,libecat
libjodycode,,0.0,none,missing,no exact/normalized/alias/homepage evidence; no lookalikes either,
libjson-rpc-cpp,,0.0,none,missing,no exact/normalized/alias/homepage evidence; no lookalikes either,
libjuice,,0.0,none,needs-review,no exact/normalized/alias/homepage evidence; fuzzy suggestions listed for review,libnice
libjwt,,0.0,none,missing,no exact/normalized/alias/homepage evidence; no lookalikes either,
libkate,,0.0,none,missing,no exact/normalized/alias/homepage evidence; no lookalikes either,
libkeccak,,0.0,none,missing,no exact/normalized/alias/homepage evidence; no lookalikes either,
libkeyfinder,,0.0,none,missing,no exact/normalized/alias/homepage evidence; no lookalikes either,
libkiwix,,0.0,none,needs-review,no exact/normalized/alias/homepage evidence; fuzzy suggestions listed for review,libkipi
libkml,,0.0,none,needs-review,no exact/normalized/alias/homepage evidence; fuzzy suggestions listed for review,libxml
libks,,0.0,none,needs-review,no exact/normalized/alias/homepage evidence; fuzzy suggestions listed for review,links
libksba,,0.0,none,needs-review,no exact/normalized/alias/homepage evidence; fuzzy suggestions listed for review,libksba8
liblbfgs,,0.0,none,missing,no exact/normalized/alias/homepage evidence; no lookalikes either,
liblc3,,0.0,none,missing,no exact/normalized/alias/homepage evidence; no lookalikes either,
liblcf,,0.0,none,needs-review,no exact/normalized/alias/homepage evidence; fuzzy suggestions listed for review,libelf
liblerc,liblerc4-shlibs,0.9,homepage,confident,same upstream 'https://github.com/Esri/lerc' (desc overlap 0.71),
liblinear,,0.0,none,missing,no exact/normalized/alias/homepage evidence; no lookalikes either,
liblo,liblo7,0.9,homepage,confident,same upstream 'https://liblo.sourceforge.net/' (desc overlap 0.33),
liblockfile,,0.0,none,missing,no exact/normalized/alias/homepage evidence; no lookalikes either,
liblouis,liblouis,1.0,exact,confident,name identical in both managers; homepages 'https://liblouis.io' vs 'http://liblouis.googlecode.com',
liblqr,,0.0,none,needs-review,no exact/normalized/alias/homepage evidence; same homepage 'https://liblqr.wikidot.com/' as 'liblqr1' but desc overlap only 0.00; fuzzy suggestions listed for review,liblqr1
libltc,,0.0,none,needs-review,no exact/normalized/alias/homepage evidence; fuzzy suggestions listed for review,libtcd
liblxi,,0.0,none,needs-review,no exact/normalized/alias/homepage evidence; fuzzy suggestions listed for review,libxmi
liblzf,,0.0,none,needs-review,no exact/normalized/alias/homepage evidence; fuzzy suggestions listed for review,libelf; liblz1
libmaa,,0.0,none,needs-review,no exact/normalized/alias/homepage evidence; fuzzy suggestions listed for review,libmad
libmagic,,0.0,none,needs-review,no exact/normalized/alias/homepage evidence; same homepage 'https://www.darwinsys.com/file/' as 'file-py%type_pkg[python]' but desc overlap only 0.14; no lookalikes either,
libmapper,,0.0,none,missing,no exact/normalized/alias/homepage evidence; no lookalikes either,
libmarpa,,0.0,none,missing,no exact/normalized/alias/homepage evidence; no lookalikes either,
libmatio,libmatio,1.0,exact,confident,name identical in both managers; homepages 'https://matio.sourceforge.net/' vs 'http://sourceforge.net/projects/matio',
libmatroska,libmatroska,1.0,exact,confident,name identical in both managers; homepages 'https://www.matroska.org/' vs 'http://dl.matroska.org/downloads/libmatroska/',
libmaxminddb,libmaxminddb,1.0,exact,confident,name identical in both managers; homepages 'https://maxmind.github.io/libmaxminddb/' vs 'http://maxmind.github.io/libmaxminddb/',
libmd,libmd,1.0,exact,confident,name identical in both managers; homepages 'https://www.hadrons.org/software/libmd/' vs '',
libmediainfo,,0.0,none,needs-review,no exact/normalized/alias/homepage evidence; fuzzy suggestions listed for review,libmediainfo0
libmemcached,,0.0,none,needs-review,no exact/normalized/alias/homepage evidence; fuzzy suggestions listed for review,libmemcache; memcached
libmetalink,,0.0,ambiguous,needs-review,homepage shared by several targets,libmetalink2; libmetalink3
libmicrohttpd,,0.0,none,missing,no exact/normalized/alias/homepage evidence; no lookalikes either,
libmikmod,libmikmod,1.0,exact,confident,name identical in both managers; homepages 'https://mikmod.sourceforge.net/' vs 'http://www.mikmod.org',
libmms,,0.0,none,needs-review,no exact/normalized/alias/homepage evidence; fuzzy suggestions listed for review,libmms0; libmcs
libmng,,0.0,none,needs-review,no exact/normalized/alias/homepage evidence; fuzzy suggestions listed for review,libmng2
libmnl,,0.0,none,needs-review,no exact/normalized/alias/homepage evidence; fuzzy suggestions listed for review,libxml
libmobi,,0.0,none,needs-review,no exact/normalized/alias/homepage evidence; fuzzy suggestions listed for review,libmb
libmodbus,libmodbus,1.0,exact,confident,name identical in both managers; homepages 'https://libmodbus.org/' vs 'http://libmodbus.org/',
libmodplug,libmodplug,1.0,exact,confident,name identical in both managers; homepages 'https://modplug-xmms.sourceforge.net/' vs 'http://modplug-xmms.sourceforge.net',
libmonome,,0.0,none,missing,no exact/normalized/alias/homepage evidence; no lookalikes either,
libmowgli,libmowgli,1.0,exact,confident,name identical in both managers; homepages 'https://github.com/atheme/libmowgli-2' vs 'http://www.atheme.org/projects/mowgli',
libmp3splt,libmp3splt,1.0,exact,confident,name identical in both managers; homepages 'https://mp3splt.sourceforge.net/mp3splt_page/home.php' vs 'http://mp3splt.sourceforge.net',
libmpc,,0.0,ambiguous,needs-review,homepage shared by several targets,libmpc3; libmpc3%type_pkg[-64bit]; libmcs; libmpd
libmpd,libmpd,1.0,exact,confident,name identical in both managers; homepages 'https://gmpc.fandom.com/wiki/Gnome_Music_Player_Client' vs 'http://mpd.wikia.com',
libmpdclient,libmpdclient,1.0,exact,confident,name identical in both managers; homepages 'https://www.musicpd.org/libs/libmpdclient/' vs 'http://mpd.wikia.com/wiki/ClientLib:libmpdclient',
libmpeg2,,0.0,none,needs-review,no exact/normalized/alias/homepage evidence; fuzzy suggestions listed for review,libmpeg; libjpeg; libmng2
libmps,,0.0,none,needs-review,no exact/normalized/alias/homepage evidence; fuzzy suggestions listed for review,libmcs; libmpd; libmtp
libmrss,,0.0,none,needs-review,no exact/normalized/alias/homepage evidence; fuzzy suggestions listed for review,libmrss0; libressl
libmspub,libmspub,1.0,exact,confident,name identical in both managers; homepages 'https://wiki.documentfoundation.org/DLP/Libraries/libmspub' vs 'https://wiki.documentfoundation.org/DLP/Libraries/libmspub',
libmsquic,,0.0,none,missing,no exact/normalized/alias/homepage evidence; no lookalikes either,
libmtp,libmtp,1.0,exact,confident,name identical in both managers; homepages 'https://libmtp.sourceforge.net/' vs 'http://libmtp.sourceforge.net/',
libmusicbrainz,libmusicbrainz5.0-shlibs,0.9,homepage,confident,same upstream 'https://musicbrainz.org/doc/libmusicbrainz' (desc overlap 0.33),
libmwaw,,0.0,none,needs-review,no exact/normalized/alias/homepage evidence; same homepage 'https://sourceforge.net/p/libmwaw/wiki/Home/' as 'libmwaw-0.2' but desc overlap only 0.08; fuzzy suggestions listed for review,libmwaw-0.2; libmwaw-0.3
libmxml,,0.0,none,needs-review,no exact/normalized/alias/homepage evidence; fuzzy suggestions listed for review,libxml; libxml++1; libxml++2
libmypaint,,0.0,none,missing,no exact/normalized/alias/homepage evidence; no lookalikes either,
libmysofa,,0.0,none,missing,no exact/normalized/alias/homepage evidence; no lookalikes either,
libnatpmp,,0.0,none,needs-review,no exact/normalized/alias/homepage evidence; fuzzy suggestions listed for review,libnet-pm
libnet,libnet,1.0,exact,confident,name identical in both managers; homepages 'https://codedocs.xyz/libnet/libnet/' vs 'http://www.packetfactory.net/projects/libnet/',
libnetfilter-queue,,0.0,none,missing,no exact/normalized/alias/homepage evidence; no lookalikes either,
libnetfilter_conntrack,,0.0,none,missing,no exact/normalized/alias/homepage evidence; no lookalikes either,
libnetworkit,,0.0,none,missing,no exact/normalized/alias/homepage evidence; no lookalikes either,
libnfc,libnfc,1.0,exact,confident,name identical in both managers; homepages 'https://github.com/nfc-tools/libnfc' vs 'http://www.libnfc.org/',
libnfnetlink,,0.0,none,missing,no exact/normalized/alias/homepage evidence; no lookalikes either,
libnfs,,0.0,none,needs-review,no exact/normalized/alias/homepage evidence; fuzzy suggestions listed for review,libnfc
libnftnl,,0.0,none,missing,no exact/normalized/alias/homepage evidence; no lookalikes either,
libnghttp2,,0.0,none,needs-review,no exact/normalized/alias/homepage evidence; fuzzy suggestions listed for review,libnghttp2.5; libnghttp2.14; libghttp
libnghttp3,,0.0,none,needs-review,no exact/normalized/alias/homepage evidence; fuzzy suggestions listed for review,libghttp; libnghttp2.5; libnghttp2.14
libngspice,,0.0,none,needs-review,no exact/normalized/alias/homepage evidence; fuzzy suggestions listed for review,libnice; ngspice
libngtcp2,,0.0,none,needs-review,no exact/normalized/alias/homepage evidence; fuzzy suggestions listed for review,libgtop2; libnghttp2.5
libnice,libnice,1.0,exact,confident,name identical in both managers; homepages 'https://wiki.freedesktop.org/nice/' vs 'http://nice.freedesktop.org/wiki',
libnice-gstreamer,,0.0,none,missing,no exact/normalized/alias/homepage evidence; no lookalikes either,
libnids,libnids,1.0,exact,confident,name identical in both managers; homepages 'https://libnids.sourceforge.net/' vs '',
libnl,,0.0,none,needs-review,no exact/normalized/alias/homepage evidence; fuzzy suggestions listed for review,libnasl
libnotify,libnotify,1.0,exact,confident,name identical in both managers; homepages 'https://gitlab.gnome.org/GNOME/libnotify' vs 'http://www.galago-project.org',
libnova,,0.0,none,missing,no exact/normalized/alias/homepage evidence; no lookalikes either,
libnpupnp,,0.0,none,needs-review,no exact/normalized/alias/homepage evidence; fuzzy suggestions listed for review,libupnp3
libnsbmp,,0.0,none,missing,no exact/normalized/alias/homepage evidence; no lookalikes either,
libnsgif,,0.0,none,needs-review,no exact/normalized/alias/homepage evidence; fuzzy suggestions listed for review,libungif
libnsl,,0.0,none,needs-review,no exact/normalized/alias/homepage evidence; fuzzy suggestions listed for review,libnasl; libnasl3
libntlm,,0.0,none,needs-review,no exact/normalized/alias/homepage evidence; fuzzy suggestions listed for review,libnet-pm
libnxml,,0.0,none,needs-review,no exact/normalized/alias/homepage evidence; fuzzy suggestions listed for review,libnxml0; libxml; libxml++1
liboauth,,0.0,none,needs-review,no exact/normalized/alias/homepage evidence; fuzzy suggestions listed for review,libmath++
libobjc2,,0.0,none,needs-review,no exact/normalized/alias/homepage evidence; fuzzy suggestions listed for review,libiodbc2
libodfgen,libodfgen,1.0,exact,confident,name identical in both managers; homepages 'https://sourceforge.net/p/libwpd/wiki/libodfgen/' vs 'http://libwpd.sourceforge.net',
libofx,,0.0,none,needs-review,no exact/normalized/alias/homepage evidence; fuzzy suggestions listed for review,libofx3; libofx4; libofx5
libogg,libogg,1.0,exact,confident,name identical in both managers; homepages 'https://www.xiph.org/ogg/' vs 'http://www.vorbis.com',
liboil,,0.0,none,needs-review,no exact/normalized/alias/homepage evidence; fuzzy suggestions listed for review,liboil-0.3
libomemo-c,,0.0,none,missing,no exact/normalized/alias/homepage evidence; no lookalikes either,
libomp,,0.0,none,needs-review,no exact/normalized/alias/homepage evidence; fuzzy suggestions listed for review,libmpd; libmtp; libmxp
libopenmpt,,0.0,none,missing,no exact/normalized/alias/homepage evidence; no lookalikes either,
libopennet,,0.0,none,missing,no exact/normalized/alias/homepage evidence; no lookalikes either,
liboping,liboping,1.0,exact,confident,name identical in both managers; homepages 'https://noping.cc/' vs 'http://verplant.org/liboping',
libopusenc,,0.0,ambiguous,needs-review,homepage shared by several targets,libopusenc0-shlibs; libopusfile0-shlibs; opus-tools
liboqs,,0.0,none,missing,no exact/normalized/alias/homepage evidence; no lookalikes either,
liborigin,liborigin,1.0,exact,confident,name identical in both managers; homepages 'https://sourceforge.net/projects/liborigin/' vs '',
libosinfo,,0.0,none,missing,no exact/normalized/alias/homepage evidence; no lookalikes either,
libosip,,0.0,none,needs-review,no exact/normalized/alias/homepage evidence; fuzzy suggestions listed for review,libosip1; libosip2
libosmium,,0.0,none,needs-review,no exact/normalized/alias/homepage evidence; fuzzy suggestions listed for review,libsmi
libotr,libotr,1.0,exact,confident,name identical in both managers; homepages 'https://otr.cypherpunks.ca/' vs 'http://www.cypherpunks.ca/otr',
libowfat,,0.0,none,missing,no exact/normalized/alias/homepage evidence; no lookalikes either,
libp11,,0.0,none,needs-review,no exact/normalized/alias/homepage evidence; fuzzy suggestions listed for review,libdap11
libpagemaker,,0.0,none,needs-review,no exact/normalized/alias/homepage evidence; same homepage 'https://wiki.documentfoundation.org/DLP/Libraries/libpagemaker' as 'libpagemaker0-dev' but desc overlap only 0.10; fuzzy suggestions listed for review,libpagemaker0-dev
libpaho-mqtt,,0.0,none,missing,no exact/normalized/alias/homepage evidence; no lookalikes either,
libpanel,,0.0,none,missing,no exact/normalized/alias/homepage evidence; no lookalikes either,
libpano,,0.0,none,needs-review,no exact/normalized/alias/homepage evidence; same homepage 'https://panotools.sourceforge.net/' as 'libpano12' but desc overlap only 0.00; fuzzy suggestions listed for review,libpano12; libpano13; libpano13.2
libpaper,,0.0,none,needs-review,no exact/normalized/alias/homepage evidence; fuzzy suggestions listed for review,libpaper1; libnipper; libpar2
libparserutils,,0.0,none,missing,no exact/normalized/alias/homepage evidence; no lookalikes either,
libpathrs,,0.0,none,missing,no exact/normalized/alias/homepage evidence; no lookalikes either,
libpcap,libpcap,1.0,exact,confident,name identical in both managers; homepages 'https://www.tcpdump.org/' vs 'http://www.tcpdump.org/',
libpciaccess,,0.0,none,missing,no exact/normalized/alias/homepage evidence; no lookalikes either,
libpcl,,0.0,none,needs-review,no exact/normalized/alias/homepage evidence; fuzzy suggestions listed for review,libctl
libpeas,,0.0,none,needs-review,no exact/normalized/alias/homepage evidence; fuzzy suggestions listed for review,libpgeasy; libpaps0
libpeas@1,,0.0,none,needs-review,no exact/normalized/alias/homepage evidence; fuzzy suggestions listed for review,libpgeasy; libast1
libpg_query,,0.0,none,missing,no exact/normalized/alias/homepage evidence; no lookalikes either,
libpgm,,0.0,none,needs-review,no exact/normalized/alias/homepage evidence; fuzzy suggestions listed for review,libpgm52; libpgf; libwpg
libphonenumber,,0.0,none,missing,no exact/normalized/alias/homepage evidence; no lookalikes either,
libpinyin,,0.0,none,missing,no exact/normalized/alias/homepage evidence; no lookalikes either,
libpipeline,,0.0,none,missing,no exact/normalized/alias/homepage evidence; no lookalikes either,
libplacebo,,0.0,none,missing,no exact/normalized/alias/homepage evidence; no lookalikes either,
libplctag,,0.0,none,missing,no exact/normalized/alias/homepage evidence; no lookalikes either,
libplist,,0.0,none,needs-review,no exact/normalized/alias/homepage evidence; same homepage 'https://libimobiledevice.org/' as 'libplist1' but versions '2.7.0' vs '1.10'; fuzzy suggestions listed for review,libplist1; libproplist
libpng,,0.0,ambiguous,needs-review,homepage shared by several targets,libpng14; libpng15; libpng15-32bit; libpng16; libpng16-32bit
libpointing,,0.0,none,missing,no exact/normalized/alias/homepage evidence; no lookalikes either,
libpoker-eval,libpoker-eval,1.0,exact,confident,name identical in both managers; homepages 'https://pokersource.sourceforge.net/' vs 'http://pokersource.org/poker-eval',
libpostal,,0.0,none,missing,no exact/normalized/alias/homepage evidence; no lookalikes either,
libpostal-rest,,0.0,none,missing,no exact/normalized/alias/homepage evidence; no lookalikes either,
libpq,,0.0,none,needs-review,no exact/normalized/alias/homepage evidence; fuzzy suggestions listed for review,libpqpp; libpqxx; libqd
libpq@16,,0.0,none,needs-review,no exact/normalized/alias/homepage evidence; fuzzy suggestions listed for review,libpng16
libpq@17,,0.0,none,missing,no exact/normalized/alias/homepage evidence; no lookalikes either,
libpqxx,libpqxx,1.0,exact,confident,name identical in both managers; homepages 'https://pqxx.org/development/libpqxx/' vs 'http://gborg.postgresql.org/project/libpqxx/',
libprelude,,0.0,none,missing,no exact/normalized/alias/homepage evidence; no lookalikes either,
libprotoident,,0.0,none,missing,no exact/normalized/alias/homepage evidence; no lookalikes either,
libproxy,,0.0,none,needs-review,no exact/normalized/alias/homepage evidence; fuzzy suggestions listed for review,libproxy0; libproxy1; ziproxy
libpsl,libpsl5-shlibs,0.9,homepage,confident,same upstream 'https://rockdaboot.github.io/libpsl' (desc overlap 0.38),
libpst,,0.0,none,needs-review,no exact/normalized/alias/homepage evidence; fuzzy suggestions listed for review,libwps; libplist1
libpthread-stubs,,0.0,none,missing,no exact/normalized/alias/homepage evidence; no lookalikes either,
libptytty,,0.0,none,missing,no exact/normalized/alias/homepage evidence; no lookalikes either,
libpulsar,,0.0,none,missing,no exact/normalized/alias/homepage evidence; no lookalikes either,
libqalculate,,0.0,none,needs-review,no exact/normalized/alias/homepage evidence; same homepage 'https://qalculate.github.io/' as 'libqalculate21-shlibs' but desc overlap only 0.12; versions '5.12.0' vs '3.20.0'; no lookalikes either,
libquantum,,0.0,none,missing,no exact/normalized/alias/homepage evidence; no lookalikes either,
libquicktime,libquicktime1,0.9,homepage,confident,same upstream 'https://libquicktime.sourceforge.net/' (desc overlap 0.44),
libraqm,libraqm0-shlibs,0.9,homepage,confident,same upstream 'https://github.com/HOST-Oman/libraqm' (desc overlap 0.50),
librasterlite2,librasterlite2,1.0,exact,confident,name identical in both managers; homepages 'https://www.gaia-gis.it/fossil/librasterlite2/index' vs 'https://www.gaia-gis.it/fossil/librasterlite/index',
libraw,,0.0,ambiguous,needs-review,homepage shared by several targets,libraw10-shlibs; libraw20-shlibs; libkdcraw
librcsc,,0.0,none,missing,no exact/normalized/alias/homepage evidence; no lookalikes either,
librdkafka,,0.0,none,missing,no exact/normalized/alias/homepage evidence; no lookalikes either,
libre,,0.0,none,needs-review,no exact/normalized/alias/homepage evidence; fuzzy suggestions listed for review,libre2; librep; libev
libreadline-java,,0.0,none,needs-review,no exact/normalized/alias/homepage evidence; fuzzy suggestions listed for review,readline-java
librealsense,,0.0,none,missing,no exact/normalized/alias/homepage evidence; no lookalikes either,
libredwg,,0.0,none,missing,no exact/normalized/alias/homepage evidence; no lookalikes either,
librefang,,0.0,none,missing,no exact/normalized/alias/homepage evidence; no lookalikes either,
libreplaygain,,0.0,none,needs-review,no exact/normalized/alias/homepage evidence; same homepage 'https://www.musepack.net/' as 'libmpcdec3' but versions 'r475' vs '1.2.2'; no lookalikes either,
libresample,,0.0,none,missing,no exact/normalized/alias/homepage evidence; no lookalikes either,
librespot,,0.0,none,needs-review,no exact/normalized/alias/homepage evidence; fuzzy suggestions listed for review,librep
libressl,libressl,1.0,exact,confident,name identical in both managers; homepages 'https://www.libressl.org/' vs 'http://www.libressl.org/',
librest,,0.0,none,needs-review,no exact/normalized/alias/homepage evidence; fuzzy suggestions listed for review,libesmtp; libressl
libretls,,0.0,none,missing,no exact/normalized/alias/homepage evidence; no lookalikes either,
librevenge,librevenge,1.0,exact,confident,name identical in both managers; homepages 'https://sourceforge.net/p/libwpd/wiki/librevenge/' vs 'http://sourceforge.net/p/libwpd/wiki/librevenge/',
librime,,0.0,none,missing,no exact/normalized/alias/homepage evidence; no lookalikes either,
librist,,0.0,none,missing,no exact/normalized/alias/homepage evidence; no lookalikes either,
librsvg,librsvg,1.0,exact,confident,name identical in both managers; homepages 'https://wiki.gnome.org/Projects/LibRsvg' vs 'http://www.gnome.org/',
librsync,librsync,1.0,exact,confident,name identical in both managers; homepages 'https://librsync.github.io/' vs 'http://librsync.sourceforge.net/',
librtlsdr,,0.0,none,missing,no exact/normalized/alias/homepage evidence; no lookalikes either,
librttopo,,0.0,none,missing,no exact/normalized/alias/homepage evidence; no lookalikes either,
libsail,,0.0,none,missing,no exact/normalized/alias/homepage evidence; no lookalikes either,
libsais,,0.0,none,missing,no exact/normalized/alias/homepage evidence; no lookalikes either,
libsamplerate,,0.0,none,needs-review,no exact/normalized/alias/homepage evidence; fuzzy suggestions listed for review,libsamplerate0
libsass,,0.0,none,missing,no exact/normalized/alias/homepage evidence; no lookalikes either,
libsbol,,0.0,none,missing,no exact/normalized/alias/homepage evidence; no lookalikes either,
libscfg,,0.0,none,missing,no exact/normalized/alias/homepage evidence; no lookalikes either,
libscrypt,,0.0,none,needs-review,no exact/normalized/alias/homepage evidence; fuzzy suggestions listed for review,libgcrypt; libmcrypt; bcrypt
libseccomp,,0.0,none,missing,no exact/normalized/alias/homepage evidence; no lookalikes either,
libsecret,,0.0,none,missing,no exact/normalized/alias/homepage evidence; no lookalikes either,
libselinux,,0.0,none,missing,no exact/normalized/alias/homepage evidence; no lookalikes either,
libsepol,,0.0,none,needs-review,no exact/normalized/alias/homepage evidence; fuzzy suggestions listed for review,libpoll
libserdes,,0.0,none,missing,no exact/normalized/alias/homepage evidence; no lookalikes either,
libserialport,,0.0,none,missing,no exact/normalized/alias/homepage evidence; no lookalikes either,
libshout,libshout,1.0,exact,confident,name identical in both managers; homepages 'https://icecast.org/' vs 'http://developer.icecast.org/libshout/',
libshumate,,0.0,none,missing,no exact/normalized/alias/homepage evidence; no lookalikes either,
libsidplayfp,,0.0,none,needs-review,no exact/normalized/alias/homepage evidence; fuzzy suggestions listed for review,libsidplay
libsigc++,libsigc++,1.0,exact,confident,name identical in both managers; homepages 'https://libsigcplusplus.github.io/libsigcplusplus/' vs 'http://libsigc.sourceforge.net/',
libsigc++@2,libsigc++2,0.96,normalized,confident,'libsigc++@2' ~ 'libsigc++2' after case/punctuation folding,
libsigrok,,0.0,none,missing,no exact/normalized/alias/homepage evidence; no lookalikes either,
libsigrokdecode,,0.0,none,missing,no exact/normalized/alias/homepage evidence; no lookalikes either,
libsigsegv,libsigsegv,1.0,exact,confident,name identical in both managers; homepages 'https://www.gnu.org/software/libsigsegv/' vs 'http://libsigsegv.sourceforge.net/',
libsixel,,0.0,none,missing,no exact/normalized/alias/homepage evidence; no lookalikes either,
libslax,,0.0,none,missing,no exact/normalized/alias/homepage evidence; no lookalikes either,
libslirp,,0.0,none,needs-review,no exact/normalized/alias/homepage evidence; fuzzy suggestions listed for review,libsrtp
libsm,,0.0,none,needs-review,no exact/normalized/alias/homepage evidence; fuzzy suggestions listed for review,libsmi; libfm; libmb
libsmi,libsmi,1.0,exact,confident,name identical in both managers; homepages 'https://www.ibr.cs.tu-bs.de/projects/libsmi/' vs 'http://www.ibr.cs.tu-bs.de/projects/libsmi/',
libsndfile,,0.0,none,needs-review,no exact/normalized/alias/homepage evidence; fuzzy suggestions listed for review,libsndfile0; libsndfile1
libsodium,,0.0,none,needs-review,no exact/normalized/alias/homepage evidence; fuzzy suggestions listed for review,libsodium4; libsodium10; libsodium13
libsolv,,0.0,none,missing,no exact/normalized/alias/homepage evidence; no lookalikes either,
libsoundio,,0.0,none,missing,no exact/normalized/alias/homepage evidence; no lookalikes either,
libsoup,,0.0,none,needs-review,no exact/normalized/alias/homepage evidence; fuzzy suggestions listed for review,libshout
libsoup@2,,0.0,none,missing,no exact/normalized/alias/homepage evidence; no lookalikes either,
libsoxr,,0.0,none,needs-review,no exact/normalized/alias/homepage evidence; same homepage 'https://sourceforge.net/projects/soxr/' as 'libsoxr0' but desc overlap only 0.10; fuzzy suggestions listed for review,libsoxr0
libspatialite,,0.0,none,needs-review,no exact/normalized/alias/homepage evidence; same homepage 'https://www.gaia-gis.it/fossil/libspatialite/index' as 'libspatialite2-shlibs' but desc overlap only 0.07; versions '5.1.0' vs '3.0.1'; fuzzy suggestions listed for review,libspatialite1; libspatialite2; libspatialite5
libspectre,,0.0,none,missing,no exact/normalized/alias/homepage evidence; no lookalikes either,
libspelling,,0.0,none,missing,no exact/normalized/alias/homepage evidence; no lookalikes either,
libspelling@0.2,,0.0,none,missing,no exact/normalized/alias/homepage evidence; no lookalikes either,
libspiro,,0.0,none,needs-review,no exact/normalized/alias/homepage evidence; same homepage 'https://github.com/fontforge/libspiro' as 'libspiro0-shlibs' but desc overlap only 0.00; versions '20240903' vs '0.5.20150702'; fuzzy suggestions listed for review,libspiro0
libspnav,,0.0,none,missing,no exact/normalized/alias/homepage evidence; no lookalikes either,
libspng,,0.0,none,needs-review,no exact/normalized/alias/homepage evidence; fuzzy suggestions listed for review,libpng3; liboping; libpng14
libsql,,0.0,none,missing,no exact/normalized/alias/homepage evidence; no lookalikes either,
libsquish,,0.0,none,needs-review,no exact/normalized/alias/homepage evidence; fuzzy suggestions listed for review,libsquish0
libssh,,0.0,none,needs-review,no exact/normalized/alias/homepage evidence; fuzzy suggestions listed for review,libssh2; libssh2.1
libssh2,libssh2,1.0,exact,confident,name identical in both managers; homepages 'https://libssh2.org/' vs 'http://www.libssh2.org',
libstatgrab,,0.0,none,missing,no exact/normalized/alias/homepage evidence; no lookalikes either,
libstrophe,,0.0,none,needs-review,no exact/normalized/alias/homepage evidence; fuzzy suggestions listed for review,libstroke
libstxxl,,0.0,none,missing,no exact/normalized/alias/homepage evidence; no lookalikes either,
libsvg,,0.0,ambiguous,needs-review,homepage shared by several targets,glitz; libpixman1; pixman; librsvg; librsvg2
libsvg-cairo,,0.0,none,needs-review,no exact/normalized/alias/homepage evidence; same homepage 'https://cairographics.org/' as 'cairomm-1.16.1-shlibs' but versions '0.1.6' vs '1.18.0'; no lookalikes either,
libsvgtiny,,0.0,none,missing,no exact/normalized/alias/homepage evidence; no lookalikes either,
libsvm,,0.0,none,needs-review,no exact/normalized/alias/homepage evidence; fuzzy suggestions listed for review,libsmi
libswiftnav,,0.0,none,missing,no exact/normalized/alias/homepage evidence; no lookalikes either,
libtar,libtar,1.0,exact,confident,name identical in both managers; homepages 'https://repo.or.cz/libtar.git' vs 'http://www.feep.net/libtar/',
libtasn1,libtasn1-6-dev,0.9,homepage,confident,same upstream 'https://www.gnu.org/software/libtasn1/' (desc overlap 0.50),
libtatsu,libplist1,0.9,homepage,confident,same upstream 'https://libimobiledevice.org/' (desc overlap 0.23),
libtcod,,0.0,none,needs-review,no exact/normalized/alias/homepage evidence; fuzzy suggestions listed for review,libtcd
libtecla,,0.0,none,needs-review,no exact/normalized/alias/homepage evidence; fuzzy suggestions listed for review,libecat
libtensorflow,,0.0,none,missing,no exact/normalized/alias/homepage evidence; no lookalikes either,
libtermkey,,0.0,none,missing,no exact/normalized/alias/homepage evidence; no lookalikes either,
libthai,libthai,1.0,exact,confident,name identical in both managers; homepages 'https://linux.thai.net/projects/libthai' vs 'http://linux.thai.net/plone/TLWG/libthai/',
libtickit,,0.0,none,missing,no exact/normalized/alias/homepage evidence; no lookalikes either,
libtiff,libtiff,1.0,exact,confident,name identical in both managers; homepages 'https://libtiff.gitlab.io/libtiff/' vs 'http://www.libtiff.org/',
libtins,,0.0,none,needs-review,no exact/normalized/alias/homepage evidence; fuzzy suggestions listed for review,libicns1
libtirpc,,0.0,none,missing,no exact/normalized/alias/homepage evidence; no lookalikes either,
libtomcrypt,,0.0,none,needs-review,no exact/normalized/alias/homepage evidence; fuzzy suggestions listed for review,libmcrypt; libgcrypt
libtommath,,0.0,none,needs-review,no exact/normalized/alias/homepage evidence; fuzzy suggestions listed for review,libmath++
libtool,libtool,1.0,exact,confident,name identical in both managers; homepages 'https://www.gnu.org/software/libtool/' vs 'http://www.gnu.org/software/libtool/libtool.html',
libtorrent-rakshasa,,0.0,none,missing,no exact/normalized/alias/homepage evidence; no lookalikes either,
libtorrent-rasterbar,,0.0,none,missing,no exact/normalized/alias/homepage evidence; no lookalikes either,
libtpms,,0.0,none,needs-review,no exact/normalized/alias/homepage evidence; fuzzy suggestions listed for review,libnet-pm
libtrace,,0.0,none,missing,no exact/normalized/alias/homepage evidence; no lookalikes either,
libtrng,,0.0,none,missing,no exact/normalized/alias/homepage evidence; no lookalikes either,
libu2f-server,,0.0,none,missing,no exact/normalized/alias/homepage evidence; no lookalikes either,
libucl,,0.0,none,needs-review,no exact/normalized/alias/homepage evidence; fuzzy suggestions listed for review,libctl
libudfread,,0.0,none,missing,no exact/normalized/alias/homepage evidence; no lookalikes either,
libuecc,,0.0,none,missing,no exact/normalized/alias/homepage evidence; no lookalikes either,
libultrahdr,,0.0,none,missing,no exact/normalized/alias/homepage evidence; no lookalikes either,
libunibreak,,0.0,none,needs-review,no exact/normalized/alias/homepage evidence; same homepage 'https://github.com/adah1972/libunibreak' as 'libunibreak6-shlibs' but versions '7.0' vs '6.1'; no lookalikes either,
libunicode,libunicode,1.0,exact,confident,name identical in both managers; homepages 'https://github.com/contour-terminal/libunicode' vs 'http://www.sourceforge.net/projects/libunicode/',
libuninameslist,,0.0,none,needs-review,no exact/normalized/alias/homepage evidence; same homepage 'https://github.com/fontforge/libuninameslist' as 'libuninameslist10' but desc overlap only 0.10; versions '20260107' vs '20250909'; fuzzy suggestions listed for review,libuninameslist1; libuninameslist10
libunistring,,0.0,ambiguous,needs-review,homepage shared by several targets,libunistring2-shlibs; libunistring5-shlibs; libunistring0; libunistring2
libunwind,,0.0,none,missing,no exact/normalized/alias/homepage evidence; no lookalikes either,
libunwind-headers,,0.0,none,needs-review,no exact/normalized/alias/homepage evidence; same homepage 'https://opensource.apple.com/' as 'llvm-gcc42' but desc overlap only 0.08; versions '201' vs '2336.11'; no lookalikes either,
libupnp,,0.0,none,needs-review,no exact/normalized/alias/homepage evidence; fuzzy suggestions listed for review,libupnp3; libgupnp-av; libgupnp-ui
libupnpp,,0.0,none,needs-review,no exact/normalized/alias/homepage evidence; fuzzy suggestions listed for review,libupnp3; libpqpp
liburing,,0.0,none,needs-review,no exact/normalized/alias/homepage evidence; fuzzy suggestions listed for review,libburn
libusb,libusb,1.0,exact,confident,name identical in both managers; homepages 'https://libusb.info/' vs 'http://libusb.sourceforge.net/',
libusb-compat,libusb-compat-0.1.4-shlibs,0.9,homepage,confident,same upstream 'https://libusb.info/' (desc overlap 0.25),
libusbmuxd,usbmuxd,0.95,alias,confident,listed as alias/oldname of 'libusbmuxd',
libusrsctp,,0.0,none,needs-review,no exact/normalized/alias/homepage evidence; fuzzy suggestions listed for review,libsrtp
libuv,libuv1,0.9,homepage,confident,same upstream 'https://libuv.org/' (desc overlap 0.32),
libuvc,,0.0,none,needs-review,no exact/normalized/alias/homepage evidence; fuzzy suggestions listed for review,libuv1
libva,,0.0,none,needs-review,no exact/normalized/alias/homepage evidence; fuzzy suggestions listed for review,libev
libvatek,,0.0,none,missing,no exact/normalized/alias/homepage evidence; no lookalikes either,
libvdpau,,0.0,none,missing,no exact/normalized/alias/homepage evidence; no lookalikes either,
libversion,,0.0,none,missing,no exact/normalized/alias/homepage evidence; no lookalikes either,
libvidstab,,0.0,none,missing,no exact/normalized/alias/homepage evidence; no lookalikes either,
libvirt,,0.0,none,missing,no exact/normalized/alias/homepage evidence; no lookalikes either,
libvirt-glib,,0.0,none,missing,no exact/normalized/alias/homepage evidence; no lookalikes either,
libvirt-python,,0.0,none,missing,no exact/normalized/alias/homepage evidence; no lookalikes either,
libvisio,libvisio-shlibs,0.9,homepage,confident,same upstream 'https://wiki.documentfoundation.org/DLP/Libraries/libvisio' (desc overlap 0.29),
libvisual,,0.0,none,needs-review,no exact/normalized/alias/homepage evidence; fuzzy suggestions listed for review,libvisual-0.4
libvisual-plugins,,0.0,none,needs-review,no exact/normalized/alias/homepage evidence; fuzzy suggestions listed for review,libvisual-plugins-0.4
libvisual-projectm,,0.0,none,missing,no exact/normalized/alias/homepage evidence; no lookalikes either,
libvmaf,,0.0,none,missing,no exact/normalized/alias/homepage evidence; no lookalikes either,
libvncserver,,0.0,none,missing,no exact/normalized/alias/homepage evidence; no lookalikes either,
libvo-aacenc,,0.0,none,missing,no exact/normalized/alias/homepage evidence; no lookalikes either,
libvoikko,,0.0,none,missing,no exact/normalized/alias/homepage evidence; no lookalikes either,
libvorbis,,0.0,none,needs-review,no exact/normalized/alias/homepage evidence; fuzzy suggestions listed for review,libvorbis0
libvpx,libvpx,1.0,exact,confident,name identical in both managers; homepages 'https://www.webmproject.org/code/' vs 'http://www.webmproject.org/',
libvterm,,0.0,none,missing,no exact/normalized/alias/homepage evidence; no lookalikes either,
libwapcaplet,,0.0,none,missing,no exact/normalized/alias/homepage evidence; no lookalikes either,
libwbxml,libwbxml2-shlibs,0.9,homepage,confident,same upstream 'https://github.com/libwbxml/libwbxml' (desc overlap 0.62),
libwebm,,0.0,none,needs-review,no exact/normalized/alias/homepage evidence; fuzzy suggestions listed for review,libebml; libwebp0; libwebp2
libwebsockets,,0.0,none,missing,no exact/normalized/alias/homepage evidence; no lookalikes either,
libwmf,libwmf,1.0,exact,confident,name identical in both managers; homepages 'https://github.com/caolanm/libwmf' vs 'http://wvware.com/',
libwpd,,0.0,none,needs-review,no exact/normalized/alias/homepage evidence; same homepage 'https://libwpd.sourceforge.net/' as 'libwpd-0.10-shlibs' but desc overlap only 0.09; fuzzy suggestions listed for review,libwpd-1; libwpd-0.8; libwpd-0.9
libwpe,,0.0,none,needs-review,no exact/normalized/alias/homepage evidence; fuzzy suggestions listed for review,libwpg; libwps
libwpg,libwpg,1.0,exact,confident,name identical in both managers; homepages 'https://libwpg.sourceforge.net/' vs 'http://libwpg.sourceforge.net/',
libwps,libwps,1.0,exact,confident,name identical in both managers; homepages 'https://libwps.sourceforge.net/' vs 'http://libwps.sourceforge.net/',
libx11,,0.0,none,missing,no exact/normalized/alias/homepage evidence; no lookalikes either,
libxau,,0.0,none,missing,no exact/normalized/alias/homepage evidence; no lookalikes either,
libxaw,,0.0,none,missing,no exact/normalized/alias/homepage evidence; no lookalikes either,
libxaw3d,,0.0,none,needs-review,no exact/normalized/alias/homepage evidence; fuzzy suggestions listed for review,libxaw3dxft
libxc,,0.0,none,missing,no exact/normalized/alias/homepage evidence; no lookalikes either,
libxcb,,0.0,none,missing,no exact/normalized/alias/homepage evidence; no lookalikes either,
libxcomposite,,0.0,none,missing,no exact/normalized/alias/homepage evidence; no lookalikes either,
libxcrypt,,0.0,none,needs-review,no exact/normalized/alias/homepage evidence; fuzzy suggestions listed for review,libgcrypt; libmcrypt; bcrypt
libxcursor,,0.0,none,missing,no exact/normalized/alias/homepage evidence; no lookalikes either,
libxcvt,,0.0,none,missing,no exact/normalized/alias/homepage evidence; no lookalikes either,
libxdamage,,0.0,none,missing,no exact/normalized/alias/homepage evidence; no lookalikes either,
libxdg-basedir,,0.0,none,missing,no exact/normalized/alias/homepage evidence; no lookalikes either,
libxdiff,,0.0,none,needs-review,no exact/normalized/alias/homepage evidence; fuzzy suggestions listed for review,libexif; libtiff
libxdmcp,,0.0,none,needs-review,no exact/normalized/alias/homepage evidence; fuzzy suggestions listed for review,libxmp4
libxext,,0.0,none,missing,no exact/normalized/alias/homepage evidence; no lookalikes either,
libxfixes,,0.0,none,missing,no exact/normalized/alias/homepage evidence; no lookalikes either,
libxfont,,0.0,none,missing,no exact/normalized/alias/homepage evidence; no lookalikes either,
libxfont2,,0.0,none,missing,no exact/normalized/alias/homepage evidence; no lookalikes either,
libxft,,0.0,none,missing,no exact/normalized/alias/homepage evidence; no lookalikes either,
libxi,,0.0,none,needs-review,no exact/normalized/alias/homepage evidence; fuzzy suggestions listed for review,libxmi; libexif
libxinerama,,0.0,none,missing,no exact/normalized/alias/homepage evidence; no lookalikes either,
libxkbcommon,,0.0,none,needs-review,no exact/normalized/alias/homepage evidence; same homepage 'https://xkbcommon.org/' as 'libxkbcommon0-shlibs' but versions '1.13.2' vs '0.7.2'; no lookalikes either,
libxkbfile,,0.0,none,missing,no exact/normalized/alias/homepage evidence; no lookalikes either,
libxls,,0.0,none,needs-review,no exact/normalized/alias/homepage evidence; fuzzy suggestions listed for review,libxml
libxlsxwriter,,0.0,none,missing,no exact/normalized/alias/homepage evidence; no lookalikes either,
libxmi,libxmi,1.0,exact,confident,name identical in both managers; homepages 'https://www.gnu.org/software/libxmi/' vs '',
libxml2,libxml2,1.0,exact,confident,name identical in both managers; homepages 'http://xmlsoft.org/' vs 'http://www.xmlsoft.org/',
libxml++,libxml,0.96,normalized,confident,'libxml++' ~ 'libxml' after case/punctuation folding,
libxml++@3,,0.0,none,needs-review,no exact/normalized/alias/homepage evidence; fuzzy suggestions listed for review,libxml; libxml++1; libxml++2
libxml++@4,,0.0,none,needs-review,no exact/normalized/alias/homepage evidence; fuzzy suggestions listed for review,libxml; libxml++1; libxml++2
libxml++@5,,0.0,none,needs-review,no exact/normalized/alias/homepage evidence; fuzzy suggestions listed for review,libxml; libxml++1; libxml++2
libxmlb,,0.0,none,needs-review,no exact/normalized/alias/homepage evidence; fuzzy suggestions listed for review,libxml; libxml++1; libxml++2
libxmlsec1,,0.0,ambiguous,needs-review,homepage shared by several targets,xmlsec-shlibs; xmlsec1-shlibs; libxml++1
libxmp,,0.0,none,needs-review,no exact/normalized/alias/homepage evidence; same homepage 'https://xmp.sourceforge.net/' as 'libxmp4' but desc overlap only 0.10; fuzzy suggestions listed for review,libxmp4; libxml-pm; libmpd
libxmp-lite,,0.0,none,needs-review,no exact/normalized/alias/homepage evidence; same homepage 'https://xmp.sourceforge.net/' as 'libxmp4' but desc overlap only 0.00; no lookalikes either,
libxmu,,0.0,none,needs-review,no exact/normalized/alias/homepage evidence; fuzzy suggestions listed for review,libxmi; libxml
libxo,,0.0,none,missing,no exact/normalized/alias/homepage evidence; no lookalikes either,
libxp,,0.0,none,needs-review,no exact/normalized/alias/homepage evidence; fuzzy suggestions listed for review,libmxp; libxmp4
libxpm,,0.0,none,needs-review,no exact/normalized/alias/homepage evidence; fuzzy suggestions listed for review,libxml-pm; libmxp; libxmi
libxpresent,,0.0,none,missing,no exact/normalized/alias/homepage evidence; no lookalikes either,
libxrandr,,0.0,none,missing,no exact/normalized/alias/homepage evidence; no lookalikes either,
libxrender,,0.0,none,missing,no exact/normalized/alias/homepage evidence; no lookalikes either,
libxres,,0.0,none,needs-review,no exact/normalized/alias/homepage evidence; fuzzy suggestions listed for review,libressl
libxscrnsaver,,0.0,none,needs-review,no exact/normalized/alias/homepage evidence; fuzzy suggestions listed for review,xscreensaver
libxsd-frontend,,0.0,none,missing,no exact/normalized/alias/homepage evidence; no lookalikes either,
libxshmfence,,0.0,none,missing,no exact/normalized/alias/homepage evidence; no lookalikes either,
libxslt,libxslt,1.0,exact,confident,name identical in both managers; homepages 'http://xmlsoft.org/XSLT/' vs 'http://www.xmlsoft.org/XSLT/',
libxspf,,0.0,none,missing,no exact/normalized/alias/homepage evidence; no lookalikes either,
libxt,,0.0,none,needs-review,no exact/normalized/alias/homepage evidence; fuzzy suggestions listed for review,libxslt
libxtst,,0.0,none,missing,no exact/normalized/alias/homepage evidence; no lookalikes either,
libxv,,0.0,none,needs-review,no exact/normalized/alias/homepage evidence; fuzzy suggestions listed for review,libev
libxvmc,,0.0,none,missing,no exact/normalized/alias/homepage evidence; no lookalikes either,
libxxf86dga,,0.0,none,missing,no exact/normalized/alias/homepage evidence; no lookalikes either,
libxxf86vm,,0.0,none,missing,no exact/normalized/alias/homepage evidence; no lookalikes either,
libyaml,libyaml,1.0,exact,confident,name identical in both managers; homepages 'https://github.com/yaml/libyaml' vs 'http://pyyaml.org/wiki/LibYAML',
libyang,,0.0,none,missing,no exact/normalized/alias/homepage evidence; no lookalikes either,
libyojimbo,,0.0,none,missing,no exact/normalized/alias/homepage evidence; no lookalikes either,
libyubikey,,0.0,none,missing,no exact/normalized/alias/homepage evidence; no lookalikes either,
libzdb,,0.0,none,needs-review,no exact/normalized/alias/homepage evidence; fuzzy suggestions listed for review,libdbi
libzen,,0.0,none,needs-review,no exact/normalized/alias/homepage evidence; fuzzy suggestions listed for review,libzen0
libzim,,0.0,none,missing,no exact/normalized/alias/homepage evidence; no lookalikes either,
libzip,libzip5,0.9,homepage,confident,same upstream 'https://libzip.org/' (desc overlap 0.26),
libzzip,,0.0,none,needs-review,no exact/normalized/alias/homepage evidence; fuzzy suggestions listed for review,libzip2; libzip5
license-eye,,0.0,none,missing,no exact/normalized/alias/homepage evidence; no lookalikes either,
licensed,,0.0,none,missing,no exact/normalized/alias/homepage evidence; no lookalikes either,
licensefinder,,0.0,none,missing,no exact/normalized/alias/homepage evidence; no lookalikes either,
licenseplist,,0.0,none,missing,no exact/normalized/alias/homepage evidence; no lookalikes either,
licensor,,0.0,none,missing,no exact/normalized/alias/homepage evidence; no lookalikes either,
lief,,0.0,none,needs-review,no exact/normalized/alias/homepage evidence; fuzzy suggestions listed for review,lie
lief-patchelf,,0.0,none,missing,no exact/normalized/alias/homepage evidence; no lookalikes either,
lifelines,lifelines,1.0,exact,confident,name identical in both managers; homepages 'https://lifelines.github.io/lifelines/' vs 'http://lifelines.sourceforge.net/',
lightgbm,,0.0,none,missing,no exact/normalized/alias/homepage evidence; no lookalikes either,
lighthouse,,0.0,none,missing,no exact/normalized/alias/homepage evidence; no lookalikes either,
lightning,,0.0,none,missing,no exact/normalized/alias/homepage evidence; no lookalikes either,
lighttpd,lighttpd,1.0,exact,confident,name identical in both managers; homepages 'https://www.lighttpd.net/' vs '',
likec4,,0.0,none,missing,no exact/normalized/alias/homepage evidence; no lookalikes either,
lilv,,0.0,none,missing,no exact/normalized/alias/homepage evidence; no lookalikes either,
lilypond,lilypond,1.0,exact,confident,name identical in both managers; homepages 'https://lilypond.org' vs 'http://www.lilypond.org',
lima,,0.0,none,needs-review,no exact/normalized/alias/homepage evidence; fuzzy suggestions listed for review,libmad
lima-additional-guestagents,,0.0,none,missing,no exact/normalized/alias/homepage evidence; no lookalikes either,
limesuite,,0.0,none,missing,no exact/normalized/alias/homepage evidence; no lookalikes either,
limine,,0.0,none,missing,no exact/normalized/alias/homepage evidence; no lookalikes either,
linecast,,0.0,none,needs-review,no exact/normalized/alias/homepage evidence; fuzzy suggestions listed for review,icecast; libecat
link-grammar,,0.0,none,missing,no exact/normalized/alias/homepage evidence; no lookalikes either,
linkerd,,0.0,none,missing,no exact/normalized/alias/homepage evidence; no lookalikes either,
links,links,1.0,exact,confident,name identical in both managers; homepages 'https://links.twibright.com/' vs 'http://artax.karlin.mff.cuni.cz/~mikulas/links/',
linode-cli,,0.0,none,missing,no exact/normalized/alias/homepage evidence; no lookalikes either,
linux-headers@4.4,,0.0,none,missing,no exact/normalized/alias/homepage evidence; no lookalikes either,
linux-headers@5.15,,0.0,none,missing,no exact/normalized/alias/homepage evidence; no lookalikes either,
linux-headers@6.8,,0.0,none,missing,no exact/normalized/alias/homepage evidence; no lookalikes either,
linux-pam,,0.0,none,missing,no exact/normalized/alias/homepage evidence; no lookalikes either,
liqoctl,,0.0,none,missing,no exact/normalized/alias/homepage evidence; no lookalikes either,
liquibase,,0.0,none,missing,no exact/normalized/alias/homepage evidence; no lookalikes either,
liquid-dsp,,0.0,none,missing,no exact/normalized/alias/homepage evidence; no lookalikes either,
liquidctl,,0.0,none,missing,no exact/normalized/alias/homepage evidence; no lookalikes either,
liquidprompt,,0.0,none,missing,no exact/normalized/alias/homepage evidence; no lookalikes either,
liquidsoap,,0.0,none,missing,no exact/normalized/alias/homepage evidence; no lookalikes either,
lisette,,0.0,none,missing,no exact/normalized/alias/homepage evidence; no lookalikes either,
lispkit,,0.0,none,missing,no exact/normalized/alias/homepage evidence; no lookalikes either,
lit,,0.0,none,needs-review,no exact/normalized/alias/homepage evidence; same homepage 'https://llvm.org' as 'llvm27' but desc overlap only 0.08; versions '23.1.0' vs '2.7'; no lookalikes either,
litani,,0.0,none,missing,no exact/normalized/alias/homepage evidence; no lookalikes either,
litecli,,0.0,none,missing,no exact/normalized/alias/homepage evidence; no lookalikes either,
litehtml,,0.0,none,missing,no exact/normalized/alias/homepage evidence; no lookalikes either,
literate-git,,0.0,none,missing,no exact/normalized/alias/homepage evidence; no lookalikes either,
litmusctl,,0.0,none,missing,no exact/normalized/alias/homepage evidence; no lookalikes either,
litra,,0.0,none,missing,no exact/normalized/alias/homepage evidence; no lookalikes either,
little-cms2,lcms2,0.95,alias,confident,listed as alias/oldname of 'little-cms2',
livebook-cli,,0.0,none,missing,no exact/normalized/alias/homepage evidence; no lookalikes either,
livekit,,0.0,none,missing,no exact/normalized/alias/homepage evidence; no lookalikes either,
livekit-cli,,0.0,none,missing,no exact/normalized/alias/homepage evidence; no lookalikes either,
livereload,,0.0,none,missing,no exact/normalized/alias/homepage evidence; no lookalikes either,
lizard,,0.0,none,missing,no exact/normalized/alias/homepage evidence; no lookalikes either,
lizard-analyzer,,0.0,none,missing,no exact/normalized/alias/homepage evidence; no lookalikes either,
lla,,0.0,none,missing,no exact/normalized/alias/homepage evidence; no lookalikes either,
llama.cpp,,0.0,none,missing,no exact/normalized/alias/homepage evidence; no lookalikes either,
lld,,0.0,none,missing,no exact/normalized/alias/homepage evidence; no lookalikes either,
lld@19,,0.0,none,missing,no exact/normalized/alias/homepage evidence; no lookalikes either,
lld@20,,0.0,none,missing,no exact/normalized/alias/homepage evidence; no lookalikes either,
lld@21,,0.0,none,missing,no exact/normalized/alias/homepage evidence; no lookalikes either,
lld@22,,0.0,none,missing,no exact/normalized/alias/homepage evidence; no lookalikes either,
lldb,,0.0,none,missing,no exact/normalized/alias/homepage evidence; no lookalikes either,
lldpd,,0.0,none,missing,no exact/normalized/alias/homepage evidence; no lookalikes either,
llgo,,0.0,none,missing,no exact/normalized/alias/homepage evidence; no lookalikes either,
llhttp,,0.0,none,missing,no exact/normalized/alias/homepage evidence; no lookalikes either,
llm,,0.0,none,missing,no exact/normalized/alias/homepage evidence; no lookalikes either,
llmfit,,0.0,none,missing,no exact/normalized/alias/homepage evidence; no lookalikes either,
llnode,,0.0,none,missing,no exact/normalized/alias/homepage evidence; no lookalikes either,
llvm,,0.0,none,needs-review,no exact/normalized/alias/homepage evidence; same homepage 'https://llvm.org/' as 'llvm27' but desc overlap only 0.14; versions '23.1.0' vs '2.7'; fuzzy suggestions listed for review,llvm27; llvm29; llvm30
llvm@14,,0.0,none,needs-review,no exact/normalized/alias/homepage evidence; same homepage 'https://llvm.org/' as 'llvm27' but desc overlap only 0.14; versions '14.0.6' vs '2.7'; fuzzy suggestions listed for review,llvm31; llvm34
llvm@15,,0.0,none,needs-review,no exact/normalized/alias/homepage evidence; same homepage 'https://llvm.org/' as 'llvm27' but desc overlap only 0.14; versions '15.0.7' vs '2.7'; fuzzy suggestions listed for review,llvm31; llvm35; llvm50
llvm@16,,0.0,none,needs-review,no exact/normalized/alias/homepage evidence; same homepage 'https://llvm.org/' as 'llvm27' but desc overlap only 0.14; versions '16.0.6' vs '2.7'; fuzzy suggestions listed for review,llvm31; llvm36
llvm@17,,0.0,none,needs-review,no exact/normalized/alias/homepage evidence; same homepage 'https://llvm.org/' as 'llvm27' but desc overlap only 0.14; versions '17.0.6' vs '2.7'; fuzzy suggestions listed for review,llvm27; llvm31; llvm37
llvm@18,,0.0,none,needs-review,no exact/normalized/alias/homepage evidence; same homepage 'https://llvm.org/' as 'llvm27' but desc overlap only 0.14; versions '18.1.8' vs '2.7'; fuzzy suggestions listed for review,llvm31
llvm@19,,0.0,none,needs-review,no exact/normalized/alias/homepage evidence; same homepage 'https://llvm.org/' as 'llvm27' but desc overlap only 0.14; versions '19.1.7' vs '2.7'; fuzzy suggestions listed for review,llvm29; llvm31; llvm39
llvm@20,,0.0,none,needs-review,no exact/normalized/alias/homepage evidence; same homepage 'https://llvm.org/' as 'llvm27' but desc overlap only 0.14; versions '20.1.8' vs '2.7'; fuzzy suggestions listed for review,llvm27; llvm29; llvm30
llvm@21,,0.0,none,needs-review,no exact/normalized/alias/homepage evidence; same homepage 'https://llvm.org/' as 'llvm27' but desc overlap only 0.14; versions '21.1.8' vs '2.7'; fuzzy suggestions listed for review,llvm27; llvm29; llvm31
llvm@22,,0.0,none,needs-review,no exact/normalized/alias/homepage evidence; same homepage 'https://llvm.org/' as 'llvm27' but desc overlap only 0.14; versions '22.1.8' vs '2.7'; fuzzy suggestions listed for review,llvm27; llvm29; llvm32
lm-sensors,,0.0,none,missing,no exact/normalized/alias/homepage evidence; no lookalikes either,
lm4tools,,0.0,none,needs-review,no exact/normalized/alias/homepage evidence; fuzzy suggestions listed for review,mtools; pmtools
lmdb,,0.0,none,missing,no exact/normalized/alias/homepage evidence; no lookalikes either,
lmfit,,0.0,none,missing,no exact/normalized/alias/homepage evidence; no lookalikes either,
lmod,,0.0,none,missing,no exact/normalized/alias/homepage evidence; no lookalikes either,
lnav,,0.0,none,missing,no exact/normalized/alias/homepage evidence; no lookalikes either,
lndir,,0.0,none,needs-review,no exact/normalized/alias/homepage evidence; fuzzy suggestions listed for review,ondir
lnk,,0.0,none,missing,no exact/normalized/alias/homepage evidence; no lookalikes either,
loc,,0.0,none,needs-review,no exact/normalized/alias/homepage evidence; fuzzy suggestions listed for review,kloc
localai,,0.0,none,missing,no exact/normalized/alias/homepage evidence; no lookalikes either,
localstack,,0.0,none,missing,no exact/normalized/alias/homepage evidence; no lookalikes either,
localtunnel,,0.0,none,missing,no exact/normalized/alias/homepage evidence; no lookalikes either,
locateme,,0.0,none,needs-review,no exact/normalized/alias/homepage evidence; fuzzy suggestions listed for review,dlocate
lockrun,,0.0,none,missing,no exact/normalized/alias/homepage evidence; no lookalikes either,
locust,,0.0,none,missing,no exact/normalized/alias/homepage evidence; no lookalikes either,
log4c,log4c,1.0,exact,confident,name identical in both managers; homepages 'https://log4c.sourceforge.net/' vs 'http://log4c.sourceforge.net/',
log4cplus,,0.0,none,needs-review,no exact/normalized/alias/homepage evidence; fuzzy suggestions listed for review,log4cplus1.1.7
log4cpp,log4cpp,1.0,exact,confident,name identical in both managers; homepages 'https://log4cpp.sourceforge.net/' vs 'http://log4cpp.sourceforge.net',
log4cxx,,0.0,none,needs-review,no exact/normalized/alias/homepage evidence; fuzzy suggestions listed for review,log4c
log4shib,,0.0,none,missing,no exact/normalized/alias/homepage evidence; no lookalikes either,
logcheck,logcheck,1.0,exact,confident,name identical in both managers; homepages 'https://packages.debian.org/sid/logcheck' vs 'http://www.psionic.com/abacus/logcheck',
logcli,,0.0,none,missing,no exact/normalized/alias/homepage evidence; no lookalikes either,
logdy,,0.0,none,missing,no exact/normalized/alias/homepage evidence; no lookalikes either,
logrotate,logrotate,1.0,exact,confident,name identical in both managers; homepages 'https://github.com/logrotate/logrotate' vs 'http://packages.debian.org/etch/logrotate.html',
logstalgia,,0.0,none,missing,no exact/normalized/alias/homepage evidence; no lookalikes either,
logstash,,0.0,none,missing,no exact/normalized/alias/homepage evidence; no lookalikes either,
logswan,,0.0,none,missing,no exact/normalized/alias/homepage evidence; no lookalikes either,
logtalk,,0.0,none,missing,no exact/normalized/alias/homepage evidence; no lookalikes either,
loki,,0.0,none,missing,no exact/normalized/alias/homepage evidence; no lookalikes either,
lol-html,,0.0,none,missing,no exact/normalized/alias/homepage evidence; no lookalikes either,
lolcat,,0.0,none,missing,no exact/normalized/alias/homepage evidence; no lookalikes either,
lolcode,,0.0,none,missing,no exact/normalized/alias/homepage evidence; no lookalikes either,
lolcrab,,0.0,none,missing,no exact/normalized/alias/homepage evidence; no lookalikes either,
lorem,,0.0,none,missing,no exact/normalized/alias/homepage evidence; no lookalikes either,
loudmouth,loudmouth,1.0,exact,confident,name identical in both managers; homepages 'https://mcabber.com' vs 'http://www.loudmouth-project.org',
lout,lout,1.0,exact,confident,name identical in both managers; homepages 'https://savannah.nongnu.org/projects/lout' vs 'http://lout.sourceforge.net',
lowdown,,0.0,none,missing,no exact/normalized/alias/homepage evidence; no lookalikes either,
lp_solve,lpsolve,0.96,normalized,confident,'lp_solve' ~ 'lpsolve' after case/punctuation folding,
lpc21isp,,0.0,none,missing,no exact/normalized/alias/homepage evidence; no lookalikes either,
lpeg,,0.0,none,missing,no exact/normalized/alias/homepage evidence; no lookalikes either,
lr,,0.0,none,missing,no exact/normalized/alias/homepage evidence; no lookalikes either,
lrdf,,0.0,none,missing,no exact/normalized/alias/homepage evidence; no lookalikes either,
lrzip,lrzip,1.0,exact,confident,name identical in both managers; homepages 'https://github.com/ckolivas/lrzip' vs 'http://lrzip.kolivas.org',
lrzsz,lrzsz,1.0,exact,confident,name identical in both managers; homepages 'https://www.ohse.de/uwe/software/lrzsz.html' vs 'http://www.ohse.de/uwe/software/lrzsz.html',
ls-hpack,,0.0,none,missing,no exact/normalized/alias/homepage evidence; no lookalikes either,
ls-lint,,0.0,none,needs-review,no exact/normalized/alias/homepage evidence; fuzzy suggestions listed for review,lclint; splint
lsd,,0.0,none,needs-review,no exact/normalized/alias/homepage evidence; fuzzy suggestions listed for review,lsdb
lsdvd,lsdvd,1.0,exact,confident,name identical in both managers; homepages 'https://sourceforge.net/projects/lsdvd/' vs 'http://untrepid.com/lsdvd/',
lsix,,0.0,none,missing,no exact/normalized/alias/homepage evidence; no lookalikes either,
lsof,,0.0,none,missing,no exact/normalized/alias/homepage evidence; no lookalikes either,
lspmux,,0.0,none,missing,no exact/normalized/alias/homepage evidence; no lookalikes either,
lsr,,0.0,none,missing,no exact/normalized/alias/homepage evidence; no lookalikes either,
lstr,,0.0,none,missing,no exact/normalized/alias/homepage evidence; no lookalikes either,
lsusb,,0.0,none,missing,no exact/normalized/alias/homepage evidence; no lookalikes either,
lsusb-laniksj,,0.0,none,missing,no exact/normalized/alias/homepage evidence; no lookalikes either,
lsyncd,,0.0,none,missing,no exact/normalized/alias/homepage evidence; no lookalikes either,
ltc-tools,,0.0,none,missing,no exact/normalized/alias/homepage evidence; no lookalikes either,
ltex-ls,,0.0,none,missing,no exact/normalized/alias/homepage evidence; no lookalikes either,
ltex-ls-plus,,0.0,none,missing,no exact/normalized/alias/homepage evidence; no lookalikes either,
ltl2ba,,0.0,none,missing,no exact/normalized/alias/homepage evidence; no lookalikes either,
lttng-ust,,0.0,none,missing,no exact/normalized/alias/homepage evidence; no lookalikes either,
lua,lua,1.0,exact,confident,name identical in both managers; homepages 'https://www.lua.org/' vs 'http://www.lua.org/',
lua-language-server,,0.0,none,missing,no exact/normalized/alias/homepage evidence; no lookalikes either,
lua@5.4,,0.0,none,needs-review,no exact/normalized/alias/homepage evidence; same homepage 'https://www.lua.org/' as 'lua' but desc overlap only 0.14; no lookalikes either,
luacheck,,0.0,none,needs-review,no exact/normalized/alias/homepage evidence; fuzzy suggestions listed for review,lacheck
luajit,,0.0,none,missing,no exact/normalized/alias/homepage evidence; no lookalikes either,
luajit-openresty,,0.0,none,missing,no exact/normalized/alias/homepage evidence; no lookalikes either,
luaradio,,0.0,none,missing,no exact/normalized/alias/homepage evidence; no lookalikes either,
luarocks,luarocks,1.0,exact,confident,name identical in both managers; homepages 'https://luarocks.org/' vs 'http://luaforge.net/projects/luarocks/',
luau,,0.0,none,needs-review,no exact/normalized/alias/homepage evidence; fuzzy suggestions listed for review,lua
luaver,,0.0,none,missing,no exact/normalized/alias/homepage evidence; no lookalikes either,
lucky-commit,,0.0,none,missing,no exact/normalized/alias/homepage evidence; no lookalikes either,
ludusavi,,0.0,none,missing,no exact/normalized/alias/homepage evidence; no lookalikes either,
lue-reader,,0.0,none,missing,no exact/normalized/alias/homepage evidence; no lookalikes either,
luit,,0.0,none,missing,no exact/normalized/alias/homepage evidence; no lookalikes either,
lume,,0.0,none,missing,no exact/normalized/alias/homepage evidence; no lookalikes either,
lunar-date,,0.0,none,missing,no exact/normalized/alias/homepage evidence; no lookalikes either,
lunarml,,0.0,none,missing,no exact/normalized/alias/homepage evidence; no lookalikes either,
lunarr,,0.0,none,missing,no exact/normalized/alias/homepage evidence; no lookalikes either,
lunasvg,,0.0,none,missing,no exact/normalized/alias/homepage evidence; no lookalikes either,
lunchy,,0.0,none,needs-review,no exact/normalized/alias/homepage evidence; fuzzy suggestions listed for review,launch
lunchy-go,,0.0,none,missing,no exact/normalized/alias/homepage evidence; no lookalikes either,
lune,,0.0,none,missing,no exact/normalized/alias/homepage evidence; no lookalikes either,
lunzip,,0.0,none,needs-review,no exact/normalized/alias/homepage evidence; fuzzy suggestions listed for review,unzip; lzip
lutgen,,0.0,none,missing,no exact/normalized/alias/homepage evidence; no lookalikes either,
lutok,,0.0,none,missing,no exact/normalized/alias/homepage evidence; no lookalikes either,
luv,,0.0,none,missing,no exact/normalized/alias/homepage evidence; no lookalikes either,
luvit,,0.0,none,missing,no exact/normalized/alias/homepage evidence; no lookalikes either,
lux,,0.0,none,missing,no exact/normalized/alias/homepage evidence; no lookalikes either,
lv,lv,1.0,exact,confident,name identical in both managers; homepages 'https://salsa.debian.org/debian/lv' vs 'http://www.ff.iij4u.or.jp/~nrt/lv/',
lv2,,0.0,none,needs-review,no exact/normalized/alias/homepage evidence; fuzzy suggestions listed for review,lv
lwtools,,0.0,none,needs-review,no exact/normalized/alias/homepage evidence; fuzzy suggestions listed for review,ewf-tools; swftools; tla-tools
lxc,,0.0,none,missing,no exact/normalized/alias/homepage evidence; no lookalikes either,
lxi-tools,,0.0,none,needs-review,no exact/normalized/alias/homepage evidence; fuzzy suggestions listed for review,ivtools; libtool
lxsplit,lxsplit,1.0,exact,confident,name identical in both managers; homepages 'https://lxsplit.sourceforge.net/' vs 'http://www.freebyte.com/hjsplit/#linux',
ly,,0.0,none,needs-review,no exact/normalized/alias/homepage evidence; fuzzy suggestions listed for review,lyx
lychee,,0.0,none,missing,no exact/normalized/alias/homepage evidence; no lookalikes either,
lynis,,0.0,none,missing,no exact/normalized/alias/homepage evidence; no lookalikes either,
lynx,lynx,1.0,exact,confident,name identical in both managers; homepages 'https://invisible-island.net/lynx/' vs 'http://lynx.browser.org/',
lz4,lz4,1.0,exact,confident,name identical in both managers; homepages 'https://lz4.github.io/lz4/' vs 'https://github.com/lz4/lz4',
lzfse,,0.0,none,missing,no exact/normalized/alias/homepage evidence; no lookalikes either,
lzip,lzip,1.0,exact,confident,name identical in both managers; homepages 'https://www.nongnu.org/lzip/' vs 'http://www.nongnu.org/lzip/lzip.html',
lziprecover,lziprecover,1.0,exact,confident,name identical in both managers; homepages 'https://www.nongnu.org/lzip/lziprecover.html' vs 'http://www.nongnu.org/lzip/lziprecover.html',
lzlib,,0.0,none,needs-review,no exact/normalized/alias/homepage evidence; same homepage 'https://www.nongnu.org/lzip/lzlib.html' as 'liblz1' but desc overlap only 0.14; fuzzy suggestions listed for review,jzlib
lzo,lzo,1.0,exact,confident,name identical in both managers; homepages 'https://www.oberhumer.com/opensource/lzo/' vs 'http://www.oberhumer.com/opensource/lzo',
lzop,lzop,1.0,exact,confident,name identical in both managers; homepages 'https://www.lzop.org/' vs 'http://www.oberhumer.com/opensource/lzop/',
lzsa,,0.0,none,missing,no exact/normalized/alias/homepage evidence; no lookalikes either,
m-cli,,0.0,none,missing,no exact/normalized/alias/homepage evidence; no lookalikes either,
m1ddc,,0.0,none,missing,no exact/normalized/alias/homepage evidence; no lookalikes either,
m4,m4,1.0,exact,confident,name identical in both managers; homepages 'https://www.gnu.org/software/m4/' vs 'http://www.seindal.dk/rene/gnu/',
m4ri,m4ri,1.0,exact,confident,name identical in both managers; homepages 'https://github.com/malb/m4ri' vs 'https://bitbucket.org/malb/m4ri/',
m4rie,m4rie,1.0,exact,confident,name identical in both managers; homepages 'https://bitbucket.org/malb/m4rie' vs 'https://bitbucket.org/malb/m4rie/',
m68k-elf-binutils,,0.0,ambiguous,needs-review,homepage shared by several targets,aarch64-%type_pkg[platform]-binutils; arm-%type_pkg[platform]-binutils; avr-binutils; avr-embedded-binutils; binutils-docs
m68k-elf-gcc,,0.0,none,needs-review,no exact/normalized/alias/homepage evidence; same homepage 'https://gcc.gnu.org' as 'mingw-gcc' but desc overlap only 0.12; versions '16.2.0' vs '4.1.0'; no lookalikes either,
mabel,,0.0,none,needs-review,no exact/normalized/alias/homepage evidence; fuzzy suggestions listed for review,babel
mac,,0.0,none,missing,no exact/normalized/alias/homepage evidence; no lookalikes either,
mac-cleanup-go,,0.0,none,missing,no exact/normalized/alias/homepage evidence; no lookalikes either,
mac-cleanup-py,,0.0,none,missing,no exact/normalized/alias/homepage evidence; no lookalikes either,
mac-robber,,0.0,none,missing,no exact/normalized/alias/homepage evidence; no lookalikes either,
macchanger,,0.0,none,missing,no exact/normalized/alias/homepage evidence; no lookalikes either,
macchina,,0.0,none,missing,no exact/normalized/alias/homepage evidence; no lookalikes either,
mackup,,0.0,none,missing,no exact/normalized/alias/homepage evidence; no lookalikes either,
maclaunch,,0.0,none,needs-review,no exact/normalized/alias/homepage evidence; fuzzy suggestions listed for review,launch
macmon,,0.0,none,missing,no exact/normalized/alias/homepage evidence; no lookalikes either,
macos-term-size,,0.0,none,missing,no exact/normalized/alias/homepage evidence; no lookalikes either,
macos-trash,,0.0,none,missing,no exact/normalized/alias/homepage evidence; no lookalikes either,
macosvpn,,0.0,none,missing,no exact/normalized/alias/homepage evidence; no lookalikes either,
macpine,,0.0,none,missing,no exact/normalized/alias/homepage evidence; no lookalikes either,
mactop,,0.0,none,missing,no exact/normalized/alias/homepage evidence; no lookalikes either,
macvim,,0.0,none,missing,no exact/normalized/alias/homepage evidence; no lookalikes either,
mad,libmad,0.95,alias,confident,listed as alias/oldname of 'mad',
mado,,0.0,none,missing,no exact/normalized/alias/homepage evidence; no lookalikes either,
madplay,madplay,1.0,exact,confident,name identical in both managers; homepages 'https://www.underbit.com/products/mad/' vs 'http://www.mars.org/home/rob/proj/mpeg/',
maeparser,libmaeparser1-shlibs,0.9,homepage,confident,same upstream 'https://github.com/schrodinger/maeparser' (desc overlap 0.33),
mafft,mafft,1.0,exact,confident,name identical in both managers; homepages 'https://mafft.cbrc.jp/alignment/software/' vs 'http://mafft.cbrc.jp/alignment/software/',
mage,,0.0,none,needs-review,no exact/normalized/alias/homepage evidence; fuzzy suggestions listed for review,mpage
magic-wormhole,,0.0,none,missing,no exact/normalized/alias/homepage evidence; no lookalikes either,
magic-wormhole.rs,,0.0,none,missing,no exact/normalized/alias/homepage evidence; no lookalikes either,
magic_enum,,0.0,none,missing,no exact/normalized/alias/homepage evidence; no lookalikes either,
magics,,0.0,none,needs-review,no exact/normalized/alias/homepage evidence; fuzzy suggestions listed for review,rmagic
magika,,0.0,none,missing,no exact/normalized/alias/homepage evidence; no lookalikes either,
mago,,0.0,none,missing,no exact/normalized/alias/homepage evidence; no lookalikes either,
maigret,,0.0,none,missing,no exact/normalized/alias/homepage evidence; no lookalikes either,
mail-deduplicate,,0.0,none,missing,no exact/normalized/alias/homepage evidence; no lookalikes either,
mailcatcher,,0.0,none,missing,no exact/normalized/alias/homepage evidence; no lookalikes either,
mailcheck,,0.0,none,missing,no exact/normalized/alias/homepage evidence; no lookalikes either,
mailpit,,0.0,none,missing,no exact/normalized/alias/homepage evidence; no lookalikes either,
mailsy,,0.0,none,missing,no exact/normalized/alias/homepage evidence; no lookalikes either,
mailutils,,0.0,none,missing,no exact/normalized/alias/homepage evidence; no lookalikes either,
mairix,mairix,1.0,exact,confident,name identical in both managers; homepages 'https://github.com/vandry/mairix' vs '',
make,make,1.0,exact,confident,name identical in both managers; homepages 'https://www.gnu.org/software/make/' vs 'http://www.gnu.org/software/make/make.html',
makedepend,,0.0,none,missing,no exact/normalized/alias/homepage evidence; no lookalikes either,
makefile2graph,,0.0,none,missing,no exact/normalized/alias/homepage evidence; no lookalikes either,
makeicns,makeicns,1.0,exact,confident,name identical in both managers; homepages 'http://www.amnoid.de/icns/makeicns.html' vs 'https://bitbucket.org/mkae/makeicns/',
makensis,nsis,0.95,alias,confident,listed as alias/oldname of 'makensis',
makepkg,,0.0,none,missing,no exact/normalized/alias/homepage evidence; no lookalikes either,
makeself,,0.0,none,missing,no exact/normalized/alias/homepage evidence; no lookalikes either,
mako,,0.0,none,missing,no exact/normalized/alias/homepage evidence; no lookalikes either,
malbolge,,0.0,none,missing,no exact/normalized/alias/homepage evidence; no lookalikes either,
malcontent,,0.0,none,missing,no exact/normalized/alias/homepage evidence; no lookalikes either,
mallet,,0.0,none,missing,no exact/normalized/alias/homepage evidence; no lookalikes either,
mame,,0.0,none,needs-review,no exact/normalized/alias/homepage evidence; fuzzy suggestions listed for review,xmame; ckmame
man-db,,0.0,none,missing,no exact/normalized/alias/homepage evidence; no lookalikes either,
man2html,man2html,1.0,exact,confident,name identical in both managers; homepages 'https://savannah.nongnu.org/projects/man2html/' vs 'http://www.oac.uci.edu/indiv/ehood/man2html.html',
mandoc,,0.0,none,needs-review,no exact/normalized/alias/homepage evidence; fuzzy suggestions listed for review,pandoc
mandown,,0.0,none,missing,no exact/normalized/alias/homepage evidence; no lookalikes either,
mani,,0.0,none,needs-review,no exact/normalized/alias/homepage evidence; fuzzy suggestions listed for review,man
manifest-tool,,0.0,none,missing,no exact/normalized/alias/homepage evidence; no lookalikes either,
manifold,,0.0,none,missing,no exact/normalized/alias/homepage evidence; no lookalikes either,
manim,,0.0,none,missing,no exact/normalized/alias/homepage evidence; no lookalikes either,
manticoresearch,,0.0,none,missing,no exact/normalized/alias/homepage evidence; no lookalikes either,
mantra,,0.0,none,missing,no exact/normalized/alias/homepage evidence; no lookalikes either,
mapcidr,,0.0,none,missing,no exact/normalized/alias/homepage evidence; no lookalikes either,
mapcrafter,,0.0,none,missing,no exact/normalized/alias/homepage evidence; no lookalikes either,
mapnik,,0.0,none,missing,no exact/normalized/alias/homepage evidence; no lookalikes either,
mapproxy,,0.0,none,needs-review,no exact/normalized/alias/homepage evidence; fuzzy suggestions listed for review,haproxy
mapscii,,0.0,none,missing,no exact/normalized/alias/homepage evidence; no lookalikes either,
mapserver,mapserver,1.0,exact,confident,name identical in both managers; homepages 'https://mapserver.org/' vs 'http://mapserver.org/',
marcli,,0.0,none,needs-review,no exact/normalized/alias/homepage evidence; fuzzy suggestions listed for review,marlin
mariadb,,0.0,none,missing,no exact/normalized/alias/homepage evidence; no lookalikes either,
mariadb-connector-c,,0.0,none,missing,no exact/normalized/alias/homepage evidence; no lookalikes either,
mariadb-connector-odbc,,0.0,none,missing,no exact/normalized/alias/homepage evidence; no lookalikes either,
mariadb@10.11,,0.0,none,missing,no exact/normalized/alias/homepage evidence; no lookalikes either,
mariadb@10.5,,0.0,none,missing,no exact/normalized/alias/homepage evidence; no lookalikes either,
mariadb@10.6,,0.0,none,missing,no exact/normalized/alias/homepage evidence; no lookalikes either,
mariadb@11.4,,0.0,none,missing,no exact/normalized/alias/homepage evidence; no lookalikes either,
mariadb@11.8,,0.0,none,missing,no exact/normalized/alias/homepage evidence; no lookalikes either,
marisa,,0.0,none,missing,no exact/normalized/alias/homepage evidence; no lookalikes either,
mark,,0.0,none,needs-review,no exact/normalized/alias/homepage evidence; fuzzy suggestions listed for review,amarok
markdown,,0.0,none,missing,no exact/normalized/alias/homepage evidence; no lookalikes either,
markdown-oxide,,0.0,none,missing,no exact/normalized/alias/homepage evidence; no lookalikes either,
markdown-toc,,0.0,none,missing,no exact/normalized/alias/homepage evidence; no lookalikes either,
markdownlint-cli,,0.0,none,missing,no exact/normalized/alias/homepage evidence; no lookalikes either,
markdownlint-cli2,,0.0,none,missing,no exact/normalized/alias/homepage evidence; no lookalikes either,
marked,,0.0,none,needs-review,no exact/normalized/alias/homepage evidence; fuzzy suggestions listed for review,make
marksman,,0.0,none,missing,no exact/normalized/alias/homepage evidence; no lookalikes either,
marmite,,0.0,none,missing,no exact/normalized/alias/homepage evidence; no lookalikes either,
marmot,,0.0,none,missing,no exact/normalized/alias/homepage evidence; no lookalikes either,
marp-cli,,0.0,none,missing,no exact/normalized/alias/homepage evidence; no lookalikes either,
martin,,0.0,none,needs-review,no exact/normalized/alias/homepage evidence; fuzzy suggestions listed for review,marlin
mas,,0.0,none,missing,no exact/normalized/alias/homepage evidence; no lookalikes either,
mask,,0.0,none,missing,no exact/normalized/alias/homepage evidence; no lookalikes either,
masscan,,0.0,none,missing,no exact/normalized/alias/homepage evidence; no lookalikes either,
massdns,,0.0,none,missing,no exact/normalized/alias/homepage evidence; no lookalikes either,
massdriver,,0.0,none,missing,no exact/normalized/alias/homepage evidence; no lookalikes either,
massren,,0.0,none,missing,no exact/normalized/alias/homepage evidence; no lookalikes either,
mat2,,0.0,none,missing,no exact/normalized/alias/homepage evidence; no lookalikes either,
matcha,,0.0,none,needs-review,no exact/normalized/alias/homepage evidence; fuzzy suggestions listed for review,mpatch
math-comp,,0.0,none,missing,no exact/normalized/alias/homepage evidence; no lookalikes either,
matlab2tikz,,0.0,none,missing,no exact/normalized/alias/homepage evidence; no lookalikes either,
matplotplusplus,,0.0,none,missing,no exact/normalized/alias/homepage evidence; no lookalikes either,
matterbridge,,0.0,none,missing,no exact/normalized/alias/homepage evidence; no lookalikes either,
maturin,,0.0,none,missing,no exact/normalized/alias/homepage evidence; no lookalikes either,
maven,maven,1.0,exact,confident,name identical in both managers; homepages 'https://maven.apache.org/' vs 'http://maven.apache.org/',
maven-completion,,0.0,none,missing,no exact/normalized/alias/homepage evidence; no lookalikes either,
maven-shell,,0.0,none,missing,no exact/normalized/alias/homepage evidence; no lookalikes either,
mavsdk,,0.0,none,missing,no exact/normalized/alias/homepage evidence; no lookalikes either,
mawk,mawk,1.0,exact,confident,name identical in both managers; homepages 'https://invisible-island.net/mawk/' vs 'http://invisible-island.net/mawk/mawk.html',
maxima,maxima,1.0,exact,confident,name identical in both managers; homepages 'https://maxima.sourceforge.io/' vs 'http://maxima.sourceforge.net',
maxwell,,0.0,none,missing,no exact/normalized/alias/homepage evidence; no lookalikes either,
mbedtls,,0.0,none,needs-review,no exact/normalized/alias/homepage evidence; same homepage 'https://www.trustedfirmware.org/projects/mbed-tls/' as 'libmbedtls21' but desc overlap only 0.08; versions '4.2.0' vs '3.6.4'; fuzzy suggestions listed for review,bedtools
mbedtls@2,,0.0,none,needs-review,no exact/normalized/alias/homepage evidence; same homepage 'https://www.trustedfirmware.org/projects/mbed-tls/' as 'libmbedtls21' but desc overlap only 0.08; versions '2.28.10' vs '3.6.4'; fuzzy suggestions listed for review,libmbedtls21
mbedtls@3,,0.0,none,needs-review,no exact/normalized/alias/homepage evidence; same homepage 'https://www.trustedfirmware.org/projects/mbed-tls/' as 'libmbedtls21' but desc overlap only 0.08; no lookalikes either,
mbelib,,0.0,none,needs-review,no exact/normalized/alias/homepage evidence; fuzzy suggestions listed for review,elib
mbpoll,,0.0,none,missing,no exact/normalized/alias/homepage evidence; no lookalikes either,
mbt,,0.0,none,missing,no exact/normalized/alias/homepage evidence; no lookalikes either,
mbw,,0.0,none,missing,no exact/normalized/alias/homepage evidence; no lookalikes either,
mcabber,mcabber,1.0,exact,confident,name identical in both managers; homepages 'https://mcabber.com/' vs 'http://www.lilotux.net/~mikael/mcabber/',
mcap,,0.0,none,missing,no exact/normalized/alias/homepage evidence; no lookalikes either,
mcat,,0.0,none,missing,no exact/normalized/alias/homepage evidence; no lookalikes either,
mcfly,,0.0,none,needs-review,no exact/normalized/alias/homepage evidence; fuzzy suggestions listed for review,cdfly
mcp-atlassian,,0.0,none,missing,no exact/normalized/alias/homepage evidence; no lookalikes either,
mcp-get,,0.0,none,missing,no exact/normalized/alias/homepage evidence; no lookalikes either,
mcp-google-sheets,,0.0,none,missing,no exact/normalized/alias/homepage evidence; no lookalikes either,
mcp-grafana,,0.0,none,missing,no exact/normalized/alias/homepage evidence; no lookalikes either,
mcp-inspector,,0.0,none,missing,no exact/normalized/alias/homepage evidence; no lookalikes either,
mcp-proxy,,0.0,none,missing,no exact/normalized/alias/homepage evidence; no lookalikes either,
mcp-publisher,,0.0,none,missing,no exact/normalized/alias/homepage evidence; no lookalikes either,
mcp-remote,,0.0,none,missing,no exact/normalized/alias/homepage evidence; no lookalikes either,
mcp-server-chart,,0.0,none,missing,no exact/normalized/alias/homepage evidence; no lookalikes either,
mcp-server-kubernetes,,0.0,none,missing,no exact/normalized/alias/homepage evidence; no lookalikes either,
mcp-toolbox,,0.0,none,missing,no exact/normalized/alias/homepage evidence; no lookalikes either,
mcphost,,0.0,none,missing,no exact/normalized/alias/homepage evidence; no lookalikes either,
mcpm,,0.0,none,needs-review,no exact/normalized/alias/homepage evidence; fuzzy suggestions listed for review,mce-pm
mcpp,,0.0,none,missing,no exact/normalized/alias/homepage evidence; no lookalikes either,
mcpsnoop,,0.0,none,missing,no exact/normalized/alias/homepage evidence; no lookalikes either,
mcptools,,0.0,none,needs-review,no exact/normalized/alias/homepage evidence; fuzzy suggestions listed for review,mtools; pmtools
md-tui,,0.0,none,missing,no exact/normalized/alias/homepage evidence; no lookalikes either,
md2pdf,,0.0,none,missing,no exact/normalized/alias/homepage evidence; no lookalikes either,
md4c,,0.0,none,missing,no exact/normalized/alias/homepage evidence; no lookalikes either,
md5deep,md5deep,1.0,exact,confident,name identical in both managers; homepages 'https://github.com/jessek/hashdeep' vs 'http://md5deep.sourceforge.net/',
md5sha1sum,,0.0,none,missing,no exact/normalized/alias/homepage evidence; no lookalikes either,
mda-lv2,,0.0,none,missing,no exact/normalized/alias/homepage evidence; no lookalikes either,
mdbook,,0.0,none,missing,no exact/normalized/alias/homepage evidence; no lookalikes either,
mdbtools,mdbtools,1.0,exact,confident,name identical in both managers; homepages 'https://github.com/mdbtools/mdbtools/' vs '',
mdcat,,0.0,none,needs-review,no exact/normalized/alias/homepage evidence; fuzzy suggestions listed for review,mdate
mdds,mdds,1.0,exact,confident,name identical in both managers; homepages 'https://gitlab.com/mdds/mdds' vs 'http://code.google.com/p/multidimalgorithm/',
mdf2iso,,0.0,none,missing,no exact/normalized/alias/homepage evidence; no lookalikes either,
mdformat,,0.0,none,missing,no exact/normalized/alias/homepage evidence; no lookalikes either,
mdfried,,0.0,none,missing,no exact/normalized/alias/homepage evidence; no lookalikes either,
mdk,mdk%type_pkg[-gui],0.9,homepage,confident,same upstream 'https://www.gnu.org/software/mdk/mdk.html' (desc overlap 1.00),
mdless,,0.0,none,needs-review,no exact/normalized/alias/homepage evidence; fuzzy suggestions listed for review,mindless; less
mdp,,0.0,none,missing,no exact/normalized/alias/homepage evidence; no lookalikes either,
mdq,,0.0,none,missing,no exact/normalized/alias/homepage evidence; no lookalikes either,
mdserve,,0.0,none,missing,no exact/normalized/alias/homepage evidence; no lookalikes either,
mdsh,,0.0,none,missing,no exact/normalized/alias/homepage evidence; no lookalikes either,
mdt,,0.0,none,missing,no exact/normalized/alias/homepage evidence; no lookalikes either,
mdv,,0.0,none,missing,no exact/normalized/alias/homepage evidence; no lookalikes either,
mdxmini,,0.0,none,missing,no exact/normalized/alias/homepage evidence; no lookalikes either,
mdz,mdz,1.0,exact,confident,name identical in both managers; homepages 'https://github.com/LerianStudio/midaz' vs 'http://jwm-art.net/mdz',
mdzk,,0.0,none,needs-review,no exact/normalized/alias/homepage evidence; fuzzy suggestions listed for review,mdz
mecab,mecab,1.0,exact,confident,name identical in both managers; homepages 'https://taku910.github.io/mecab/' vs 'http://mecab.sourceforge.net/',
mecab-ipadic,mecab-ipadic,1.0,exact,confident,name identical in both managers; homepages 'https://taku910.github.io/mecab/' vs 'http://mecab.sourceforge.jp/',
mecab-jumandic,,0.0,none,missing,no exact/normalized/alias/homepage evidence; no lookalikes either,
mecab-ko,,0.0,none,needs-review,no exact/normalized/alias/homepage evidence; fuzzy suggestions listed for review,mecab
mecab-ko-dic,,0.0,none,missing,no exact/normalized/alias/homepage evidence; no lookalikes either,
mecab-unidic,,0.0,none,needs-review,no exact/normalized/alias/homepage evidence; fuzzy suggestions listed for review,mecab-ipadic
mecab-unidic-extended,,0.0,none,missing,no exact/normalized/alias/homepage evidence; no lookalikes either,
media-control,,0.0,none,missing,no exact/normalized/alias/homepage evidence; no lookalikes either,
media-info,,0.0,none,needs-review,no exact/normalized/alias/homepage evidence; fuzzy suggestions listed for review,libmediainfo0
mediaconch,,0.0,none,missing,no exact/normalized/alias/homepage evidence; no lookalikes either,
mediamtx,,0.0,none,missing,no exact/normalized/alias/homepage evidence; no lookalikes either,
mednafen,mednafen,1.0,exact,confident,name identical in both managers; homepages 'https://mednafen.github.io/' vs 'http://mednafen.sourceforge.net',
medusa,,0.0,none,needs-review,no exact/normalized/alias/homepage evidence; fuzzy suggestions listed for review,mesa
meek,,0.0,none,needs-review,no exact/normalized/alias/homepage evidence; same homepage 'https://www.torproject.org' as 'tor' but desc overlap only 0.05; no lookalikes either,
megacmd,,0.0,none,missing,no exact/normalized/alias/homepage evidence; no lookalikes either,
megatools,,0.0,none,needs-review,no exact/normalized/alias/homepage evidence; fuzzy suggestions listed for review,mjpegtools; mtools
meilisearch,,0.0,none,missing,no exact/normalized/alias/homepage evidence; no lookalikes either,
melange,,0.0,none,missing,no exact/normalized/alias/homepage evidence; no lookalikes either,
meli,,0.0,none,needs-review,no exact/normalized/alias/homepage evidence; fuzzy suggestions listed for review,melina
melody,,0.0,none,needs-review,no exact/normalized/alias/homepage evidence; fuzzy suggestions listed for review,meld
melt,,0.0,none,missing,no exact/normalized/alias/homepage evidence; no lookalikes either,
memcache-top,,0.0,none,needs-review,no exact/normalized/alias/homepage evidence; fuzzy suggestions listed for review,memcached
memcached,memcached,1.0,exact,confident,name identical in both managers; homepages 'https://memcached.org/' vs 'http://danga.com/memcached/',
memcacheq,,0.0,none,needs-review,no exact/normalized/alias/homepage evidence; fuzzy suggestions listed for review,memcached; libmemcache
memray,,0.0,none,missing,no exact/normalized/alias/homepage evidence; no lookalikes either,
memtester,memtester,1.0,exact,confident,name identical in both managers; homepages 'https://pyropus.ca/software/memtester/' vs 'http://pyropus.ca/software/memtester/',
memtier_benchmark,,0.0,none,missing,no exact/normalized/alias/homepage evidence; no lookalikes either,
mender-artifact,,0.0,none,missing,no exact/normalized/alias/homepage evidence; no lookalikes either,
mender-cli,,0.0,none,missing,no exact/normalized/alias/homepage evidence; no lookalikes either,
menhir,,0.0,none,needs-review,no exact/normalized/alias/homepage evidence; same homepage 'http://cristal.inria.fr/~fpottier/menhir' as 'ocaml-menhir' but versions '20260209' vs '20080912'; no lookalikes either,
mentat,,0.0,none,missing,no exact/normalized/alias/homepage evidence; no lookalikes either,
mercurial,mercurial,1.0,exact,confident,name identical in both managers; homepages 'https://mercurial-scm.org/' vs 'http://mercurial.selenic.com/',
mercury,,0.0,none,missing,no exact/normalized/alias/homepage evidence; no lookalikes either,
mercury-cli,,0.0,none,missing,no exact/normalized/alias/homepage evidence; no lookalikes either,
mergelog,,0.0,none,missing,no exact/normalized/alias/homepage evidence; no lookalikes either,
mergiraf,,0.0,none,missing,no exact/normalized/alias/homepage evidence; no lookalikes either,
mermaid-cli,,0.0,none,missing,no exact/normalized/alias/homepage evidence; no lookalikes either,
merman-cli,,0.0,none,missing,no exact/normalized/alias/homepage evidence; no lookalikes either,
merve,,0.0,none,missing,no exact/normalized/alias/homepage evidence; no lookalikes either,
mesa,mesa,1.0,exact,confident,name identical in both managers; homepages 'https://www.mesa3d.org/' vs 'http://mesa3d.sourceforge.net/',
mesa-glu,,0.0,none,missing,no exact/normalized/alias/homepage evidence; no lookalikes either,
mesalib-glw,,0.0,none,needs-review,no exact/normalized/alias/homepage evidence; same homepage 'https://www.mesa3d.org' as 'mesa-libglw-%type_pkg[motif]' but desc overlap only 0.12; versions '8.0.0' vs '7.8.2'; no lookalikes either,
mesheryctl,,0.0,none,missing,no exact/normalized/alias/homepage evidence; no lookalikes either,
meson,,0.0,none,missing,no exact/normalized/alias/homepage evidence; no lookalikes either,
meta-package-manager,,0.0,none,missing,no exact/normalized/alias/homepage evidence; no lookalikes either,
metabase,,0.0,none,missing,no exact/normalized/alias/homepage evidence; no lookalikes either,
metalang99,,0.0,none,missing,no exact/normalized/alias/homepage evidence; no lookalikes either,
metals,,0.0,none,missing,no exact/normalized/alias/homepage evidence; no lookalikes either,
metaproxy,,0.0,none,missing,no exact/normalized/alias/homepage evidence; no lookalikes either,
metashell,,0.0,none,missing,no exact/normalized/alias/homepage evidence; no lookalikes either,
metis,,0.0,none,needs-review,no exact/normalized/alias/homepage evidence; fuzzy suggestions listed for review,metrics
metricbeat,,0.0,none,missing,no exact/normalized/alias/homepage evidence; no lookalikes either,
metview,,0.0,none,missing,no exact/normalized/alias/homepage evidence; no lookalikes either,
mfcuk,,0.0,none,missing,no exact/normalized/alias/homepage evidence; no lookalikes either,
mfem,,0.0,none,missing,no exact/normalized/alias/homepage evidence; no lookalikes either,
mfoc,mfoc,1.0,exact,confident,name identical in both managers; homepages 'https://github.com/nfc-tools/mfoc' vs 'http://www.nethemba.com',
mfterm,,0.0,none,needs-review,no exact/normalized/alias/homepage evidence; fuzzy suggestions listed for review,mlterm
mftrace,mftrace,1.0,exact,confident,name identical in both managers; homepages 'https://lilypond.org/mftrace/' vs 'http://www.xs4all.nl/~hanwen/mftrace/',
mg,,0.0,none,needs-review,no exact/normalized/alias/homepage evidence; fuzzy suggestions listed for review,mgv
mgba,,0.0,none,missing,no exact/normalized/alias/homepage evidence; no lookalikes either,
mgis,,0.0,none,missing,no exact/normalized/alias/homepage evidence; no lookalikes either,
mhash,,0.0,ambiguous,needs-review,homepage shared by several targets,libmhash; libmhash2
mhonarc,mhonarc,1.0,exact,confident,name identical in both managers; homepages 'https://www.mhonarc.org/' vs 'http://www.mhonarc.org',
miasma,,0.0,none,missing,no exact/normalized/alias/homepage evidence; no lookalikes either,
micasa,,0.0,none,missing,no exact/normalized/alias/homepage evidence; no lookalikes either,
micro,,0.0,none,needs-review,no exact/normalized/alias/homepage evidence; fuzzy suggestions listed for review,mico
micro_inetd,,0.0,none,missing,no exact/normalized/alias/homepage evidence; no lookalikes either,
micromamba,,0.0,none,missing,no exact/normalized/alias/homepage evidence; no lookalikes either,
micronaut,,0.0,none,missing,no exact/normalized/alias/homepage evidence; no lookalikes either,
microplane,,0.0,none,missing,no exact/normalized/alias/homepage evidence; no lookalikes either,
micropython,,0.0,none,missing,no exact/normalized/alias/homepage evidence; no lookalikes either,
microsocks,,0.0,none,missing,no exact/normalized/alias/homepage evidence; no lookalikes either,
midicsv,,0.0,none,missing,no exact/normalized/alias/homepage evidence; no lookalikes either,
midnight-commander,mc,0.95,alias,confident,listed as alias/oldname of 'midnight-commander',
mighttpd2,,0.0,none,needs-review,no exact/normalized/alias/homepage evidence; fuzzy suggestions listed for review,lighttpd
mihomo,,0.0,none,missing,no exact/normalized/alias/homepage evidence; no lookalikes either,
mikmod,mikmod,1.0,exact,confident,name identical in both managers; homepages 'https://mikmod.sourceforge.net/' vs 'http://mikmod.raphnet.net',
mikutter,,0.0,none,missing,no exact/normalized/alias/homepage evidence; no lookalikes either,
mill,,0.0,none,missing,no exact/normalized/alias/homepage evidence; no lookalikes either,
miller,,0.0,none,missing,no exact/normalized/alias/homepage evidence; no lookalikes either,
millet,,0.0,none,missing,no exact/normalized/alias/homepage evidence; no lookalikes either,
mimalloc,,0.0,none,missing,no exact/normalized/alias/homepage evidence; no lookalikes either,
mimic,,0.0,none,missing,no exact/normalized/alias/homepage evidence; no lookalikes either,
mimirtool,,0.0,none,missing,no exact/normalized/alias/homepage evidence; no lookalikes either,
mimo-code,,0.0,none,missing,no exact/normalized/alias/homepage evidence; no lookalikes either,
min-lang,,0.0,none,missing,no exact/normalized/alias/homepage evidence; no lookalikes either,
minder,,0.0,none,missing,no exact/normalized/alias/homepage evidence; no lookalikes either,
mingw-w64,,0.0,none,missing,no exact/normalized/alias/homepage evidence; no lookalikes either,
miniaudio,,0.0,none,missing,no exact/normalized/alias/homepage evidence; no lookalikes either,
minibwa,,0.0,none,missing,no exact/normalized/alias/homepage evidence; no lookalikes either,
minica,,0.0,none,missing,no exact/normalized/alias/homepage evidence; no lookalikes either,
minicom,minicom,1.0,exact,confident,name identical in both managers; homepages 'https://packages.debian.org/sid/minicom' vs 'http://www.clinet.fi/~walker/minicom.html',
minidjvu,,0.0,none,missing,no exact/normalized/alias/homepage evidence; no lookalikes either,
minidlna,,0.0,none,missing,no exact/normalized/alias/homepage evidence; no lookalikes either,
miniflux,,0.0,none,missing,no exact/normalized/alias/homepage evidence; no lookalikes either,
minify,,0.0,none,missing,no exact/normalized/alias/homepage evidence; no lookalikes either,
minigraph,,0.0,none,needs-review,no exact/normalized/alias/homepage evidence; fuzzy suggestions listed for review,ngraph
minijinja-cli,,0.0,none,missing,no exact/normalized/alias/homepage evidence; no lookalikes either,
minikube,,0.0,none,needs-review,no exact/normalized/alias/homepage evidence; fuzzy suggestions listed for review,minitube
minimal-racket,,0.0,none,missing,no exact/normalized/alias/homepage evidence; no lookalikes either,
minimap2,,0.0,none,missing,no exact/normalized/alias/homepage evidence; no lookalikes either,
minimodem,,0.0,none,missing,no exact/normalized/alias/homepage evidence; no lookalikes either,
minio,,0.0,none,needs-review,no exact/normalized/alias/homepage evidence; fuzzy suggestions listed for review,minicom
minio-mc,,0.0,none,needs-review,no exact/normalized/alias/homepage evidence; fuzzy suggestions listed for review,minicom
minio-warp,,0.0,none,missing,no exact/normalized/alias/homepage evidence; no lookalikes either,
minipro,,0.0,none,missing,no exact/normalized/alias/homepage evidence; no lookalikes either,
miniprot,,0.0,none,missing,no exact/normalized/alias/homepage evidence; no lookalikes either,
minisat,,0.0,none,missing,no exact/normalized/alias/homepage evidence; no lookalikes either,
minised,,0.0,none,needs-review,no exact/normalized/alias/homepage evidence; fuzzy suggestions listed for review,mined
miniserve,,0.0,none,missing,no exact/normalized/alias/homepage evidence; no lookalikes either,
minisign,,0.0,none,missing,no exact/normalized/alias/homepage evidence; no lookalikes either,
miniupnpc,libminiupnpc17-shlibs,0.9,homepage,confident,same upstream 'http://miniupnp.free.fr/' (desc overlap 0.38),
miniz,,0.0,none,missing,no exact/normalized/alias/homepage evidence; no lookalikes either,
minizign,,0.0,none,missing,no exact/normalized/alias/homepage evidence; no lookalikes either,
minizinc,,0.0,none,missing,no exact/normalized/alias/homepage evidence; no lookalikes either,
minizip,,0.0,none,missing,no exact/normalized/alias/homepage evidence; no lookalikes either,
minizip-ng,,0.0,none,needs-review,no exact/normalized/alias/homepage evidence; same homepage 'https://github.com/zlib-ng/minizip-ng' as 'libminizip-ng3-shlibs' but versions '4.2.2' vs '3.0.10'; no lookalikes either,
mint,,0.0,none,missing,no exact/normalized/alias/homepage evidence; no lookalikes either,
mintoolkit,,0.0,none,missing,no exact/normalized/alias/homepage evidence; no lookalikes either,
minuit2,,0.0,none,missing,no exact/normalized/alias/homepage evidence; no lookalikes either,
mips-linux-gnu-binutils,,0.0,ambiguous,needs-review,homepage shared by several targets,aarch64-%type_pkg[platform]-binutils; arm-%type_pkg[platform]-binutils; avr-binutils; avr-embedded-binutils; binutils-docs
mipsel-linux-gnu-binutils,,0.0,ambiguous,needs-review,homepage shared by several targets,aarch64-%type_pkg[platform]-binutils; arm-%type_pkg[platform]-binutils; avr-binutils; avr-embedded-binutils; binutils-docs
miruo,,0.0,none,missing,no exact/normalized/alias/homepage evidence; no lookalikes either,
mise,,0.0,none,missing,no exact/normalized/alias/homepage evidence; no lookalikes either,
mist-cli,,0.0,none,missing,no exact/normalized/alias/homepage evidence; no lookalikes either,
mistral-vibe,,0.0,none,missing,no exact/normalized/alias/homepage evidence; no lookalikes either,
mit-scheme,,0.0,none,missing,no exact/normalized/alias/homepage evidence; no lookalikes either,
mitama-cpp-result,,0.0,none,missing,no exact/normalized/alias/homepage evidence; no lookalikes either,
mitie,,0.0,none,missing,no exact/normalized/alias/homepage evidence; no lookalikes either,
mjml,,0.0,none,missing,no exact/normalized/alias/homepage evidence; no lookalikes either,
mjpegtools,mjpegtools,1.0,exact,confident,name identical in both managers; homepages 'https://mjpeg.sourceforge.io/' vs 'http://mjpeg.sourceforge.net/',
mk,,0.0,none,missing,no exact/normalized/alias/homepage evidence; no lookalikes either,
mk-configure,,0.0,none,needs-review,no exact/normalized/alias/homepage evidence; fuzzy suggestions listed for review,kconfigure
mkbrr,,0.0,none,missing,no exact/normalized/alias/homepage evidence; no lookalikes either,
mkcert,,0.0,none,missing,no exact/normalized/alias/homepage evidence; no lookalikes either,
mkclean,,0.0,none,missing,no exact/normalized/alias/homepage evidence; no lookalikes either,
mkcue,,0.0,none,missing,no exact/normalized/alias/homepage evidence; no lookalikes either,
mkdocs,,0.0,none,missing,no exact/normalized/alias/homepage evidence; no lookalikes either,
mkdocs-material,,0.0,none,missing,no exact/normalized/alias/homepage evidence; no lookalikes either,
mkfontscale,,0.0,none,missing,no exact/normalized/alias/homepage evidence; no lookalikes either,
mkhexgrid,mkhexgrid,1.0,exact,confident,name identical in both managers; homepages 'https://www.nomic.net/~uckelman/mkhexgrid/' vs 'http://www.nomic.net/~uckelman/mkhexgrid/',
mklittlefs,,0.0,none,missing,no exact/normalized/alias/homepage evidence; no lookalikes either,
mkp224o,,0.0,none,missing,no exact/normalized/alias/homepage evidence; no lookalikes either,
mksh,mksh,1.0,exact,confident,name identical in both managers; homepages 'https://mbsd.evolvis.org/mksh.htm' vs 'http://mirbsd.de/mksh',
mktorrent,mktorrent,1.0,exact,confident,name identical in both managers; homepages 'https://github.com/pobrn/mktorrent/wiki' vs 'http://mktorrent.sourceforge.net',
mktxp,,0.0,none,missing,no exact/normalized/alias/homepage evidence; no lookalikes either,
mkvalidator,,0.0,none,missing,no exact/normalized/alias/homepage evidence; no lookalikes either,
mkvdts2ac3,,0.0,none,missing,no exact/normalized/alias/homepage evidence; no lookalikes either,
mkvtomp4,,0.0,none,missing,no exact/normalized/alias/homepage evidence; no lookalikes either,
mkvtoolnix,,0.0,none,missing,no exact/normalized/alias/homepage evidence; no lookalikes either,
mlc,,0.0,none,missing,no exact/normalized/alias/homepage evidence; no lookalikes either,
mle,,0.0,none,missing,no exact/normalized/alias/homepage evidence; no lookalikes either,
mlkit,,0.0,none,missing,no exact/normalized/alias/homepage evidence; no lookalikes either,
mlogger,,0.0,none,needs-review,no exact/normalized/alias/homepage evidence; fuzzy suggestions listed for review,fslogger
mlpack,,0.0,none,needs-review,no exact/normalized/alias/homepage evidence; fuzzy suggestions listed for review,mpack
mlt,,0.0,none,missing,no exact/normalized/alias/homepage evidence; no lookalikes either,
mlton,,0.0,none,needs-review,no exact/normalized/alias/homepage evidence; fuzzy suggestions listed for review,xmlto
mlx,,0.0,none,missing,no exact/normalized/alias/homepage evidence; no lookalikes either,
mlx-c,,0.0,none,missing,no exact/normalized/alias/homepage evidence; no lookalikes either,
mlx-lm,,0.0,none,missing,no exact/normalized/alias/homepage evidence; no lookalikes either,
mm-common,mm-common,1.0,exact,confident,name identical in both managers; homepages 'https://www.gtkmm.org/' vs 'https://gtkmm.gnome.org/en/index.html',
mmark,,0.0,none,missing,no exact/normalized/alias/homepage evidence; no lookalikes either,
mmctl,,0.0,none,missing,no exact/normalized/alias/homepage evidence; no lookalikes either,
mmdbctl,,0.0,none,missing,no exact/normalized/alias/homepage evidence; no lookalikes either,
mmdbinspect,,0.0,none,missing,no exact/normalized/alias/homepage evidence; no lookalikes either,
mmix,,0.0,none,needs-review,no exact/normalized/alias/homepage evidence; fuzzy suggestions listed for review,gimmix
mmseqs2,,0.0,none,missing,no exact/normalized/alias/homepage evidence; no lookalikes either,
mmsrip,,0.0,none,needs-review,no exact/normalized/alias/homepage evidence; fuzzy suggestions listed for review,msrp
mmtabbarview,,0.0,none,missing,no exact/normalized/alias/homepage evidence; no lookalikes either,
mmv,mmv,1.0,exact,confident,name identical in both managers; homepages 'https://github.com/rrthomas/mmv' vs '',
moarvm,,0.0,none,missing,no exact/normalized/alias/homepage evidence; no lookalikes either,
mob,,0.0,none,missing,no exact/normalized/alias/homepage evidence; no lookalikes either,
mobiledevice,,0.0,none,needs-review,no exact/normalized/alias/homepage evidence; fuzzy suggestions listed for review,libimobiledevice
moc,moc,1.0,exact,confident,name identical in both managers; homepages 'https://moc.daper.net/' vs 'http://moc.daper.net/',
mockery,,0.0,none,missing,no exact/normalized/alias/homepage evidence; no lookalikes either,
mockolo,,0.0,none,missing,no exact/normalized/alias/homepage evidence; no lookalikes either,
mockserver,,0.0,none,missing,no exact/normalized/alias/homepage evidence; no lookalikes either,
moco,,0.0,none,needs-review,no exact/normalized/alias/homepage evidence; fuzzy suggestions listed for review,moc
modal,,0.0,none,missing,no exact/normalized/alias/homepage evidence; no lookalikes either,
models,,0.0,none,missing,no exact/normalized/alias/homepage evidence; no lookalikes either,
modman,,0.0,none,missing,no exact/normalized/alias/homepage evidence; no lookalikes either,
mods,,0.0,none,missing,no exact/normalized/alias/homepage evidence; no lookalikes either,
modsecurity,,0.0,none,missing,no exact/normalized/alias/homepage evidence; no lookalikes either,
modsurfer,,0.0,none,needs-review,no exact/normalized/alias/homepage evidence; fuzzy suggestions listed for review,surfer
modules,,0.0,none,needs-review,no exact/normalized/alias/homepage evidence; fuzzy suggestions listed for review,modulef
moe,,0.0,none,missing,no exact/normalized/alias/homepage evidence; no lookalikes either,
mogenerator,,0.0,none,missing,no exact/normalized/alias/homepage evidence; no lookalikes either,
mold,,0.0,none,needs-review,no exact/normalized/alias/homepage evidence; fuzzy suggestions listed for review,rmold; molden
mole,,0.0,none,needs-review,no exact/normalized/alias/homepage evidence; fuzzy suggestions listed for review,molden
molecule,,0.0,none,missing,no exact/normalized/alias/homepage evidence; no lookalikes either,
molten-vk,,0.0,none,missing,no exact/normalized/alias/homepage evidence; no lookalikes either,
mon,,0.0,none,needs-review,no exact/normalized/alias/homepage evidence; fuzzy suggestions listed for review,bmon; mono
monero,monero,1.0,exact,confident,name identical in both managers; homepages 'https://www.getmonero.org/downloads/#cli' vs 'http://getmonero.org',
monetdb,,0.0,none,missing,no exact/normalized/alias/homepage evidence; no lookalikes either,
mongo-c-driver,,0.0,none,missing,no exact/normalized/alias/homepage evidence; no lookalikes either,
mongo-c-driver@1,,0.0,none,missing,no exact/normalized/alias/homepage evidence; no lookalikes either,
mongo-cxx-driver,libmongo-client,0.95,alias,confident,listed as alias/oldname of 'mongo-cxx-driver',
mongo-orchestration,,0.0,none,missing,no exact/normalized/alias/homepage evidence; no lookalikes either,
mongocli,,0.0,none,missing,no exact/normalized/alias/homepage evidence; no lookalikes either,
mongodb-atlas-cli,,0.0,none,missing,no exact/normalized/alias/homepage evidence; no lookalikes either,
mongoose,,0.0,none,missing,no exact/normalized/alias/homepage evidence; no lookalikes either,
mongosh,,0.0,none,missing,no exact/normalized/alias/homepage evidence; no lookalikes either,
mongrel2,,0.0,none,missing,no exact/normalized/alias/homepage evidence; no lookalikes either,
monika,,0.0,none,missing,no exact/normalized/alias/homepage evidence; no lookalikes either,
monit,,0.0,none,missing,no exact/normalized/alias/homepage evidence; no lookalikes either,
monitoring-plugins,,0.0,none,missing,no exact/normalized/alias/homepage evidence; no lookalikes either,
monkeysphere,,0.0,none,missing,no exact/normalized/alias/homepage evidence; no lookalikes either,
mono,mono,1.0,exact,confident,name identical in both managers; homepages 'https://www.mono-project.com/' vs 'http://www.mono-project.com/',
mono-libgdiplus,,0.0,none,needs-review,no exact/normalized/alias/homepage evidence; fuzzy suggestions listed for review,libgdiplus
monocle,,0.0,none,missing,no exact/normalized/alias/homepage evidence; no lookalikes either,
monolith,,0.0,none,missing,no exact/normalized/alias/homepage evidence; no lookalikes either,
montage,,0.0,none,missing,no exact/normalized/alias/homepage evidence; no lookalikes either,
moodle-dl,,0.0,none,missing,no exact/normalized/alias/homepage evidence; no lookalikes either,
moon,,0.0,none,missing,no exact/normalized/alias/homepage evidence; no lookalikes either,
moon-buggy,,0.0,none,missing,no exact/normalized/alias/homepage evidence; no lookalikes either,
moor,,0.0,none,missing,no exact/normalized/alias/homepage evidence; no lookalikes either,
moreutils,,0.0,none,needs-review,no exact/normalized/alias/homepage evidence; fuzzy suggestions listed for review,coreutils
moribito,,0.0,none,missing,no exact/normalized/alias/homepage evidence; no lookalikes either,
morpheus,,0.0,none,missing,no exact/normalized/alias/homepage evidence; no lookalikes either,
morse,,0.0,none,missing,no exact/normalized/alias/homepage evidence; no lookalikes either,
mosdepth,,0.0,none,missing,no exact/normalized/alias/homepage evidence; no lookalikes either,
mosh,mosh,1.0,exact,confident,name identical in both managers; homepages 'https://mosh.org' vs 'http://mosh.mit.edu/',
mosml,,0.0,none,missing,no exact/normalized/alias/homepage evidence; no lookalikes either,
mosquitto,,0.0,none,missing,no exact/normalized/alias/homepage evidence; no lookalikes either,
most,most,1.0,exact,confident,name identical in both managers; homepages 'https://www.jedsoft.org/most/' vs 'http://www.jedsoft.org/most',
moto,,0.0,none,needs-review,no exact/normalized/alias/homepage evidence; fuzzy suggestions listed for review,xmoto
movgrab,,0.0,none,missing,no exact/normalized/alias/homepage evidence; no lookalikes either,
mox,,0.0,none,missing,no exact/normalized/alias/homepage evidence; no lookalikes either,
mozjpeg,,0.0,none,missing,no exact/normalized/alias/homepage evidence; no lookalikes either,
mp3blaster,mp3blaster,1.0,exact,confident,name identical in both managers; homepages 'https://mp3blaster.sourceforge.io' vs 'http://mp3blaster.sourceforge.net',
mp3cat,,0.0,none,needs-review,no exact/normalized/alias/homepage evidence; fuzzy suggestions listed for review,mp3cut
mp3check,mp3check,1.0,exact,confident,name identical in both managers; homepages 'https://code.google.com/archive/p/mp3check/' vs '',
mp3fs,,0.0,none,missing,no exact/normalized/alias/homepage evidence; no lookalikes either,
mp3gain,,0.0,none,missing,no exact/normalized/alias/homepage evidence; no lookalikes either,
mp3info,mp3info%type_pkg[-x11],0.9,homepage,confident,same upstream 'https://www.ibiblio.org/mp3info/' (desc overlap 0.23),
mp3splt,mp3splt,1.0,exact,confident,name identical in both managers; homepages 'https://mp3splt.sourceforge.net/mp3splt_page/home.php' vs 'http://mp3splt.sourceforge.net/',
mp3unicode,,0.0,none,missing,no exact/normalized/alias/homepage evidence; no lookalikes either,
mp3val,,0.0,none,missing,no exact/normalized/alias/homepage evidence; no lookalikes either,
mp3wrap,mp3wrap,1.0,exact,confident,name identical in both managers; homepages 'https://mp3wrap.sourceforge.net/' vs 'http://mp3wrap.sourceforge.net/',
mp4ff,,0.0,none,missing,no exact/normalized/alias/homepage evidence; no lookalikes either,
mp4v2,,0.0,none,missing,no exact/normalized/alias/homepage evidence; no lookalikes either,
mpage,mpage,1.0,exact,confident,name identical in both managers; homepages 'https://mesa.nl/pub/mpage/README' vs 'http://www.mesa.nl/pub/mpage/',
mpc,mpc,1.0,exact,confident,name identical in both managers; homepages 'https://www.musicpd.org/clients/mpc/' vs '',
mpck,mpck,1.0,exact,confident,name identical in both managers; homepages 'https://checkmate.gissen.nl/' vs 'http://mpck.linuxonly.nl/',
mpd,mpd,1.0,exact,confident,name identical in both managers; homepages 'https://www.musicpd.org/' vs 'http://mpd.wikia.com',
mpdas,mpdas,1.0,exact,confident,name identical in both managers; homepages 'https://www.50hz.ws/mpdas/' vs 'http://50hz.ws/mpdas',
mpdecimal,,0.0,none,missing,no exact/normalized/alias/homepage evidence; no lookalikes either,
mpdscribble,mpdscribble,1.0,exact,confident,name identical in both managers; homepages 'https://www.musicpd.org/clients/mpdscribble/' vs 'http://mpd.wikia.com/wiki/Client:Mpdscribble',
mpegdemux,,0.0,none,missing,no exact/normalized/alias/homepage evidence; no lookalikes either,
mpfi,mpfi,1.0,exact,confident,name identical in both managers; homepages 'https://perso.ens-lyon.fr/nathalie.revol/software.html' vs 'http://perso.ens-lyon.fr/nathalie.revol/software.html',
mpfr,libmpfr6-shlibs,0.9,homepage,confident,same upstream 'https://www.mpfr.org/' (desc overlap 0.39),
mpfrcx,,0.0,none,missing,no exact/normalized/alias/homepage evidence; no lookalikes either,
mpg123,mpg123,1.0,exact,confident,name identical in both managers; homepages 'https://www.mpg123.de/' vs 'http://www.mpg123.de',
mpg321,mpg321,1.0,exact,confident,name identical in both managers; homepages 'https://mpg321.sourceforge.net/' vs 'http://mpg321.sourceforge.net',
mpgtx,mpgtx,1.0,exact,confident,name identical in both managers; homepages 'https://mpgtx.sourceforge.net/' vs 'http://mpgtx.sourceforge.net/',
mpi4py,,0.0,none,missing,no exact/normalized/alias/homepage evidence; no lookalikes either,
mpich,,0.0,none,missing,no exact/normalized/alias/homepage evidence; no lookalikes either,
mplayer,mplayer,1.0,exact,confident,name identical in both managers; homepages 'https://mplayerhq.hu/' vs 'http://www.mplayerhq.hu/',
mplayershell,,0.0,none,missing,no exact/normalized/alias/homepage evidence; no lookalikes either,
mpop,,0.0,none,missing,no exact/normalized/alias/homepage evidence; no lookalikes either,
mpremote,,0.0,none,missing,no exact/normalized/alias/homepage evidence; no lookalikes either,
mprocs,,0.0,none,needs-review,no exact/normalized/alias/homepage evidence; fuzzy suggestions listed for review,procfs; prcs
mpssh,,0.0,none,missing,no exact/normalized/alias/homepage evidence; no lookalikes either,
mpv,mpv,1.0,exact,confident,name identical in both managers; homepages 'https://mpv.io' vs 'https://github.com/mpv-player/mpv',
mq,,0.0,none,missing,no exact/normalized/alias/homepage evidence; no lookalikes either,
mqttui,,0.0,none,missing,no exact/normalized/alias/homepage evidence; no lookalikes either,
mr,,0.0,none,needs-review,no exact/normalized/alias/homepage evidence; fuzzy suggestions listed for review,mtr
mrbayes,,0.0,none,missing,no exact/normalized/alias/homepage evidence; no lookalikes either,
mrboom,,0.0,none,missing,no exact/normalized/alias/homepage evidence; no lookalikes either,
mrtg,mrtg,1.0,exact,confident,name identical in both managers; homepages 'https://oss.oetiker.ch/mrtg/' vs 'http://oss.oetiker.ch/mrtg/',
mruby,,0.0,none,needs-review,no exact/normalized/alias/homepage evidence; fuzzy suggestions listed for review,ruby
msc-generator,,0.0,none,missing,no exact/normalized/alias/homepage evidence; no lookalikes either,
mscgen,,0.0,none,missing,no exact/normalized/alias/homepage evidence; no lookalikes either,
msdf-atlas-gen,,0.0,none,missing,no exact/normalized/alias/homepage evidence; no lookalikes either,
msdfgen,,0.0,none,missing,no exact/normalized/alias/homepage evidence; no lookalikes either,
msdl,,0.0,none,needs-review,no exact/normalized/alias/homepage evidence; fuzzy suggestions listed for review,sdl
msedit,,0.0,none,missing,no exact/normalized/alias/homepage evidence; no lookalikes either,
msgpack,,0.0,none,needs-review,no exact/normalized/alias/homepage evidence; fuzzy suggestions listed for review,mpack
msgpack-cxx,,0.0,none,missing,no exact/normalized/alias/homepage evidence; no lookalikes either,
msgpack-tools,,0.0,none,missing,no exact/normalized/alias/homepage evidence; no lookalikes either,
msgvault,,0.0,none,missing,no exact/normalized/alias/homepage evidence; no lookalikes either,
msieve,,0.0,none,missing,no exact/normalized/alias/homepage evidence; no lookalikes either,
msitools,,0.0,none,needs-review,no exact/normalized/alias/homepage evidence; fuzzy suggestions listed for review,mtools; ivtools; pmtools
msktutil,,0.0,none,missing,no exact/normalized/alias/homepage evidence; no lookalikes either,
msmtp,,0.0,none,missing,no exact/normalized/alias/homepage evidence; no lookalikes either,
msolve,,0.0,none,missing,no exact/normalized/alias/homepage evidence; no lookalikes either,
mspdebug,mspdebug,1.0,exact,confident,name identical in both managers; homepages 'https://dlbeer.co.nz/mspdebug/' vs 'http://mspdebug.sourceforge.net/',
mstch,,0.0,none,missing,no exact/normalized/alias/homepage evidence; no lookalikes either,
mt32emu,,0.0,none,missing,no exact/normalized/alias/homepage evidence; no lookalikes either,
mtbl,,0.0,none,missing,no exact/normalized/alias/homepage evidence; no lookalikes either,
mtm,,0.0,none,missing,no exact/normalized/alias/homepage evidence; no lookalikes either,
mtoc,,0.0,none,needs-review,no exact/normalized/alias/homepage evidence; same homepage 'https://opensource.apple.com/' as 'dsc-extractor' but desc overlap only 0.00; versions '1035.1.102' vs '519.2.2'; fuzzy suggestions listed for review,moc; gmt-doc
mtools,mtools,1.0,exact,confident,name identical in both managers; homepages 'https://www.gnu.org/software/mtools/' vs 'http://mtools.linux.lu',
mtr,mtr,1.0,exact,confident,name identical in both managers; homepages 'https://www.bitwizard.nl/mtr/' vs 'http://www.bitwizard.nl/mtr/',
mu,,0.0,none,needs-review,no exact/normalized/alias/homepage evidence; fuzzy suggestions listed for review,muh
mu-repo,,0.0,none,missing,no exact/normalized/alias/homepage evidence; no lookalikes either,
mubeng,,0.0,none,missing,no exact/normalized/alias/homepage evidence; no lookalikes either,
mufetch,,0.0,none,missing,no exact/normalized/alias/homepage evidence; no lookalikes either,
muffet,,0.0,none,missing,no exact/normalized/alias/homepage evidence; no lookalikes either,
mujs,,0.0,ambiguous,needs-review,homepage shared by several targets,libmujs1-shlibs; libmujs3-shlibs
multi-git-status,,0.0,none,missing,no exact/normalized/alias/homepage evidence; no lookalikes either,
multi-gitter,,0.0,none,missing,no exact/normalized/alias/homepage evidence; no lookalikes either,
multimarkdown,,0.0,none,missing,no exact/normalized/alias/homepage evidence; no lookalikes either,
multitail,multitail,1.0,exact,confident,name identical in both managers; homepages 'https://vanheusden.com/multitail/' vs 'http://www.vanheusden.com/multitail/',
multitime,,0.0,none,missing,no exact/normalized/alias/homepage evidence; no lookalikes either,
mummer,,0.0,none,missing,no exact/normalized/alias/homepage evidence; no lookalikes either,
muon,,0.0,none,missing,no exact/normalized/alias/homepage evidence; no lookalikes either,
muparser,muparser,1.0,exact,confident,name identical in both managers; homepages 'https://github.com/beltoforion/muparser' vs 'http://muparser.sourceforge.net/',
mupdf,mupdf,1.0,exact,confident,name identical in both managers; homepages 'https://mupdf.com/' vs 'http://www.mupdf.com/',
mupdf-tools,mupdf,0.9,homepage,confident,same upstream 'https://mupdf.com/' (desc overlap 1.00),
mupen64plus,,0.0,none,missing,no exact/normalized/alias/homepage evidence; no lookalikes either,
murex,,0.0,none,missing,no exact/normalized/alias/homepage evidence; no lookalikes either,
musepack,,0.0,none,needs-review,no exact/normalized/alias/homepage evidence; same homepage 'https://www.musepack.net/' as 'libmpcdec3' but versions 'r475' vs '1.2.2'; no lookalikes either,
musikcube,,0.0,none,missing,no exact/normalized/alias/homepage evidence; no lookalikes either,
mussh,,0.0,none,missing,no exact/normalized/alias/homepage evidence; no lookalikes either,
mutt,mutt,1.0,exact,confident,name identical in both managers; homepages 'http://www.mutt.org/' vs 'http://www.mutt.org',
mvfst,,0.0,none,missing,no exact/normalized/alias/homepage evidence; no lookalikes either,
mvnvm,,0.0,none,missing,no exact/normalized/alias/homepage evidence; no lookalikes either,
mx,,0.0,none,missing,no exact/normalized/alias/homepage evidence; no lookalikes either,
mycli,,0.0,none,missing,no exact/normalized/alias/homepage evidence; no lookalikes either,
mycorrhiza,,0.0,none,missing,no exact/normalized/alias/homepage evidence; no lookalikes either,
mydumper,,0.0,none,missing,no exact/normalized/alias/homepage evidence; no lookalikes either,
myman,,0.0,none,missing,no exact/normalized/alias/homepage evidence; no lookalikes either,
mypaint-brushes,,0.0,none,missing,no exact/normalized/alias/homepage evidence; no lookalikes either,
mypy,,0.0,none,missing,no exact/normalized/alias/homepage evidence; no lookalikes either,
mysql,mysql,1.0,exact,confident,name identical in both managers; homepages 'https://github.com/mysql/mysql-server' vs 'http://www.mysql.com/',
mysql-client,,0.0,none,missing,no exact/normalized/alias/homepage evidence; no lookalikes either,
mysql-client@8.0,,0.0,none,missing,no exact/normalized/alias/homepage evidence; no lookalikes either,
mysql-client@8.4,,0.0,none,missing,no exact/normalized/alias/homepage evidence; no lookalikes either,
mysql-client@9.7,,0.0,none,missing,no exact/normalized/alias/homepage evidence; no lookalikes either,
mysql-connector-c++,,0.0,none,needs-review,no exact/normalized/alias/homepage evidence; fuzzy suggestions listed for review,mysql-connector-c++-shlibs; mysql-connector-c++7-shlibs
mysql-search-replace,,0.0,none,missing,no exact/normalized/alias/homepage evidence; no lookalikes either,
mysql-to-sqlite3,,0.0,none,missing,no exact/normalized/alias/homepage evidence; no lookalikes either,
mysql@8.0,,0.0,none,needs-review,no exact/normalized/alias/homepage evidence; fuzzy suggestions listed for review,mysql
mysql@8.4,,0.0,none,needs-review,no exact/normalized/alias/homepage evidence; fuzzy suggestions listed for review,mysql
mysql@9.7,,0.0,none,needs-review,no exact/normalized/alias/homepage evidence; fuzzy suggestions listed for review,mysql
mysql++,mysql,0.96,normalized,confident,'mysql++' ~ 'mysql' after case/punctuation folding,
mysqltuner,,0.0,none,missing,no exact/normalized/alias/homepage evidence; no lookalikes either,
n,,0.0,none,missing,no exact/normalized/alias/homepage evidence; no lookalikes either,
n8n-mcp,,0.0,none,missing,no exact/normalized/alias/homepage evidence; no lookalikes either,
naabu,,0.0,none,missing,no exact/normalized/alias/homepage evidence; no lookalikes either,
nacl,,0.0,none,needs-review,no exact/normalized/alias/homepage evidence; fuzzy suggestions listed for review,ncl
naga,,0.0,none,needs-review,no exact/normalized/alias/homepage evidence; fuzzy suggestions listed for review,naga10
naga-cli,,0.0,none,missing,no exact/normalized/alias/homepage evidence; no lookalikes either,
nagios,,0.0,none,missing,no exact/normalized/alias/homepage evidence; no lookalikes either,
nagios-plugins,,0.0,none,missing,no exact/normalized/alias/homepage evidence; no lookalikes either,
nak,,0.0,none,missing,no exact/normalized/alias/homepage evidence; no lookalikes either,
nali,,0.0,none,missing,no exact/normalized/alias/homepage evidence; no lookalikes either,
name-that-hash,,0.0,none,missing,no exact/normalized/alias/homepage evidence; no lookalikes either,
naml,,0.0,none,missing,no exact/normalized/alias/homepage evidence; no lookalikes either,
nano,nano,1.0,exact,confident,name identical in both managers; homepages 'https://www.nano-editor.org/' vs 'http://www.nano-editor.org/',
nanoarrow,,0.0,none,missing,no exact/normalized/alias/homepage evidence; no lookalikes either,
nanobind,,0.0,none,missing,no exact/normalized/alias/homepage evidence; no lookalikes either,
nanobot,,0.0,none,missing,no exact/normalized/alias/homepage evidence; no lookalikes either,
nanoflann,,0.0,none,missing,no exact/normalized/alias/homepage evidence; no lookalikes either,
nanomsg,,0.0,none,missing,no exact/normalized/alias/homepage evidence; no lookalikes either,
nanomsgxx,,0.0,none,missing,no exact/normalized/alias/homepage evidence; no lookalikes either,
nanopb,,0.0,none,needs-review,no exact/normalized/alias/homepage evidence; fuzzy suggestions listed for review,nano
nanoq,,0.0,none,needs-review,no exact/normalized/alias/homepage evidence; fuzzy suggestions listed for review,nano
nanorc,,0.0,none,needs-review,no exact/normalized/alias/homepage evidence; fuzzy suggestions listed for review,nano
nap,,0.0,none,needs-review,no exact/normalized/alias/homepage evidence; fuzzy suggestions listed for review,nmap
nasm,nasm,1.0,exact,confident,name identical in both managers; homepages 'https://www.nasm.us/' vs 'http://www.nasm.us/',
nativefiledialog-extended,,0.0,none,missing,no exact/normalized/alias/homepage evidence; no lookalikes either,
nats,,0.0,none,missing,no exact/normalized/alias/homepage evidence; no lookalikes either,
nats-server,,0.0,none,missing,no exact/normalized/alias/homepage evidence; no lookalikes either,
nats-streaming-server,,0.0,none,missing,no exact/normalized/alias/homepage evidence; no lookalikes either,
naturaldocs,,0.0,none,missing,no exact/normalized/alias/homepage evidence; no lookalikes either,
nauty,,0.0,none,missing,no exact/normalized/alias/homepage evidence; no lookalikes either,
nave,,0.0,none,missing,no exact/normalized/alias/homepage evidence; no lookalikes either,
navi,,0.0,none,missing,no exact/normalized/alias/homepage evidence; no lookalikes either,
navidrome,,0.0,none,missing,no exact/normalized/alias/homepage evidence; no lookalikes either,
nb,,0.0,none,missing,no exact/normalized/alias/homepage evidence; no lookalikes either,
nbdime,,0.0,none,missing,no exact/normalized/alias/homepage evidence; no lookalikes either,
nbimg,,0.0,none,missing,no exact/normalized/alias/homepage evidence; no lookalikes either,
nbping,,0.0,none,needs-review,no exact/normalized/alias/homepage evidence; fuzzy suggestions listed for review,bwping; %N-bin; bing
nbsdgames,,0.0,none,missing,no exact/normalized/alias/homepage evidence; no lookalikes either,
nbytes,,0.0,none,missing,no exact/normalized/alias/homepage evidence; no lookalikes either,
ncc,,0.0,none,missing,no exact/normalized/alias/homepage evidence; no lookalikes either,
ncdc,,0.0,none,missing,no exact/normalized/alias/homepage evidence; no lookalikes either,
ncdu,ncdu,1.0,exact,confident,name identical in both managers; homepages 'https://dev.yorhel.nl/ncdu' vs 'http://dev.yorhel.nl/ncdu',
ncftp,ncftp,1.0,exact,confident,name identical in both managers; homepages 'https://www.ncftp.com/' vs 'http://www.ncftp.com',
ncmdump,,0.0,none,missing,no exact/normalized/alias/homepage evidence; no lookalikes either,
ncmpc,ncmpc,1.0,exact,confident,name identical in both managers; homepages 'https://www.musicpd.org/clients/ncmpc/' vs 'http://mpd.wikia.com/wiki/Client:Ncmpc',
ncmpcpp,ncmpcpp,1.0,exact,confident,name identical in both managers; homepages 'https://rybczak.net/ncmpcpp/' vs 'http://unkart.ovh.org/ncmpcpp',
ncnn,,0.0,none,needs-review,no exact/normalized/alias/homepage evidence; fuzzy suggestions listed for review,%N-canna
nco,nco,1.0,exact,confident,name identical in both managers; homepages 'https://nco.sourceforge.net/' vs 'http://nco.sourceforge.net/',
ncompress,,0.0,none,missing,no exact/normalized/alias/homepage evidence; no lookalikes either,
ncrack,,0.0,none,missing,no exact/normalized/alias/homepage evidence; no lookalikes either,
ncspot,,0.0,none,missing,no exact/normalized/alias/homepage evidence; no lookalikes either,
ncurses,ncurses,1.0,exact,confident,name identical in both managers; homepages 'https://invisible-island.net/ncurses/announce.html' vs 'http://www.gnu.org/software/ncurses/ncurses.html',
ncview,ncview,1.0,exact,confident,name identical in both managers; homepages 'https://cirrus.ucsd.edu/ncview/' vs 'http://meteora.ucsd.edu/~pierce/ncview_home_page.html',
ndenv,,0.0,none,needs-review,no exact/normalized/alias/homepage evidence; fuzzy suggestions listed for review,%N-dev
ndiff,,0.0,none,needs-review,no exact/normalized/alias/homepage evidence; fuzzy suggestions listed for review,numdiff; wdiff
ndpi,,0.0,none,missing,no exact/normalized/alias/homepage evidence; no lookalikes either,
ne,,0.0,none,missing,no exact/normalized/alias/homepage evidence; no lookalikes either,
near,,0.0,none,missing,no exact/normalized/alias/homepage evidence; no lookalikes either,
neatvi,,0.0,none,missing,no exact/normalized/alias/homepage evidence; no lookalikes either,
nebula,,0.0,none,missing,no exact/normalized/alias/homepage evidence; no lookalikes either,
nedit,nedit,1.0,exact,confident,name identical in both managers; homepages 'https://sourceforge.net/projects/nedit/' vs 'http://nedit.org/',
needle,,0.0,none,missing,no exact/normalized/alias/homepage evidence; no lookalikes either,
nef,,0.0,none,missing,no exact/normalized/alias/homepage evidence; no lookalikes either,
neko,,0.0,none,needs-review,no exact/normalized/alias/homepage evidence; fuzzy suggestions listed for review,oneko
nelm,,0.0,none,missing,no exact/normalized/alias/homepage evidence; no lookalikes either,
nemu,,0.0,none,missing,no exact/normalized/alias/homepage evidence; no lookalikes either,
neo4j,,0.0,none,missing,no exact/normalized/alias/homepage evidence; no lookalikes either,
neo4j-mcp,,0.0,none,missing,no exact/normalized/alias/homepage evidence; no lookalikes either,
neocmakelsp,,0.0,none,missing,no exact/normalized/alias/homepage evidence; no lookalikes either,
neomutt,,0.0,none,missing,no exact/normalized/alias/homepage evidence; no lookalikes either,
neon,,0.0,none,needs-review,no exact/normalized/alias/homepage evidence; fuzzy suggestions listed for review,neon23; neon24; neon25
neonctl,,0.0,none,missing,no exact/normalized/alias/homepage evidence; no lookalikes either,
neosync,,0.0,none,missing,no exact/normalized/alias/homepage evidence; no lookalikes either,
neovide,,0.0,none,missing,no exact/normalized/alias/homepage evidence; no lookalikes either,
neovim,,0.0,none,missing,no exact/normalized/alias/homepage evidence; no lookalikes either,
neovim-qt,,0.0,none,missing,no exact/normalized/alias/homepage evidence; no lookalikes either,
neovim-remote,,0.0,none,missing,no exact/normalized/alias/homepage evidence; no lookalikes either,
nerdctl,,0.0,none,missing,no exact/normalized/alias/homepage evidence; no lookalikes either,
nerdfetch,,0.0,none,missing,no exact/normalized/alias/homepage evidence; no lookalikes either,
nerdfix,,0.0,none,missing,no exact/normalized/alias/homepage evidence; no lookalikes either,
nerdlog,,0.0,none,missing,no exact/normalized/alias/homepage evidence; no lookalikes either,
nesc,,0.0,none,missing,no exact/normalized/alias/homepage evidence; no lookalikes either,
nessie,,0.0,none,missing,no exact/normalized/alias/homepage evidence; no lookalikes either,
nest,,0.0,none,missing,no exact/normalized/alias/homepage evidence; no lookalikes either,
nestopia-ue,,0.0,none,missing,no exact/normalized/alias/homepage evidence; no lookalikes either,
net-snmp,,0.0,none,missing,no exact/normalized/alias/homepage evidence; no lookalikes either,
net-tools,,0.0,none,needs-review,no exact/normalized/alias/homepage evidence; fuzzy suggestions listed for review,fonttools
netaddr,,0.0,none,missing,no exact/normalized/alias/homepage evidence; no lookalikes either,
netatalk,,0.0,none,missing,no exact/normalized/alias/homepage evidence; no lookalikes either,
netcat,netcat,1.0,exact,confident,name identical in both managers; homepages 'https://netcat.sourceforge.net/' vs 'http://www.l0pht.com/~weld/netcat/',
netcdf,netcdf,1.0,exact,confident,name identical in both managers; homepages 'https://www.unidata.ucar.edu/software/netcdf/' vs 'http://www.unidata.ucar.edu/packages/netcdf/',
netcdf-cxx,,0.0,none,needs-review,no exact/normalized/alias/homepage evidence; same homepage 'https://www.unidata.ucar.edu/software/netcdf/' as 'netcdf-c15' but desc overlap only 0.09; fuzzy suggestions listed for review,netcdf-cxx4; netcdf-c7; netcdf
netcdf-fortran,,0.0,none,needs-review,no exact/normalized/alias/homepage evidence; same homepage 'https://www.unidata.ucar.edu/software/netcdf/' as 'netcdf-c15' but desc overlap only 0.08; fuzzy suggestions listed for review,netcdf-fortran5; netcdf-fortran7; netcdf-fortran8
netcode,,0.0,none,missing,no exact/normalized/alias/homepage evidence; no lookalikes either,
netdata,,0.0,none,missing,no exact/normalized/alias/homepage evidence; no lookalikes either,
netfetch,,0.0,none,missing,no exact/normalized/alias/homepage evidence; no lookalikes either,
nethack,nethack,1.0,exact,confident,name identical in both managers; homepages 'https://www.nethack.org/' vs 'http://www.nethack.org',
nethogs,,0.0,none,missing,no exact/normalized/alias/homepage evidence; no lookalikes either,
netlify-cli,,0.0,none,missing,no exact/normalized/alias/homepage evidence; no lookalikes either,
netlistsvg,,0.0,none,missing,no exact/normalized/alias/homepage evidence; no lookalikes either,
netmask,,0.0,none,missing,no exact/normalized/alias/homepage evidence; no lookalikes either,
netpbm,netpbm,1.0,exact,confident,name identical in both managers; homepages 'https://netpbm.sourceforge.net/' vs 'http://netpbm.sourceforge.net',
netris,,0.0,none,needs-review,no exact/normalized/alias/homepage evidence; fuzzy suggestions listed for review,netrik
netscanner,,0.0,none,missing,no exact/normalized/alias/homepage evidence; no lookalikes either,
netshow,,0.0,none,missing,no exact/normalized/alias/homepage evidence; no lookalikes either,
netsurf-buildsystem,,0.0,none,missing,no exact/normalized/alias/homepage evidence; no lookalikes either,
nettle,nettle,1.0,exact,confident,name identical in both managers; homepages 'https://www.lysator.liu.se/~nisse/nettle/' vs 'http://www.lysator.liu.se/~nisse/nettle/',
nettle@3,,0.0,none,needs-review,no exact/normalized/alias/homepage evidence; same homepage 'https://www.lysator.liu.se/~nisse/nettle/' as 'nettle4' but desc overlap only 0.08; versions '3.10.2' vs '2.4'; fuzzy suggestions listed for review,nettle; nettle4; nettle4a
nettoe,,0.0,none,needs-review,no exact/normalized/alias/homepage evidence; fuzzy suggestions listed for review,nettee; nettle
netwatch,,0.0,none,missing,no exact/normalized/alias/homepage evidence; no lookalikes either,
network-doctor,,0.0,none,missing,no exact/normalized/alias/homepage evidence; no lookalikes either,
networkit,,0.0,none,missing,no exact/normalized/alias/homepage evidence; no lookalikes either,
never,,0.0,none,missing,no exact/normalized/alias/homepage evidence; no lookalikes either,
neverest,,0.0,none,missing,no exact/normalized/alias/homepage evidence; no lookalikes either,
newlisp,,0.0,none,missing,no exact/normalized/alias/homepage evidence; no lookalikes either,
newman,,0.0,none,missing,no exact/normalized/alias/homepage evidence; no lookalikes either,
newrelic-cli,,0.0,none,missing,no exact/normalized/alias/homepage evidence; no lookalikes either,
newrelic-infra-agent,,0.0,none,missing,no exact/normalized/alias/homepage evidence; no lookalikes either,
newsboat,newsbeuter,0.95,alias,confident,listed as alias/oldname of 'newsboat',
newsraft,,0.0,none,missing,no exact/normalized/alias/homepage evidence; no lookalikes either,
newt,,0.0,none,missing,no exact/normalized/alias/homepage evidence; no lookalikes either,
nextdns,,0.0,none,missing,no exact/normalized/alias/homepage evidence; no lookalikes either,
nextflow,,0.0,none,missing,no exact/normalized/alias/homepage evidence; no lookalikes either,
nextpnr-ice40,,0.0,none,missing,no exact/normalized/alias/homepage evidence; no lookalikes either,
nexttrace,,0.0,none,needs-review,no exact/normalized/alias/homepage evidence; fuzzy suggestions listed for review,extace
nexus,nexus,1.0,exact,confident,name identical in both managers; homepages 'https://www.sonatype.com/' vs 'http://nexus.sonatype.org/',
nfcutils,,0.0,none,needs-review,no exact/normalized/alias/homepage evidence; fuzzy suggestions listed for review,xfce-utils; gcutils
nfd2nfc,,0.0,none,missing,no exact/normalized/alias/homepage evidence; no lookalikes either,
nfdump,,0.0,none,missing,no exact/normalized/alias/homepage evidence; no lookalikes either,
nfpm,,0.0,none,missing,no exact/normalized/alias/homepage evidence; no lookalikes either,
nftables,,0.0,none,missing,no exact/normalized/alias/homepage evidence; no lookalikes either,
nghttp2,,0.0,none,needs-review,no exact/normalized/alias/homepage evidence; fuzzy suggestions listed for review,nghttp
nginx,nginx,1.0,exact,confident,name identical in both managers; homepages 'https://nginx.org/' vs 'http://nginx.net/',
ngircd,ngircd,1.0,exact,confident,name identical in both managers; homepages 'https://ngircd.barton.de/' vs 'http://ngircd.barton.de',
ngrep,,0.0,none,needs-review,no exact/normalized/alias/homepage evidence; fuzzy suggestions listed for review,grep; agrep
ngs,,0.0,none,missing,no exact/normalized/alias/homepage evidence; no lookalikes either,
ngspice,ngspice,1.0,exact,confident,name identical in both managers; homepages 'https://ngspice.sourceforge.io/' vs 'http://ngspice.sourceforge.net/',
ngt,,0.0,none,needs-review,no exact/normalized/alias/homepage evidence; fuzzy suggestions listed for review,nget
ni,,0.0,none,needs-review,no exact/normalized/alias/homepage evidence; fuzzy suggestions listed for review,nim
nickel,,0.0,none,needs-review,no exact/normalized/alias/homepage evidence; fuzzy suggestions listed for review,nickle
nickle,nickle,1.0,exact,confident,name identical in both managers; homepages 'https://www.nickle.org/' vs 'http://www.nickle.org/',
nicotine-plus,,0.0,none,needs-review,no exact/normalized/alias/homepage evidence; fuzzy suggestions listed for review,nicotine
nicovideo-dl,,0.0,none,missing,no exact/normalized/alias/homepage evidence; no lookalikes either,
nifi,,0.0,none,missing,no exact/normalized/alias/homepage evidence; no lookalikes either,
nifi-registry,,0.0,none,missing,no exact/normalized/alias/homepage evidence; no lookalikes either,
nifi-toolkit,,0.0,none,missing,no exact/normalized/alias/homepage evidence; no lookalikes either,
nift,,0.0,none,missing,no exact/normalized/alias/homepage evidence; no lookalikes either,
nikto,,0.0,none,missing,no exact/normalized/alias/homepage evidence; no lookalikes either,
nim,nim,1.0,exact,confident,name identical in both managers; homepages 'https://nim-lang.org/' vs 'http://nim-lang.org',
ninja,ninja,1.0,exact,confident,name identical in both managers; homepages 'https://ninja-build.org/' vs 'http://martine.github.com/ninja/',
ninvaders,ninvaders,1.0,exact,confident,name identical in both managers; homepages 'https://ninvaders.sourceforge.net/' vs 'http://ninvaders.sourceforge.net',
nip4,,0.0,none,missing,no exact/normalized/alias/homepage evidence; no lookalikes either,
nixfmt,,0.0,none,missing,no exact/normalized/alias/homepage evidence; no lookalikes either,
nixpacks,,0.0,none,missing,no exact/normalized/alias/homepage evidence; no lookalikes either,
nkf,nkf,1.0,exact,confident,name identical in both managers; homepages 'https://github.com/nurse/nkf' vs 'http://sourceforge.jp/projects/nkf/',
nkt,,0.0,none,missing,no exact/normalized/alias/homepage evidence; no lookalikes either,
nload,,0.0,none,missing,no exact/normalized/alias/homepage evidence; no lookalikes either,
nlohmann-json,,0.0,none,missing,no exact/normalized/alias/homepage evidence; no lookalikes either,
nlopt,,0.0,none,missing,no exact/normalized/alias/homepage evidence; no lookalikes either,
nmail,,0.0,none,missing,no exact/normalized/alias/homepage evidence; no lookalikes either,
nmap,nmap,1.0,exact,confident,name identical in both managers; homepages 'https://nmap.org/' vs 'http://www.insecure.org/nmap/',
nmh,nmh,1.0,exact,confident,name identical in both managers; homepages 'https://www.nongnu.org/nmh/' vs 'http://www.mhost.com/nmh/',
nmrpflash,,0.0,none,missing,no exact/normalized/alias/homepage evidence; no lookalikes either,
nmstatectl,,0.0,none,missing,no exact/normalized/alias/homepage evidence; no lookalikes either,
nng,,0.0,none,missing,no exact/normalized/alias/homepage evidence; no lookalikes either,
nnn,,0.0,none,missing,no exact/normalized/alias/homepage evidence; no lookalikes either,
no-more-secrets,,0.0,none,missing,no exact/normalized/alias/homepage evidence; no lookalikes either,
node,nodejs,0.95,alias,confident,listed as alias/oldname of 'node',
node-build,,0.0,none,needs-review,no exact/normalized/alias/homepage evidence; fuzzy suggestions listed for review,gnome-build; node-util; node-bl
node-red,,0.0,none,needs-review,no exact/normalized/alias/homepage evidence; fuzzy suggestions listed for review,node-marked; node-pend
node-sass,,0.0,none,needs-review,no exact/normalized/alias/homepage evidence; fuzzy suggestions listed for review,node-sha.js; node-slash
node@18,,0.0,none,needs-review,no exact/normalized/alias/homepage evidence; same homepage 'https://nodejs.org/' as 'nodejs' but desc overlap only 0.11; versions '18.20.8' vs '12.22.5'; fuzzy suggestions listed for review,node-y18n; ode1
node@20,,0.0,none,needs-review,no exact/normalized/alias/homepage evidence; same homepage 'https://nodejs.org/' as 'nodejs' but desc overlap only 0.11; versions '20.20.2' vs '12.22.5'; no lookalikes either,
node@22,,0.0,none,needs-review,no exact/normalized/alias/homepage evidence; same homepage 'https://nodejs.org/' as 'nodejs' but desc overlap only 0.11; versions '22.23.2' vs '12.22.5'; no lookalikes either,
node@24,,0.0,none,needs-review,no exact/normalized/alias/homepage evidence; same homepage 'https://nodejs.org/' as 'nodejs' but desc overlap only 0.11; versions '24.20.0' vs '12.22.5'; no lookalikes either,
node_exporter,,0.0,none,needs-review,no exact/normalized/alias/homepage evidence; fuzzy suggestions listed for review,node-lex-parser
nodebrew,,0.0,none,missing,no exact/normalized/alias/homepage evidence; no lookalikes either,
nodeenv,,0.0,none,needs-review,no exact/normalized/alias/homepage evidence; fuzzy suggestions listed for review,node-osenv; node-levn; node-pend
nodenv,,0.0,none,needs-review,no exact/normalized/alias/homepage evidence; fuzzy suggestions listed for review,node-yn; node-osenv
noir,,0.0,none,missing,no exact/normalized/alias/homepage evidence; no lookalikes either,
nom,,0.0,none,missing,no exact/normalized/alias/homepage evidence; no lookalikes either,
nomad-pack,,0.0,none,missing,no exact/normalized/alias/homepage evidence; no lookalikes either,
nomino,,0.0,none,missing,no exact/normalized/alias/homepage evidence; no lookalikes either,
nono,,0.0,none,missing,no exact/normalized/alias/homepage evidence; no lookalikes either,
nopoll,,0.0,none,missing,no exact/normalized/alias/homepage evidence; no lookalikes either,
norm,,0.0,none,needs-review,no exact/normalized/alias/homepage evidence; fuzzy suggestions listed for review,inform
normalize,normalize,1.0,exact,confident,name identical in both managers; homepages 'https://www.nongnu.org/normalize/' vs 'http://www.cs.columbia.edu/~cvaill/normalize/',
noseyparker,,0.0,none,missing,no exact/normalized/alias/homepage evidence; no lookalikes either,
notation,,0.0,none,missing,no exact/normalized/alias/homepage evidence; no lookalikes either,
notcurses,,0.0,none,needs-review,no exact/normalized/alias/homepage evidence; fuzzy suggestions listed for review,ncurses
noti,,0.0,none,missing,no exact/normalized/alias/homepage evidence; no lookalikes either,
notifiers,,0.0,none,missing,no exact/normalized/alias/homepage evidence; no lookalikes either,
notify,,0.0,none,needs-review,no exact/normalized/alias/homepage evidence; fuzzy suggestions listed for review,libnotify
notion-mcp-server,,0.0,none,missing,no exact/normalized/alias/homepage evidence; no lookalikes either,
notmuch,,0.0,none,missing,no exact/normalized/alias/homepage evidence; no lookalikes either,
notmuch-mutt,,0.0,none,missing,no exact/normalized/alias/homepage evidence; no lookalikes either,
nova-fairwinds,,0.0,none,missing,no exact/normalized/alias/homepage evidence; no lookalikes either,
noweb,,0.0,none,missing,no exact/normalized/alias/homepage evidence; no lookalikes either,
nowplaying-cli,,0.0,none,missing,no exact/normalized/alias/homepage evidence; no lookalikes either,
nox,,0.0,none,missing,no exact/normalized/alias/homepage evidence; no lookalikes either,
npm-check-updates,,0.0,none,missing,no exact/normalized/alias/homepage evidence; no lookalikes either,
npq,,0.0,none,missing,no exact/normalized/alias/homepage evidence; no lookalikes either,
npth,npth,1.0,exact,confident,name identical in both managers; homepages 'https://gnupg.org/' vs 'https://www.gnupg.org/software/npth/index.html',
npush,,0.0,none,missing,no exact/normalized/alias/homepage evidence; no lookalikes either,
nq,,0.0,none,missing,no exact/normalized/alias/homepage evidence; no lookalikes either,
nqp,,0.0,none,missing,no exact/normalized/alias/homepage evidence; no lookalikes either,
nrg2iso,nrg2iso,1.0,exact,confident,name identical in both managers; homepages 'http://gregory.kokanosky.free.fr/v4/linux/nrg2iso.en.html' vs 'http://gregory.kokanosky.free.fr/v4/linux/nrg2iso.en.html',
nrm,,0.0,none,missing,no exact/normalized/alias/homepage evidence; no lookalikes either,
nrpe,,0.0,none,missing,no exact/normalized/alias/homepage evidence; no lookalikes either,
ns-3,,0.0,none,missing,no exact/normalized/alias/homepage evidence; no lookalikes either,
nsd,nsd,1.0,exact,confident,name identical in both managers; homepages 'https://www.nlnetlabs.nl/projects/nsd/' vs 'http://www.nlnetlabs.nl/projects/autotrust',
nsh,,0.0,none,missing,no exact/normalized/alias/homepage evidence; no lookalikes either,
nsnake,,0.0,none,missing,no exact/normalized/alias/homepage evidence; no lookalikes either,
nspr,nspr,1.0,exact,confident,name identical in both managers; homepages 'https://hg.mozilla.org/projects/nspr' vs 'http://www.mozilla.org/projects/nspr/',
nsq,,0.0,none,missing,no exact/normalized/alias/homepage evidence; no lookalikes either,
nss,,0.0,none,needs-review,no exact/normalized/alias/homepage evidence; fuzzy suggestions listed for review,nsis
nsuds,,0.0,none,missing,no exact/normalized/alias/homepage evidence; no lookalikes either,
nsync,,0.0,none,needs-review,no exact/normalized/alias/homepage evidence; fuzzy suggestions listed for review,isync; psync; rsync
ntbtls,ntbtls,1.0,exact,confident,name identical in both managers; homepages 'https://gnupg.org/' vs 'https://www.gnupg.org/software/ntbtls/index.html',
ntfs-3g,ntfs-3g,1.0,exact,confident,name identical in both managers; homepages 'https://www.tuxera.com/community/open-source-ntfs-3g/' vs 'http://www.ntfs-3g.org/',
ntfy,,0.0,none,missing,no exact/normalized/alias/homepage evidence; no lookalikes either,
ntl,ntl,1.0,exact,confident,name identical in both managers; homepages 'https://libntl.org' vs '',
ntopng,,0.0,none,needs-review,no exact/normalized/alias/homepage evidence; fuzzy suggestions listed for review,ntop
ntp,ntp,1.0,exact,confident,name identical in both managers; homepages 'https://www.ntp.org' vs 'http://www.ntp.org',
nu,,0.0,none,needs-review,no exact/normalized/alias/homepage evidence; fuzzy suggestions listed for review,nut
nub,,0.0,none,missing,no exact/normalized/alias/homepage evidence; no lookalikes either,
nuclei,,0.0,none,missing,no exact/normalized/alias/homepage evidence; no lookalikes either,
nudoku,,0.0,none,missing,no exact/normalized/alias/homepage evidence; no lookalikes either,
nuget,,0.0,none,needs-review,no exact/normalized/alias/homepage evidence; fuzzy suggestions listed for review,nget; uget
nuitka,,0.0,none,missing,no exact/normalized/alias/homepage evidence; no lookalikes either,
nullclaw,,0.0,none,missing,no exact/normalized/alias/homepage evidence; no lookalikes either,
nullhub,,0.0,none,missing,no exact/normalized/alias/homepage evidence; no lookalikes either,
nuls,,0.0,none,missing,no exact/normalized/alias/homepage evidence; no lookalikes either,
num-utils,num-utils,1.0,exact,confident,name identical in both managers; homepages 'https://suso.suso.org/xulu/Num-utils' vs 'http://suso.suso.org/programs/num-utils/',
numactl,,0.0,none,missing,no exact/normalized/alias/homepage evidence; no lookalikes either,
numbat,,0.0,none,missing,no exact/normalized/alias/homepage evidence; no lookalikes either,
numcpp,,0.0,none,missing,no exact/normalized/alias/homepage evidence; no lookalikes either,
numdiff,numdiff,1.0,exact,confident,name identical in both managers; homepages 'https://www.nongnu.org/numdiff' vs 'http://www.nongnu.org/numdiff/',
numpy,,0.0,none,needs-review,no exact/normalized/alias/homepage evidence; same homepage 'https://www.numpy.org/' as 'numpy-py%type_pkg[python]' but versions '2.5.2' vs '1.22.1'; no lookalikes either,
nuraft,,0.0,none,missing,no exact/normalized/alias/homepage evidence; no lookalikes either,
nushell,,0.0,none,missing,no exact/normalized/alias/homepage evidence; no lookalikes either,
nuspell,,0.0,none,needs-review,no exact/normalized/alias/homepage evidence; same homepage 'https://nuspell.github.io/' as 'libnuspell3-shlibs' but desc overlap only 0.14; versions '5.1.8' vs '3.1.2'; fuzzy suggestions listed for review,spell; hunspell
nut,nut,1.0,exact,confident,name identical in both managers; homepages 'https://networkupstools.org/' vs 'http://www.networkupstools.org/',
nutcracker,,0.0,none,missing,no exact/normalized/alias/homepage evidence; no lookalikes either,
nuttcp,,0.0,none,missing,no exact/normalized/alias/homepage evidence; no lookalikes either,
nuvie,,0.0,none,missing,no exact/normalized/alias/homepage evidence; no lookalikes either,
nuxeo,,0.0,none,missing,no exact/normalized/alias/homepage evidence; no lookalikes either,
nuxi,,0.0,none,missing,no exact/normalized/alias/homepage evidence; no lookalikes either,
nvc,,0.0,none,missing,no exact/normalized/alias/homepage evidence; no lookalikes either,
nvchecker,,0.0,none,needs-review,no exact/normalized/alias/homepage evidence; fuzzy suggestions listed for review,linkchecker
nvi,,0.0,none,missing,no exact/normalized/alias/homepage evidence; no lookalikes either,
nvi2,,0.0,none,missing,no exact/normalized/alias/homepage evidence; no lookalikes either,
nvimpager,,0.0,none,missing,no exact/normalized/alias/homepage evidence; no lookalikes either,
nvm,,0.0,none,missing,no exact/normalized/alias/homepage evidence; no lookalikes either,
nvtop,,0.0,none,needs-review,no exact/normalized/alias/homepage evidence; fuzzy suggestions listed for review,ntop
nwchem,,0.0,none,missing,no exact/normalized/alias/homepage evidence; no lookalikes either,
nx,,0.0,none,missing,no exact/normalized/alias/homepage evidence; no lookalikes either,
nyan,,0.0,none,missing,no exact/normalized/alias/homepage evidence; no lookalikes either,
nyancat,,0.0,none,missing,no exact/normalized/alias/homepage evidence; no lookalikes either,
nylon,,0.0,none,missing,no exact/normalized/alias/homepage evidence; no lookalikes either,
nyx,,0.0,none,needs-review,no exact/normalized/alias/homepage evidence; fuzzy suggestions listed for review,onyx
nzbget,,0.0,none,needs-review,no exact/normalized/alias/homepage evidence; fuzzy suggestions listed for review,nget
oak,,0.0,none,needs-review,no exact/normalized/alias/homepage evidence; fuzzy suggestions listed for review,opak
oakc,,0.0,none,missing,no exact/normalized/alias/homepage evidence; no lookalikes either,
oarfish,,0.0,none,missing,no exact/normalized/alias/homepage evidence; no lookalikes either,
oasdiff,,0.0,none,missing,no exact/normalized/alias/homepage evidence; no lookalikes either,
oasis,,0.0,none,missing,no exact/normalized/alias/homepage evidence; no lookalikes either,
oath-toolkit,,0.0,none,needs-review,no exact/normalized/alias/homepage evidence; fuzzy suggestions listed for review,artoolkit
oatpp,,0.0,none,missing,no exact/normalized/alias/homepage evidence; no lookalikes either,
oauth2_proxy,,0.0,none,missing,no exact/normalized/alias/homepage evidence; no lookalikes either,
oauth2c,,0.0,none,missing,no exact/normalized/alias/homepage evidence; no lookalikes either,
oauth2l,,0.0,none,missing,no exact/normalized/alias/homepage evidence; no lookalikes either,
obfs4proxy,,0.0,none,missing,no exact/normalized/alias/homepage evidence; no lookalikes either,
objc-codegenutils,,0.0,none,missing,no exact/normalized/alias/homepage evidence; no lookalikes either,
objc-run,,0.0,none,missing,no exact/normalized/alias/homepage evidence; no lookalikes either,
objconv,,0.0,none,needs-review,no exact/normalized/alias/homepage evidence; fuzzy suggestions listed for review,jconv
objfw,,0.0,none,missing,no exact/normalized/alias/homepage evidence; no lookalikes either,
obscura,,0.0,none,missing,no exact/normalized/alias/homepage evidence; no lookalikes either,
observerward,,0.0,none,missing,no exact/normalized/alias/homepage evidence; no lookalikes either,
ocaml,ocaml,1.0,exact,confident,name identical in both managers; homepages 'https://ocaml.org/' vs 'http://caml.inria.fr/ocaml',
ocaml-findlib,ocaml-findlib,1.0,exact,confident,name identical in both managers; homepages 'http://projects.camlcity.org/projects/findlib.html' vs 'http://www.ocaml-programming.de/programming/findlib.html',
ocaml-num,ocaml-num,1.0,exact,confident,name identical in both managers; homepages 'https://github.com/ocaml/num' vs 'https://github.com/ocaml/num',
ocaml-zarith,ocaml-zarith,1.0,exact,confident,name identical in both managers; homepages 'https://github.com/ocaml/Zarith' vs 'https://github.com/ocaml/Zarith',
ocaml@4,,0.0,none,needs-review,no exact/normalized/alias/homepage evidence; fuzzy suggestions listed for review,ocaml; camlp4
ocamlbuild,ocamlbuild,1.0,exact,confident,name identical in both managers; homepages 'https://github.com/ocaml/ocamlbuild' vs 'https://github.com/ocaml/ocamlbuild',
oci-cli,,0.0,none,missing,no exact/normalized/alias/homepage evidence; no lookalikes either,
ocicl,,0.0,none,missing,no exact/normalized/alias/homepage evidence; no lookalikes either,
ocl-icd,,0.0,none,missing,no exact/normalized/alias/homepage evidence; no lookalikes either,
oclgrind,,0.0,none,missing,no exact/normalized/alias/homepage evidence; no lookalikes either,
ocm,,0.0,none,missing,no exact/normalized/alias/homepage evidence; no lookalikes either,
ocmtoc,,0.0,none,missing,no exact/normalized/alias/homepage evidence; no lookalikes either,
ocp,ocp,1.0,exact,confident,name identical in both managers; homepages 'https://stian.cubic.org/project-ocp.php' vs 'http://stian.cubic.org/project-ocp.php',
ocproxy,,0.0,none,needs-review,no exact/normalized/alias/homepage evidence; fuzzy suggestions listed for review,proxy; cvs-proxy
ocrad,ocrad,1.0,exact,confident,name identical in both managers; homepages 'https://www.gnu.org/software/ocrad/' vs 'http://www.gnu.org/software/ocrad/ocrad.html',
ocrmypdf,,0.0,none,missing,no exact/normalized/alias/homepage evidence; no lookalikes either,
octave,octave,1.0,exact,confident,name identical in both managers; homepages 'https://octave.org/index.html' vs 'http://www.octave.org/',
octl,,0.0,none,missing,no exact/normalized/alias/homepage evidence; no lookalikes either,
octobuild,,0.0,none,missing,no exact/normalized/alias/homepage evidence; no lookalikes either,
octodns,,0.0,none,missing,no exact/normalized/alias/homepage evidence; no lookalikes either,
octomap,,0.0,none,missing,no exact/normalized/alias/homepage evidence; no lookalikes either,
octosql,,0.0,none,missing,no exact/normalized/alias/homepage evidence; no lookalikes either,
odbc2parquet,,0.0,none,missing,no exact/normalized/alias/homepage evidence; no lookalikes either,
ode,,0.0,none,needs-review,no exact/normalized/alias/homepage evidence; fuzzy suggestions listed for review,ode1; ode3
odiff,,0.0,none,needs-review,no exact/normalized/alias/homepage evidence; fuzzy suggestions listed for review,docdiff; wdiff
odin,,0.0,none,needs-review,no exact/normalized/alias/homepage evidence; fuzzy suggestions listed for review,iodine
odinfmt,,0.0,none,missing,no exact/normalized/alias/homepage evidence; no lookalikes either,
odo,,0.0,none,missing,no exact/normalized/alias/homepage evidence; no lookalikes either,
odo-dev,,0.0,none,missing,no exact/normalized/alias/homepage evidence; no lookalikes either,
odpi,,0.0,none,missing,no exact/normalized/alias/homepage evidence; no lookalikes either,
odt2txt,,0.0,none,missing,no exact/normalized/alias/homepage evidence; no lookalikes either,
officecli,,0.0,none,missing,no exact/normalized/alias/homepage evidence; no lookalikes either,
offlineimap,offlineimap,1.0,exact,confident,name identical in both managers; homepages 'https://github.com/OfflineIMAP/offlineimap3' vs 'http://offlineimap.org/',
oggz,liboggz,0.95,alias,confident,listed as alias/oldname of 'oggz',
ogmtools,ogmtools,1.0,exact,confident,name identical in both managers; homepages 'https://www.bunkus.org/videotools/ogmtools/' vs 'http://www.bunkus.org/videotools/ogmtools/index.html',
oh-my-agent,,0.0,none,missing,no exact/normalized/alias/homepage evidence; no lookalikes either,
oh-my-posh,,0.0,none,missing,no exact/normalized/alias/homepage evidence; no lookalikes either,
oh-my-reddit,,0.0,none,missing,no exact/normalized/alias/homepage evidence; no lookalikes either,
oha,,0.0,none,missing,no exact/normalized/alias/homepage evidence; no lookalikes either,
ohcount,,0.0,none,missing,no exact/normalized/alias/homepage evidence; no lookalikes either,
ohdear-cli,,0.0,none,missing,no exact/normalized/alias/homepage evidence; no lookalikes either,
oils-for-unix,,0.0,none,missing,no exact/normalized/alias/homepage evidence; no lookalikes either,
oj,,0.0,none,missing,no exact/normalized/alias/homepage evidence; no lookalikes either,
oksh,,0.0,none,needs-review,no exact/normalized/alias/homepage evidence; fuzzy suggestions listed for review,osh
okta-aws-cli,,0.0,none,missing,no exact/normalized/alias/homepage evidence; no lookalikes either,
okta-awscli,,0.0,none,missing,no exact/normalized/alias/homepage evidence; no lookalikes either,
okteto,,0.0,none,missing,no exact/normalized/alias/homepage evidence; no lookalikes either,
ol,,0.0,none,needs-review,no exact/normalized/alias/homepage evidence; fuzzy suggestions listed for review,olc
ola,,0.0,none,missing,no exact/normalized/alias/homepage evidence; no lookalikes either,
ollama,,0.0,none,missing,no exact/normalized/alias/homepage evidence; no lookalikes either,
ols,,0.0,none,missing,no exact/normalized/alias/homepage evidence; no lookalikes either,
olsrd,olsrd,1.0,exact,confident,name identical in both managers; homepages 'https://github.com/OLSR/olsrd' vs '',
omake,omake,1.0,exact,confident,name identical in both managers; homepages 'http://projects.camlcity.org/projects/omake.html' vs 'http://omake.metaprl.org',
omega,,0.0,none,needs-review,no exact/normalized/alias/homepage evidence; same homepage 'https://xapian.org/' as 'libxapian22-shlibs' but versions '2.1.0' vs '1.2.25'; no lookalikes either,
omekasy,,0.0,none,missing,no exact/normalized/alias/homepage evidence; no lookalikes either,
omnara,,0.0,none,missing,no exact/normalized/alias/homepage evidence; no lookalikes either,
omniorb,,0.0,none,missing,no exact/normalized/alias/homepage evidence; no lookalikes either,
ompl,,0.0,none,missing,no exact/normalized/alias/homepage evidence; no lookalikes either,
ondir,ondir,1.0,exact,confident,name identical in both managers; homepages 'https://swapoff.org/ondir.html' vs 'http://ondir.sourceforge.net/',
one-ml,,0.0,none,missing,no exact/normalized/alias/homepage evidence; no lookalikes either,
onednn,,0.0,none,missing,no exact/normalized/alias/homepage evidence; no lookalikes either,
onedpl,,0.0,none,missing,no exact/normalized/alias/homepage evidence; no lookalikes either,
onedrive-cli,,0.0,none,missing,no exact/normalized/alias/homepage evidence; no lookalikes either,
onefetch,,0.0,none,missing,no exact/normalized/alias/homepage evidence; no lookalikes either,
onigmo,,0.0,none,missing,no exact/normalized/alias/homepage evidence; no lookalikes either,
oniguruma,oniguruma,1.0,exact,confident,name identical in both managers; homepages 'https://github.com/kkos/oniguruma/' vs 'http://www.geocities.jp/kosako3/oniguruma/',
onion-location,,0.0,none,missing,no exact/normalized/alias/homepage evidence; no lookalikes either,
onioncat,,0.0,none,missing,no exact/normalized/alias/homepage evidence; no lookalikes either,
onionprobe,,0.0,none,missing,no exact/normalized/alias/homepage evidence; no lookalikes either,
onlykey-agent,,0.0,none,missing,no exact/normalized/alias/homepage evidence; no lookalikes either,
onnx,,0.0,none,missing,no exact/normalized/alias/homepage evidence; no lookalikes either,
onnxruntime,,0.0,none,missing,no exact/normalized/alias/homepage evidence; no lookalikes either,
ooniprobe,,0.0,none,missing,no exact/normalized/alias/homepage evidence; no lookalikes either,
opa,,0.0,none,needs-review,no exact/normalized/alias/homepage evidence; fuzzy suggestions listed for review,opak
opal,,0.0,none,needs-review,no exact/normalized/alias/homepage evidence; fuzzy suggestions listed for review,opal2; openal
opam,,0.0,none,missing,no exact/normalized/alias/homepage evidence; no lookalikes either,
open-adventure,,0.0,none,missing,no exact/normalized/alias/homepage evidence; no lookalikes either,
open-babel,openbabel,0.96,normalized,confident,'open-babel' ~ 'openbabel' after case/punctuation folding,
open-code-review,,0.0,none,missing,no exact/normalized/alias/homepage evidence; no lookalikes either,
open-completion,,0.0,none,missing,no exact/normalized/alias/homepage evidence; no lookalikes either,
open-image-denoise,,0.0,none,missing,no exact/normalized/alias/homepage evidence; no lookalikes either,
open-jtalk,,0.0,none,needs-review,no exact/normalized/alias/homepage evidence; fuzzy suggestions listed for review,openal
open-mesh,,0.0,none,needs-review,no exact/normalized/alias/homepage evidence; fuzzy suggestions listed for review,opennms; openssh
open-mpi,openmpi,0.96,normalized,confident,'open-mpi' ~ 'openmpi' after case/punctuation folding,
open-ocd,openocd,0.96,normalized,confident,'open-ocd' ~ 'openocd' after case/punctuation folding,
open-scene-graph,,0.0,none,missing,no exact/normalized/alias/homepage evidence; no lookalikes either,
open-simh,,0.0,none,needs-review,no exact/normalized/alias/homepage evidence; fuzzy suggestions listed for review,openssh
open-sp,,0.0,ambiguous,needs-review,homepage shared by several targets,opensp4-shlibs; opensp5-shlibs; openslp
open-tyrian,,0.0,none,missing,no exact/normalized/alias/homepage evidence; no lookalikes either,
open62541,,0.0,none,missing,no exact/normalized/alias/homepage evidence; no lookalikes either,
openai-whisper,,0.0,none,missing,no exact/normalized/alias/homepage evidence; no lookalikes either,
openal-soft,,0.0,none,missing,no exact/normalized/alias/homepage evidence; no lookalikes either,
openapi,,0.0,none,needs-review,no exact/normalized/alias/homepage evidence; fuzzy suggestions listed for review,openmpi; opennap
openapi-diff,,0.0,none,missing,no exact/normalized/alias/homepage evidence; no lookalikes either,
openapi-generator,,0.0,none,missing,no exact/normalized/alias/homepage evidence; no lookalikes either,
openapi-tui,,0.0,none,missing,no exact/normalized/alias/homepage evidence; no lookalikes either,
openapv,,0.0,none,needs-review,no exact/normalized/alias/homepage evidence; fuzzy suggestions listed for review,opennap
openbao,,0.0,none,needs-review,no exact/normalized/alias/homepage evidence; fuzzy suggestions listed for review,openbox; openblas
openblas,openblas,1.0,exact,confident,name identical in both managers; homepages 'https://www.openblas.net/' vs 'https://www.openblas.net',
openblas64,openblas,0.9,homepage,confident,same upstream 'https://www.openblas.net/' (desc overlap 0.60),
opencascade,,0.0,none,missing,no exact/normalized/alias/homepage evidence; no lookalikes either,
opencbm,,0.0,none,missing,no exact/normalized/alias/homepage evidence; no lookalikes either,
opencc,,0.0,none,missing,no exact/normalized/alias/homepage evidence; no lookalikes either,
opencl-clhpp-headers,,0.0,none,missing,no exact/normalized/alias/homepage evidence; no lookalikes either,
opencl-headers,,0.0,none,missing,no exact/normalized/alias/homepage evidence; no lookalikes either,
opencl-icd-loader,,0.0,none,missing,no exact/normalized/alias/homepage evidence; no lookalikes either,
openclaw-cli,,0.0,none,missing,no exact/normalized/alias/homepage evidence; no lookalikes either,
opencoarrays,,0.0,none,missing,no exact/normalized/alias/homepage evidence; no lookalikes either,
opencode,,0.0,none,needs-review,no exact/normalized/alias/homepage evidence; fuzzy suggestions listed for review,openocd
opencolorio,libopencolorio2.2-shlibs,0.9,homepage,confident,same upstream 'https://opencolorio.org/' (desc overlap 0.20),
openconnect,,0.0,none,missing,no exact/normalized/alias/homepage evidence; no lookalikes either,
opencore-amr,,0.0,none,needs-review,no exact/normalized/alias/homepage evidence; fuzzy suggestions listed for review,libopencore-amr0
opencrabs,,0.0,none,missing,no exact/normalized/alias/homepage evidence; no lookalikes either,
opencsg,,0.0,none,missing,no exact/normalized/alias/homepage evidence; no lookalikes either,
opencv,,0.0,none,needs-review,no exact/normalized/alias/homepage evidence; same homepage 'https://opencv.org/' as 'opencv2.4-shlibs' but versions '5.0.0' vs '2.4.13.7'; no lookalikes either,
opencv@4,opencv407-shlibs,0.9,homepage,confident,same upstream 'https://opencv.org/' (desc overlap 1.00),
opendbx,,0.0,none,needs-review,no exact/normalized/alias/homepage evidence; fuzzy suggestions listed for review,openbox
opendetex,,0.0,none,missing,no exact/normalized/alias/homepage evidence; no lookalikes either,
opendht,,0.0,none,missing,no exact/normalized/alias/homepage evidence; no lookalikes either,
opendoor,,0.0,none,needs-review,no exact/normalized/alias/homepage evidence; fuzzy suggestions listed for review,openorb
openexr,openexr,1.0,exact,confident,name identical in both managers; homepages 'https://www.openexr.com/' vs 'http://www.openexr.com/',
openfa,,0.0,none,needs-review,no exact/normalized/alias/homepage evidence; fuzzy suggestions listed for review,openal
openfast,,0.0,none,missing,no exact/normalized/alias/homepage evidence; no lookalikes either,
openfga,,0.0,none,needs-review,no exact/normalized/alias/homepage evidence; fuzzy suggestions listed for review,openglad
openfortivpn,,0.0,none,missing,no exact/normalized/alias/homepage evidence; no lookalikes either,
openfpgaloader,,0.0,none,missing,no exact/normalized/alias/homepage evidence; no lookalikes either,
openfst,,0.0,none,missing,no exact/normalized/alias/homepage evidence; no lookalikes either,
openh264,,0.0,none,missing,no exact/normalized/alias/homepage evidence; no lookalikes either,
openhmd,,0.0,none,missing,no exact/normalized/alias/homepage evidence; no lookalikes either,
openiked,,0.0,none,missing,no exact/normalized/alias/homepage evidence; no lookalikes either,
openimageio,,0.0,none,missing,no exact/normalized/alias/homepage evidence; no lookalikes either,
openiothub-server,,0.0,none,missing,no exact/normalized/alias/homepage evidence; no lookalikes either,
openj9,,0.0,none,missing,no exact/normalized/alias/homepage evidence; no lookalikes either,
openjazz,,0.0,none,missing,no exact/normalized/alias/homepage evidence; no lookalikes either,
openjdk,,0.0,none,needs-review,no exact/normalized/alias/homepage evidence; fuzzy suggestions listed for review,openjade
openjdk@11,,0.0,none,missing,no exact/normalized/alias/homepage evidence; no lookalikes either,
openjdk@17,,0.0,none,missing,no exact/normalized/alias/homepage evidence; no lookalikes either,
openjdk@21,,0.0,none,missing,no exact/normalized/alias/homepage evidence; no lookalikes either,
openjdk@25,,0.0,none,missing,no exact/normalized/alias/homepage evidence; no lookalikes either,
openjdk@8,,0.0,none,missing,no exact/normalized/alias/homepage evidence; no lookalikes either,
openjpeg,,0.0,none,needs-review,no exact/normalized/alias/homepage evidence; same homepage 'https://www.openjpeg.org/' as 'libopenjp2.7-shlibs' but desc overlap only 0.00; fuzzy suggestions listed for review,libopenjpeg
openjph,,0.0,none,needs-review,no exact/normalized/alias/homepage evidence; fuzzy suggestions listed for review,openjnlp
openkermit,,0.0,none,missing,no exact/normalized/alias/homepage evidence; no lookalikes either,
openkim-models,,0.0,none,missing,no exact/normalized/alias/homepage evidence; no lookalikes either,
openldap,,0.0,none,needs-review,no exact/normalized/alias/homepage evidence; fuzzy suggestions listed for review,openldap23; openldap24; openldap26
openliberty-jakartaee8,,0.0,none,missing,no exact/normalized/alias/homepage evidence; no lookalikes either,
openliberty-jakartaee9,,0.0,none,missing,no exact/normalized/alias/homepage evidence; no lookalikes either,
openliberty-microprofile4,,0.0,none,missing,no exact/normalized/alias/homepage evidence; no lookalikes either,
openliberty-webprofile8,,0.0,none,missing,no exact/normalized/alias/homepage evidence; no lookalikes either,
openliberty-webprofile9,,0.0,none,missing,no exact/normalized/alias/homepage evidence; no lookalikes either,
openlibm,,0.0,none,missing,no exact/normalized/alias/homepage evidence; no lookalikes either,
openlist,,0.0,none,missing,no exact/normalized/alias/homepage evidence; no lookalikes either,
openlore,,0.0,none,needs-review,no exact/normalized/alias/homepage evidence; fuzzy suggestions listed for review,openorb
openmama,,0.0,none,missing,no exact/normalized/alias/homepage evidence; no lookalikes either,
openmotif,,0.0,none,needs-review,no exact/normalized/alias/homepage evidence; same homepage 'https://motif.ics.com/motif' as 'openmotif4-2level' but desc overlap only 0.12; fuzzy suggestions listed for review,openmotif3; openmotif4
openmsx,,0.0,none,needs-review,no exact/normalized/alias/homepage evidence; fuzzy suggestions listed for review,opennms
openrtsp,,0.0,none,needs-review,no exact/normalized/alias/homepage evidence; fuzzy suggestions listed for review,openslp
opensaml,,0.0,none,needs-review,no exact/normalized/alias/homepage evidence; fuzzy suggestions listed for review,openal; openmcl; openslp
opensc,,0.0,none,needs-review,no exact/normalized/alias/homepage evidence; fuzzy suggestions listed for review,opensync
opensca-cli,,0.0,none,missing,no exact/normalized/alias/homepage evidence; no lookalikes either,
opensearch,,0.0,none,missing,no exact/normalized/alias/homepage evidence; no lookalikes either,
opensearch-dashboards,,0.0,none,missing,no exact/normalized/alias/homepage evidence; no lookalikes either,
openshift-cli,,0.0,none,missing,no exact/normalized/alias/homepage evidence; no lookalikes either,
openskills,,0.0,none,missing,no exact/normalized/alias/homepage evidence; no lookalikes either,
openslide,,0.0,none,needs-review,no exact/normalized/alias/homepage evidence; same homepage 'https://openslide.org/' as 'libopenslide0-shlibs' but versions '4.0.1' vs '3.4.1'; no lookalikes either,
openslp,openslp,1.0,exact,confident,name identical in both managers; homepages 'http://www.openslp.org' vs 'http://www.openslp.org/index.html',
openspec,,0.0,none,needs-review,no exact/normalized/alias/homepage evidence; fuzzy suggestions listed for review,openslp
openssh,openssh,1.0,exact,confident,name identical in both managers; homepages 'https://www.openssh.com/' vs 'http://www.openssh.com/portable.html',
openssl@3,openssl,0.95,alias,confident,listed as alias/oldname of 'openssl@3',
openssl@3.0,,0.0,none,needs-review,no exact/normalized/alias/homepage evidence; fuzzy suggestions listed for review,openssl; openssl300-dev
openssl@3.5,,0.0,none,needs-review,no exact/normalized/alias/homepage evidence; fuzzy suggestions listed for review,openssl
openssl@4,,0.0,none,needs-review,no exact/normalized/alias/homepage evidence; fuzzy suggestions listed for review,openssl; openslp; openssh
openstackclient,,0.0,none,missing,no exact/normalized/alias/homepage evidence; no lookalikes either,
opensubdiv,,0.0,none,missing,no exact/normalized/alias/homepage evidence; no lookalikes either,
opentelemetry-cpp,,0.0,none,missing,no exact/normalized/alias/homepage evidence; no lookalikes either,
opentimestamps-client,,0.0,none,missing,no exact/normalized/alias/homepage evidence; no lookalikes either,
opentofu,,0.0,none,missing,no exact/normalized/alias/homepage evidence; no lookalikes either,
opentsdb,,0.0,none,needs-review,no exact/normalized/alias/homepage evidence; fuzzy suggestions listed for review,openttd
openturns,,0.0,none,missing,no exact/normalized/alias/homepage evidence; no lookalikes either,
openvdb,,0.0,none,missing,no exact/normalized/alias/homepage evidence; no lookalikes either,
openvi,,0.0,none,needs-review,no exact/normalized/alias/homepage evidence; fuzzy suggestions listed for review,openni
openvino,,0.0,none,needs-review,no exact/normalized/alias/homepage evidence; fuzzy suggestions listed for review,openvpn
openvpn,openvpn,1.0,exact,confident,name identical in both managers; homepages 'https://openvpn.net/community/' vs 'http://openvpn.net/',
operator-sdk,,0.0,none,missing,no exact/normalized/alias/homepage evidence; no lookalikes either,
ophcrack,ophcrack,1.0,exact,confident,name identical in both managers; homepages 'https://ophcrack.sourceforge.io/' vs 'http://ophcrack.sourceforge.net',
opkssh,,0.0,none,missing,no exact/normalized/alias/homepage evidence; no lookalikes either,
optipng,optipng,1.0,exact,confident,name identical in both managers; homepages 'https://optipng.sourceforge.net/' vs 'http://optipng.sourceforge.net/',
opus,libopus0-shlibs,0.9,homepage,confident,same upstream 'https://www.opus-codec.org/' (desc overlap 0.40),
opus-tools,opus-tools,1.0,exact,confident,name identical in both managers; homepages 'https://www.opus-codec.org/' vs 'http://opus-codec.org/',
opusfile,opus-tools,0.9,homepage,confident,same upstream 'https://www.opus-codec.org/' (desc overlap 0.20),
oq,,0.0,none,needs-review,no exact/normalized/alias/homepage evidence; fuzzy suggestions listed for review,coq
or-tools,,0.0,none,needs-review,no exact/normalized/alias/homepage evidence; fuzzy suggestions listed for review,arptools; cdrtools; objtools
oranda,,0.0,none,missing,no exact/normalized/alias/homepage evidence; no lookalikes either,
oras,,0.0,none,missing,no exact/normalized/alias/homepage evidence; no lookalikes either,
orbiton,,0.0,none,needs-review,no exact/normalized/alias/homepage evidence; fuzzy suggestions listed for review,orbit
orbuculum,,0.0,none,missing,no exact/normalized/alias/homepage evidence; no lookalikes either,
orc,,0.0,none,needs-review,no exact/normalized/alias/homepage evidence; fuzzy suggestions listed for review,orca; rc
orc-tools,,0.0,none,needs-review,no exact/normalized/alias/homepage evidence; fuzzy suggestions listed for review,kdoctools; odcctools; proctools
orcania,,0.0,none,missing,no exact/normalized/alias/homepage evidence; no lookalikes either,
ord,,0.0,none,missing,no exact/normalized/alias/homepage evidence; no lookalikes either,
org-formation,,0.0,none,missing,no exact/normalized/alias/homepage evidence; no lookalikes either,
orgalorg,,0.0,none,missing,no exact/normalized/alias/homepage evidence; no lookalikes either,
organize-tool,,0.0,none,missing,no exact/normalized/alias/homepage evidence; no lookalikes either,
orientdb,,0.0,none,missing,no exact/normalized/alias/homepage evidence; no lookalikes either,
ormolu,,0.0,none,missing,no exact/normalized/alias/homepage evidence; no lookalikes either,
orocos-kdl,,0.0,none,missing,no exact/normalized/alias/homepage evidence; no lookalikes either,
orogene,,0.0,none,missing,no exact/normalized/alias/homepage evidence; no lookalikes either,
ortp,,0.0,none,needs-review,no exact/normalized/alias/homepage evidence; same homepage 'https://linphone.org/' as 'libosip2' but desc overlap only 0.02; versions '5.5.18' vs '2.0.5'; fuzzy suggestions listed for review,ortep3
ory-hydra,,0.0,none,missing,no exact/normalized/alias/homepage evidence; no lookalikes either,
osc,,0.0,none,missing,no exact/normalized/alias/homepage evidence; no lookalikes either,
osc-cli,,0.0,none,missing,no exact/normalized/alias/homepage evidence; no lookalikes either,
oscats,,0.0,none,missing,no exact/normalized/alias/homepage evidence; no lookalikes either,
osctrl-cli,,0.0,none,missing,no exact/normalized/alias/homepage evidence; no lookalikes either,
osdctl,,0.0,none,missing,no exact/normalized/alias/homepage evidence; no lookalikes either,
osi,,0.0,none,missing,no exact/normalized/alias/homepage evidence; no lookalikes either,
osinfo-db,,0.0,none,missing,no exact/normalized/alias/homepage evidence; no lookalikes either,
osinfo-db-tools,,0.0,none,missing,no exact/normalized/alias/homepage evidence; no lookalikes either,
oslo,,0.0,none,missing,no exact/normalized/alias/homepage evidence; no lookalikes either,
osm-gps-map,,0.0,none,missing,no exact/normalized/alias/homepage evidence; no lookalikes either,
osm-pbf,,0.0,none,missing,no exact/normalized/alias/homepage evidence; no lookalikes either,
osm2pgrouting,,0.0,none,missing,no exact/normalized/alias/homepage evidence; no lookalikes either,
osm2pgsql,,0.0,none,missing,no exact/normalized/alias/homepage evidence; no lookalikes either,
osmcoastline,,0.0,none,missing,no exact/normalized/alias/homepage evidence; no lookalikes either,
osmfilter,,0.0,none,missing,no exact/normalized/alias/homepage evidence; no lookalikes either,
osmium-tool,,0.0,none,missing,no exact/normalized/alias/homepage evidence; no lookalikes either,
osmosis,,0.0,none,missing,no exact/normalized/alias/homepage evidence; no lookalikes either,
ospray,,0.0,none,missing,no exact/normalized/alias/homepage evidence; no lookalikes either,
osqp,,0.0,none,missing,no exact/normalized/alias/homepage evidence; no lookalikes either,
osrm-backend,,0.0,none,missing,no exact/normalized/alias/homepage evidence; no lookalikes either,
osslsigncode,,0.0,none,missing,no exact/normalized/alias/homepage evidence; no lookalikes either,
ossp-uuid,,0.0,none,needs-review,no exact/normalized/alias/homepage evidence; same homepage 'http://www.ossp.org/pkg/lib/uuid/' as 'uuid' but desc overlap only 0.08; no lookalikes either,
osv-scanner,,0.0,none,missing,no exact/normalized/alias/homepage evidence; no lookalikes either,
osx-cpu-temp,,0.0,none,missing,no exact/normalized/alias/homepage evidence; no lookalikes either,
osx-trash,,0.0,none,missing,no exact/normalized/alias/homepage evidence; no lookalikes either,
osxutils,osxutils,1.0,exact,confident,name identical in both managers; homepages 'https://github.com/specious/osxutils' vs '',
otel-cli,,0.0,none,missing,no exact/normalized/alias/homepage evidence; no lookalikes either,
oterm,,0.0,none,needs-review,no exact/normalized/alias/homepage evidence; fuzzy suggestions listed for review,roxterm; aterm; eterm
otf2,,0.0,none,missing,no exact/normalized/alias/homepage evidence; no lookalikes either,
otf2bdf,,0.0,none,missing,no exact/normalized/alias/homepage evidence; no lookalikes either,
otree,,0.0,none,needs-review,no exact/normalized/alias/homepage evidence; fuzzy suggestions listed for review,tree
ots,,0.0,none,missing,no exact/normalized/alias/homepage evidence; no lookalikes either,
ott,,0.0,none,missing,no exact/normalized/alias/homepage evidence; no lookalikes either,
otterdog,,0.0,none,missing,no exact/normalized/alias/homepage evidence; no lookalikes either,
ouch,,0.0,none,missing,no exact/normalized/alias/homepage evidence; no lookalikes either,
ov,,0.0,none,missing,no exact/normalized/alias/homepage evidence; no lookalikes either,
overarch,,0.0,none,missing,no exact/normalized/alias/homepage evidence; no lookalikes either,
overdrive,,0.0,none,missing,no exact/normalized/alias/homepage evidence; no lookalikes either,
overmind,,0.0,none,missing,no exact/normalized/alias/homepage evidence; no lookalikes either,
overtls,,0.0,none,missing,no exact/normalized/alias/homepage evidence; no lookalikes either,
overturemaps,,0.0,none,missing,no exact/normalized/alias/homepage evidence; no lookalikes either,
ovh-ttyrec,,0.0,none,needs-review,no exact/normalized/alias/homepage evidence; fuzzy suggestions listed for review,ttyrec
ovsx,,0.0,none,missing,no exact/normalized/alias/homepage evidence; no lookalikes either,
owamp,,0.0,none,missing,no exact/normalized/alias/homepage evidence; no lookalikes either,
owfs,,0.0,none,missing,no exact/normalized/alias/homepage evidence; no lookalikes either,
ox,,0.0,none,needs-review,no exact/normalized/alias/homepage evidence; fuzzy suggestions listed for review,box; sox
oxen,,0.0,none,missing,no exact/normalized/alias/homepage evidence; no lookalikes either,
oxfmt,,0.0,none,missing,no exact/normalized/alias/homepage evidence; no lookalikes either,
oxipng,,0.0,none,missing,no exact/normalized/alias/homepage evidence; no lookalikes either,
oxker,,0.0,none,needs-review,no exact/normalized/alias/homepage evidence; fuzzy suggestions listed for review,boxer
oxlint,,0.0,none,missing,no exact/normalized/alias/homepage evidence; no lookalikes either,
oxvg,,0.0,none,missing,no exact/normalized/alias/homepage evidence; no lookalikes either,
p0f,p0f,1.0,exact,confident,name identical in both managers; homepages 'https://lcamtuf.coredump.cx/p0f3/' vs 'http://lcamtuf.coredump.cx/p0f.shtml',
p11-kit,,0.0,none,missing,no exact/normalized/alias/homepage evidence; no lookalikes either,
p7zip,p7zip,1.0,exact,confident,name identical in both managers; homepages 'https://github.com/p7zip-project/p7zip' vs 'http://p7zip.sourceforge.net/',
pacapt,,0.0,none,missing,no exact/normalized/alias/homepage evidence; no lookalikes either,
pachi,,0.0,none,needs-review,no exact/normalized/alias/homepage evidence; fuzzy suggestions listed for review,patch
packcc,,0.0,none,missing,no exact/normalized/alias/homepage evidence; no lookalikes either,
packetbeat,,0.0,none,missing,no exact/normalized/alias/homepage evidence; no lookalikes either,
packetq,,0.0,none,missing,no exact/normalized/alias/homepage evidence; no lookalikes either,
packetry,,0.0,none,missing,no exact/normalized/alias/homepage evidence; no lookalikes either,
packmol,,0.0,none,missing,no exact/normalized/alias/homepage evidence; no lookalikes either,
pacmc,,0.0,none,missing,no exact/normalized/alias/homepage evidence; no lookalikes either,
pacparser,pacparser,1.0,exact,confident,name identical in both managers; homepages 'https://github.com/manugarg/pacparser' vs 'http://code.google.com/p/pacparser/',
pacvim,,0.0,none,missing,no exact/normalized/alias/homepage evidence; no lookalikes either,
page,,0.0,none,needs-review,no exact/normalized/alias/homepage evidence; fuzzy suggestions listed for review,mpage
pagmo,,0.0,none,missing,no exact/normalized/alias/homepage evidence; no lookalikes either,
pakchois,,0.0,none,missing,no exact/normalized/alias/homepage evidence; no lookalikes either,
pake,,0.0,none,missing,no exact/normalized/alias/homepage evidence; no lookalikes either,
pam-reattach,,0.0,none,missing,no exact/normalized/alias/homepage evidence; no lookalikes either,
pam-u2f,,0.0,none,missing,no exact/normalized/alias/homepage evidence; no lookalikes either,
paml,,0.0,none,missing,no exact/normalized/alias/homepage evidence; no lookalikes either,
pan,pan,1.0,exact,confident,name identical in both managers; homepages 'https://gitlab.gnome.org/GNOME/pan' vs 'http://pan.rebelbase.com/',
panache,,0.0,none,missing,no exact/normalized/alias/homepage evidence; no lookalikes either,
pandemics,,0.0,none,missing,no exact/normalized/alias/homepage evidence; no lookalikes either,
pandoc,pandoc,1.0,exact,confident,name identical in both managers; homepages 'https://pandoc.org/' vs 'http://johnmacfarlane.net/pandoc/',
pandoc-crossref,,0.0,none,missing,no exact/normalized/alias/homepage evidence; no lookalikes either,
pandoc-plot,,0.0,none,missing,no exact/normalized/alias/homepage evidence; no lookalikes either,
pandocomatic,,0.0,none,missing,no exact/normalized/alias/homepage evidence; no lookalikes either,
paneru,,0.0,none,missing,no exact/normalized/alias/homepage evidence; no lookalikes either,
pangene,,0.0,none,missing,no exact/normalized/alias/homepage evidence; no lookalikes either,
pango,,0.0,none,needs-review,no exact/normalized/alias/homepage evidence; fuzzy suggestions listed for review,pango1
pangomm,,0.0,none,needs-review,no exact/normalized/alias/homepage evidence; fuzzy suggestions listed for review,pangomm1.4.1
pangomm@2.46,,0.0,none,needs-review,no exact/normalized/alias/homepage evidence; fuzzy suggestions listed for review,pangomm1.4.1
papeer,,0.0,none,missing,no exact/normalized/alias/homepage evidence; no lookalikes either,
paperjam,,0.0,none,missing,no exact/normalized/alias/homepage evidence; no lookalikes either,
paperkey,,0.0,none,missing,no exact/normalized/alias/homepage evidence; no lookalikes either,
papilo,,0.0,none,missing,no exact/normalized/alias/homepage evidence; no lookalikes either,
papis,,0.0,none,missing,no exact/normalized/alias/homepage evidence; no lookalikes either,
paps,,0.0,none,missing,no exact/normalized/alias/homepage evidence; no lookalikes either,
par,par,1.0,exact,confident,name identical in both managers; homepages 'http://www.nicemice.net/par/' vs 'http://parchive.sourceforge.net',
par2,par2,1.0,exact,confident,name identical in both managers; homepages 'https://parchive.github.io' vs 'http://parchive.sourceforge.net/',
parallel,parallel,1.0,exact,confident,name identical in both managers; homepages 'https://savannah.gnu.org/projects/parallel/' vs 'http://www.gnu.org/software/parallel/',
parallel-disk-usage,,0.0,none,missing,no exact/normalized/alias/homepage evidence; no lookalikes either,
parallel-hashmap,,0.0,none,missing,no exact/normalized/alias/homepage evidence; no lookalikes either,
parca,,0.0,none,missing,no exact/normalized/alias/homepage evidence; no lookalikes either,
pari,pari-gp%type_pkg[-nox]%type_pkg[-64bit],0.9,homepage,confident,same upstream 'https://pari.math.u-bordeaux.fr/' (desc overlap 0.17),
pari-elldata,,0.0,none,missing,no exact/normalized/alias/homepage evidence; no lookalikes either,
pari-galdata,,0.0,none,missing,no exact/normalized/alias/homepage evidence; no lookalikes either,
pari-galpol,,0.0,none,missing,no exact/normalized/alias/homepage evidence; no lookalikes either,
pari-nflistdata,,0.0,none,missing,no exact/normalized/alias/homepage evidence; no lookalikes either,
pari-seadata,,0.0,none,missing,no exact/normalized/alias/homepage evidence; no lookalikes either,
pari-seadata-big,,0.0,none,missing,no exact/normalized/alias/homepage evidence; no lookalikes either,
parlay,,0.0,none,missing,no exact/normalized/alias/homepage evidence; no lookalikes either,
parliament,,0.0,none,missing,no exact/normalized/alias/homepage evidence; no lookalikes either,
parqeye,,0.0,none,missing,no exact/normalized/alias/homepage evidence; no lookalikes either,
parquet-cli,,0.0,none,missing,no exact/normalized/alias/homepage evidence; no lookalikes either,
parrot,,0.0,none,missing,no exact/normalized/alias/homepage evidence; no lookalikes either,
parsedmarc,,0.0,none,missing,no exact/normalized/alias/homepage evidence; no lookalikes either,
partio,,0.0,none,missing,no exact/normalized/alias/homepage evidence; no lookalikes either,
pass,,0.0,none,needs-review,no exact/normalized/alias/homepage evidence; fuzzy suggestions listed for review,gpass; spass; passwd
pass-git-helper,,0.0,none,missing,no exact/normalized/alias/homepage evidence; no lookalikes either,
pass-import,,0.0,none,missing,no exact/normalized/alias/homepage evidence; no lookalikes either,
pass-otp,,0.0,none,missing,no exact/normalized/alias/homepage evidence; no lookalikes either,
passenger,,0.0,none,missing,no exact/normalized/alias/homepage evidence; no lookalikes either,
passt,,0.0,none,needs-review,no exact/normalized/alias/homepage evidence; fuzzy suggestions listed for review,gpass; spass
passwdqc,,0.0,none,needs-review,no exact/normalized/alias/homepage evidence; fuzzy suggestions listed for review,passwd
pastebinit,,0.0,none,missing,no exact/normalized/alias/homepage evidence; no lookalikes either,
pastel,,0.0,none,missing,no exact/normalized/alias/homepage evidence; no lookalikes either,
patat,,0.0,none,missing,no exact/normalized/alias/homepage evidence; no lookalikes either,
patch-package,,0.0,none,missing,no exact/normalized/alias/homepage evidence; no lookalikes either,
patchelf,,0.0,none,missing,no exact/normalized/alias/homepage evidence; no lookalikes either,
patchpal,,0.0,none,missing,no exact/normalized/alias/homepage evidence; no lookalikes either,
patchutils,patchutils,1.0,exact,confident,name identical in both managers; homepages 'https://cyberelk.net/tim/software/patchutils/' vs 'http://cyberelk.net/tim/software/patchutils/',
pawk,,0.0,none,missing,no exact/normalized/alias/homepage evidence; no lookalikes either,
pax,,0.0,none,missing,no exact/normalized/alias/homepage evidence; no lookalikes either,
pax-runner,,0.0,none,missing,no exact/normalized/alias/homepage evidence; no lookalikes either,
pay,,0.0,none,missing,no exact/normalized/alias/homepage evidence; no lookalikes either,
payara,,0.0,none,missing,no exact/normalized/alias/homepage evidence; no lookalikes either,
payload-dumper-go,,0.0,none,missing,no exact/normalized/alias/homepage evidence; no lookalikes either,
pazpar2,,0.0,none,missing,no exact/normalized/alias/homepage evidence; no lookalikes either,
pbc,,0.0,none,needs-review,no exact/normalized/alias/homepage evidence; fuzzy suggestions listed for review,bc
pbc-sig,,0.0,none,missing,no exact/normalized/alias/homepage evidence; no lookalikes either,
pbzip2,pbzip2,1.0,exact,confident,name identical in both managers; homepages 'http://compression.great-site.net/pbzip2/' vs 'http://compression.ca/pbzip2/',
pc6001vx,,0.0,none,missing,no exact/normalized/alias/homepage evidence; no lookalikes either,
pcal,pcal,1.0,exact,confident,name identical in both managers; homepages 'https://pcal.sourceforge.net/' vs 'http://pcal.sourceforge.net',
pcalc,,0.0,none,needs-review,no exact/normalized/alias/homepage evidence; fuzzy suggestions listed for review,pgcalc; calc; pcal
pcapmirror,,0.0,none,missing,no exact/normalized/alias/homepage evidence; no lookalikes either,
pcapplusplus,,0.0,none,missing,no exact/normalized/alias/homepage evidence; no lookalikes either,
pcaudiolib,,0.0,none,missing,no exact/normalized/alias/homepage evidence; no lookalikes either,
pcb,pcb,1.0,exact,confident,name identical in both managers; homepages 'http://pcb.geda-project.org/' vs 'http://pcb.sourceforge.net/',
pcb2gcode,,0.0,none,missing,no exact/normalized/alias/homepage evidence; no lookalikes either,
pce,,0.0,none,needs-review,no exact/normalized/alias/homepage evidence; fuzzy suggestions listed for review,pcre
pciutils,,0.0,none,needs-review,no exact/normalized/alias/homepage evidence; fuzzy suggestions listed for review,gcutils; gputils; idutils
pcl,,0.0,none,needs-review,no exact/normalized/alias/homepage evidence; fuzzy suggestions listed for review,pcal
pcp,,0.0,none,missing,no exact/normalized/alias/homepage evidence; no lookalikes either,
pcre,pcre,1.0,exact,confident,name identical in both managers; homepages 'https://www.pcre.org/' vs 'http://www.pcre.org',
pcre2,libpcre2,0.9,homepage,confident,same upstream 'https://www.pcre.org/' (desc overlap 0.17),
pcsc-lite,pcsc-lite,1.0,exact,confident,name identical in both managers; homepages 'https://pcsclite.apdu.fr/' vs 'https://alioth.debian.org/projects/pcsclite/',
pdal,,0.0,none,missing,no exact/normalized/alias/homepage evidence; no lookalikes either,
pdf-diff,,0.0,none,missing,no exact/normalized/alias/homepage evidence; no lookalikes either,
pdf2image,,0.0,none,missing,no exact/normalized/alias/homepage evidence; no lookalikes either,
pdf2json,,0.0,none,missing,no exact/normalized/alias/homepage evidence; no lookalikes either,
pdf2svg,,0.0,none,needs-review,no exact/normalized/alias/homepage evidence; fuzzy suggestions listed for review,dxf2svg
pdfalyzer,,0.0,none,missing,no exact/normalized/alias/homepage evidence; no lookalikes either,
pdfcpu,,0.0,none,missing,no exact/normalized/alias/homepage evidence; no lookalikes either,
pdfcrack,,0.0,none,missing,no exact/normalized/alias/homepage evidence; no lookalikes either,
pdfgrep,,0.0,none,missing,no exact/normalized/alias/homepage evidence; no lookalikes either,
pdfly,,0.0,none,needs-review,no exact/normalized/alias/homepage evidence; fuzzy suggestions listed for review,cdfly
pdfpc,,0.0,none,missing,no exact/normalized/alias/homepage evidence; no lookalikes either,
pdfrip,,0.0,none,missing,no exact/normalized/alias/homepage evidence; no lookalikes either,
pdfsandwich,,0.0,none,missing,no exact/normalized/alias/homepage evidence; no lookalikes either,
pdftilecut,,0.0,none,missing,no exact/normalized/alias/homepage evidence; no lookalikes either,
pdftk-java,,0.0,none,missing,no exact/normalized/alias/homepage evidence; no lookalikes either,
pdf.tocgen,,0.0,none,missing,no exact/normalized/alias/homepage evidence; no lookalikes either,
pdftohtml,,0.0,none,missing,no exact/normalized/alias/homepage evidence; no lookalikes either,
pdftoipe,,0.0,none,missing,no exact/normalized/alias/homepage evidence; no lookalikes either,
pdm,,0.0,none,missing,no exact/normalized/alias/homepage evidence; no lookalikes either,
pdns,,0.0,none,needs-review,no exact/normalized/alias/homepage evidence; fuzzy suggestions listed for review,pydns
pdnsrec,,0.0,none,missing,no exact/normalized/alias/homepage evidence; no lookalikes either,
pdsh,pdsh,1.0,exact,confident,name identical in both managers; homepages 'https://github.com/chaos/pdsh' vs 'http://www.sourceforge.net/pdsh/',
pdtm,,0.0,none,missing,no exact/normalized/alias/homepage evidence; no lookalikes either,
pear,,0.0,none,needs-review,no exact/normalized/alias/homepage evidence; fuzzy suggestions listed for review,par
peco,,0.0,none,missing,no exact/normalized/alias/homepage evidence; no lookalikes either,
pedump,,0.0,none,missing,no exact/normalized/alias/homepage evidence; no lookalikes either,
peg,,0.0,none,missing,no exact/normalized/alias/homepage evidence; no lookalikes either,
peg-markdown,,0.0,none,missing,no exact/normalized/alias/homepage evidence; no lookalikes either,
pegtl,,0.0,none,needs-review,no exact/normalized/alias/homepage evidence; fuzzy suggestions listed for review,opengtl
pelican,,0.0,none,missing,no exact/normalized/alias/homepage evidence; no lookalikes either,
pelikan,,0.0,none,missing,no exact/normalized/alias/homepage evidence; no lookalikes either,
perbase,,0.0,none,needs-review,no exact/normalized/alias/homepage evidence; fuzzy suggestions listed for review,r-base
perceptualdiff,,0.0,none,missing,no exact/normalized/alias/homepage evidence; no lookalikes either,
percol,,0.0,none,missing,no exact/normalized/alias/homepage evidence; no lookalikes either,
percona-server,,0.0,none,missing,no exact/normalized/alias/homepage evidence; no lookalikes either,
percona-server@8.0,,0.0,none,missing,no exact/normalized/alias/homepage evidence; no lookalikes either,
percona-toolkit,,0.0,none,missing,no exact/normalized/alias/homepage evidence; no lookalikes either,
percona-xtrabackup,,0.0,none,missing,no exact/normalized/alias/homepage evidence; no lookalikes either,
percona-xtrabackup@8.0,,0.0,none,missing,no exact/normalized/alias/homepage evidence; no lookalikes either,
periphery,,0.0,none,missing,no exact/normalized/alias/homepage evidence; no lookalikes either,
periscope,,0.0,none,missing,no exact/normalized/alias/homepage evidence; no lookalikes either,
perl,,0.0,none,needs-review,no exact/normalized/alias/homepage evidence; fuzzy suggestions listed for review,eperl
perl-build,,0.0,none,missing,no exact/normalized/alias/homepage evidence; no lookalikes either,
perl-dbd-mysql,,0.0,none,missing,no exact/normalized/alias/homepage evidence; no lookalikes either,
perl-xml-parser,,0.0,none,missing,no exact/normalized/alias/homepage evidence; no lookalikes either,
perlnavigator,,0.0,none,missing,no exact/normalized/alias/homepage evidence; no lookalikes either,
perltidy,perltidy,1.0,exact,confident,name identical in both managers; homepages 'https://perltidy.sourceforge.net/' vs 'http://perltidy.sourceforge.net/',
permify,,0.0,none,missing,no exact/normalized/alias/homepage evidence; no lookalikes either,
peru,,0.0,none,missing,no exact/normalized/alias/homepage evidence; no lookalikes either,
pet,,0.0,none,missing,no exact/normalized/alias/homepage evidence; no lookalikes either,
petsc,,0.0,none,missing,no exact/normalized/alias/homepage evidence; no lookalikes either,
petsc-complex,,0.0,none,missing,no exact/normalized/alias/homepage evidence; no lookalikes either,
pex,,0.0,none,needs-review,no exact/normalized/alias/homepage evidence; fuzzy suggestions listed for review,ptex
pferd,,0.0,none,missing,no exact/normalized/alias/homepage evidence; no lookalikes either,
pfetch-rs,,0.0,none,missing,no exact/normalized/alias/homepage evidence; no lookalikes either,
pg-schema-diff,,0.0,none,missing,no exact/normalized/alias/homepage evidence; no lookalikes either,
pg_cron,,0.0,none,missing,no exact/normalized/alias/homepage evidence; no lookalikes either,
pg_partman,,0.0,none,missing,no exact/normalized/alias/homepage evidence; no lookalikes either,
pg_top,,0.0,none,missing,no exact/normalized/alias/homepage evidence; no lookalikes either,
pgbackrest,,0.0,none,missing,no exact/normalized/alias/homepage evidence; no lookalikes either,
pgbadger,,0.0,none,missing,no exact/normalized/alias/homepage evidence; no lookalikes either,
pgbouncer,,0.0,none,missing,no exact/normalized/alias/homepage evidence; no lookalikes either,
pgcli,,0.0,none,missing,no exact/normalized/alias/homepage evidence; no lookalikes either,
pgcopydb,,0.0,none,missing,no exact/normalized/alias/homepage evidence; no lookalikes either,
pgdbf,,0.0,none,missing,no exact/normalized/alias/homepage evidence; no lookalikes either,
pget,,0.0,none,missing,no exact/normalized/alias/homepage evidence; no lookalikes either,
pgformatter,,0.0,none,missing,no exact/normalized/alias/homepage evidence; no lookalikes either,
pgloader,,0.0,none,needs-review,no exact/normalized/alias/homepage evidence; fuzzy suggestions listed for review,guiloader; guiloader++
pgpdump,pgpdump,1.0,exact,confident,name identical in both managers; homepages 'https://www.mew.org/~kazu/proj/pgpdump/en/' vs 'http://www.mew.org/~kazu/proj/pgpdump',
pgpool-ii,,0.0,none,missing,no exact/normalized/alias/homepage evidence; no lookalikes either,
pgrok,,0.0,none,missing,no exact/normalized/alias/homepage evidence; no lookalikes either,
pgroll,,0.0,none,missing,no exact/normalized/alias/homepage evidence; no lookalikes either,
pgroonga,,0.0,none,missing,no exact/normalized/alias/homepage evidence; no lookalikes either,
pgrouting,,0.0,none,missing,no exact/normalized/alias/homepage evidence; no lookalikes either,
pgrx,,0.0,none,missing,no exact/normalized/alias/homepage evidence; no lookalikes either,
pgslice,,0.0,none,needs-review,no exact/normalized/alias/homepage evidence; fuzzy suggestions listed for review,tcpslice
pgstream,,0.0,none,needs-review,no exact/normalized/alias/homepage evidence; fuzzy suggestions listed for review,gstreamer
pgsync,,0.0,none,needs-review,no exact/normalized/alias/homepage evidence; fuzzy suggestions listed for review,psync; grsync
pgtoolkit,,0.0,none,missing,no exact/normalized/alias/homepage evidence; no lookalikes either,
pgvector,,0.0,none,needs-review,no exact/normalized/alias/homepage evidence; fuzzy suggestions listed for review,ghc-vector
pgweb,,0.0,none,missing,no exact/normalized/alias/homepage evidence; no lookalikes either,
pgxnclient,,0.0,none,missing,no exact/normalized/alias/homepage evidence; no lookalikes either,
phantom,phantom,1.0,exact,confident,name identical in both managers; homepages 'https://github.com/phantompane/phantom' vs 'http://www.vanheusden.com/Linux',
phive,,0.0,none,missing,no exact/normalized/alias/homepage evidence; no lookalikes either,
phodav,,0.0,none,missing,no exact/normalized/alias/homepage evidence; no lookalikes either,
phoneinfoga,,0.0,none,missing,no exact/normalized/alias/homepage evidence; no lookalikes either,
phoon,,0.0,none,missing,no exact/normalized/alias/homepage evidence; no lookalikes either,
phoronix-test-suite,,0.0,none,missing,no exact/normalized/alias/homepage evidence; no lookalikes either,
php,,0.0,none,needs-review,no exact/normalized/alias/homepage evidence; same homepage 'https://www.php.net/' as 'php5' but desc overlap only 0.03; versions '8.5.10' vs '5.4.4'; fuzzy suggestions listed for review,php5
php-code-sniffer,,0.0,none,missing,no exact/normalized/alias/homepage evidence; no lookalikes either,
php-cs-fixer,,0.0,none,missing,no exact/normalized/alias/homepage evidence; no lookalikes either,
php@8.1,,0.0,none,needs-review,no exact/normalized/alias/homepage evidence; same homepage 'https://www.php.net/' as 'php5' but desc overlap only 0.03; versions '8.1.34' vs '5.4.4'; no lookalikes either,
php@8.2,,0.0,none,needs-review,no exact/normalized/alias/homepage evidence; same homepage 'https://www.php.net/' as 'php5' but desc overlap only 0.03; versions '8.2.33' vs '5.4.4'; no lookalikes either,
php@8.3,,0.0,none,needs-review,no exact/normalized/alias/homepage evidence; same homepage 'https://www.php.net/' as 'php5' but desc overlap only 0.03; versions '8.3.33' vs '5.4.4'; no lookalikes either,
php@8.4,,0.0,none,needs-review,no exact/normalized/alias/homepage evidence; same homepage 'https://www.php.net/' as 'php5' but desc overlap only 0.03; versions '8.4.25' vs '5.4.4'; no lookalikes either,
phpantom-lsp,,0.0,none,missing,no exact/normalized/alias/homepage evidence; no lookalikes either,
phpbrew,,0.0,none,missing,no exact/normalized/alias/homepage evidence; no lookalikes either,
phpmd,,0.0,none,missing,no exact/normalized/alias/homepage evidence; no lookalikes either,
phpmyadmin,phpmyadmin,1.0,exact,confident,name identical in both managers; homepages 'https://www.phpmyadmin.net' vs 'http://www.phpmyadmin.net/',
phpstan,,0.0,none,missing,no exact/normalized/alias/homepage evidence; no lookalikes either,
phpunit,,0.0,none,missing,no exact/normalized/alias/homepage evidence; no lookalikes either,
phrase-cli,,0.0,none,missing,no exact/normalized/alias/homepage evidence; no lookalikes either,
phylum-cli,,0.0,none,missing,no exact/normalized/alias/homepage evidence; no lookalikes either,
physfs,physfs,1.0,exact,confident,name identical in both managers; homepages 'https://icculus.org/physfs/' vs '',
physunits,,0.0,none,missing,no exact/normalized/alias/homepage evidence; no lookalikes either,
pi-coding-agent,,0.0,none,missing,no exact/normalized/alias/homepage evidence; no lookalikes either,
pianobar,pianobar,1.0,exact,confident,name identical in both managers; homepages 'https://6xq.net/pianobar/' vs 'http://6xq.net/projects/pianobar/',
pianod,,0.0,none,missing,no exact/normalized/alias/homepage evidence; no lookalikes either,
picard-tools,,0.0,none,missing,no exact/normalized/alias/homepage evidence; no lookalikes either,
picat,,0.0,none,missing,no exact/normalized/alias/homepage evidence; no lookalikes either,
pick,,0.0,none,missing,no exact/normalized/alias/homepage evidence; no lookalikes either,
pickle,,0.0,none,needs-review,no exact/normalized/alias/homepage evidence; fuzzy suggestions listed for review,nickle
picoc,,0.0,none,needs-review,no exact/normalized/alias/homepage evidence; fuzzy suggestions listed for review,picocom
picoclaw,,0.0,none,missing,no exact/normalized/alias/homepage evidence; no lookalikes either,
picocom,picocom,1.0,exact,confident,name identical in both managers; homepages 'https://github.com/npat-efault/picocom' vs 'https://code.google.com/p/picocom/',
picoruby,,0.0,none,missing,no exact/normalized/alias/homepage evidence; no lookalikes either,
picotool,,0.0,none,missing,no exact/normalized/alias/homepage evidence; no lookalikes either,
pict,,0.0,none,missing,no exact/normalized/alias/homepage evidence; no lookalikes either,
pidcat,,0.0,none,missing,no exact/normalized/alias/homepage evidence; no lookalikes either,
pidgin,pidgin,1.0,exact,confident,name identical in both managers; homepages 'https://pidgin.im/' vs 'http://www.pidgin.im/',
pidof,,0.0,none,missing,no exact/normalized/alias/homepage evidence; no lookalikes either,
pie,,0.0,none,needs-review,no exact/normalized/alias/homepage evidence; fuzzy suggestions listed for review,pine
pieces-cli,,0.0,none,missing,no exact/normalized/alias/homepage evidence; no lookalikes either,
pig,,0.0,none,needs-review,no exact/normalized/alias/homepage evidence; fuzzy suggestions listed for review,pigz; pisg
pigz,pigz,1.0,exact,confident,name identical in both managers; homepages 'https://zlib.net/pigz/' vs 'http://www.zlib.net/pigz',
pike,,0.0,none,missing,no exact/normalized/alias/homepage evidence; no lookalikes either,
piknik,,0.0,none,missing,no exact/normalized/alias/homepage evidence; no lookalikes either,
pillow,,0.0,none,missing,no exact/normalized/alias/homepage evidence; no lookalikes either,
pinact,,0.0,none,missing,no exact/normalized/alias/homepage evidence; no lookalikes either,
pinboard-notes-backup,,0.0,none,missing,no exact/normalized/alias/homepage evidence; no lookalikes either,
pinentry,,0.0,none,needs-review,no exact/normalized/alias/homepage evidence; fuzzy suggestions listed for review,pinentry-mac
pinentry-mac,pinentry-mac,1.0,exact,confident,name identical in both managers; homepages 'https://github.com/GPGTools/pinentry' vs 'https://github.com/GPGTools/pinentry-mac',
pinfo,pinfo,1.0,exact,confident,name identical in both managers; homepages 'https://packages.debian.org/sid/pinfo' vs 'http://pinfo.alioth.debian.org/',
pinocchio,,0.0,none,missing,no exact/normalized/alias/homepage evidence; no lookalikes either,
pinot,,0.0,none,needs-review,no exact/normalized/alias/homepage evidence; fuzzy suggestions listed for review,pinfo
pint,,0.0,none,needs-review,no exact/normalized/alias/homepage evidence; fuzzy suggestions listed for review,gpaint; qprint; splint
pioneer,,0.0,none,needs-review,no exact/normalized/alias/homepage evidence; fuzzy suggestions listed for review,pioneers
pioneers,pioneers,1.0,exact,confident,name identical in both managers; homepages 'https://pio.sourceforge.net/' vs 'http://pio.sourceforge.net/',
pip-audit,,0.0,none,missing,no exact/normalized/alias/homepage evidence; no lookalikes either,
pip-completion,,0.0,none,missing,no exact/normalized/alias/homepage evidence; no lookalikes either,
pip-tools,,0.0,none,needs-review,no exact/normalized/alias/homepage evidence; fuzzy suggestions listed for review,gpivtools; ivtools; pmtools
pipdeptree,,0.0,none,missing,no exact/normalized/alias/homepage evidence; no lookalikes either,
pipe-rename,,0.0,none,missing,no exact/normalized/alias/homepage evidence; no lookalikes either,
pipebench,,0.0,none,missing,no exact/normalized/alias/homepage evidence; no lookalikes either,
pipelight,,0.0,none,missing,no exact/normalized/alias/homepage evidence; no lookalikes either,
pipemeter,,0.0,none,missing,no exact/normalized/alias/homepage evidence; no lookalikes either,
pipenv,,0.0,none,missing,no exact/normalized/alias/homepage evidence; no lookalikes either,
pipes-sh,,0.0,none,missing,no exact/normalized/alias/homepage evidence; no lookalikes either,
pipet,,0.0,none,missing,no exact/normalized/alias/homepage evidence; no lookalikes either,
pipewire,,0.0,none,missing,no exact/normalized/alias/homepage evidence; no lookalikes either,
pipewire-gstreamer,,0.0,none,missing,no exact/normalized/alias/homepage evidence; no lookalikes either,
pipgrip,,0.0,none,missing,no exact/normalized/alias/homepage evidence; no lookalikes either,
pipx,,0.0,none,missing,no exact/normalized/alias/homepage evidence; no lookalikes either,
pistache,,0.0,none,missing,no exact/normalized/alias/homepage evidence; no lookalikes either,
pit,,0.0,none,missing,no exact/normalized/alias/homepage evidence; no lookalikes either,
pitchfork,,0.0,none,missing,no exact/normalized/alias/homepage evidence; no lookalikes either,
pius,,0.0,none,missing,no exact/normalized/alias/homepage evidence; no lookalikes either,
pivit,,0.0,none,missing,no exact/normalized/alias/homepage evidence; no lookalikes either,
pivy,,0.0,none,missing,no exact/normalized/alias/homepage evidence; no lookalikes either,
pixd,,0.0,none,missing,no exact/normalized/alias/homepage evidence; no lookalikes either,
pixi,,0.0,none,needs-review,no exact/normalized/alias/homepage evidence; fuzzy suggestions listed for review,pixie
pixi-pack,,0.0,none,missing,no exact/normalized/alias/homepage evidence; no lookalikes either,
pixie,pixie,1.0,exact,confident,name identical in both managers; homepages 'https://px.dev/' vs 'http://pixie.sourceforge.net',
pixiewps,,0.0,none,missing,no exact/normalized/alias/homepage evidence; no lookalikes either,
pixivbiu,,0.0,none,missing,no exact/normalized/alias/homepage evidence; no lookalikes either,
pixlet,,0.0,none,missing,no exact/normalized/alias/homepage evidence; no lookalikes either,
pixman,pixman,1.0,exact,confident,name identical in both managers; homepages 'https://cairographics.org/' vs 'http://www.cairographics.org/',
pixtuoid,,0.0,none,missing,no exact/normalized/alias/homepage evidence; no lookalikes either,
pixz,,0.0,none,missing,no exact/normalized/alias/homepage evidence; no lookalikes either,
pjproject,,0.0,none,missing,no exact/normalized/alias/homepage evidence; no lookalikes either,
pk,,0.0,none,missing,no exact/normalized/alias/homepage evidence; no lookalikes either,
pkcs11-helper,,0.0,none,missing,no exact/normalized/alias/homepage evidence; no lookalikes either,
pkcs11-tools,,0.0,none,missing,no exact/normalized/alias/homepage evidence; no lookalikes either,
pkg-config-wrapper,,0.0,none,missing,no exact/normalized/alias/homepage evidence; no lookalikes either,
pkgconf,,0.0,ambiguous,needs-review,alias 'pkgconfig' looks like a different program (homepages 'https://github.com/pkgconf/pkgconf' vs 'http://www.gnome.org/'),pkgconfig; gconf; pykg-config
pkgdiff,,0.0,none,missing,no exact/normalized/alias/homepage evidence; no lookalikes either,
pkgsite,,0.0,none,missing,no exact/normalized/alias/homepage evidence; no lookalikes either,
pkgx,,0.0,none,missing,no exact/normalized/alias/homepage evidence; no lookalikes either,
pkl,,0.0,none,missing,no exact/normalized/alias/homepage evidence; no lookalikes either,
pkl-lsp,,0.0,none,missing,no exact/normalized/alias/homepage evidence; no lookalikes either,
pktanon,,0.0,none,missing,no exact/normalized/alias/homepage evidence; no lookalikes either,
pla,,0.0,none,missing,no exact/normalized/alias/homepage evidence; no lookalikes either,
plakar,,0.0,none,missing,no exact/normalized/alias/homepage evidence; no lookalikes either,
planck,,0.0,none,missing,no exact/normalized/alias/homepage evidence; no lookalikes either,
plank,,0.0,none,needs-review,no exact/normalized/alias/homepage evidence; fuzzy suggestions listed for review,prank
plantuml,,0.0,none,missing,no exact/normalized/alias/homepage evidence; no lookalikes either,
planus,,0.0,none,missing,no exact/normalized/alias/homepage evidence; no lookalikes either,
platformio,,0.0,none,missing,no exact/normalized/alias/homepage evidence; no lookalikes either,
playwright-cli,,0.0,none,missing,no exact/normalized/alias/homepage evidence; no lookalikes either,
playwright-mcp,,0.0,none,missing,no exact/normalized/alias/homepage evidence; no lookalikes either,
plenv,,0.0,none,missing,no exact/normalized/alias/homepage evidence; no lookalikes either,
plink-ng,,0.0,none,missing,no exact/normalized/alias/homepage evidence; no lookalikes either,
plod,,0.0,none,missing,no exact/normalized/alias/homepage evidence; no lookalikes either,
plog,,0.0,none,missing,no exact/normalized/alias/homepage evidence; no lookalikes either,
plotutils,plotutils,1.0,exact,confident,name identical in both managers; homepages 'https://www.gnu.org/software/plotutils/' vs 'http://www.gnu.org/software/plotutils',
plow,,0.0,none,missing,no exact/normalized/alias/homepage evidence; no lookalikes either,
plowshare,,0.0,none,missing,no exact/normalized/alias/homepage evidence; no lookalikes either,
plplot,,0.0,ambiguous,needs-review,homepage shared by several targets,libplplot10-shlibs; libplplot18-5.15.0-shlibs; pgplot
pluto,,0.0,none,missing,no exact/normalized/alias/homepage evidence; no lookalikes either,
plutobook,,0.0,none,needs-review,no exact/normalized/alias/homepage evidence; fuzzy suggestions listed for review,autobook
plutoprint,,0.0,none,missing,no exact/normalized/alias/homepage evidence; no lookalikes either,
plutosvg,,0.0,none,missing,no exact/normalized/alias/homepage evidence; no lookalikes either,
plutovg,,0.0,none,missing,no exact/normalized/alias/homepage evidence; no lookalikes either,
plz-cli,,0.0,none,missing,no exact/normalized/alias/homepage evidence; no lookalikes either,
plzip,plzip,1.0,exact,confident,name identical in both managers; homepages 'https://www.nongnu.org/lzip/plzip.html' vs 'http://www.nongnu.org/lzip/plzip.html',
pmccabe,,0.0,none,missing,no exact/normalized/alias/homepage evidence; no lookalikes either,
pmd,,0.0,none,missing,no exact/normalized/alias/homepage evidence; no lookalikes either,
pmdmini,,0.0,none,missing,no exact/normalized/alias/homepage evidence; no lookalikes either,
pmix,,0.0,none,missing,no exact/normalized/alias/homepage evidence; no lookalikes either,
pms,pms,1.0,exact,confident,name identical in both managers; homepages 'https://kimtore.github.io/pms/' vs 'http://pms.sourceforge.net',
pmtiles,,0.0,none,missing,no exact/normalized/alias/homepage evidence; no lookalikes either,
pnetcdf,,0.0,none,needs-review,no exact/normalized/alias/homepage evidence; fuzzy suggestions listed for review,netcdf; netcdf7; netcdf-c7
png2ico,png2ico,1.0,exact,confident,name identical in both managers; homepages 'https://www.freshports.org/graphics/png2ico/' vs 'http://www.winterdrache.de/freeware/png2ico/',
png++,,0.0,none,needs-review,no exact/normalized/alias/homepage evidence; fuzzy suggestions listed for review,pong
pngcheck,,0.0,none,missing,no exact/normalized/alias/homepage evidence; no lookalikes either,
pngcrush,pngcrush,1.0,exact,confident,name identical in both managers; homepages 'https://pmt.sourceforge.io/pngcrush/' vs 'http://pmt.sourceforge.net/pngcrush/',
pngnq,pngnq,1.0,exact,confident,name identical in both managers; homepages 'https://pngnq.sourceforge.net/' vs 'http://pngnq.sourceforge.net',
pngpaste,,0.0,none,missing,no exact/normalized/alias/homepage evidence; no lookalikes either,
pngquant,pngquant,1.0,exact,confident,name identical in both managers; homepages 'https://pngquant.org/' vs 'https://pngquant.org',
pnpm,,0.0,none,missing,no exact/normalized/alias/homepage evidence; no lookalikes either,
pnpm@10,,0.0,none,missing,no exact/normalized/alias/homepage evidence; no lookalikes either,
pnpm@9,,0.0,none,missing,no exact/normalized/alias/homepage evidence; no lookalikes either,
po4a,po4a,1.0,exact,confident,name identical in both managers; homepages 'https://po4a.org' vs 'http://po4a.alioth.debian.org/',
pocket-id,,0.0,none,missing,no exact/normalized/alias/homepage evidence; no lookalikes either,
pocket-tts,,0.0,none,missing,no exact/normalized/alias/homepage evidence; no lookalikes either,
pocketbase,,0.0,none,missing,no exact/normalized/alias/homepage evidence; no lookalikes either,
pocl,,0.0,none,missing,no exact/normalized/alias/homepage evidence; no lookalikes either,
poco,,0.0,none,needs-review,no exact/normalized/alias/homepage evidence; same homepage 'https://pocoproject.org/' as 'libpoco16-shlibs' but desc overlap only 0.10; no lookalikes either,
pocsuite3,,0.0,none,missing,no exact/normalized/alias/homepage evidence; no lookalikes either,
pod2man,,0.0,none,missing,no exact/normalized/alias/homepage evidence; no lookalikes either,
podcast-archiver,,0.0,none,missing,no exact/normalized/alias/homepage evidence; no lookalikes either,
podcast-dl,,0.0,none,missing,no exact/normalized/alias/homepage evidence; no lookalikes either,
podiff,,0.0,none,missing,no exact/normalized/alias/homepage evidence; no lookalikes either,
podlet,,0.0,none,missing,no exact/normalized/alias/homepage evidence; no lookalikes either,
podman,,0.0,none,missing,no exact/normalized/alias/homepage evidence; no lookalikes either,
podman-compose,,0.0,none,missing,no exact/normalized/alias/homepage evidence; no lookalikes either,
podman-tui,,0.0,none,missing,no exact/normalized/alias/homepage evidence; no lookalikes either,
podofo,podofo,1.0,exact,confident,name identical in both managers; homepages 'https://github.com/podofo/podofo' vs 'http://podofo.sourceforge.net/',
podsync,,0.0,none,needs-review,no exact/normalized/alias/homepage evidence; fuzzy suggestions listed for review,pdfsync; psync
poetry,,0.0,none,missing,no exact/normalized/alias/homepage evidence; no lookalikes either,
poke,,0.0,none,missing,no exact/normalized/alias/homepage evidence; no lookalikes either,
pokerstove,,0.0,none,missing,no exact/normalized/alias/homepage evidence; no lookalikes either,
polaris,,0.0,none,missing,no exact/normalized/alias/homepage evidence; no lookalikes either,
policy-engine,,0.0,none,missing,no exact/normalized/alias/homepage evidence; no lookalikes either,
policy_sentry,,0.0,none,missing,no exact/normalized/alias/homepage evidence; no lookalikes either,
polkit,,0.0,none,missing,no exact/normalized/alias/homepage evidence; no lookalikes either,
polyglot,,0.0,none,missing,no exact/normalized/alias/homepage evidence; no lookalikes either,
polyml,polyml,1.0,exact,confident,name identical in both managers; homepages 'https://www.polyml.org/' vs 'http://www.polyml.org/',
polynote,,0.0,none,missing,no exact/normalized/alias/homepage evidence; no lookalikes either,
polypolish,,0.0,none,missing,no exact/normalized/alias/homepage evidence; no lookalikes either,
pomerium,,0.0,none,missing,no exact/normalized/alias/homepage evidence; no lookalikes either,
pomsky,,0.0,none,missing,no exact/normalized/alias/homepage evidence; no lookalikes either,
ponyc,,0.0,none,missing,no exact/normalized/alias/homepage evidence; no lookalikes either,
ponysay,,0.0,none,missing,no exact/normalized/alias/homepage evidence; no lookalikes either,
pop,,0.0,none,needs-review,no exact/normalized/alias/homepage evidence; fuzzy suggestions listed for review,popt
popeye,,0.0,none,missing,no exact/normalized/alias/homepage evidence; no lookalikes either,
poppler,poppler,1.0,exact,confident,name identical in both managers; homepages 'https://poppler.freedesktop.org/' vs 'http://poppler.freedesktop.org/',
poppler-qt5,,0.0,none,needs-review,no exact/normalized/alias/homepage evidence; same homepage 'https://poppler.freedesktop.org/' as 'poppler1' but versions '26.09.0' vs '0.5.4'; fuzzy suggestions listed for review,poppler-qt3; poppler2-qt3; poppler
poppler-qt6,,0.0,none,needs-review,no exact/normalized/alias/homepage evidence; same homepage 'https://poppler.freedesktop.org/' as 'poppler1' but versions '26.09.0' vs '0.5.4'; fuzzy suggestions listed for review,poppler-qt3; poppler2-qt3; poppler
popt,popt,1.0,exact,confident,name identical in both managers; homepages 'https://github.com/rpm-software-management/popt' vs '',
portable-libffi,,0.0,none,missing,no exact/normalized/alias/homepage evidence; no lookalikes either,
portable-libxcrypt,,0.0,none,missing,no exact/normalized/alias/homepage evidence; no lookalikes either,
portable-libyaml,,0.0,none,missing,no exact/normalized/alias/homepage evidence; no lookalikes either,
portable-openssl,,0.0,none,missing,no exact/normalized/alias/homepage evidence; no lookalikes either,
portable-ruby,,0.0,none,needs-review,no exact/normalized/alias/homepage evidence; same homepage 'https://www.ruby-lang.org/' as 'ruby' but versions '4.0.6' vs '1.6.7'; no lookalikes either,
portable-zlib,,0.0,none,missing,no exact/normalized/alias/homepage evidence; no lookalikes either,
portablegl,,0.0,none,missing,no exact/normalized/alias/homepage evidence; no lookalikes either,
portal,,0.0,none,needs-review,no exact/normalized/alias/homepage evidence; fuzzy suggestions listed for review,porta
portaudio,portaudio,1.0,exact,confident,name identical in both managers; homepages 'https://www.portaudio.com' vs 'http://www.portaudio.com',
porter,,0.0,none,needs-review,no exact/normalized/alias/homepage evidence; fuzzy suggestions listed for review,poster; xporter-pm
portless,,0.0,none,missing,no exact/normalized/alias/homepage evidence; no lookalikes either,
portmidi,portmidi,1.0,exact,confident,name identical in both managers; homepages 'https://github.com/PortMidi/portmidi' vs 'http://portmedia.sourceforge.net/',
poselib,,0.0,none,missing,no exact/normalized/alias/homepage evidence; no lookalikes either,
posh,,0.0,none,needs-review,no exact/normalized/alias/homepage evidence; fuzzy suggestions listed for review,osh; pos
poster,poster,1.0,exact,confident,name identical in both managers; homepages 'https://schrfr.github.io/poster/' vs 'http://blogs.kde.org/node/3051',
postgis,,0.0,none,missing,no exact/normalized/alias/homepage evidence; no lookalikes either,
postgraphile,,0.0,none,missing,no exact/normalized/alias/homepage evidence; no lookalikes either,
postgres-language-server,,0.0,none,missing,no exact/normalized/alias/homepage evidence; no lookalikes either,
postgresql-hll,,0.0,none,needs-review,no exact/normalized/alias/homepage evidence; fuzzy suggestions listed for review,postgresql; postgresql-tcl; postgresql73
postgresql@12,,0.0,none,needs-review,no exact/normalized/alias/homepage evidence; same homepage 'https://www.postgresql.org/' as 'postgresql74' but versions '12.22' vs '2.3.0'; fuzzy suggestions listed for review,postgresql81; postgresql82; postgresql91
postgresql@13,,0.0,none,needs-review,no exact/normalized/alias/homepage evidence; same homepage 'https://www.postgresql.org/' as 'postgresql74' but versions '13.23' vs '2.3.0'; fuzzy suggestions listed for review,postgresql73; postgresql81; postgresql83
postgresql@14,,0.0,none,needs-review,no exact/normalized/alias/homepage evidence; same homepage 'https://www.postgresql.org/' as 'postgresql74' but versions '14.24' vs '2.3.0'; fuzzy suggestions listed for review,postgresql74; postgresql81; postgresql84
postgresql@15,,0.0,none,needs-review,no exact/normalized/alias/homepage evidence; same homepage 'https://www.postgresql.org/' as 'postgresql74' but versions '15.19' vs '2.3.0'; fuzzy suggestions listed for review,postgresql81; postgresql91; postgresql
postgresql@16,,0.0,none,needs-review,no exact/normalized/alias/homepage evidence; same homepage 'https://www.postgresql.org/' as 'postgresql74' but versions '16.15' vs '2.3.0'; fuzzy suggestions listed for review,postgresql81; postgresql91; postgresql
postgresql@17,,0.0,none,needs-review,no exact/normalized/alias/homepage evidence; same homepage 'https://www.postgresql.org/' as 'postgresql74' but versions '17.11' vs '2.3.0'; fuzzy suggestions listed for review,postgresql73; postgresql74; postgresql81
postgresql@18,postgresql,0.95,alias,confident,listed as alias/oldname of 'postgresql@18',
postgrest,,0.0,none,needs-review,no exact/normalized/alias/homepage evidence; fuzzy suggestions listed for review,postgresql; postgresql-tcl
posting,,0.0,none,missing,no exact/normalized/alias/homepage evidence; no lookalikes either,
potrace,potrace,1.0,exact,confident,name identical in both managers; homepages 'https://potrace.sourceforge.net/' vs 'http://potrace.sourceforge.net',
poutine,,0.0,none,missing,no exact/normalized/alias/homepage evidence; no lookalikes either,
povray,povray,1.0,exact,confident,name identical in both managers; homepages 'https://www.povray.org/' vs 'http://www.povray.org/',
powerlevel10k,,0.0,none,missing,no exact/normalized/alias/homepage evidence; no lookalikes either,
powerline-go,,0.0,none,missing,no exact/normalized/alias/homepage evidence; no lookalikes either,
powerman,,0.0,none,missing,no exact/normalized/alias/homepage evidence; no lookalikes either,
powerman-dockerize,,0.0,none,missing,no exact/normalized/alias/homepage evidence; no lookalikes either,
powershell,,0.0,none,missing,no exact/normalized/alias/homepage evidence; no lookalikes either,
ppl,ppl,1.0,exact,confident,name identical in both managers; homepages 'https://www.bugseng.com/ppl' vs 'http://www.cs.unipr.it/ppl',
ppss,,0.0,none,missing,no exact/normalized/alias/homepage evidence; no lookalikes either,
ppsspp,,0.0,none,needs-review,no exact/normalized/alias/homepage evidence; fuzzy suggestions listed for review,pspp
pqiv,,0.0,none,needs-review,no exact/normalized/alias/homepage evidence; fuzzy suggestions listed for review,qiv
pre-commit,,0.0,none,missing,no exact/normalized/alias/homepage evidence; no lookalikes either,
precice,,0.0,none,missing,no exact/normalized/alias/homepage evidence; no lookalikes either,
precious,,0.0,none,missing,no exact/normalized/alias/homepage evidence; no lookalikes either,
precomp,,0.0,none,missing,no exact/normalized/alias/homepage evidence; no lookalikes either,
preevy,,0.0,none,missing,no exact/normalized/alias/homepage evidence; no lookalikes either,
prefixsuffix,,0.0,none,missing,no exact/normalized/alias/homepage evidence; no lookalikes either,
prek,,0.0,none,missing,no exact/normalized/alias/homepage evidence; no lookalikes either,
premake,,0.0,none,missing,no exact/normalized/alias/homepage evidence; no lookalikes either,
presenterm,,0.0,none,missing,no exact/normalized/alias/homepage evidence; no lookalikes either,
prestd,,0.0,none,missing,no exact/normalized/alias/homepage evidence; no lookalikes either,
prestodb,,0.0,none,missing,no exact/normalized/alias/homepage evidence; no lookalikes either,
prettier,,0.0,none,missing,no exact/normalized/alias/homepage evidence; no lookalikes either,
prettierd,,0.0,none,missing,no exact/normalized/alias/homepage evidence; no lookalikes either,
prettyping,,0.0,none,missing,no exact/normalized/alias/homepage evidence; no lookalikes either,
primecount,,0.0,none,missing,no exact/normalized/alias/homepage evidence; no lookalikes either,
primer3,,0.0,none,needs-review,no exact/normalized/alias/homepage evidence; fuzzy suggestions listed for review,prime
primesieve,,0.0,none,missing,no exact/normalized/alias/homepage evidence; no lookalikes either,
principalmapper,,0.0,none,missing,no exact/normalized/alias/homepage evidence; no lookalikes either,
prips,,0.0,none,missing,no exact/normalized/alias/homepage evidence; no lookalikes either,
prism-cli,,0.0,none,missing,no exact/normalized/alias/homepage evidence; no lookalikes either,
privatebin-cli,,0.0,none,missing,no exact/normalized/alias/homepage evidence; no lookalikes either,
privoxy,privoxy,1.0,exact,confident,name identical in both managers; homepages 'https://www.privoxy.org/' vs 'http://www.privoxy.org/',
prjtrellis,,0.0,none,missing,no exact/normalized/alias/homepage evidence; no lookalikes either,
probe-rs-tools,,0.0,none,missing,no exact/normalized/alias/homepage evidence; no lookalikes either,
procmail,procmail,1.0,exact,confident,name identical in both managers; homepages 'https://github.com/BuGlessRB/procmail' vs 'http://www.procmail.org/',
procps,,0.0,none,needs-review,no exact/normalized/alias/homepage evidence; fuzzy suggestions listed for review,procfs
procs,,0.0,none,needs-review,no exact/normalized/alias/homepage evidence; fuzzy suggestions listed for review,procfs; prcs
proctools,proctools,1.0,exact,confident,name identical in both managers; homepages 'https://proctools.sourceforge.net/' vs 'http://proctools.sourceforge.net/',
procyon-decompiler,,0.0,none,missing,no exact/normalized/alias/homepage evidence; no lookalikes either,
prodigal,,0.0,none,missing,no exact/normalized/alias/homepage evidence; no lookalikes either,
profanity,,0.0,none,missing,no exact/normalized/alias/homepage evidence; no lookalikes either,
proftpd,proftpd,1.0,exact,confident,name identical in both managers; homepages 'http://www.proftpd.org/' vs 'http://www.proftpd.org/',
prog8,,0.0,none,missing,no exact/normalized/alias/homepage evidence; no lookalikes either,
progress,,0.0,none,missing,no exact/normalized/alias/homepage evidence; no lookalikes either,
progressline,,0.0,none,missing,no exact/normalized/alias/homepage evidence; no lookalikes either,
proguard,proguard,1.0,exact,confident,name identical in both managers; homepages 'https://www.guardsquare.com/en/products/proguard' vs 'http://proguard.sourceforge.net/',
proj,proj,1.0,exact,confident,name identical in both managers; homepages 'https://proj.org/' vs 'http://remotesensing.org/proj/',
projectable,,0.0,none,missing,no exact/normalized/alias/homepage evidence; no lookalikes either,
projectm,,0.0,none,missing,no exact/normalized/alias/homepage evidence; no lookalikes either,
prometheus,,0.0,none,missing,no exact/normalized/alias/homepage evidence; no lookalikes either,
prometheus-cpp,,0.0,none,missing,no exact/normalized/alias/homepage evidence; no lookalikes either,
promptfoo,,0.0,none,missing,no exact/normalized/alias/homepage evidence; no lookalikes either,
promtail,,0.0,none,needs-review,no exact/normalized/alias/homepage evidence; fuzzy suggestions listed for review,procmail
proof-general,proofgeneral,0.96,normalized,confident,'proof-general' ~ 'proofgeneral' after case/punctuation folding,
proper,,0.0,none,needs-review,no exact/normalized/alias/homepage evidence; fuzzy suggestions listed for review,prosper; ha-prosper
proselint,,0.0,none,missing,no exact/normalized/alias/homepage evidence; no lookalikes either,
proteinortho,,0.0,none,missing,no exact/normalized/alias/homepage evidence; no lookalikes either,
proto,,0.0,none,needs-review,no exact/normalized/alias/homepage evidence; fuzzy suggestions listed for review,cproto
protobuf,protobuf,1.0,exact,confident,name identical in both managers; homepages 'https://protobuf.dev/' vs 'http://code.google.com/p/protobuf/',
protobuf-c,protobuf-c,1.0,exact,confident,name identical in both managers; homepages 'https://github.com/protobuf-c/protobuf-c' vs 'http://code.google.com/p/protobuf-c/',
protobuf@21,,0.0,none,needs-review,no exact/normalized/alias/homepage evidence; fuzzy suggestions listed for review,protobuf; protobuf-c
protobuf@29,,0.0,none,needs-review,no exact/normalized/alias/homepage evidence; fuzzy suggestions listed for review,protobuf; protobuf-c
protobuf@33,,0.0,none,needs-review,no exact/normalized/alias/homepage evidence; fuzzy suggestions listed for review,protobuf; protobuf-c
protoc-gen-doc,,0.0,none,missing,no exact/normalized/alias/homepage evidence; no lookalikes either,
protoc-gen-go,,0.0,none,missing,no exact/normalized/alias/homepage evidence; no lookalikes either,
protoc-gen-go-grpc,,0.0,none,missing,no exact/normalized/alias/homepage evidence; no lookalikes either,
protoc-gen-grpc-java,,0.0,none,missing,no exact/normalized/alias/homepage evidence; no lookalikes either,
protoc-gen-grpc-swift,,0.0,none,missing,no exact/normalized/alias/homepage evidence; no lookalikes either,
protoc-gen-grpc-web,,0.0,none,missing,no exact/normalized/alias/homepage evidence; no lookalikes either,
protoc-gen-js,,0.0,none,missing,no exact/normalized/alias/homepage evidence; no lookalikes either,
protolint,,0.0,none,missing,no exact/normalized/alias/homepage evidence; no lookalikes either,
proton-pass-cli,,0.0,none,missing,no exact/normalized/alias/homepage evidence; no lookalikes either,
protozero,,0.0,none,missing,no exact/normalized/alias/homepage evidence; no lookalikes either,
prover9,prover9,1.0,exact,confident,name identical in both managers; homepages 'https://www.cs.unm.edu/~mccune/prover9/' vs 'http://www.cs.unm.edu/~mccune/prover9',
prowler,,0.0,none,missing,no exact/normalized/alias/homepage evidence; no lookalikes either,
proxelar,,0.0,none,missing,no exact/normalized/alias/homepage evidence; no lookalikes either,
proxify,,0.0,none,needs-review,no exact/normalized/alias/homepage evidence; fuzzy suggestions listed for review,proxy
proxsuite,,0.0,none,missing,no exact/normalized/alias/homepage evidence; no lookalikes either,
proxychains-ng,,0.0,none,missing,no exact/normalized/alias/homepage evidence; no lookalikes either,
proxyfor,,0.0,none,missing,no exact/normalized/alias/homepage evidence; no lookalikes either,
proxygen,,0.0,none,needs-review,no exact/normalized/alias/homepage evidence; fuzzy suggestions listed for review,doxygen
proxytunnel,,0.0,none,missing,no exact/normalized/alias/homepage evidence; no lookalikes either,
prqlc,,0.0,none,missing,no exact/normalized/alias/homepage evidence; no lookalikes either,
prr,,0.0,none,missing,no exact/normalized/alias/homepage evidence; no lookalikes either,
prrte,,0.0,none,missing,no exact/normalized/alias/homepage evidence; no lookalikes either,
prs,,0.0,none,needs-review,no exact/normalized/alias/homepage evidence; fuzzy suggestions listed for review,prcs
ps2eps,ps2eps,1.0,exact,confident,name identical in both managers; homepages 'https://github.com/roland-bless/ps2eps' vs 'http://www.tm.uka.de/~bless/ps2eps',
psalm,,0.0,none,missing,no exact/normalized/alias/homepage evidence; no lookalikes either,
psc-package,,0.0,none,missing,no exact/normalized/alias/homepage evidence; no lookalikes either,
pscale,,0.0,none,needs-review,no exact/normalized/alias/homepage evidence; fuzzy suggestions listed for review,pcal
psftools,,0.0,none,needs-review,no exact/normalized/alias/homepage evidence; fuzzy suggestions listed for review,swftools; opus-tools; epstool
psgrep,,0.0,none,needs-review,no exact/normalized/alias/homepage evidence; fuzzy suggestions listed for review,grep
pspg,,0.0,none,missing,no exact/normalized/alias/homepage evidence; no lookalikes either,
psql2csv,,0.0,none,missing,no exact/normalized/alias/homepage evidence; no lookalikes either,
psqlodbc,,0.0,none,missing,no exact/normalized/alias/homepage evidence; no lookalikes either,
pssh,,0.0,none,missing,no exact/normalized/alias/homepage evidence; no lookalikes either,
pstoedit,pstoedit,1.0,exact,confident,name identical in both managers; homepages 'http://www.pstoedit.net/' vs 'http://www.pstoedit.net/pstoedit',
pstree,pstree,1.0,exact,confident,name identical in both managers; homepages 'https://github.com/FredHucht/pstree' vs 'http://www.thp.uni-duisburg.de/ftpdoc.html',
psutils,psutils,1.0,exact,confident,name identical in both managers; homepages 'https://github.com/rrthomas/psutils' vs 'http://www.dcs.ed.ac.uk/home/ajcd/psutils/',
psysh,,0.0,none,missing,no exact/normalized/alias/homepage evidence; no lookalikes either,
pter,,0.0,none,needs-review,no exact/normalized/alias/homepage evidence; fuzzy suggestions listed for review,poster
ptex,ptex,1.0,exact,confident,name identical in both managers; homepages 'https://ptex.us/' vs 'http://www.tug.org/teTeX  and  http://www.ascii.co.jp/pb/ptex/',
pth,pth,1.0,exact,confident,name identical in both managers; homepages 'https://www.gnu.org/software/pth/' vs 'http://www.gnu.org/software/pth/pth.html',
ptpython,,0.0,none,missing,no exact/normalized/alias/homepage evidence; no lookalikes either,
ptunnel,pingtunnel,0.9,homepage,confident,same upstream 'https://www.cs.uit.no/~daniels/PingTunnel/' (desc overlap 0.33),
publish,,0.0,none,missing,no exact/normalized/alias/homepage evidence; no lookalikes either,
pueue,,0.0,none,needs-review,no exact/normalized/alias/homepage evidence; fuzzy suggestions listed for review,pfqueue
puf,puf,1.0,exact,confident,name identical in both managers; homepages 'https://puf.sourceforge.net/' vs 'http://puf.sourceforge.net/',
pug,,0.0,none,missing,no exact/normalized/alias/homepage evidence; no lookalikes either,
pugixml,,0.0,none,missing,no exact/normalized/alias/homepage evidence; no lookalikes either,
pulledpork,,0.0,none,missing,no exact/normalized/alias/homepage evidence; no lookalikes either,
pulp,,0.0,none,missing,no exact/normalized/alias/homepage evidence; no lookalikes either,
pulp-cli,,0.0,none,missing,no exact/normalized/alias/homepage evidence; no lookalikes either,
pulsarctl,,0.0,none,missing,no exact/normalized/alias/homepage evidence; no lookalikes either,
pulseaudio,,0.0,none,missing,no exact/normalized/alias/homepage evidence; no lookalikes either,
pulumi,,0.0,none,missing,no exact/normalized/alias/homepage evidence; no lookalikes either,
pulumictl,,0.0,none,missing,no exact/normalized/alias/homepage evidence; no lookalikes either,
pumba,,0.0,none,missing,no exact/normalized/alias/homepage evidence; no lookalikes either,
punktf,,0.0,none,missing,no exact/normalized/alias/homepage evidence; no lookalikes either,
pup,,0.0,none,missing,no exact/normalized/alias/homepage evidence; no lookalikes either,
pure,,0.0,none,missing,no exact/normalized/alias/homepage evidence; no lookalikes either,
pure-ftpd,pure-ftpd,1.0,exact,confident,name identical in both managers; homepages 'https://www.pureftpd.org/' vs 'http://www.pureftpd.org',
purescript,,0.0,none,missing,no exact/normalized/alias/homepage evidence; no lookalikes either,
purescript-language-server,,0.0,none,missing,no exact/normalized/alias/homepage evidence; no lookalikes either,
purr,,0.0,none,missing,no exact/normalized/alias/homepage evidence; no lookalikes either,
pushpin,,0.0,none,missing,no exact/normalized/alias/homepage evidence; no lookalikes either,
putty,,0.0,none,missing,no exact/normalized/alias/homepage evidence; no lookalikes either,
puzzles,,0.0,none,missing,no exact/normalized/alias/homepage evidence; no lookalikes either,
pv,pv,1.0,exact,confident,name identical in both managers; homepages 'https://www.ivarch.com/programs/pv.shtml' vs 'http://pipeviewer.sf.net',
pv-migrate,,0.0,none,missing,no exact/normalized/alias/homepage evidence; no lookalikes either,
pvetui,,0.0,none,missing,no exact/normalized/alias/homepage evidence; no lookalikes either,
pwgen,pwgen,1.0,exact,confident,name identical in both managers; homepages 'https://pwgen.sourceforge.net/' vs 'http://sourceforge.net/projects/pwgen/',
pwnat,,0.0,none,missing,no exact/normalized/alias/homepage evidence; no lookalikes either,
pwncat,,0.0,none,missing,no exact/normalized/alias/homepage evidence; no lookalikes either,
pwned,,0.0,none,missing,no exact/normalized/alias/homepage evidence; no lookalikes either,
pwntools,,0.0,none,needs-review,no exact/normalized/alias/homepage evidence; fuzzy suggestions listed for review,pngtools; pmtools
pwsafe,,0.0,none,missing,no exact/normalized/alias/homepage evidence; no lookalikes either,
px,,0.0,none,missing,no exact/normalized/alias/homepage evidence; no lookalikes either,
py-spy,,0.0,none,missing,no exact/normalized/alias/homepage evidence; no lookalikes either,
py3cairo,pycairo-py%type_pkg[python],0.9,homepage,confident,same upstream 'https://cairographics.org/pycairo/' (desc overlap 0.78),
py7zr,,0.0,none,missing,no exact/normalized/alias/homepage evidence; no lookalikes either,
pybind11,,0.0,none,needs-review,no exact/normalized/alias/homepage evidence; same homepage 'https://github.com/pybind/pybind11' as 'pybind11-py%type_pkg[python]' but versions '3.1.0' vs '2.9.2'; no lookalikes either,
pycodestyle,,0.0,none,missing,no exact/normalized/alias/homepage evidence; no lookalikes either,
pycparser,,0.0,none,needs-review,no exact/normalized/alias/homepage evidence; fuzzy suggestions listed for review,pacparser
pydantic,,0.0,none,missing,no exact/normalized/alias/homepage evidence; no lookalikes either,
pyenv,,0.0,none,missing,no exact/normalized/alias/homepage evidence; no lookalikes either,
pyenv-ccache,,0.0,none,missing,no exact/normalized/alias/homepage evidence; no lookalikes either,
pyenv-pip-migrate,,0.0,none,missing,no exact/normalized/alias/homepage evidence; no lookalikes either,
pyenv-virtualenv,,0.0,none,missing,no exact/normalized/alias/homepage evidence; no lookalikes either,
pyenv-virtualenvwrapper,,0.0,none,missing,no exact/normalized/alias/homepage evidence; no lookalikes either,
pyflow,,0.0,none,needs-review,no exact/normalized/alias/homepage evidence; fuzzy suggestions listed for review,flow
pygit2,,0.0,none,missing,no exact/normalized/alias/homepage evidence; no lookalikes either,
pygitup,,0.0,none,missing,no exact/normalized/alias/homepage evidence; no lookalikes either,
pygments,,0.0,none,needs-review,no exact/normalized/alias/homepage evidence; fuzzy suggestions listed for review,pygments-py27; pygments-py34
pygobject3,,0.0,none,missing,no exact/normalized/alias/homepage evidence; no lookalikes either,
pyinstaller,,0.0,none,needs-review,no exact/normalized/alias/homepage evidence; fuzzy suggestions listed for review,kinstaller
pyinvoke,,0.0,none,needs-review,no exact/normalized/alias/homepage evidence; same homepage 'https://www.pyinvoke.org/' as 'invoke-py%type_pkg[python]' but versions '3.0.3' vs '1.2.0'; no lookalikes either,
pylint,,0.0,none,needs-review,no exact/normalized/alias/homepage evidence; fuzzy suggestions listed for review,splint
pylyzer,,0.0,none,missing,no exact/normalized/alias/homepage evidence; no lookalikes either,
pymol,pymol,1.0,exact,confident,name identical in both managers; homepages 'https://pymol.org/' vs 'http://pymol.sourceforge.net',
pympress,,0.0,none,missing,no exact/normalized/alias/homepage evidence; no lookalikes either,
pymupdf,,0.0,none,needs-review,no exact/normalized/alias/homepage evidence; fuzzy suggestions listed for review,mupdf
pyoxidizer,,0.0,none,missing,no exact/normalized/alias/homepage evidence; no lookalikes either,
pyp,,0.0,none,missing,no exact/normalized/alias/homepage evidence; no lookalikes either,
pyperformance,,0.0,none,missing,no exact/normalized/alias/homepage evidence; no lookalikes either,
pypy,,0.0,none,missing,no exact/normalized/alias/homepage evidence; no lookalikes either,
pypy3.10,,0.0,none,missing,no exact/normalized/alias/homepage evidence; no lookalikes either,
pypy3.11,,0.0,none,missing,no exact/normalized/alias/homepage evidence; no lookalikes either,
pyqt,,0.0,none,missing,no exact/normalized/alias/homepage evidence; no lookalikes either,
pyqt-builder,,0.0,none,missing,no exact/normalized/alias/homepage evidence; no lookalikes either,
pyqt@5,,0.0,none,missing,no exact/normalized/alias/homepage evidence; no lookalikes either,
pyrefly,,0.0,none,missing,no exact/normalized/alias/homepage evidence; no lookalikes either,
pyright,,0.0,none,missing,no exact/normalized/alias/homepage evidence; no lookalikes either,
pyscn,,0.0,none,missing,no exact/normalized/alias/homepage evidence; no lookalikes either,
pyside,,0.0,none,missing,no exact/normalized/alias/homepage evidence; no lookalikes either,
pyspelling,,0.0,none,missing,no exact/normalized/alias/homepage evidence; no lookalikes either,
pystring,libpystring0-shlibs,0.9,homepage,confident,same upstream 'https://github.com/imageworks/pystring' (desc overlap 0.27),
pytest,,0.0,none,missing,no exact/normalized/alias/homepage evidence; no lookalikes either,
pythia,,0.0,none,needs-review,no exact/normalized/alias/homepage evidence; fuzzy suggestions listed for review,pythia8; pythia8.2
python-argcomplete,,0.0,none,missing,no exact/normalized/alias/homepage evidence; no lookalikes either,
python-build,,0.0,none,missing,no exact/normalized/alias/homepage evidence; no lookalikes either,
python-freethreading,,0.0,none,needs-review,no exact/normalized/alias/homepage evidence; same homepage 'https://www.python.org/' as 'python21' but versions '3.14.7' vs '2.1.3'; no lookalikes either,
python-gdbm@3.11,,0.0,none,needs-review,no exact/normalized/alias/homepage evidence; same homepage 'https://www.python.org/' as 'python23-socket-ssl' but desc overlap only 0.12; versions '3.11.16' vs '2.3.5'; no lookalikes either,
python-gdbm@3.12,,0.0,none,needs-review,no exact/normalized/alias/homepage evidence; same homepage 'https://www.python.org/' as 'python23-socket-ssl' but desc overlap only 0.12; versions '3.12.14' vs '2.3.5'; no lookalikes either,
python-gdbm@3.13,,0.0,none,needs-review,no exact/normalized/alias/homepage evidence; same homepage 'https://www.python.org/' as 'python23-socket-ssl' but desc overlap only 0.12; versions '3.13.15' vs '2.3.5'; no lookalikes either,
python-gdbm@3.14,,0.0,none,needs-review,no exact/normalized/alias/homepage evidence; same homepage 'https://www.python.org/' as 'python23-socket-ssl' but desc overlap only 0.12; versions '3.14.7' vs '2.3.5'; no lookalikes either,
python-launcher,,0.0,none,missing,no exact/normalized/alias/homepage evidence; no lookalikes either,
python-lsp-server,,0.0,none,missing,no exact/normalized/alias/homepage evidence; no lookalikes either,
python-markdown,,0.0,none,missing,no exact/normalized/alias/homepage evidence; no lookalikes either,
python-matplotlib,,0.0,none,missing,no exact/normalized/alias/homepage evidence; no lookalikes either,
python-packaging,,0.0,none,missing,no exact/normalized/alias/homepage evidence; no lookalikes either,
python-setuptools,,0.0,none,missing,no exact/normalized/alias/homepage evidence; no lookalikes either,
python-tabulate,,0.0,none,missing,no exact/normalized/alias/homepage evidence; no lookalikes either,
python-tk@3.10,,0.0,none,needs-review,no exact/normalized/alias/homepage evidence; same homepage 'https://www.python.org/' as 'python23-socket-ssl' but desc overlap only 0.12; versions '3.10.21' vs '2.3.5'; no lookalikes either,
python-tk@3.11,,0.0,none,needs-review,no exact/normalized/alias/homepage evidence; same homepage 'https://www.python.org/' as 'python23-socket-ssl' but desc overlap only 0.12; versions '3.11.16' vs '2.3.5'; no lookalikes either,
python-tk@3.12,,0.0,none,needs-review,no exact/normalized/alias/homepage evidence; same homepage 'https://www.python.org/' as 'python23-socket-ssl' but desc overlap only 0.12; versions '3.12.14' vs '2.3.5'; no lookalikes either,
python-tk@3.13,,0.0,none,needs-review,no exact/normalized/alias/homepage evidence; same homepage 'https://www.python.org/' as 'python23-socket-ssl' but desc overlap only 0.12; versions '3.13.15' vs '2.3.5'; no lookalikes either,
python-tk@3.14,,0.0,none,needs-review,no exact/normalized/alias/homepage evidence; same homepage 'https://www.python.org/' as 'python23-socket-ssl' but desc overlap only 0.12; versions '3.14.7' vs '2.3.5'; no lookalikes either,
python-tk@3.9,,0.0,none,needs-review,no exact/normalized/alias/homepage evidence; same homepage 'https://www.python.org/' as 'python23-socket-ssl' but desc overlap only 0.12; versions '3.9.25' vs '2.3.5'; no lookalikes either,
python-yq,,0.0,none,missing,no exact/normalized/alias/homepage evidence; no lookalikes either,
python@3.10,,0.0,none,needs-review,no exact/normalized/alias/homepage evidence; same homepage 'https://www.python.org/' as 'python21' but versions '3.10.21' vs '2.1.3'; fuzzy suggestions listed for review,python21; python23
python@3.11,,0.0,none,needs-review,no exact/normalized/alias/homepage evidence; same homepage 'https://www.python.org/' as 'python21' but versions '3.11.16' vs '2.1.3'; fuzzy suggestions listed for review,python21; python23
python@3.12,,0.0,none,needs-review,no exact/normalized/alias/homepage evidence; same homepage 'https://www.python.org/' as 'python21' but versions '3.12.14' vs '2.1.3'; fuzzy suggestions listed for review,python21; python22; python23
python@3.13,,0.0,none,needs-review,no exact/normalized/alias/homepage evidence; same homepage 'https://www.python.org/' as 'python21' but versions '3.13.15' vs '2.1.3'; fuzzy suggestions listed for review,python21; python23
python@3.14,,0.0,none,needs-review,no exact/normalized/alias/homepage evidence; same homepage 'https://www.python.org/' as 'python21' but versions '3.14.7' vs '2.1.3'; fuzzy suggestions listed for review,python21; python23; python24
python@3.9,,0.0,none,needs-review,no exact/normalized/alias/homepage evidence; same homepage 'https://www.python.org/' as 'python21' but versions '3.9.25' vs '2.1.3'; fuzzy suggestions listed for review,python23
pythran,,0.0,none,missing,no exact/normalized/alias/homepage evidence; no lookalikes either,
pytorch,,0.0,none,missing,no exact/normalized/alias/homepage evidence; no lookalikes either,
pytr,,0.0,none,missing,no exact/normalized/alias/homepage evidence; no lookalikes either,
pyupgrade,,0.0,none,missing,no exact/normalized/alias/homepage evidence; no lookalikes either,
pyvim,,0.0,none,missing,no exact/normalized/alias/homepage evidence; no lookalikes either,
pywhat,,0.0,none,missing,no exact/normalized/alias/homepage evidence; no lookalikes either,
q,,0.0,none,missing,no exact/normalized/alias/homepage evidence; no lookalikes either,
qalculate-gtk,,0.0,none,needs-review,no exact/normalized/alias/homepage evidence; same homepage 'https://qalculate.github.io/' as 'libqalculate21-shlibs' but desc overlap only 0.00; versions '5.12.0' vs '3.20.0'; no lookalikes either,
qalculate-qt,,0.0,none,needs-review,no exact/normalized/alias/homepage evidence; same homepage 'https://qalculate.github.io/' as 'libqalculate21-shlibs' but desc overlap only 0.00; versions '5.12.0' vs '3.20.0'; no lookalikes either,
qbe,,0.0,none,missing,no exact/normalized/alias/homepage evidence; no lookalikes either,
qbec,,0.0,none,missing,no exact/normalized/alias/homepage evidence; no lookalikes either,
qbittorrent-cli,,0.0,none,missing,no exact/normalized/alias/homepage evidence; no lookalikes either,
qbs,,0.0,none,missing,no exact/normalized/alias/homepage evidence; no lookalikes either,
qca,qca,1.0,exact,confident,name identical in both managers; homepages 'https://userbase.kde.org/QCA' vs 'http://delta.affinix.com/qca/',
qcachegrind,,0.0,none,missing,no exact/normalized/alias/homepage evidence; no lookalikes either,
qcli,,0.0,none,missing,no exact/normalized/alias/homepage evidence; no lookalikes either,
qcoro6,,0.0,none,missing,no exact/normalized/alias/homepage evidence; no lookalikes either,
qd,,0.0,none,missing,no exact/normalized/alias/homepage evidence; no lookalikes either,
qdbm,,0.0,none,needs-review,no exact/normalized/alias/homepage evidence; fuzzy suggestions listed for review,qdbm14
qdmr,,0.0,none,missing,no exact/normalized/alias/homepage evidence; no lookalikes either,
qemu,qemu,1.0,exact,confident,name identical in both managers; homepages 'https://www.qemu.org/' vs 'http://wiki.qemu.org/Main_Page',
qhull,qhull,1.0,exact,confident,name identical in both managers; homepages 'http://www.qhull.org/' vs 'http://www.thesa.com/software/qhull/',
qjackctl,qjackctl,1.0,exact,confident,name identical in both managers; homepages 'https://qjackctl.sourceforge.io/' vs '',
qjson,qjson-%type_pkg[qt],0.9,homepage,confident,same upstream 'https://qjson.sourceforge.net/' (desc overlap 0.17),
qman,,0.0,none,needs-review,no exact/normalized/alias/homepage evidence; fuzzy suggestions listed for review,man
qmmp,,0.0,none,missing,no exact/normalized/alias/homepage evidence; no lookalikes either,
qnm,,0.0,none,missing,no exact/normalized/alias/homepage evidence; no lookalikes either,
qo,,0.0,none,missing,no exact/normalized/alias/homepage evidence; no lookalikes either,
qobine-tui,,0.0,none,missing,no exact/normalized/alias/homepage evidence; no lookalikes either,
qobine-web,,0.0,none,missing,no exact/normalized/alias/homepage evidence; no lookalikes either,
qodem,,0.0,none,missing,no exact/normalized/alias/homepage evidence; no lookalikes either,
qp,,0.0,none,missing,no exact/normalized/alias/homepage evidence; no lookalikes either,
qpdf,,0.0,none,needs-review,no exact/normalized/alias/homepage evidence; same homepage 'https://qpdf.sourceforge.io/' as 'qpdf28-shlibs' but desc overlap only 0.09; versions '12.4.1' vs '10.6.3'; no lookalikes either,
qpid-proton,,0.0,none,missing,no exact/normalized/alias/homepage evidence; no lookalikes either,
qprint,qprint,1.0,exact,confident,name identical in both managers; homepages 'https://www.fourmilab.ch/webtools/qprint/' vs 'http://www.fourmilab.ch/webtools/qprint/',
qqqa,,0.0,none,missing,no exact/normalized/alias/homepage evidence; no lookalikes either,
qrcp,,0.0,none,missing,no exact/normalized/alias/homepage evidence; no lookalikes either,
qrencode,,0.0,none,needs-review,no exact/normalized/alias/homepage evidence; fuzzy suggestions listed for review,recode; libqrencode3; rnc-mode
qrkey,,0.0,none,missing,no exact/normalized/alias/homepage evidence; no lookalikes either,
qrtool,,0.0,none,missing,no exact/normalized/alias/homepage evidence; no lookalikes either,
qrupdate,,0.0,none,missing,no exact/normalized/alias/homepage evidence; no lookalikes either,
qscintilla2,,0.0,none,needs-review,no exact/normalized/alias/homepage evidence; fuzzy suggestions listed for review,qscintilla
qshell,,0.0,none,missing,no exact/normalized/alias/homepage evidence; no lookalikes either,
qsoas,,0.0,none,missing,no exact/normalized/alias/homepage evidence; no lookalikes either,
qstat,,0.0,none,missing,no exact/normalized/alias/homepage evidence; no lookalikes either,
qsv,,0.0,none,needs-review,no exact/normalized/alias/homepage evidence; fuzzy suggestions listed for review,qsvn
qt,,0.0,none,needs-review,no exact/normalized/alias/homepage evidence; fuzzy suggestions listed for review,qt3; qtm; qwt
qt-libiodbc,,0.0,none,needs-review,no exact/normalized/alias/homepage evidence; fuzzy suggestions listed for review,libiodbc; libiodbc2
qt-mariadb,,0.0,none,missing,no exact/normalized/alias/homepage evidence; no lookalikes either,
qt-mysql,,0.0,none,needs-review,no exact/normalized/alias/homepage evidence; fuzzy suggestions listed for review,qt3-mysql; mysql
qt-percona-server,,0.0,none,missing,no exact/normalized/alias/homepage evidence; no lookalikes either,
qt-postgresql,,0.0,none,needs-review,no exact/normalized/alias/homepage evidence; fuzzy suggestions listed for review,qt3-postgresql; postgresql; qt3mac-postgresql
qt-unixodbc,,0.0,none,needs-review,no exact/normalized/alias/homepage evidence; fuzzy suggestions listed for review,unixodbc; unixodbc2
qt3d,,0.0,none,needs-review,no exact/normalized/alias/homepage evidence; fuzzy suggestions listed for review,qt3
qt@5,,0.0,none,missing,no exact/normalized/alias/homepage evidence; no lookalikes either,
qt5compat,,0.0,none,missing,no exact/normalized/alias/homepage evidence; no lookalikes either,
qtads,,0.0,none,needs-review,no exact/normalized/alias/homepage evidence; fuzzy suggestions listed for review,tads; tads3
qtbase,,0.0,none,missing,no exact/normalized/alias/homepage evidence; no lookalikes either,
qtcanvaspainter,,0.0,none,missing,no exact/normalized/alias/homepage evidence; no lookalikes either,
qtcharts,,0.0,none,missing,no exact/normalized/alias/homepage evidence; no lookalikes either,
qtconnectivity,,0.0,none,missing,no exact/normalized/alias/homepage evidence; no lookalikes either,
qtdatavis3d,,0.0,none,missing,no exact/normalized/alias/homepage evidence; no lookalikes either,
qtdeclarative,,0.0,none,missing,no exact/normalized/alias/homepage evidence; no lookalikes either,
qtgraphs,,0.0,none,missing,no exact/normalized/alias/homepage evidence; no lookalikes either,
qtgrpc,,0.0,none,missing,no exact/normalized/alias/homepage evidence; no lookalikes either,
qthreads,,0.0,none,needs-review,no exact/normalized/alias/homepage evidence; fuzzy suggestions listed for review,clthreads
qthttpserver,,0.0,none,needs-review,no exact/normalized/alias/homepage evidence; fuzzy suggestions listed for review,net-httpserver-pm
qtimageformats,,0.0,none,missing,no exact/normalized/alias/homepage evidence; no lookalikes either,
qtkeychain,,0.0,none,needs-review,no exact/normalized/alias/homepage evidence; fuzzy suggestions listed for review,keychain
qtlanguageserver,,0.0,none,missing,no exact/normalized/alias/homepage evidence; no lookalikes either,
qtlocation,,0.0,none,missing,no exact/normalized/alias/homepage evidence; no lookalikes either,
qtlottie,,0.0,none,missing,no exact/normalized/alias/homepage evidence; no lookalikes either,
qtmultimedia,,0.0,none,missing,no exact/normalized/alias/homepage evidence; no lookalikes either,
qtnetworkauth,,0.0,none,missing,no exact/normalized/alias/homepage evidence; no lookalikes either,
qtpositioning,,0.0,none,missing,no exact/normalized/alias/homepage evidence; no lookalikes either,
qtquick3d,,0.0,none,missing,no exact/normalized/alias/homepage evidence; no lookalikes either,
qtquick3dphysics,,0.0,none,missing,no exact/normalized/alias/homepage evidence; no lookalikes either,
qtquickeffectmaker,,0.0,none,missing,no exact/normalized/alias/homepage evidence; no lookalikes either,
qtquicktimeline,,0.0,none,missing,no exact/normalized/alias/homepage evidence; no lookalikes either,
qtremoteobjects,,0.0,none,missing,no exact/normalized/alias/homepage evidence; no lookalikes either,
qtscxml,,0.0,none,missing,no exact/normalized/alias/homepage evidence; no lookalikes either,
qtsensors,,0.0,none,missing,no exact/normalized/alias/homepage evidence; no lookalikes either,
qtserialbus,,0.0,none,missing,no exact/normalized/alias/homepage evidence; no lookalikes either,
qtserialport,,0.0,none,missing,no exact/normalized/alias/homepage evidence; no lookalikes either,
qtshadertools,,0.0,none,missing,no exact/normalized/alias/homepage evidence; no lookalikes either,
qtspeech,,0.0,none,missing,no exact/normalized/alias/homepage evidence; no lookalikes either,
qtsvg,,0.0,none,missing,no exact/normalized/alias/homepage evidence; no lookalikes either,
qttasktree,,0.0,none,missing,no exact/normalized/alias/homepage evidence; no lookalikes either,
qttools,,0.0,none,needs-review,no exact/normalized/alias/homepage evidence; fuzzy suggestions listed for review,tla-tools
qttranslations,,0.0,none,missing,no exact/normalized/alias/homepage evidence; no lookalikes either,
qtvirtualkeyboard,,0.0,none,missing,no exact/normalized/alias/homepage evidence; no lookalikes either,
qtwayland,,0.0,none,missing,no exact/normalized/alias/homepage evidence; no lookalikes either,
qtwebchannel,,0.0,none,missing,no exact/normalized/alias/homepage evidence; no lookalikes either,
qtwebengine,,0.0,none,missing,no exact/normalized/alias/homepage evidence; no lookalikes either,
qtwebsockets,,0.0,none,missing,no exact/normalized/alias/homepage evidence; no lookalikes either,
qtwebview,,0.0,none,missing,no exact/normalized/alias/homepage evidence; no lookalikes either,
quadcastrgb,,0.0,none,missing,no exact/normalized/alias/homepage evidence; no lookalikes either,
quantlib,,0.0,none,missing,no exact/normalized/alias/homepage evidence; no lookalikes either,
quantum++,,0.0,none,missing,no exact/normalized/alias/homepage evidence; no lookalikes either,
quartz-wm,,0.0,none,missing,no exact/normalized/alias/homepage evidence; no lookalikes either,
quasi88,,0.0,none,missing,no exact/normalized/alias/homepage evidence; no lookalikes either,
quazip,,0.0,none,missing,no exact/normalized/alias/homepage evidence; no lookalikes either,
questdb,,0.0,none,missing,no exact/normalized/alias/homepage evidence; no lookalikes either,
quex,,0.0,none,missing,no exact/normalized/alias/homepage evidence; no lookalikes either,
quick-lint-js,,0.0,none,missing,no exact/normalized/alias/homepage evidence; no lookalikes either,
quickjs,,0.0,none,missing,no exact/normalized/alias/homepage evidence; no lookalikes either,
quickjs-ng,,0.0,none,missing,no exact/normalized/alias/homepage evidence; no lookalikes either,
quicktype,,0.0,none,missing,no exact/normalized/alias/homepage evidence; no lookalikes either,
quictls,,0.0,none,missing,no exact/normalized/alias/homepage evidence; no lookalikes either,
quien,,0.0,none,missing,no exact/normalized/alias/homepage evidence; no lookalikes either,
quill,,0.0,none,needs-review,no exact/normalized/alias/homepage evidence; fuzzy suggestions listed for review,quilt
quilt,quilt,1.0,exact,confident,name identical in both managers; homepages 'https://savannah.nongnu.org/projects/quilt' vs 'http://savannah.nongnu.org/projects/quilt',
quilt-installer,,0.0,none,missing,no exact/normalized/alias/homepage evidence; no lookalikes either,
quint,,0.0,none,needs-review,no exact/normalized/alias/homepage evidence; fuzzy suggestions listed for review,quit; quilt
quotatool,,0.0,none,missing,no exact/normalized/alias/homepage evidence; no lookalikes either,
quran,,0.0,none,missing,no exact/normalized/alias/homepage evidence; no lookalikes either,
qwen-code,,0.0,none,missing,no exact/normalized/alias/homepage evidence; no lookalikes either,
qwt,qwt,1.0,exact,confident,name identical in both managers; homepages 'https://qwt.sourceforge.io/' vs '',
qwt-qt5,,0.0,none,missing,no exact/normalized/alias/homepage evidence; no lookalikes either,
qxmpp,,0.0,none,missing,no exact/normalized/alias/homepage evidence; no lookalikes either,
r,,0.0,none,missing,no exact/normalized/alias/homepage evidence; no lookalikes either,
r-rig,,0.0,none,missing,no exact/normalized/alias/homepage evidence; no lookalikes either,
r3,,0.0,none,missing,no exact/normalized/alias/homepage evidence; no lookalikes either,
rabbitmq,,0.0,none,missing,no exact/normalized/alias/homepage evidence; no lookalikes either,
rabbitmq-c,,0.0,none,missing,no exact/normalized/alias/homepage evidence; no lookalikes either,
rabbitmqadmin,,0.0,none,missing,no exact/normalized/alias/homepage evidence; no lookalikes either,
rad,,0.0,none,missing,no exact/normalized/alias/homepage evidence; no lookalikes either,
radamsa,,0.0,none,missing,no exact/normalized/alias/homepage evidence; no lookalikes either,
radare2,,0.0,none,missing,no exact/normalized/alias/homepage evidence; no lookalikes either,
radicle,,0.0,none,missing,no exact/normalized/alias/homepage evidence; no lookalikes either,
radvd,,0.0,none,missing,no exact/normalized/alias/homepage evidence; no lookalikes either,
rage,,0.0,none,needs-review,no exact/normalized/alias/homepage evidence; fuzzy suggestions listed for review,ragel
ragel,ragel,1.0,exact,confident,name identical in both managers; homepages 'https://www.colm.net/open-source/ragel/' vs '',
rails-completion,,0.0,none,needs-review,no exact/normalized/alias/homepage evidence; fuzzy suggestions listed for review,bash-completion
rails-mcp-server,,0.0,none,missing,no exact/normalized/alias/homepage evidence; no lookalikes either,
railway,,0.0,none,missing,no exact/normalized/alias/homepage evidence; no lookalikes either,
rain,,0.0,none,missing,no exact/normalized/alias/homepage evidence; no lookalikes either,
rainbarf,,0.0,none,missing,no exact/normalized/alias/homepage evidence; no lookalikes either,
rainfrog,,0.0,none,missing,no exact/normalized/alias/homepage evidence; no lookalikes either,
rake-completion,,0.0,none,missing,no exact/normalized/alias/homepage evidence; no lookalikes either,
rakudo,,0.0,none,missing,no exact/normalized/alias/homepage evidence; no lookalikes either,
rakudo-star,,0.0,none,missing,no exact/normalized/alias/homepage evidence; no lookalikes either,
ralph-orchestrator,,0.0,none,missing,no exact/normalized/alias/homepage evidence; no lookalikes either,
ramalama,,0.0,none,missing,no exact/normalized/alias/homepage evidence; no lookalikes either,
rammap,,0.0,none,missing,no exact/normalized/alias/homepage evidence; no lookalikes either,
rancher-cli,,0.0,none,missing,no exact/normalized/alias/homepage evidence; no lookalikes either,
rancher-machine,,0.0,none,missing,no exact/normalized/alias/homepage evidence; no lookalikes either,
rancid,,0.0,none,missing,no exact/normalized/alias/homepage evidence; no lookalikes either,
randomize-lines,,0.0,none,missing,no exact/normalized/alias/homepage evidence; no lookalikes either,
range-v3,,0.0,none,missing,no exact/normalized/alias/homepage evidence; no lookalikes either,
range2cidr,,0.0,none,missing,no exact/normalized/alias/homepage evidence; no lookalikes either,
ranger,,0.0,none,missing,no exact/normalized/alias/homepage evidence; no lookalikes either,
rapid-mlx,,0.0,none,missing,no exact/normalized/alias/homepage evidence; no lookalikes either,
rapidfuzz-cpp,,0.0,none,missing,no exact/normalized/alias/homepage evidence; no lookalikes either,
rapidjson,,0.0,none,needs-review,no exact/normalized/alias/homepage evidence; fuzzy suggestions listed for review,rapidsvn
rapidyaml,,0.0,none,missing,no exact/normalized/alias/homepage evidence; no lookalikes either,
raptor,libraptor2-shlibs,0.9,homepage,confident,same upstream 'https://librdf.org/raptor/' (desc overlap 0.50),
rargs,,0.0,none,needs-review,no exact/normalized/alias/homepage evidence; fuzzy suggestions listed for review,argus
rarian,,0.0,ambiguous,needs-review,homepage shared by several targets,librarian.0-shlibs; librarian.08-shlibs
rasqal,,0.0,ambiguous,needs-review,homepage shared by several targets,librasqal-shlibs; librasqal2-shlibs; librasqal3-shlibs
rasterio,,0.0,none,missing,no exact/normalized/alias/homepage evidence; no lookalikes either,
rasusa,,0.0,none,missing,no exact/normalized/alias/homepage evidence; no lookalikes either,
ratarmount,,0.0,none,missing,no exact/normalized/alias/homepage evidence; no lookalikes either,
ratchet,,0.0,none,missing,no exact/normalized/alias/homepage evidence; no lookalikes either,
ratfor,,0.0,none,missing,no exact/normalized/alias/homepage evidence; no lookalikes either,
rathole,,0.0,none,missing,no exact/normalized/alias/homepage evidence; no lookalikes either,
ratify,,0.0,none,missing,no exact/normalized/alias/homepage evidence; no lookalikes either,
rats,,0.0,none,missing,no exact/normalized/alias/homepage evidence; no lookalikes either,
rattler-build,,0.0,none,missing,no exact/normalized/alias/homepage evidence; no lookalikes either,
rattler-index,,0.0,none,missing,no exact/normalized/alias/homepage evidence; no lookalikes either,
ratty,,0.0,none,missing,no exact/normalized/alias/homepage evidence; no lookalikes either,
rav1e,,0.0,none,missing,no exact/normalized/alias/homepage evidence; no lookalikes either,
raven,,0.0,none,needs-review,no exact/normalized/alias/homepage evidence; fuzzy suggestions listed for review,maven
rawdog,,0.0,none,missing,no exact/normalized/alias/homepage evidence; no lookalikes either,
rawtoaces,,0.0,none,missing,no exact/normalized/alias/homepage evidence; no lookalikes either,
raxml-ng,,0.0,none,missing,no exact/normalized/alias/homepage evidence; no lookalikes either,
raylib,,0.0,none,needs-review,no exact/normalized/alias/homepage evidence; fuzzy suggestions listed for review,xraylib; xraylib3; radlib
rbenv,,0.0,none,missing,no exact/normalized/alias/homepage evidence; no lookalikes either,
rbenv-aliases,,0.0,none,missing,no exact/normalized/alias/homepage evidence; no lookalikes either,
rbenv-binstubs,,0.0,none,missing,no exact/normalized/alias/homepage evidence; no lookalikes either,
rbenv-bundle-exec,,0.0,none,missing,no exact/normalized/alias/homepage evidence; no lookalikes either,
rbenv-bundler,,0.0,none,missing,no exact/normalized/alias/homepage evidence; no lookalikes either,
rbenv-bundler-ruby-version,,0.0,none,missing,no exact/normalized/alias/homepage evidence; no lookalikes either,
rbenv-chefdk,,0.0,none,missing,no exact/normalized/alias/homepage evidence; no lookalikes either,
rbenv-ctags,,0.0,none,missing,no exact/normalized/alias/homepage evidence; no lookalikes either,
rbenv-default-gems,,0.0,none,missing,no exact/normalized/alias/homepage evidence; no lookalikes either,
rbenv-gemset,,0.0,none,missing,no exact/normalized/alias/homepage evidence; no lookalikes either,
rbenv-vars,,0.0,none,missing,no exact/normalized/alias/homepage evidence; no lookalikes either,
rbspy,,0.0,none,missing,no exact/normalized/alias/homepage evidence; no lookalikes either,
rbtools,,0.0,none,needs-review,no exact/normalized/alias/homepage evidence; fuzzy suggestions listed for review,arptools; bamtools; bcftools
rbw,,0.0,none,missing,no exact/normalized/alias/homepage evidence; no lookalikes either,
rclone,,0.0,none,missing,no exact/normalized/alias/homepage evidence; no lookalikes either,
rcm,,0.0,none,needs-review,no exact/normalized/alias/homepage evidence; fuzzy suggestions listed for review,rc
rcs,rcs,1.0,exact,confident,name identical in both managers; homepages 'https://www.gnu.org/software/rcs/' vs 'http://www.gnu.org/software/rcs',
rdap,,0.0,none,missing,no exact/normalized/alias/homepage evidence; no lookalikes either,
rdate,,0.0,none,needs-review,no exact/normalized/alias/homepage evidence; fuzzy suggestions listed for review,mdate
rdb,,0.0,none,missing,no exact/normalized/alias/homepage evidence; no lookalikes either,
rdfind,,0.0,none,missing,no exact/normalized/alias/homepage evidence; no lookalikes either,
rdiff-backup,rdiff-backup,1.0,exact,confident,name identical in both managers; homepages 'https://rdiff-backup.net/' vs 'http://www.nongnu.org/rdiff-backup/',
rdkit,rdkit,1.0,exact,confident,name identical in both managers; homepages 'https://rdkit.org/' vs 'http://www.rdkit.org',
re-flex,,0.0,none,needs-review,no exact/normalized/alias/homepage evidence; fuzzy suggestions listed for review,replex; flex
re2,,0.0,none,needs-review,no exact/normalized/alias/homepage evidence; fuzzy suggestions listed for review,re2c
re2c,re2c,1.0,exact,confident,name identical in both managers; homepages 'https://re2c.org/' vs 'http://re2c.sourceforge.net',
react-native-cli,,0.0,none,missing,no exact/normalized/alias/homepage evidence; no lookalikes either,
readerwriterqueue,,0.0,none,missing,no exact/normalized/alias/homepage evidence; no lookalikes either,
readline,readline,1.0,exact,confident,name identical in both managers; homepages 'https://tiswww.case.edu/php/chet/readline/rltop.html' vs 'http://cnswww.cns.cwru.edu/~chet/readline/rltop.html',
readosm,,0.0,none,missing,no exact/normalized/alias/homepage evidence; no lookalikes either,
readpe,,0.0,none,missing,no exact/normalized/alias/homepage evidence; no lookalikes either,
readsb,,0.0,none,missing,no exact/normalized/alias/homepage evidence; no lookalikes either,
readwise-cli,,0.0,none,missing,no exact/normalized/alias/homepage evidence; no lookalikes either,
reattach-to-user-namespace,reattach-to-user-namespace,1.0,exact,confident,name identical in both managers; homepages 'https://github.com/ChrisJohnsen/tmux-MacOSX-pasteboard' vs '',
reaver,,0.0,none,missing,no exact/normalized/alias/homepage evidence; no lookalikes either,
rebar3,,0.0,none,missing,no exact/normalized/alias/homepage evidence; no lookalikes either,
recc,,0.0,none,needs-review,no exact/normalized/alias/homepage evidence; fuzzy suggestions listed for review,treecc
reckoner,,0.0,none,missing,no exact/normalized/alias/homepage evidence; no lookalikes either,
recode,recode,1.0,exact,confident,name identical in both managers; homepages 'https://github.com/rrthomas/recode' vs 'http://www.iro.umontreal.ca/contrib/recode/HTML/',
recon-ng,,0.0,none,missing,no exact/normalized/alias/homepage evidence; no lookalikes either,
recoverjpeg,,0.0,none,missing,no exact/normalized/alias/homepage evidence; no lookalikes either,
recoverpy,,0.0,none,missing,no exact/normalized/alias/homepage evidence; no lookalikes either,
recur,,0.0,none,missing,no exact/normalized/alias/homepage evidence; no lookalikes either,
recutils,,0.0,none,needs-review,no exact/normalized/alias/homepage evidence; fuzzy suggestions listed for review,coreutils; gcutils
red-tldr,,0.0,none,missing,no exact/normalized/alias/homepage evidence; no lookalikes either,
reddix,,0.0,none,missing,no exact/normalized/alias/homepage evidence; no lookalikes either,
redex,,0.0,none,missing,no exact/normalized/alias/homepage evidence; no lookalikes either,
redict,,0.0,none,needs-review,no exact/normalized/alias/homepage evidence; fuzzy suggestions listed for review,edict; gpredict; dict
redir,redir,1.0,exact,confident,name identical in both managers; homepages 'https://github.com/troglobit/redir' vs 'http://sammy.net/~sammy/hacks',
redis,redis,1.0,exact,confident,name identical in both managers; homepages 'https://redis.io/' vs '',
redis-leveldb,,0.0,none,missing,no exact/normalized/alias/homepage evidence; no lookalikes either,
redis@6.2,,0.0,none,needs-review,no exact/normalized/alias/homepage evidence; fuzzy suggestions listed for review,redis
redis@8.2,,0.0,none,needs-review,no exact/normalized/alias/homepage evidence; fuzzy suggestions listed for review,redis
redka,,0.0,none,missing,no exact/normalized/alias/homepage evidence; no lookalikes either,
redland,redland-shlibs,0.9,homepage,confident,same upstream 'https://librdf.org/' (desc overlap 0.67),
redli,,0.0,none,needs-review,no exact/normalized/alias/homepage evidence; fuzzy suggestions listed for review,redir; redis
redo,,0.0,none,needs-review,no exact/normalized/alias/homepage evidence; fuzzy suggestions listed for review,redo-el
redocly-cli,,0.0,none,missing,no exact/normalized/alias/homepage evidence; no lookalikes either,
redpen,,0.0,none,needs-review,no exact/normalized/alias/homepage evidence; fuzzy suggestions listed for review,eden
redress,,0.0,none,missing,no exact/normalized/alias/homepage evidence; no lookalikes either,
redshift,,0.0,none,missing,no exact/normalized/alias/homepage evidence; no lookalikes either,
redstore,,0.0,none,missing,no exact/normalized/alias/homepage evidence; no lookalikes either,
redu,,0.0,none,needs-review,no exact/normalized/alias/homepage evidence; fuzzy suggestions listed for review,reduce
redwax-tool,,0.0,none,missing,no exact/normalized/alias/homepage evidence; no lookalikes either,
reflex,,0.0,none,needs-review,no exact/normalized/alias/homepage evidence; fuzzy suggestions listed for review,replex; flex
reg,,0.0,none,missing,no exact/normalized/alias/homepage evidence; no lookalikes either,
regal,,0.0,none,missing,no exact/normalized/alias/homepage evidence; no lookalikes either,
regclient,,0.0,none,missing,no exact/normalized/alias/homepage evidence; no lookalikes either,
regex-opt,,0.0,none,missing,no exact/normalized/alias/homepage evidence; no lookalikes either,
regina-rexx,,0.0,none,missing,no exact/normalized/alias/homepage evidence; no lookalikes either,
regipy,,0.0,none,missing,no exact/normalized/alias/homepage evidence; no lookalikes either,
regldg,,0.0,none,missing,no exact/normalized/alias/homepage evidence; no lookalikes either,
regula,,0.0,none,missing,no exact/normalized/alias/homepage evidence; no lookalikes either,
rekor-cli,,0.0,none,missing,no exact/normalized/alias/homepage evidence; no lookalikes either,
release-it,,0.0,none,missing,no exact/normalized/alias/homepage evidence; no lookalikes either,
reliable,,0.0,none,missing,no exact/normalized/alias/homepage evidence; no lookalikes either,
rem,,0.0,none,missing,no exact/normalized/alias/homepage evidence; no lookalikes either,
remake,,0.0,none,needs-review,no exact/normalized/alias/homepage evidence; fuzzy suggestions listed for review,make
remarshal,,0.0,none,missing,no exact/normalized/alias/homepage evidence; no lookalikes either,
remctl,,0.0,none,missing,no exact/normalized/alias/homepage evidence; no lookalikes either,
remind,remind,1.0,exact,confident,name identical in both managers; homepages 'https://dianne.skoll.ca/projects/remind/' vs '',
ren,ren,1.0,exact,confident,name identical in both managers; homepages 'https://pdb.finkproject.org/pdb/package.php/ren' vs '',
rename,,0.0,none,needs-review,no exact/normalized/alias/homepage evidence; fuzzy suggestions listed for review,krename
renameutils,,0.0,none,missing,no exact/normalized/alias/homepage evidence; no lookalikes either,
render,,0.0,none,missing,no exact/normalized/alias/homepage evidence; no lookalikes either,
renovate,,0.0,none,missing,no exact/normalized/alias/homepage evidence; no lookalikes either,
reop,,0.0,none,missing,no exact/normalized/alias/homepage evidence; no lookalikes either,
reorder-python-imports,,0.0,none,missing,no exact/normalized/alias/homepage evidence; no lookalikes either,
repeater,,0.0,none,missing,no exact/normalized/alias/homepage evidence; no lookalikes either,
repl,,0.0,none,needs-review,no exact/normalized/alias/homepage evidence; fuzzy suggestions listed for review,rpl; replex
replxx,,0.0,none,needs-review,no exact/normalized/alias/homepage evidence; fuzzy suggestions listed for review,replex
repo,,0.0,none,missing,no exact/normalized/alias/homepage evidence; no lookalikes either,
repomix,,0.0,none,missing,no exact/normalized/alias/homepage evidence; no lookalikes either,
reposurgeon,reposurgeon,1.0,exact,confident,name identical in both managers; homepages 'http://www.catb.org/esr/reposurgeon/' vs 'http://catb.org/~esr/reposurgeon/',
repren,,0.0,none,missing,no exact/normalized/alias/homepage evidence; no lookalikes either,
reprepro,,0.0,none,missing,no exact/normalized/alias/homepage evidence; no lookalikes either,
reproc,,0.0,none,missing,no exact/normalized/alias/homepage evidence; no lookalikes either,
req,,0.0,none,missing,no exact/normalized/alias/homepage evidence; no lookalikes either,
reshape,,0.0,none,missing,no exact/normalized/alias/homepage evidence; no lookalikes either,
resterm,,0.0,none,needs-review,no exact/normalized/alias/homepage evidence; fuzzy suggestions listed for review,eterm
restic,,0.0,none,missing,no exact/normalized/alias/homepage evidence; no lookalikes either,
resticprofile,,0.0,none,missing,no exact/normalized/alias/homepage evidence; no lookalikes either,
restish,,0.0,none,missing,no exact/normalized/alias/homepage evidence; no lookalikes either,
restview,,0.0,none,missing,no exact/normalized/alias/homepage evidence; no lookalikes either,
resty,,0.0,none,missing,no exact/normalized/alias/homepage evidence; no lookalikes either,
resvg,,0.0,none,missing,no exact/normalized/alias/homepage evidence; no lookalikes either,
retdec,,0.0,none,missing,no exact/normalized/alias/homepage evidence; no lookalikes either,
rethinkdb,,0.0,none,missing,no exact/normalized/alias/homepage evidence; no lookalikes either,
retire,,0.0,none,missing,no exact/normalized/alias/homepage evidence; no lookalikes either,
retry,,0.0,none,missing,no exact/normalized/alias/homepage evidence; no lookalikes either,
reuse,,0.0,none,needs-review,no exact/normalized/alias/homepage evidence; fuzzy suggestions listed for review,prefuse
reveal-md,,0.0,none,missing,no exact/normalized/alias/homepage evidence; no lookalikes either,
revive,,0.0,none,missing,no exact/normalized/alias/homepage evidence; no lookalikes either,
rex,,0.0,none,missing,no exact/normalized/alias/homepage evidence; no lookalikes either,
rfcstrip,rfcstrip,1.0,exact,confident,name identical in both managers; homepages 'https://github.com/mbj4668/rfcstrip' vs '',
rgbds,,0.0,none,missing,no exact/normalized/alias/homepage evidence; no lookalikes either,
rgf,,0.0,none,missing,no exact/normalized/alias/homepage evidence; no lookalikes either,
rggen,,0.0,none,missing,no exact/normalized/alias/homepage evidence; no lookalikes either,
rgxg,,0.0,none,missing,no exact/normalized/alias/homepage evidence; no lookalikes either,
rhai,,0.0,none,missing,no exact/normalized/alias/homepage evidence; no lookalikes either,
rhash,,0.0,none,missing,no exact/normalized/alias/homepage evidence; no lookalikes either,
rhino,rhino,1.0,exact,confident,name identical in both managers; homepages 'https://mozilla.github.io/rhino/' vs 'http://www.mozilla.org/rhino/',
rhit,,0.0,none,missing,no exact/normalized/alias/homepage evidence; no lookalikes either,
rich-cli,,0.0,none,missing,no exact/normalized/alias/homepage evidence; no lookalikes either,
richgo,,0.0,none,missing,no exact/normalized/alias/homepage evidence; no lookalikes either,
riemann,,0.0,none,missing,no exact/normalized/alias/homepage evidence; no lookalikes either,
riemann-client,,0.0,none,missing,no exact/normalized/alias/homepage evidence; no lookalikes either,
riff,,0.0,none,missing,no exact/normalized/alias/homepage evidence; no lookalikes either,
rig,,0.0,none,missing,no exact/normalized/alias/homepage evidence; no lookalikes either,
rinetd,,0.0,none,missing,no exact/normalized/alias/homepage evidence; no lookalikes either,
ringojs,,0.0,none,missing,no exact/normalized/alias/homepage evidence; no lookalikes either,
rink,,0.0,none,missing,no exact/normalized/alias/homepage evidence; no lookalikes either,
rio-terminal,,0.0,none,missing,no exact/normalized/alias/homepage evidence; no lookalikes either,
rip2,,0.0,none,missing,no exact/normalized/alias/homepage evidence; no lookalikes either,
ripgrep,,0.0,none,missing,no exact/normalized/alias/homepage evidence; no lookalikes either,
ripgrep-all,,0.0,none,missing,no exact/normalized/alias/homepage evidence; no lookalikes either,
ripmime,ripmime,1.0,exact,confident,name identical in both managers; homepages 'https://pldaniels.com/ripmime/' vs 'http://pldaniels.com/ripmime',
ripsecrets,,0.0,none,missing,no exact/normalized/alias/homepage evidence; no lookalikes either,
riscv64-elf-binutils,,0.0,ambiguous,needs-review,homepage shared by several targets,aarch64-%type_pkg[platform]-binutils; arm-%type_pkg[platform]-binutils; avr-binutils; avr-embedded-binutils; binutils-docs
riscv64-elf-gcc,,0.0,none,needs-review,no exact/normalized/alias/homepage evidence; same homepage 'https://gcc.gnu.org' as 'mingw-gcc' but versions '16.2.0' vs '4.1.0'; no lookalikes either,
riscv64-elf-gdb,,0.0,none,needs-review,no exact/normalized/alias/homepage evidence; same homepage 'https://www.gnu.org/software/gdb/' as 'gdb' but versions '17.2' vs '13.2'; no lookalikes either,
risor,,0.0,none,missing,no exact/normalized/alias/homepage evidence; no lookalikes either,
river,,0.0,none,missing,no exact/normalized/alias/homepage evidence; no lookalikes either,
rizin,,0.0,none,missing,no exact/normalized/alias/homepage evidence; no lookalikes either,
rke,,0.0,none,missing,no exact/normalized/alias/homepage evidence; no lookalikes either,
rkflashtool,,0.0,none,missing,no exact/normalized/alias/homepage evidence; no lookalikes either,
rkhunter,rkhunter,1.0,exact,confident,name identical in both managers; homepages 'https://rkhunter.sourceforge.net/' vs '',
rlog,rlog,1.0,exact,confident,name identical in both managers; homepages 'https://github.com/vgough/rlog' vs 'http://www.arg0.net/wiki/rlog',
rlwrap,rlwrap,1.0,exact,confident,name identical in both managers; homepages 'https://github.com/hanslub42/rlwrap' vs 'http://utopia.knoware.nl/~hlub/rlwrap/',
rm-improved,,0.0,none,missing,no exact/normalized/alias/homepage evidence; no lookalikes either,
rmate,,0.0,none,needs-review,no exact/normalized/alias/homepage evidence; fuzzy suggestions listed for review,mdate
rmcast,,0.0,none,needs-review,no exact/normalized/alias/homepage evidence; fuzzy suggestions listed for review,rast
rmlint,,0.0,none,missing,no exact/normalized/alias/homepage evidence; no lookalikes either,
rmpc,,0.0,none,needs-review,no exact/normalized/alias/homepage evidence; fuzzy suggestions listed for review,mpc
rmrfrs,,0.0,none,missing,no exact/normalized/alias/homepage evidence; no lookalikes either,
rmtrash,,0.0,none,missing,no exact/normalized/alias/homepage evidence; no lookalikes either,
rmux,,0.0,none,needs-review,no exact/normalized/alias/homepage evidence; fuzzy suggestions listed for review,warmux
rmw,,0.0,none,missing,no exact/normalized/alias/homepage evidence; no lookalikes either,
rna-star,,0.0,none,missing,no exact/normalized/alias/homepage evidence; no lookalikes either,
rnp,,0.0,none,missing,no exact/normalized/alias/homepage evidence; no lookalikes either,
rnr,,0.0,none,missing,no exact/normalized/alias/homepage evidence; no lookalikes either,
rnv,,0.0,none,missing,no exact/normalized/alias/homepage evidence; no lookalikes either,
roadrunner,,0.0,none,missing,no exact/normalized/alias/homepage evidence; no lookalikes either,
roapi,,0.0,none,needs-review,no exact/normalized/alias/homepage evidence; fuzzy suggestions listed for review,ioapi
robin-map,robin-map,1.0,exact,confident,name identical in both managers; homepages 'https://github.com/Tessil/robin-map' vs 'https://github.com/Tessil/robin-map',
roblox-ts,,0.0,none,missing,no exact/normalized/alias/homepage evidence; no lookalikes either,
robodoc,robodoc,1.0,exact,confident,name identical in both managers; homepages 'https://rfsber.home.xs4all.nl/Robo/index.html' vs 'http://www.xs4all.nl/~rfsber/Robo/robodoc.html',
robot-framework,,0.0,none,missing,no exact/normalized/alias/homepage evidence; no lookalikes either,
robot-framework-robocop,,0.0,none,missing,no exact/normalized/alias/homepage evidence; no lookalikes either,
robotcode,,0.0,none,missing,no exact/normalized/alias/homepage evidence; no lookalikes either,
robotfindskitten,robotfindskitten,1.0,exact,confident,name identical in both managers; homepages 'https://robotfindskitten.org/' vs 'http://robotfindskitten.org/',
rockcraft,,0.0,none,missing,no exact/normalized/alias/homepage evidence; no lookalikes either,
rocksdb,,0.0,none,missing,no exact/normalized/alias/homepage evidence; no lookalikes either,
rocq,coq,0.95,alias,confident,listed as alias/oldname of 'rocq',
rocq-elpi,,0.0,none,missing,no exact/normalized/alias/homepage evidence; no lookalikes either,
rocq-micromega-plugin,,0.0,none,missing,no exact/normalized/alias/homepage evidence; no lookalikes either,
rofi,,0.0,none,missing,no exact/normalized/alias/homepage evidence; no lookalikes either,
rofs-filtered,,0.0,none,missing,no exact/normalized/alias/homepage evidence; no lookalikes either,
rogcat,,0.0,none,missing,no exact/normalized/alias/homepage evidence; no lookalikes either,
rogue,,0.0,none,missing,no exact/normalized/alias/homepage evidence; no lookalikes either,
rojo,,0.0,none,missing,no exact/normalized/alias/homepage evidence; no lookalikes either,
rolesanywhere-credential-helper,,0.0,none,missing,no exact/normalized/alias/homepage evidence; no lookalikes either,
roll,,0.0,none,missing,no exact/normalized/alias/homepage evidence; no lookalikes either,
rolldice,,0.0,none,missing,no exact/normalized/alias/homepage evidence; no lookalikes either,
rollup,,0.0,none,needs-review,no exact/normalized/alias/homepage evidence; same homepage 'https://rollupjs.org/' as 'node-rollup' but versions '4.63.1' vs '2.38.4'; no lookalikes either,
rom-tools,,0.0,none,needs-review,no exact/normalized/alias/homepage evidence; fuzzy suggestions listed for review,ogmtools; mtools; proctools
ronn,,0.0,none,needs-review,no exact/normalized/alias/homepage evidence; same homepage 'https://rtomayko.github.io/ronn/' as 'ronn-rb%type_pkg[ruby]' but desc overlap only 0.00; no lookalikes either,
ronn-ng,,0.0,none,missing,no exact/normalized/alias/homepage evidence; no lookalikes either,
root,,0.0,none,needs-review,no exact/normalized/alias/homepage evidence; fuzzy suggestions listed for review,root3; root4; root5
rootlesskit,,0.0,none,missing,no exact/normalized/alias/homepage evidence; no lookalikes either,
ropebwt3,,0.0,none,missing,no exact/normalized/alias/homepage evidence; no lookalikes either,
rosa-cli,,0.0,none,missing,no exact/normalized/alias/homepage evidence; no lookalikes either,
rospo,,0.0,none,missing,no exact/normalized/alias/homepage evidence; no lookalikes either,
roswell,,0.0,none,missing,no exact/normalized/alias/homepage evidence; no lookalikes either,
roundup,,0.0,none,missing,no exact/normalized/alias/homepage evidence; no lookalikes either,
rover,,0.0,none,needs-review,no exact/normalized/alias/homepage evidence; fuzzy suggestions listed for review,eprover; prover9
roxctl,,0.0,none,missing,no exact/normalized/alias/homepage evidence; no lookalikes either,
rp,,0.0,none,needs-review,no exact/normalized/alias/homepage evidence; fuzzy suggestions listed for review,rpl; rxp
rpcsvc-proto,,0.0,none,missing,no exact/normalized/alias/homepage evidence; no lookalikes either,
rpds-py,,0.0,none,missing,no exact/normalized/alias/homepage evidence; no lookalikes either,
rpg-cli,,0.0,none,missing,no exact/normalized/alias/homepage evidence; no lookalikes either,
rpiboot,,0.0,none,missing,no exact/normalized/alias/homepage evidence; no lookalikes either,
rpki-client,,0.0,none,missing,no exact/normalized/alias/homepage evidence; no lookalikes either,
rpl,rpl,1.0,exact,confident,name identical in both managers; homepages 'https://github.com/rrthomas/rpl' vs 'http://www.laffeycomputer.com/rpl.html',
rpm,,0.0,none,needs-review,no exact/normalized/alias/homepage evidence; same homepage 'https://rpm.org/' as 'rpm2cpio' but desc overlap only 0.00; versions '6.1.0' vs '4.16.1.2'; fuzzy suggestions listed for review,rpm5
rpm2cpio,rpm2cpio,1.0,exact,confident,name identical in both managers; homepages 'https://svnweb.freebsd.org/ports/head/archivers/rpm2cpio/' vs 'http://www.rpm.org/',
rpmspectool,,0.0,none,missing,no exact/normalized/alias/homepage evidence; no lookalikes either,
rqbit,,0.0,none,needs-review,no exact/normalized/alias/homepage evidence; fuzzy suggestions listed for review,orbit
rqlite,,0.0,none,needs-review,no exact/normalized/alias/homepage evidence; fuzzy suggestions listed for review,sqlite
rrdtool,rrdtool,1.0,exact,confident,name identical in both managers; homepages 'https://oss.oetiker.ch/rrdtool/' vs 'http://people.ee.ethz.ch/~oetiker/webtools/rrdtool/',
rsc_2fa,,0.0,none,missing,no exact/normalized/alias/homepage evidence; no lookalikes either,
rsgain,,0.0,none,missing,no exact/normalized/alias/homepage evidence; no lookalikes either,
rshijack,,0.0,none,missing,no exact/normalized/alias/homepage evidence; no lookalikes either,
rslint,,0.0,none,needs-review,no exact/normalized/alias/homepage evidence; fuzzy suggestions listed for review,splint
rsnapshot,rsnapshot,1.0,exact,confident,name identical in both managers; homepages 'https://www.rsnapshot.org/' vs 'http://www.rsnapshot.org/',
rsql,,0.0,none,missing,no exact/normalized/alias/homepage evidence; no lookalikes either,
rst-lint,,0.0,none,missing,no exact/normalized/alias/homepage evidence; no lookalikes either,
rswift,,0.0,none,missing,no exact/normalized/alias/homepage evidence; no lookalikes either,
rsync,rsync,1.0,exact,confident,name identical in both managers; homepages 'https://rsync.samba.org/' vs 'http://rsync.samba.org/',
rsync-time-backup,,0.0,none,needs-review,no exact/normalized/alias/homepage evidence; fuzzy suggestions listed for review,rsyncbackup
rsyncy,,0.0,none,needs-review,no exact/normalized/alias/homepage evidence; fuzzy suggestions listed for review,rsync; grsync
rsyslog,,0.0,none,missing,no exact/normalized/alias/homepage evidence; no lookalikes either,
rtabmap,,0.0,none,missing,no exact/normalized/alias/homepage evidence; no lookalikes either,
rtags,,0.0,none,needs-review,no exact/normalized/alias/homepage evidence; fuzzy suggestions listed for review,dtags
rtaudio,,0.0,none,needs-review,no exact/normalized/alias/homepage evidence; fuzzy suggestions listed for review,portaudio; portaudio2
rtf2latex2e,rtf2latex2e,1.0,exact,confident,name identical in both managers; homepages 'https://rtf2latex2e.sourceforge.net/' vs 'http://sourceforge.net/projects/rtf2latex2e/',
rtk,,0.0,none,missing,no exact/normalized/alias/homepage evidence; no lookalikes either,
rtl_433,,0.0,none,missing,no exact/normalized/alias/homepage evidence; no lookalikes either,
rtmidi,,0.0,none,needs-review,no exact/normalized/alias/homepage evidence; fuzzy suggestions listed for review,portmidi
rtmpdump,rtmpdump,1.0,exact,confident,name identical in both managers; homepages 'https://rtmpdump.mplayerhq.hu/' vs 'http://rtmpdump.mplayerhq.hu/',
rtorrent,rtorrent,1.0,exact,confident,name identical in both managers; homepages 'https://github.com/rakshasa/rtorrent' vs '',
rtp2httpd,,0.0,none,missing,no exact/normalized/alias/homepage evidence; no lookalikes either,
rtptools,,0.0,none,needs-review,no exact/normalized/alias/homepage evidence; fuzzy suggestions listed for review,arptools; pmtools
rttr,,0.0,none,missing,no exact/normalized/alias/homepage evidence; no lookalikes either,
rubberband,,0.0,none,needs-review,no exact/normalized/alias/homepage evidence; same homepage 'https://breakfastquay.com/rubberband/' as 'librubberband2-shlibs' but versions '4.0.0' vs '1.9.0'; no lookalikes either,
ruby,ruby,1.0,exact,confident,name identical in both managers; homepages 'https://www.ruby-lang.org/' vs 'http://www.ruby-lang.org/',
ruby-build,,0.0,none,missing,no exact/normalized/alias/homepage evidence; no lookalikes either,
ruby-completion,,0.0,none,missing,no exact/normalized/alias/homepage evidence; no lookalikes either,
ruby-install,,0.0,none,missing,no exact/normalized/alias/homepage evidence; no lookalikes either,
ruby-lsp,,0.0,none,missing,no exact/normalized/alias/homepage evidence; no lookalikes either,
ruby@3.1,ruby32,0.9,homepage,confident,same upstream 'https://www.ruby-lang.org/' (desc overlap 0.43),
ruby@3.2,ruby32,0.96,normalized,confident,'ruby@3.2' ~ 'ruby32' after case/punctuation folding,
ruby@3.3,ruby32,0.9,homepage,confident,same upstream 'https://www.ruby-lang.org/' (desc overlap 0.43),
ruby@3.4,ruby32,0.9,homepage,confident,same upstream 'https://www.ruby-lang.org/' (desc overlap 0.43),
rubyfmt,,0.0,none,missing,no exact/normalized/alias/homepage evidence; no lookalikes either,
ruff,,0.0,none,missing,no exact/normalized/alias/homepage evidence; no lookalikes either,
ruff-lsp,,0.0,none,missing,no exact/normalized/alias/homepage evidence; no lookalikes either,
rulesync,,0.0,none,missing,no exact/normalized/alias/homepage evidence; no lookalikes either,
rumbledb,,0.0,none,missing,no exact/normalized/alias/homepage evidence; no lookalikes either,
rumdl,,0.0,none,missing,no exact/normalized/alias/homepage evidence; no lookalikes either,
run,,0.0,none,needs-review,no exact/normalized/alias/homepage evidence; fuzzy suggestions listed for review,grun
run-kit,,0.0,none,missing,no exact/normalized/alias/homepage evidence; no lookalikes either,
runc,,0.0,none,missing,no exact/normalized/alias/homepage evidence; no lookalikes either,
rune,,0.0,none,missing,no exact/normalized/alias/homepage evidence; no lookalikes either,
runit,,0.0,none,needs-review,no exact/normalized/alias/homepage evidence; fuzzy suggestions listed for review,junit; units
runitor,,0.0,none,missing,no exact/normalized/alias/homepage evidence; no lookalikes either,
runme,,0.0,none,missing,no exact/normalized/alias/homepage evidence; no lookalikes either,
rura,,0.0,none,missing,no exact/normalized/alias/homepage evidence; no lookalikes either,
rure,,0.0,none,missing,no exact/normalized/alias/homepage evidence; no lookalikes either,
rush,,0.0,none,missing,no exact/normalized/alias/homepage evidence; no lookalikes either,
rush-parallel,,0.0,none,needs-review,no exact/normalized/alias/homepage evidence; fuzzy suggestions listed for review,parallel
rust,rust,1.0,exact,confident,name identical in both managers; homepages 'https://www.rust-lang.org/' vs 'http://www.rust-lang.org/',
rust-analyzer,,0.0,none,missing,no exact/normalized/alias/homepage evidence; no lookalikes either,
rust-parallel,,0.0,none,needs-review,no exact/normalized/alias/homepage evidence; fuzzy suggestions listed for review,parallel
rust-script,,0.0,none,missing,no exact/normalized/alias/homepage evidence; no lookalikes either,
rust-wasm,,0.0,none,needs-review,no exact/normalized/alias/homepage evidence; same homepage 'https://www.rust-lang.org/' as 'rust' but desc overlap only 0.00; no lookalikes either,
rustc-completion,,0.0,none,missing,no exact/normalized/alias/homepage evidence; no lookalikes either,
rustcat,,0.0,none,needs-review,no exact/normalized/alias/homepage evidence; fuzzy suggestions listed for review,rustc
rustic,,0.0,none,needs-review,no exact/normalized/alias/homepage evidence; fuzzy suggestions listed for review,rustc; rust
rustledger,,0.0,none,missing,no exact/normalized/alias/homepage evidence; no lookalikes either,
rustls-ffi,,0.0,none,missing,no exact/normalized/alias/homepage evidence; no lookalikes either,
rustnet,,0.0,none,missing,no exact/normalized/alias/homepage evidence; no lookalikes either,
rustpython,,0.0,none,missing,no exact/normalized/alias/homepage evidence; no lookalikes either,
rustscan,,0.0,none,missing,no exact/normalized/alias/homepage evidence; no lookalikes either,
rustup,,0.0,none,needs-review,no exact/normalized/alias/homepage evidence; fuzzy suggestions listed for review,rust
rustypaste,,0.0,none,missing,no exact/normalized/alias/homepage evidence; no lookalikes either,
rustypaste-cli,,0.0,none,missing,no exact/normalized/alias/homepage evidence; no lookalikes either,
rustywind,,0.0,none,missing,no exact/normalized/alias/homepage evidence; no lookalikes either,
rv,,0.0,none,missing,no exact/normalized/alias/homepage evidence; no lookalikes either,
rv-r,,0.0,none,missing,no exact/normalized/alias/homepage evidence; no lookalikes either,
rvvm,,0.0,none,missing,no exact/normalized/alias/homepage evidence; no lookalikes either,
rxvt-unicode,rxvt-unicode,1.0,exact,confident,name identical in both managers; homepages 'https://software.schmorp.de/pkg/rxvt-unicode.html' vs 'http://software.schmorp.de/pkg/rxvt-unicode.html',
ry,,0.0,none,missing,no exact/normalized/alias/homepage evidence; no lookalikes either,
rye,,0.0,none,missing,no exact/normalized/alias/homepage evidence; no lookalikes either,
ryelang,,0.0,none,missing,no exact/normalized/alias/homepage evidence; no lookalikes either,
rzip,rzip,1.0,exact,confident,name identical in both managers; homepages 'https://rzip.samba.org/' vs 'http://rzip.samba.org/',
s-lang,slang,0.96,normalized,confident,'s-lang' ~ 'slang' after case/punctuation folding,
s-nail,,0.0,none,missing,no exact/normalized/alias/homepage evidence; no lookalikes either,
s-search,,0.0,none,needs-review,no exact/normalized/alias/homepage evidence; fuzzy suggestions listed for review,rsearch
s2geometry,,0.0,none,missing,no exact/normalized/alias/homepage evidence; no lookalikes either,
s2n,,0.0,none,missing,no exact/normalized/alias/homepage evidence; no lookalikes either,
s3-backer,,0.0,none,missing,no exact/normalized/alias/homepage evidence; no lookalikes either,
s3cmd,,0.0,none,missing,no exact/normalized/alias/homepage evidence; no lookalikes either,
s3fs,,0.0,none,missing,no exact/normalized/alias/homepage evidence; no lookalikes either,
s3ql,,0.0,none,missing,no exact/normalized/alias/homepage evidence; no lookalikes either,
s3scanner,,0.0,none,missing,no exact/normalized/alias/homepage evidence; no lookalikes either,
s4cmd,,0.0,none,missing,no exact/normalized/alias/homepage evidence; no lookalikes either,
s5cmd,,0.0,none,missing,no exact/normalized/alias/homepage evidence; no lookalikes either,
s6,,0.0,none,missing,no exact/normalized/alias/homepage evidence; no lookalikes either,
s6-rc,,0.0,none,needs-review,no exact/normalized/alias/homepage evidence; fuzzy suggestions listed for review,src
sabiql,,0.0,none,missing,no exact/normalized/alias/homepage evidence; no lookalikes either,
sacad,,0.0,none,missing,no exact/normalized/alias/homepage evidence; no lookalikes either,
sad,,0.0,none,missing,no exact/normalized/alias/homepage evidence; no lookalikes either,
saf-cli,,0.0,none,needs-review,no exact/normalized/alias/homepage evidence; fuzzy suggestions listed for review,saclib
safe-rm,,0.0,none,missing,no exact/normalized/alias/homepage evidence; no lookalikes either,
safeint,,0.0,none,missing,no exact/normalized/alias/homepage evidence; no lookalikes either,
safestringlib,,0.0,none,missing,no exact/normalized/alias/homepage evidence; no lookalikes either,
safety,,0.0,none,missing,no exact/normalized/alias/homepage evidence; no lookalikes either,
sagittarius-scheme,,0.0,none,missing,no exact/normalized/alias/homepage evidence; no lookalikes either,
sail,,0.0,none,missing,no exact/normalized/alias/homepage evidence; no lookalikes either,
saldl,,0.0,none,missing,no exact/normalized/alias/homepage evidence; no lookalikes either,
salesforce-mcp,,0.0,none,missing,no exact/normalized/alias/homepage evidence; no lookalikes either,
salmon,,0.0,none,missing,no exact/normalized/alias/homepage evidence; no lookalikes either,
salt-lint,,0.0,none,missing,no exact/normalized/alias/homepage evidence; no lookalikes either,
samba,,0.0,none,needs-review,no exact/normalized/alias/homepage evidence; same homepage 'https://www.samba.org/' as 'samba3' but versions '4.24.6' vs '3.6.25'; fuzzy suggestions listed for review,samba3
sambamba,,0.0,none,missing,no exact/normalized/alias/homepage evidence; no lookalikes either,
saml2aws,,0.0,none,missing,no exact/normalized/alias/homepage evidence; no lookalikes either,
sampler,,0.0,none,needs-review,no exact/normalized/alias/homepage evidence; fuzzy suggestions listed for review,scamper
samply,,0.0,none,missing,no exact/normalized/alias/homepage evidence; no lookalikes either,
samtools,samtools,1.0,exact,confident,name identical in both managers; homepages 'https://www.htslib.org/' vs 'http://samtools.sourceforge.net/',
samurai,,0.0,none,missing,no exact/normalized/alias/homepage evidence; no lookalikes either,
sandvault,,0.0,none,missing,no exact/normalized/alias/homepage evidence; no lookalikes either,
sane-backends,sane-backends,1.0,exact,confident,name identical in both managers; homepages 'http://www.sane-project.org/' vs 'http://www.sane-project.org',
sanity,,0.0,none,missing,no exact/normalized/alias/homepage evidence; no lookalikes either,
sapling,,0.0,none,missing,no exact/normalized/alias/homepage evidence; no lookalikes either,
sarif-fmt,,0.0,none,missing,no exact/normalized/alias/homepage evidence; no lookalikes either,
sarif-tools,,0.0,none,missing,no exact/normalized/alias/homepage evidence; no lookalikes either,
sassc,,0.0,none,needs-review,no exact/normalized/alias/homepage evidence; fuzzy suggestions listed for review,spass
satellite-tracker,,0.0,none,missing,no exact/normalized/alias/homepage evidence; no lookalikes either,
savana,,0.0,none,missing,no exact/normalized/alias/homepage evidence; no lookalikes either,
save3ds_fuse,,0.0,none,missing,no exact/normalized/alias/homepage evidence; no lookalikes either,
saxon,saxon,1.0,exact,confident,name identical in both managers; homepages 'https://github.com/Saxonica/Saxon-HE' vs 'http://saxon.sourceforge.net/',
saxon-b,saxon-b,1.0,exact,confident,name identical in both managers; homepages 'https://saxon.sourceforge.net/' vs 'http://saxon.sourceforge.net/',
sbcl,sbcl,1.0,exact,confident,name identical in both managers; homepages 'https://www.sbcl.org/' vs 'http://www.sbcl.org/',
sbjson,,0.0,none,missing,no exact/normalized/alias/homepage evidence; no lookalikes either,
sblim-sfcc,,0.0,none,missing,no exact/normalized/alias/homepage evidence; no lookalikes either,
sbom-tool,,0.0,none,missing,no exact/normalized/alias/homepage evidence; no lookalikes either,
sbom-utility,,0.0,none,missing,no exact/normalized/alias/homepage evidence; no lookalikes either,
sbt,,0.0,none,missing,no exact/normalized/alias/homepage evidence; no lookalikes either,
sbtenv,,0.0,none,missing,no exact/normalized/alias/homepage evidence; no lookalikes either,
sbuild,,0.0,none,missing,no exact/normalized/alias/homepage evidence; no lookalikes either,
sby,,0.0,none,missing,no exact/normalized/alias/homepage evidence; no lookalikes either,
sc-im,,0.0,none,needs-review,no exact/normalized/alias/homepage evidence; fuzzy suggestions listed for review,cim; sim
sc68,,0.0,none,missing,no exact/normalized/alias/homepage evidence; no lookalikes either,
scala,,0.0,none,missing,no exact/normalized/alias/homepage evidence; no lookalikes either,
scala-cli,,0.0,none,missing,no exact/normalized/alias/homepage evidence; no lookalikes either,
scala@2.12,,0.0,none,missing,no exact/normalized/alias/homepage evidence; no lookalikes either,
scala@2.13,,0.0,none,missing,no exact/normalized/alias/homepage evidence; no lookalikes either,
scala@3.3,,0.0,none,missing,no exact/normalized/alias/homepage evidence; no lookalikes either,
scalaenv,,0.0,none,missing,no exact/normalized/alias/homepage evidence; no lookalikes either,
scalapack,,0.0,none,missing,no exact/normalized/alias/homepage evidence; no lookalikes either,
scalariform,,0.0,none,missing,no exact/normalized/alias/homepage evidence; no lookalikes either,
scalastyle,,0.0,none,missing,no exact/normalized/alias/homepage evidence; no lookalikes either,
scale2x,,0.0,none,missing,no exact/normalized/alias/homepage evidence; no lookalikes either,
scalingo,,0.0,none,missing,no exact/normalized/alias/homepage evidence; no lookalikes either,
scamper,scamper,1.0,exact,confident,name identical in both managers; homepages 'https://www.caida.org/catalog/software/scamper/' vs 'http://www.wand.net.nz/scamper/',
scarb,,0.0,none,missing,no exact/normalized/alias/homepage evidence; no lookalikes either,
scc,,0.0,none,needs-review,no exact/normalized/alias/homepage evidence; fuzzy suggestions listed for review,sdcc
sccache,,0.0,none,needs-review,no exact/normalized/alias/homepage evidence; fuzzy suggestions listed for review,ccache
scdl,,0.0,none,needs-review,no exact/normalized/alias/homepage evidence; fuzzy suggestions listed for review,sdl
scdoc,,0.0,none,missing,no exact/normalized/alias/homepage evidence; no lookalikes either,
sceptre,,0.0,none,missing,no exact/normalized/alias/homepage evidence; no lookalikes either,
schema-evolution-manager,,0.0,none,missing,no exact/normalized/alias/homepage evidence; no lookalikes either,
schemathesis,,0.0,none,missing,no exact/normalized/alias/homepage evidence; no lookalikes either,
scheme48,scheme48,1.0,exact,confident,name identical in both managers; homepages 'https://www.s48.org/' vs 'http://s48.org/',
schroedinger,,0.0,none,needs-review,no exact/normalized/alias/homepage evidence; fuzzy suggestions listed for review,libschroedinger
scikit-image,,0.0,none,missing,no exact/normalized/alias/homepage evidence; no lookalikes either,
scilla,,0.0,none,needs-review,no exact/normalized/alias/homepage evidence; fuzzy suggestions listed for review,scilab
scip,,0.0,none,missing,no exact/normalized/alias/homepage evidence; no lookalikes either,
scipy,,0.0,none,needs-review,no exact/normalized/alias/homepage evidence; same homepage 'https://www.scipy.org' as 'scipy-py%type_pkg[python]' but desc overlap only 0.11; no lookalikes either,
scm-manager,,0.0,none,missing,no exact/normalized/alias/homepage evidence; no lookalikes either,
scmpuff,,0.0,none,missing,no exact/normalized/alias/homepage evidence; no lookalikes either,
scnlib,,0.0,none,needs-review,no exact/normalized/alias/homepage evidence; fuzzy suggestions listed for review,saclib; %N-lib; slib
scons,scons,1.0,exact,confident,name identical in both managers; homepages 'https://www.scons.org/' vs 'http://www.scons.org/',
scooter,,0.0,none,missing,no exact/normalized/alias/homepage evidence; no lookalikes either,
scorecard,,0.0,none,missing,no exact/normalized/alias/homepage evidence; no lookalikes either,
scotch,,0.0,none,missing,no exact/normalized/alias/homepage evidence; no lookalikes either,
scour,,0.0,none,missing,no exact/normalized/alias/homepage evidence; no lookalikes either,
scoutsuite,,0.0,none,missing,no exact/normalized/alias/homepage evidence; no lookalikes either,
scrapy,,0.0,none,missing,no exact/normalized/alias/homepage evidence; no lookalikes either,
scrcpy,,0.0,none,missing,no exact/normalized/alias/homepage evidence; no lookalikes either,
screen,screen,1.0,exact,confident,name identical in both managers; homepages 'https://www.gnu.org/software/screen/' vs 'http://www.gnu.org/software/screen/screen.html',
screenfetch,,0.0,none,missing,no exact/normalized/alias/homepage evidence; no lookalikes either,
screenpipe,,0.0,none,missing,no exact/normalized/alias/homepage evidence; no lookalikes either,
screenresolution,,0.0,none,missing,no exact/normalized/alias/homepage evidence; no lookalikes either,
scriptisto,,0.0,none,missing,no exact/normalized/alias/homepage evidence; no lookalikes either,
scrub,,0.0,none,missing,no exact/normalized/alias/homepage evidence; no lookalikes either,
scrutineer,,0.0,none,missing,no exact/normalized/alias/homepage evidence; no lookalikes either,
scryer-prolog,,0.0,none,missing,no exact/normalized/alias/homepage evidence; no lookalikes either,
scrypt,,0.0,none,needs-review,no exact/normalized/alias/homepage evidence; fuzzy suggestions listed for review,bcrypt; ccrypt
scs,,0.0,none,needs-review,no exact/normalized/alias/homepage evidence; fuzzy suggestions listed for review,scsh
scummvm,scummvm,1.0,exact,confident,name identical in both managers; homepages 'https://www.scummvm.org/' vs 'http://www.scummvm.org',
scummvm-tools,scummvm-tools,1.0,exact,confident,name identical in both managers; homepages 'https://www.scummvm.org/' vs 'http://scummvm.sourceforge.net',
scw,,0.0,none,missing,no exact/normalized/alias/homepage evidence; no lookalikes either,
scws,,0.0,none,missing,no exact/normalized/alias/homepage evidence; no lookalikes either,
sd,,0.0,none,needs-review,no exact/normalized/alias/homepage evidence; fuzzy suggestions listed for review,nsd; sdl; sed
sdb,,0.0,none,needs-review,no exact/normalized/alias/homepage evidence; fuzzy suggestions listed for review,lsdb
sdcc,sdcc,1.0,exact,confident,name identical in both managers; homepages 'https://sdcc.sourceforge.net/' vs 'http://sdcc.sourceforge.net/',
sdcv,,0.0,none,missing,no exact/normalized/alias/homepage evidence; no lookalikes either,
sdedit,,0.0,none,missing,no exact/normalized/alias/homepage evidence; no lookalikes either,
sdl12-compat,,0.0,ambiguous,needs-review,alias 'sdl' looks like a different program (homepages 'https://github.com/libsdl-org/sdl12-compat' vs 'http://www.libsdl.org'),sdl; dlcompat
sdl2-compat,,0.0,ambiguous,needs-review,alias 'sdl2' looks like a different program (homepages 'https://github.com/libsdl-org/sdl2-compat' vs 'http://www.libsdl.org'),sdl2; dlcompat
sdl2_gfx,,0.0,none,needs-review,no exact/normalized/alias/homepage evidence; fuzzy suggestions listed for review,sdl2-gfx1; sdl-gfx13
sdl2_image,sdl2-image,0.96,normalized,confident,'sdl2_image' ~ 'sdl2-image' after case/punctuation folding,
sdl2_mixer,sdl2-mixer,0.96,normalized,confident,'sdl2_mixer' ~ 'sdl2-mixer' after case/punctuation folding,
sdl2_net,sdl2-net,0.96,normalized,confident,'sdl2_net' ~ 'sdl2-net' after case/punctuation folding,
sdl2_sound,,0.0,none,needs-review,no exact/normalized/alias/homepage evidence; same homepage 'https://icculus.org/SDL_sound/' as 'sdl-sound' but desc overlap only 0.14; versions '2.0.6' vs '1.0.3'; fuzzy suggestions listed for review,sdl-sound
sdl2_ttf,sdl2-ttf,0.96,normalized,confident,'sdl2_ttf' ~ 'sdl2-ttf' after case/punctuation folding,
sdl3,,0.0,none,needs-review,no exact/normalized/alias/homepage evidence; same homepage 'https://libsdl.org/' as 'sdl' but desc overlap only 0.00; versions '3.4.16' vs '1.2.15'; fuzzy suggestions listed for review,sdl
sdl3_image,,0.0,none,needs-review,no exact/normalized/alias/homepage evidence; same homepage 'https://github.com/libsdl-org/SDL_image' as 'sdl2-image' but versions '3.4.6' vs '2.8.8'; fuzzy suggestions listed for review,sdl-image; sdl2-image
sdl3_mixer,,0.0,none,needs-review,no exact/normalized/alias/homepage evidence; same homepage 'https://github.com/libsdl-org/SDL_mixer' as 'sdl2-mixer' but versions '3.2.4' vs '2.8.1'; fuzzy suggestions listed for review,sdl-mixer; sdl2-mixer
sdl3_net,,0.0,none,needs-review,no exact/normalized/alias/homepage evidence; same homepage 'https://github.com/libsdl-org/SDL_net' as 'sdl2-net' but desc overlap only 0.00; versions '3.2.0' vs '2.2.0'; fuzzy suggestions listed for review,sdl-net; sdl2-net
sdl3_sound,,0.0,none,needs-review,no exact/normalized/alias/homepage evidence; same homepage 'https://icculus.org/SDL_sound/' as 'sdl-sound' but desc overlap only 0.00; versions '3.2.0' vs '1.0.3'; fuzzy suggestions listed for review,sdl-sound
sdl3_ttf,,0.0,none,needs-review,no exact/normalized/alias/homepage evidence; same homepage 'https://github.com/libsdl-org/SDL_ttf' as 'sdl2-ttf' but versions '3.2.2' vs '2.24.0'; fuzzy suggestions listed for review,sdl-ttf; sdl2-ttf
sdl_gfx,,0.0,none,needs-review,no exact/normalized/alias/homepage evidence; fuzzy suggestions listed for review,sdl-gfx13; sdl2-gfx1
sdlpop,,0.0,none,missing,no exact/normalized/alias/homepage evidence; no lookalikes either,
sdns,,0.0,none,missing,no exact/normalized/alias/homepage evidence; no lookalikes either,
seal,,0.0,none,missing,no exact/normalized/alias/homepage evidence; no lookalikes either,
seam,,0.0,none,needs-review,no exact/normalized/alias/homepage evidence; fuzzy suggestions listed for review,sam
search-that-hash,,0.0,none,missing,no exact/normalized/alias/homepage evidence; no lookalikes either,
seaweedfs,,0.0,none,missing,no exact/normalized/alias/homepage evidence; no lookalikes either,
sec,,0.0,none,missing,no exact/normalized/alias/homepage evidence; no lookalikes either,
secp256k1,,0.0,none,missing,no exact/normalized/alias/homepage evidence; no lookalikes either,
secretspec,,0.0,none,missing,no exact/normalized/alias/homepage evidence; no lookalikes either,
securefs,,0.0,none,missing,no exact/normalized/alias/homepage evidence; no lookalikes either,
seexpr,,0.0,none,missing,no exact/normalized/alias/homepage evidence; no lookalikes either,
selecta,,0.0,none,missing,no exact/normalized/alias/homepage evidence; no lookalikes either,
selene,,0.0,none,missing,no exact/normalized/alias/homepage evidence; no lookalikes either,
selenium-server,,0.0,none,missing,no exact/normalized/alias/homepage evidence; no lookalikes either,
sem-cli,,0.0,none,needs-review,no exact/normalized/alias/homepage evidence; fuzzy suggestions listed for review,semi
semgrep,,0.0,none,missing,no exact/normalized/alias/homepage evidence; no lookalikes either,
semtag,,0.0,none,missing,no exact/normalized/alias/homepage evidence; no lookalikes either,
semver,,0.0,none,missing,no exact/normalized/alias/homepage evidence; no lookalikes either,
sendemail,,0.0,none,needs-review,no exact/normalized/alias/homepage evidence; fuzzy suggestions listed for review,git-send-email
sendme,,0.0,none,missing,no exact/normalized/alias/homepage evidence; no lookalikes either,
senpai,,0.0,none,missing,no exact/normalized/alias/homepage evidence; no lookalikes either,
sentencepiece,,0.0,none,missing,no exact/normalized/alias/homepage evidence; no lookalikes either,
sentry-native,,0.0,none,missing,no exact/normalized/alias/homepage evidence; no lookalikes either,
seqan3,,0.0,none,missing,no exact/normalized/alias/homepage evidence; no lookalikes either,
seqkit,,0.0,none,missing,no exact/normalized/alias/homepage evidence; no lookalikes either,
seqtk,,0.0,none,missing,no exact/normalized/alias/homepage evidence; no lookalikes either,
sequin,,0.0,none,missing,no exact/normalized/alias/homepage evidence; no lookalikes either,
sequoia-chameleon-gnupg,,0.0,none,missing,no exact/normalized/alias/homepage evidence; no lookalikes either,
sequoia-sq,,0.0,none,missing,no exact/normalized/alias/homepage evidence; no lookalikes either,
sequoia-sqv,,0.0,none,missing,no exact/normalized/alias/homepage evidence; no lookalikes either,
seqwish,,0.0,none,missing,no exact/normalized/alias/homepage evidence; no lookalikes either,
ser2net,,0.0,none,missing,no exact/normalized/alias/homepage evidence; no lookalikes either,
serd,,0.0,none,needs-review,no exact/normalized/alias/homepage evidence; fuzzy suggestions listed for review,sed
serf,,0.0,none,missing,no exact/normalized/alias/homepage evidence; no lookalikes either,
serialize,,0.0,none,missing,no exact/normalized/alias/homepage evidence; no lookalikes either,
serialosc,,0.0,none,missing,no exact/normalized/alias/homepage evidence; no lookalikes either,
serie,,0.0,none,missing,no exact/normalized/alias/homepage evidence; no lookalikes either,
serpl,,0.0,none,missing,no exact/normalized/alias/homepage evidence; no lookalikes either,
sersniff,,0.0,none,missing,no exact/normalized/alias/homepage evidence; no lookalikes either,
serve,,0.0,none,missing,no exact/normalized/alias/homepage evidence; no lookalikes either,
serveit,,0.0,none,missing,no exact/normalized/alias/homepage evidence; no lookalikes either,
serverless,,0.0,none,missing,no exact/normalized/alias/homepage evidence; no lookalikes either,
service-weaver,,0.0,none,missing,no exact/normalized/alias/homepage evidence; no lookalikes either,
servus,,0.0,none,missing,no exact/normalized/alias/homepage evidence; no lookalikes either,
sesh,,0.0,none,missing,no exact/normalized/alias/homepage evidence; no lookalikes either,
setconf,,0.0,none,missing,no exact/normalized/alias/homepage evidence; no lookalikes either,
setweblocthumb,,0.0,none,missing,no exact/normalized/alias/homepage evidence; no lookalikes either,
seven-kingdoms,,0.0,none,missing,no exact/normalized/alias/homepage evidence; no lookalikes either,
sevenzip,,0.0,none,missing,no exact/normalized/alias/homepage evidence; no lookalikes either,
sexpect,,0.0,none,needs-review,no exact/normalized/alias/homepage evidence; fuzzy suggestions listed for review,expect
sextractor,sextractor,1.0,exact,confident,name identical in both managers; homepages 'https://www.astromatic.net/software/sextractor/' vs 'http://astromatic.iap.fr/software/sextractor',
sf,,0.0,none,needs-review,no exact/normalized/alias/homepage evidence; fuzzy suggestions listed for review,usf
sf-pwgen,,0.0,none,needs-review,no exact/normalized/alias/homepage evidence; fuzzy suggestions listed for review,pwgen
sfcgal,,0.0,none,missing,no exact/normalized/alias/homepage evidence; no lookalikes either,
sfk,,0.0,none,missing,no exact/normalized/alias/homepage evidence; no lookalikes either,
sfml,,0.0,none,missing,no exact/normalized/alias/homepage evidence; no lookalikes either,
sfml@2,,0.0,none,missing,no exact/normalized/alias/homepage evidence; no lookalikes either,
sfsexp,,0.0,none,missing,no exact/normalized/alias/homepage evidence; no lookalikes either,
sfst,,0.0,none,missing,no exact/normalized/alias/homepage evidence; no lookalikes either,
sftpgo,,0.0,none,missing,no exact/normalized/alias/homepage evidence; no lookalikes either,
sgn,,0.0,none,needs-review,no exact/normalized/alias/homepage evidence; fuzzy suggestions listed for review,sign
sgr,,0.0,none,missing,no exact/normalized/alias/homepage evidence; no lookalikes either,
sh4d0wup,,0.0,none,missing,no exact/normalized/alias/homepage evidence; no lookalikes either,
sha1dc,,0.0,none,missing,no exact/normalized/alias/homepage evidence; no lookalikes either,
sha2,,0.0,none,missing,no exact/normalized/alias/homepage evidence; no lookalikes either,
sha3sum,,0.0,none,missing,no exact/normalized/alias/homepage evidence; no lookalikes either,
shadcn,,0.0,none,missing,no exact/normalized/alias/homepage evidence; no lookalikes either,
shaderc,,0.0,none,missing,no exact/normalized/alias/homepage evidence; no lookalikes either,
shadowenv,,0.0,none,missing,no exact/normalized/alias/homepage evidence; no lookalikes either,
shadowsocks-libev,,0.0,none,missing,no exact/normalized/alias/homepage evidence; no lookalikes either,
shadowsocks-rust,,0.0,none,missing,no exact/normalized/alias/homepage evidence; no lookalikes either,
shairport-sync,,0.0,none,missing,no exact/normalized/alias/homepage evidence; no lookalikes either,
shallow-backup,,0.0,none,missing,no exact/normalized/alias/homepage evidence; no lookalikes either,
shamrock,,0.0,none,missing,no exact/normalized/alias/homepage evidence; no lookalikes either,
shapelib,shapelib,1.0,exact,confident,name identical in both managers; homepages 'http://shapelib.maptools.org/' vs 'http://shapelib.maptools.org',
shared-mime-info,shared-mime-info,1.0,exact,confident,name identical in both managers; homepages 'https://wiki.freedesktop.org/www/Software/shared-mime-info' vs 'http://www.gnome.org/',
shc,,0.0,none,needs-review,no exact/normalized/alias/homepage evidence; fuzzy suggestions listed for review,hc
sheenbidi,,0.0,none,missing,no exact/normalized/alias/homepage evidence; no lookalikes either,
sheets,,0.0,none,missing,no exact/normalized/alias/homepage evidence; no lookalikes either,
sheldon,,0.0,none,missing,no exact/normalized/alias/homepage evidence; no lookalikes either,
shell2http,,0.0,none,missing,no exact/normalized/alias/homepage evidence; no lookalikes either,
shellcheck,,0.0,none,missing,no exact/normalized/alias/homepage evidence; no lookalikes either,
shellharden,,0.0,none,missing,no exact/normalized/alias/homepage evidence; no lookalikes either,
shellinabox,,0.0,none,missing,no exact/normalized/alias/homepage evidence; no lookalikes either,
shellshare,,0.0,none,missing,no exact/normalized/alias/homepage evidence; no lookalikes either,
shellspec,,0.0,none,missing,no exact/normalized/alias/homepage evidence; no lookalikes either,
shelltestrunner,,0.0,none,missing,no exact/normalized/alias/homepage evidence; no lookalikes either,
shellz,,0.0,none,missing,no exact/normalized/alias/homepage evidence; no lookalikes either,
shepherd,,0.0,none,missing,no exact/normalized/alias/homepage evidence; no lookalikes either,
sherif,,0.0,none,missing,no exact/normalized/alias/homepage evidence; no lookalikes either,
sherlock,,0.0,none,missing,no exact/normalized/alias/homepage evidence; no lookalikes either,
shfmt,,0.0,none,missing,no exact/normalized/alias/homepage evidence; no lookalikes either,
shibboleth-sp,,0.0,none,missing,no exact/normalized/alias/homepage evidence; no lookalikes either,
shiki,,0.0,none,missing,no exact/normalized/alias/homepage evidence; no lookalikes either,
shimmy,,0.0,none,missing,no exact/normalized/alias/homepage evidence; no lookalikes either,
shivavg,,0.0,none,missing,no exact/normalized/alias/homepage evidence; no lookalikes either,
shmcat,,0.0,none,missing,no exact/normalized/alias/homepage evidence; no lookalikes either,
shml,,0.0,none,missing,no exact/normalized/alias/homepage evidence; no lookalikes either,
shmux,shmux,1.0,exact,confident,name identical in both managers; homepages 'https://github.com/shmux/shmux' vs 'http://web.taranis.org/shmux/',
shntool,shntool,1.0,exact,confident,name identical in both managers; homepages 'http://shnutils.freeshell.org/shntool/' vs 'http://etree.org/shnutils/shntool/',
shodan,,0.0,none,missing,no exact/normalized/alias/homepage evidence; no lookalikes either,
shortest,,0.0,none,needs-review,no exact/normalized/alias/homepage evidence; fuzzy suggestions listed for review,shorten
showcert,,0.0,none,missing,no exact/normalized/alias/homepage evidence; no lookalikes either,
showkey,,0.0,none,missing,no exact/normalized/alias/homepage evidence; no lookalikes either,
shpool,,0.0,none,missing,no exact/normalized/alias/homepage evidence; no lookalikes either,
shpotify,,0.0,none,missing,no exact/normalized/alias/homepage evidence; no lookalikes either,
shtool,,0.0,none,needs-review,no exact/normalized/alias/homepage evidence; fuzzy suggestions listed for review,shntool
shtools,,0.0,none,needs-review,no exact/normalized/alias/homepage evidence; fuzzy suggestions listed for review,shntool; chmtools; samtools
shub,,0.0,none,needs-review,no exact/normalized/alias/homepage evidence; fuzzy suggestions listed for review,hub
shuffledns,,0.0,none,missing,no exact/normalized/alias/homepage evidence; no lookalikes either,
shunit2,,0.0,none,missing,no exact/normalized/alias/homepage evidence; no lookalikes either,
shush,,0.0,none,missing,no exact/normalized/alias/homepage evidence; no lookalikes either,
shuttle-cli,,0.0,none,missing,no exact/normalized/alias/homepage evidence; no lookalikes either,
shyaml,,0.0,none,missing,no exact/normalized/alias/homepage evidence; no lookalikes either,
sic,,0.0,none,needs-review,no exact/normalized/alias/homepage evidence; fuzzy suggestions listed for review,sicp; sisc
sickchill,,0.0,none,missing,no exact/normalized/alias/homepage evidence; no lookalikes either,
sickle,,0.0,none,needs-review,no exact/normalized/alias/homepage evidence; fuzzy suggestions listed for review,nickle
sidekick,,0.0,none,missing,no exact/normalized/alias/homepage evidence; no lookalikes either,
siege,,0.0,none,missing,no exact/normalized/alias/homepage evidence; no lookalikes either,
sift,,0.0,none,missing,no exact/normalized/alias/homepage evidence; no lookalikes either,
sigi,,0.0,none,needs-review,no exact/normalized/alias/homepage evidence; fuzzy suggestions listed for review,strigi
sigma-cli,,0.0,none,missing,no exact/normalized/alias/homepage evidence; no lookalikes either,
signal-cli,,0.0,none,missing,no exact/normalized/alias/homepage evidence; no lookalikes either,
signalwire-client-c,,0.0,none,missing,no exact/normalized/alias/homepage evidence; no lookalikes either,
signify-osx,,0.0,none,missing,no exact/normalized/alias/homepage evidence; no lookalikes either,
signmykey,,0.0,none,missing,no exact/normalized/alias/homepage evidence; no lookalikes either,
sigrok-cli,,0.0,none,missing,no exact/normalized/alias/homepage evidence; no lookalikes either,
sigstore,,0.0,none,missing,no exact/normalized/alias/homepage evidence; no lookalikes either,
sigsum-go,,0.0,none,missing,no exact/normalized/alias/homepage evidence; no lookalikes either,
sile,,0.0,none,missing,no exact/normalized/alias/homepage evidence; no lookalikes either,
silicon,,0.0,none,missing,no exact/normalized/alias/homepage evidence; no lookalikes either,
silk,,0.0,none,needs-review,no exact/normalized/alias/homepage evidence; fuzzy suggestions listed for review,silky
simde,,0.0,none,missing,no exact/normalized/alias/homepage evidence; no lookalikes either,
simdjson,,0.0,none,missing,no exact/normalized/alias/homepage evidence; no lookalikes either,
simdutf,,0.0,none,missing,no exact/normalized/alias/homepage evidence; no lookalikes either,
simg2img,,0.0,none,needs-review,no exact/normalized/alias/homepage evidence; fuzzy suggestions listed for review,dmg2img
simgrid,,0.0,none,missing,no exact/normalized/alias/homepage evidence; no lookalikes either,
simple-amqp-client,,0.0,none,missing,no exact/normalized/alias/homepage evidence; no lookalikes either,
simple-mtpfs,,0.0,none,missing,no exact/normalized/alias/homepage evidence; no lookalikes either,
simple-obfs,,0.0,none,missing,no exact/normalized/alias/homepage evidence; no lookalikes either,
simple-scan,,0.0,none,missing,no exact/normalized/alias/homepage evidence; no lookalikes either,
simple-tiles,,0.0,none,missing,no exact/normalized/alias/homepage evidence; no lookalikes either,
simutrans,,0.0,none,missing,no exact/normalized/alias/homepage evidence; no lookalikes either,
since,,0.0,none,missing,no exact/normalized/alias/homepage evidence; no lookalikes either,
sing-box,,0.0,none,missing,no exact/normalized/alias/homepage evidence; no lookalikes either,
singular,singular,1.0,exact,confident,name identical in both managers; homepages 'https://www.singular.uni-kl.de/' vs '',
sip,,0.0,none,needs-review,no exact/normalized/alias/homepage evidence; fuzzy suggestions listed for review,sicp; szip
sipcalc,sipcalc,1.0,exact,confident,name identical in both managers; homepages 'https://www.routemeister.net/projects/sipcalc/' vs 'http://www.routemeister.net/projects/sipcalc',
sipp,,0.0,none,missing,no exact/normalized/alias/homepage evidence; no lookalikes either,
sipsak,,0.0,none,missing,no exact/normalized/alias/homepage evidence; no lookalikes either,
siril,,0.0,none,missing,no exact/normalized/alias/homepage evidence; no lookalikes either,
sisc-scheme,,0.0,none,missing,no exact/normalized/alias/homepage evidence; no lookalikes either,
sispmctl,sispmctl,1.0,exact,confident,name identical in both managers; homepages 'https://sispmctl.sourceforge.net/' vs 'http://sispmctl.sourceforge.net/',
sitefetch,,0.0,none,missing,no exact/normalized/alias/homepage evidence; no lookalikes either,
six,,0.0,none,missing,no exact/normalized/alias/homepage evidence; no lookalikes either,
sixtunnel,6tunnel,0.95,alias,confident,listed as alias/oldname of 'sixtunnel',
sjk,,0.0,none,missing,no exact/normalized/alias/homepage evidence; no lookalikes either,
sk,,0.0,none,missing,no exact/normalized/alias/homepage evidence; no lookalikes either,
skaffold,,0.0,none,missing,no exact/normalized/alias/homepage evidence; no lookalikes either,
skalibs,,0.0,none,missing,no exact/normalized/alias/homepage evidence; no lookalikes either,
skani,,0.0,none,needs-review,no exact/normalized/alias/homepage evidence; fuzzy suggestions listed for review,kanif
skate,,0.0,none,needs-review,no exact/normalized/alias/homepage evidence; fuzzy suggestions listed for review,kate5
skeema,,0.0,none,missing,no exact/normalized/alias/homepage evidence; no lookalikes either,
ski,,0.0,none,missing,no exact/normalized/alias/homepage evidence; no lookalikes either,
skills,,0.0,none,missing,no exact/normalized/alias/homepage evidence; no lookalikes either,
skillshare,,0.0,none,missing,no exact/normalized/alias/homepage evidence; no lookalikes either,
skillspector,,0.0,none,missing,no exact/normalized/alias/homepage evidence; no lookalikes either,
skinny,,0.0,none,missing,no exact/normalized/alias/homepage evidence; no lookalikes either,
skip,,0.0,none,missing,no exact/normalized/alias/homepage evidence; no lookalikes either,
skktools,,0.0,none,missing,no exact/normalized/alias/homepage evidence; no lookalikes either,
skm,,0.0,none,missing,no exact/normalized/alias/homepage evidence; no lookalikes either,
skopeo,,0.0,none,missing,no exact/normalized/alias/homepage evidence; no lookalikes either,
skylighting,,0.0,none,missing,no exact/normalized/alias/homepage evidence; no lookalikes either,
sl,sl,1.0,exact,confident,name identical in both managers; homepages 'https://github.com/mtoyoda/sl' vs 'http://home.hiroshima-u.ac.jp/nyoho/sl.html',
slack-mcp-server,,0.0,none,missing,no exact/normalized/alias/homepage evidence; no lookalikes either,
slackcat,,0.0,none,missing,no exact/normalized/alias/homepage evidence; no lookalikes either,
slackdump,,0.0,none,missing,no exact/normalized/alias/homepage evidence; no lookalikes either,
slacknimate,,0.0,none,missing,no exact/normalized/alias/homepage evidence; no lookalikes either,
slashem,,0.0,none,missing,no exact/normalized/alias/homepage evidence; no lookalikes either,
sleef,,0.0,none,missing,no exact/normalized/alias/homepage evidence; no lookalikes either,
sleek,,0.0,none,missing,no exact/normalized/alias/homepage evidence; no lookalikes either,
sleepwatcher,sleepwatcher,1.0,exact,confident,name identical in both managers; homepages 'https://www.bernhard-baehr.de/' vs 'http://www.bernhard-baehr.de/',
slepc,,0.0,none,missing,no exact/normalized/alias/homepage evidence; no lookalikes either,
slepc-complex,,0.0,none,missing,no exact/normalized/alias/homepage evidence; no lookalikes either,
sleuthkit,sleuthkit,1.0,exact,confident,name identical in both managers; homepages 'https://www.sleuthkit.org/' vs 'http://www.sleuthkit.org/sleuthkit',
slicot,,0.0,none,missing,no exact/normalized/alias/homepage evidence; no lookalikes either,
slides,,0.0,none,missing,no exact/normalized/alias/homepage evidence; no lookalikes either,
slimerjs,,0.0,none,missing,no exact/normalized/alias/homepage evidence; no lookalikes either,
slint-compiler,,0.0,none,missing,no exact/normalized/alias/homepage evidence; no lookalikes either,
slint-cpp,,0.0,none,missing,no exact/normalized/alias/homepage evidence; no lookalikes either,
slirp4netns,,0.0,none,missing,no exact/normalized/alias/homepage evidence; no lookalikes either,
slither-analyzer,,0.0,none,missing,no exact/normalized/alias/homepage evidence; no lookalikes either,
sloc,,0.0,none,missing,no exact/normalized/alias/homepage evidence; no lookalikes either,
sloccount,sloccount,1.0,exact,confident,name identical in both managers; homepages 'https://dwheeler.com/sloccount/' vs '',
sloth-cli,,0.0,none,missing,no exact/normalized/alias/homepage evidence; no lookalikes either,
slowhttptest,,0.0,none,missing,no exact/normalized/alias/homepage evidence; no lookalikes either,
slrn,slrn,1.0,exact,confident,name identical in both managers; homepages 'https://slrn.info/' vs 'http://slrn.sourceforge.net/',
slsa-verifier,,0.0,none,missing,no exact/normalized/alias/homepage evidence; no lookalikes either,
slugify,,0.0,none,missing,no exact/normalized/alias/homepage evidence; no lookalikes either,
slumber,,0.0,none,missing,no exact/normalized/alias/homepage evidence; no lookalikes either,
slurm,slurm,1.0,exact,confident,name identical in both managers; homepages 'https://github.com/mattthias/slurm/wiki/' vs 'http://www.wormulon.net/slurm',
smake,smake,1.0,exact,confident,name identical in both managers; homepages 'https://codeberg.org/schilytools/schilytools' vs 'https://sourceforge.net/projects/s-make/',
smap,,0.0,none,missing,no exact/normalized/alias/homepage evidence; no lookalikes either,
smartdns,,0.0,none,missing,no exact/normalized/alias/homepage evidence; no lookalikes either,
smartmontools,smartmontools,1.0,exact,confident,name identical in both managers; homepages 'https://www.smartmontools.org/' vs 'http://smartmontools.sourceforge.net',
smartypants,,0.0,none,missing,no exact/normalized/alias/homepage evidence; no lookalikes either,
smenu,,0.0,none,needs-review,no exact/normalized/alias/homepage evidence; fuzzy suggestions listed for review,dmenu
smimesign,,0.0,none,missing,no exact/normalized/alias/homepage evidence; no lookalikes either,
smithery-cli,,0.0,none,missing,no exact/normalized/alias/homepage evidence; no lookalikes either,
smlfmt,,0.0,none,missing,no exact/normalized/alias/homepage evidence; no lookalikes either,
smlnj,smlnj,1.0,exact,confident,name identical in both managers; homepages 'https://www.smlnj.org/' vs 'http://www.smlnj.org/',
smlpkg,,0.0,none,missing,no exact/normalized/alias/homepage evidence; no lookalikes either,
smpeg,smpeg,1.0,exact,confident,name identical in both managers; homepages 'https://icculus.org/smpeg/' vs 'http://www.lokigames.com/development/smpeg.php3',
smpeg2,,0.0,none,needs-review,no exact/normalized/alias/homepage evidence; fuzzy suggestions listed for review,smpeg
smu,,0.0,none,missing,no exact/normalized/alias/homepage evidence; no lookalikes either,
smug,,0.0,none,missing,no exact/normalized/alias/homepage evidence; no lookalikes either,
sn0int,,0.0,none,missing,no exact/normalized/alias/homepage evidence; no lookalikes either,
snakefmt,,0.0,none,missing,no exact/normalized/alias/homepage evidence; no lookalikes either,
snakemake,,0.0,none,missing,no exact/normalized/alias/homepage evidence; no lookalikes either,
snakeviz,,0.0,none,missing,no exact/normalized/alias/homepage evidence; no lookalikes either,
snap,,0.0,none,missing,no exact/normalized/alias/homepage evidence; no lookalikes either,
snap7,,0.0,none,missing,no exact/normalized/alias/homepage evidence; no lookalikes either,
snapcast,,0.0,none,missing,no exact/normalized/alias/homepage evidence; no lookalikes either,
snapcraft,,0.0,none,missing,no exact/normalized/alias/homepage evidence; no lookalikes either,
snappy,,0.0,none,missing,no exact/normalized/alias/homepage evidence; no lookalikes either,
snappystream,,0.0,none,missing,no exact/normalized/alias/homepage evidence; no lookalikes either,
snapraid,,0.0,none,missing,no exact/normalized/alias/homepage evidence; no lookalikes either,
sng,sng,1.0,exact,confident,name identical in both managers; homepages 'https://sng.sourceforge.net/' vs 'http://sng.sourceforge.net/',
sngrep,,0.0,none,needs-review,no exact/normalized/alias/homepage evidence; fuzzy suggestions listed for review,grep
sniffer,,0.0,none,missing,no exact/normalized/alias/homepage evidence; no lookalikes either,
sniffglue,,0.0,none,missing,no exact/normalized/alias/homepage evidence; no lookalikes either,
sniffnet,,0.0,none,needs-review,no exact/normalized/alias/homepage evidence; fuzzy suggestions listed for review,sniffit
snitch,,0.0,none,missing,no exact/normalized/alias/homepage evidence; no lookalikes either,
snobol4,,0.0,none,missing,no exact/normalized/alias/homepage evidence; no lookalikes either,
snooze,,0.0,none,missing,no exact/normalized/alias/homepage evidence; no lookalikes either,
snort,,0.0,none,missing,no exact/normalized/alias/homepage evidence; no lookalikes either,
snow,,0.0,none,needs-review,no exact/normalized/alias/homepage evidence; fuzzy suggestions listed for review,xsnow
snowball,,0.0,none,missing,no exact/normalized/alias/homepage evidence; no lookalikes either,
snowflake,,0.0,none,needs-review,no exact/normalized/alias/homepage evidence; same homepage 'https://www.torproject.org' as 'tor' but desc overlap only 0.00; versions '2.14.1' vs '0.2.5.10'; no lookalikes either,
snowflake-cli,,0.0,none,missing,no exact/normalized/alias/homepage evidence; no lookalikes either,
snownews,snownews,1.0,exact,confident,name identical in both managers; homepages 'https://sourceforge.net/projects/snownews/' vs 'http://kiza.kcore.de/software/snownews/index.en',
sntop,,0.0,none,needs-review,no exact/normalized/alias/homepage evidence; fuzzy suggestions listed for review,ntop; stops
snyk-agent-scan,,0.0,none,missing,no exact/normalized/alias/homepage evidence; no lookalikes either,
snyk-cli,,0.0,none,missing,no exact/normalized/alias/homepage evidence; no lookalikes either,
snzip,,0.0,none,needs-review,no exact/normalized/alias/homepage evidence; fuzzy suggestions listed for review,szip; unzip
so,,0.0,none,needs-review,no exact/normalized/alias/homepage evidence; fuzzy suggestions listed for review,sox
soapyhackrf,,0.0,none,missing,no exact/normalized/alias/homepage evidence; no lookalikes either,
soapyremote,,0.0,none,missing,no exact/normalized/alias/homepage evidence; no lookalikes either,
soapyrtlsdr,,0.0,none,missing,no exact/normalized/alias/homepage evidence; no lookalikes either,
soapysdr,,0.0,none,missing,no exact/normalized/alias/homepage evidence; no lookalikes either,
soar,,0.0,none,missing,no exact/normalized/alias/homepage evidence; no lookalikes either,
socat,socat,1.0,exact,confident,name identical in both managers; homepages 'http://www.dest-unreach.org/socat/' vs 'http://www.dest-unreach.org/socat/',
soci,,0.0,none,missing,no exact/normalized/alias/homepage evidence; no lookalikes either,
socket_vmnet,,0.0,none,missing,no exact/normalized/alias/homepage evidence; no lookalikes either,
socktainer,,0.0,none,missing,no exact/normalized/alias/homepage evidence; no lookalikes either,
sofia-sip,,0.0,none,missing,no exact/normalized/alias/homepage evidence; no lookalikes either,
soft-serve,,0.0,none,missing,no exact/normalized/alias/homepage evidence; no lookalikes either,
softhsm,,0.0,none,missing,no exact/normalized/alias/homepage evidence; no lookalikes either,
sol2,,0.0,none,missing,no exact/normalized/alias/homepage evidence; no lookalikes either,
solana,,0.0,none,missing,no exact/normalized/alias/homepage evidence; no lookalikes either,
solargraph,,0.0,none,missing,no exact/normalized/alias/homepage evidence; no lookalikes either,
solarus,,0.0,none,missing,no exact/normalized/alias/homepage evidence; no lookalikes either,
solc-select,,0.0,none,missing,no exact/normalized/alias/homepage evidence; no lookalikes either,
solhint,,0.0,none,missing,no exact/normalized/alias/homepage evidence; no lookalikes either,
solid,,0.0,none,missing,no exact/normalized/alias/homepage evidence; no lookalikes either,
solidity,,0.0,none,missing,no exact/normalized/alias/homepage evidence; no lookalikes either,
sollya,,0.0,none,missing,no exact/normalized/alias/homepage evidence; no lookalikes either,
solo2-cli,,0.0,none,missing,no exact/normalized/alias/homepage evidence; no lookalikes either,
solod,,0.0,none,missing,no exact/normalized/alias/homepage evidence; no lookalikes either,
solr,,0.0,none,missing,no exact/normalized/alias/homepage evidence; no lookalikes either,
solr@8.11,,0.0,none,missing,no exact/normalized/alias/homepage evidence; no lookalikes either,
somagic,,0.0,none,missing,no exact/normalized/alias/homepage evidence; no lookalikes either,
somagic-tools,,0.0,none,missing,no exact/normalized/alias/homepage evidence; no lookalikes either,
somo,,0.0,none,missing,no exact/normalized/alias/homepage evidence; no lookalikes either,
sonar-completion,,0.0,none,missing,no exact/normalized/alias/homepage evidence; no lookalikes either,
sonar-scanner,,0.0,none,missing,no exact/normalized/alias/homepage evidence; no lookalikes either,
sonic,,0.0,none,needs-review,no exact/normalized/alias/homepage evidence; fuzzy suggestions listed for review,json-c
sonobuoy,,0.0,none,missing,no exact/normalized/alias/homepage evidence; no lookalikes either,
sophus,,0.0,none,missing,no exact/normalized/alias/homepage evidence; no lookalikes either,
soplex,,0.0,none,missing,no exact/normalized/alias/homepage evidence; no lookalikes either,
sops,,0.0,none,needs-review,no exact/normalized/alias/homepage evidence; fuzzy suggestions listed for review,stops
sord,,0.0,none,missing,no exact/normalized/alias/homepage evidence; no lookalikes either,
souffle,,0.0,none,missing,no exact/normalized/alias/homepage evidence; no lookalikes either,
sound-touch,soundtouch,0.96,normalized,confident,'sound-touch' ~ 'soundtouch' after case/punctuation folding,
source-highlight,source-highlight,1.0,exact,confident,name identical in both managers; homepages 'https://www.gnu.org/software/src-highlite/' vs 'http://www.gnu.org/software/src-highlite/',
source-to-image,,0.0,none,missing,no exact/normalized/alias/homepage evidence; no lookalikes either,
sourcedocs,,0.0,none,missing,no exact/normalized/alias/homepage evidence; no lookalikes either,
sourcekitten,,0.0,none,missing,no exact/normalized/alias/homepage evidence; no lookalikes either,
sourcery,,0.0,none,missing,no exact/normalized/alias/homepage evidence; no lookalikes either,
sox,sox,1.0,exact,confident,name identical in both managers; homepages 'https://sox.sourceforge.net/' vs 'http://sox.sourceforge.net',
sox_ng,,0.0,none,missing,no exact/normalized/alias/homepage evidence; no lookalikes either,
spaceinvaders-go,,0.0,none,missing,no exact/normalized/alias/homepage evidence; no lookalikes either,
spaceman-diff,,0.0,none,missing,no exact/normalized/alias/homepage evidence; no lookalikes either,
spacer,,0.0,none,missing,no exact/normalized/alias/homepage evidence; no lookalikes either,
spaceship,,0.0,none,missing,no exact/normalized/alias/homepage evidence; no lookalikes either,
spack,,0.0,none,needs-review,no exact/normalized/alias/homepage evidence; fuzzy suggestions listed for review,mpack
spades,,0.0,none,missing,no exact/normalized/alias/homepage evidence; no lookalikes either,
spago,,0.0,none,needs-review,no exact/normalized/alias/homepage evidence; fuzzy suggestions listed for review,spawg
span-lite,,0.0,none,missing,no exact/normalized/alias/homepage evidence; no lookalikes either,
spandsp,,0.0,none,missing,no exact/normalized/alias/homepage evidence; no lookalikes either,
spark,,0.0,none,missing,no exact/normalized/alias/homepage evidence; no lookalikes either,
sparkey,,0.0,none,missing,no exact/normalized/alias/homepage evidence; no lookalikes either,
sparse,,0.0,none,missing,no exact/normalized/alias/homepage evidence; no lookalikes either,
spatialindex,,0.0,none,needs-review,no exact/normalized/alias/homepage evidence; fuzzy suggestions listed for review,libspatialindex2; libspatialindex3; libspatialindex4
spatialite-gui,spatialite-gui,1.0,exact,confident,name identical in both managers; homepages 'https://www.gaia-gis.it/fossil/spatialite_gui/index' vs 'http://www.gaia-gis.it/spatialite',
spatialite-tools,,0.0,none,missing,no exact/normalized/alias/homepage evidence; no lookalikes either,
spawn-fcgi,,0.0,none,missing,no exact/normalized/alias/homepage evidence; no lookalikes either,
spdlog,,0.0,none,missing,no exact/normalized/alias/homepage evidence; no lookalikes either,
spdx-sbom-generator,,0.0,none,missing,no exact/normalized/alias/homepage evidence; no lookalikes either,
specify,,0.0,none,missing,no exact/normalized/alias/homepage evidence; no lookalikes either,
spectra,,0.0,none,missing,no exact/normalized/alias/homepage evidence; no lookalikes either,
spectral-cli,,0.0,none,missing,no exact/normalized/alias/homepage evidence; no lookalikes either,
speech,,0.0,none,missing,no exact/normalized/alias/homepage evidence; no lookalikes either,
speech-tools,,0.0,none,missing,no exact/normalized/alias/homepage evidence; no lookalikes either,
speedbump,,0.0,none,missing,no exact/normalized/alias/homepage evidence; no lookalikes either,
speedread,,0.0,none,missing,no exact/normalized/alias/homepage evidence; no lookalikes either,
speedtest-cli,,0.0,none,missing,no exact/normalized/alias/homepage evidence; no lookalikes either,
speedtest-go,,0.0,none,missing,no exact/normalized/alias/homepage evidence; no lookalikes either,
speex,libspeex1,0.9,homepage,confident,same upstream 'https://speex.org/' (desc overlap 0.15),
speexdsp,,0.0,none,needs-review,no exact/normalized/alias/homepage evidence; same homepage 'https://speex.org/' as 'libspeex1' but desc overlap only 0.06; no lookalikes either,
spek,,0.0,none,missing,no exact/normalized/alias/homepage evidence; no lookalikes either,
spglib,,0.0,none,needs-review,no exact/normalized/alias/homepage evidence; fuzzy suggestions listed for review,glib; plib; slib
sphinx-doc,,0.0,none,needs-review,no exact/normalized/alias/homepage evidence; same homepage 'https://www.sphinx-doc.org/' as 'sphinxcontrib-websupport-py%type_pkg[python]' but desc overlap only 0.10; versions '9.1.0' vs '1.2.4'; no lookalikes either,
spice-gtk,,0.0,none,missing,no exact/normalized/alias/homepage evidence; no lookalikes either,
spice-protocol,,0.0,none,missing,no exact/normalized/alias/homepage evidence; no lookalikes either,
spice-server,,0.0,none,missing,no exact/normalized/alias/homepage evidence; no lookalikes either,
spicedb,,0.0,none,needs-review,no exact/normalized/alias/homepage evidence; fuzzy suggestions listed for review,spice
spicetify-cli,,0.0,none,missing,no exact/normalized/alias/homepage evidence; no lookalikes either,
spidermonkey,spidermonkey,1.0,exact,confident,name identical in both managers; homepages 'https://spidermonkey.dev' vs 'http://www.mozilla.org/js/spidermonkey/',
spiffe-helper,,0.0,none,missing,no exact/normalized/alias/homepage evidence; no lookalikes either,
spigot,,0.0,none,missing,no exact/normalized/alias/homepage evidence; no lookalikes either,
spim,spim,1.0,exact,confident,name identical in both managers; homepages 'https://spimsimulator.sourceforge.net/' vs 'http://pages.cs.wisc.edu/~larus/spim.html',
spin,,0.0,none,needs-review,no exact/normalized/alias/homepage evidence; fuzzy suggestions listed for review,splint
spiped,,0.0,none,missing,no exact/normalized/alias/homepage evidence; no lookalikes either,
spirv-cross,,0.0,none,missing,no exact/normalized/alias/homepage evidence; no lookalikes either,
spirv-headers,,0.0,none,missing,no exact/normalized/alias/homepage evidence; no lookalikes either,
spirv-llvm-translator,,0.0,none,missing,no exact/normalized/alias/homepage evidence; no lookalikes either,
spirv-tools,,0.0,none,needs-review,no exact/normalized/alias/homepage evidence; fuzzy suggestions listed for review,gpivtools; ivtools
splint,splint,1.0,exact,confident,name identical in both managers; homepages 'https://splint.org/' vs 'http://www.splint.org/',
splitrail,,0.0,none,missing,no exact/normalized/alias/homepage evidence; no lookalikes either,
spoa,,0.0,none,missing,no exact/normalized/alias/homepage evidence; no lookalikes either,
sponge,,0.0,none,needs-review,no exact/normalized/alias/homepage evidence; fuzzy suggestions listed for review,pong
spoof-mac,,0.0,none,missing,no exact/normalized/alias/homepage evidence; no lookalikes either,
spoofdpi,,0.0,none,missing,no exact/normalized/alias/homepage evidence; no lookalikes either,
spot,,0.0,none,missing,no exact/normalized/alias/homepage evidence; no lookalikes either,
spotbugs,findbugs,0.95,alias,confident,listed as alias/oldname of 'spotbugs',
spotify_player,,0.0,none,missing,no exact/normalized/alias/homepage evidence; no lookalikes either,
spotifyd,,0.0,none,missing,no exact/normalized/alias/homepage evidence; no lookalikes either,
spr,,0.0,none,needs-review,no exact/normalized/alias/homepage evidence; fuzzy suggestions listed for review,nspr
spring-completion,,0.0,none,missing,no exact/normalized/alias/homepage evidence; no lookalikes either,
spring-loaded,,0.0,none,missing,no exact/normalized/alias/homepage evidence; no lookalikes either,
sprocket,,0.0,none,needs-review,no exact/normalized/alias/homepage evidence; fuzzy suggestions listed for review,socket
sproxy,,0.0,none,needs-review,no exact/normalized/alias/homepage evidence; fuzzy suggestions listed for review,proxy; cvs-proxy; dnsproxy
spytrap-adb,,0.0,none,missing,no exact/normalized/alias/homepage evidence; no lookalikes either,
sq,,0.0,none,missing,no exact/normalized/alias/homepage evidence; no lookalikes either,
sql-formatter,,0.0,none,missing,no exact/normalized/alias/homepage evidence; no lookalikes either,
sql-language-server,,0.0,none,missing,no exact/normalized/alias/homepage evidence; no lookalikes either,
sql-lint,,0.0,none,missing,no exact/normalized/alias/homepage evidence; no lookalikes either,
sql-migrate,,0.0,none,missing,no exact/normalized/alias/homepage evidence; no lookalikes either,
sql-translator,,0.0,none,needs-review,no exact/normalized/alias/homepage evidence; fuzzy suggestions listed for review,gtranslator
sqlancer,,0.0,none,missing,no exact/normalized/alias/homepage evidence; no lookalikes either,
sqlbench,,0.0,none,missing,no exact/normalized/alias/homepage evidence; no lookalikes either,
sqlboiler,,0.0,none,missing,no exact/normalized/alias/homepage evidence; no lookalikes either,
sqlc,,0.0,none,missing,no exact/normalized/alias/homepage evidence; no lookalikes either,
sqlcipher,,0.0,none,missing,no exact/normalized/alias/homepage evidence; no lookalikes either,
sqlcmd,,0.0,none,missing,no exact/normalized/alias/homepage evidence; no lookalikes either,
sqldiff,,0.0,none,missing,no exact/normalized/alias/homepage evidence; no lookalikes either,
sqlfluff,,0.0,none,missing,no exact/normalized/alias/homepage evidence; no lookalikes either,
sqlfmt,,0.0,none,missing,no exact/normalized/alias/homepage evidence; no lookalikes either,
sqlite,sqlite,1.0,exact,confident,name identical in both managers; homepages 'https://sqlite.org/index.html' vs 'http://www.sqlite.org/',
sqlite-analyzer,,0.0,none,needs-review,no exact/normalized/alias/homepage evidence; same homepage 'https://www.sqlite.org/' as 'sqlite' but desc overlap only 0.00; versions '3.53.4' vs '2.8.17'; no lookalikes either,
sqlite-rsync,,0.0,none,needs-review,no exact/normalized/alias/homepage evidence; same homepage 'https://www.sqlite.org/' as 'sqlite' but desc overlap only 0.00; versions '3.53.4' vs '2.8.17'; no lookalikes either,
sqlite-utils,,0.0,none,missing,no exact/normalized/alias/homepage evidence; no lookalikes either,
sqlite3-to-mysql,,0.0,none,missing,no exact/normalized/alias/homepage evidence; no lookalikes either,
sqlitecpp,,0.0,none,needs-review,no exact/normalized/alias/homepage evidence; fuzzy suggestions listed for review,sqlite
sqliteodbc,,0.0,none,missing,no exact/normalized/alias/homepage evidence; no lookalikes either,
sqlmap,,0.0,none,missing,no exact/normalized/alias/homepage evidence; no lookalikes either,
sqlpage,,0.0,none,missing,no exact/normalized/alias/homepage evidence; no lookalikes either,
sqlparse,,0.0,none,missing,no exact/normalized/alias/homepage evidence; no lookalikes either,
sqlsmith,,0.0,none,missing,no exact/normalized/alias/homepage evidence; no lookalikes either,
sqlx-cli,,0.0,none,missing,no exact/normalized/alias/homepage evidence; no lookalikes either,
sqruff,,0.0,none,missing,no exact/normalized/alias/homepage evidence; no lookalikes either,
sqsmover,,0.0,none,missing,no exact/normalized/alias/homepage evidence; no lookalikes either,
sqtop,,0.0,none,needs-review,no exact/normalized/alias/homepage evidence; fuzzy suggestions listed for review,stops
squashfs,,0.0,none,missing,no exact/normalized/alias/homepage evidence; no lookalikes either,
squashfuse,,0.0,none,missing,no exact/normalized/alias/homepage evidence; no lookalikes either,
squealer,,0.0,none,missing,no exact/normalized/alias/homepage evidence; no lookalikes either,
squid,squid,1.0,exact,confident,name identical in both managers; homepages 'https://www.squid-cache.org/' vs 'http://www.squid-cache.org/',
squiid,,0.0,none,needs-review,no exact/normalized/alias/homepage evidence; fuzzy suggestions listed for review,squid
squirrel-lang,,0.0,none,missing,no exact/normalized/alias/homepage evidence; no lookalikes either,
sratom,,0.0,none,missing,no exact/normalized/alias/homepage evidence; no lookalikes either,
sratoolkit,,0.0,none,needs-review,no exact/normalized/alias/homepage evidence; fuzzy suggestions listed for review,artoolkit
src,src,1.0,exact,confident,name identical in both managers; homepages 'http://www.catb.org/~esr/src/' vs 'http://www.catb.org/~esr/src/',
srecord,srecord,1.0,exact,confident,name identical in both managers; homepages 'https://srecord.sourceforge.net/' vs 'http://srecord.sourceforge.net/',
srgn,,0.0,none,missing,no exact/normalized/alias/homepage evidence; no lookalikes either,
srt,,0.0,none,missing,no exact/normalized/alias/homepage evidence; no lookalikes either,
srtp,,0.0,none,missing,no exact/normalized/alias/homepage evidence; no lookalikes either,
ssdb,,0.0,none,missing,no exact/normalized/alias/homepage evidence; no lookalikes either,
ssdeep,,0.0,none,missing,no exact/normalized/alias/homepage evidence; no lookalikes either,
sse2neon,,0.0,none,missing,no exact/normalized/alias/homepage evidence; no lookalikes either,
ssed,ssed,1.0,exact,confident,name identical in both managers; homepages 'https://packages.debian.org/sid/ssed' vs 'http://sed.sourceforge.net/grabbag/ssed/',
ssh-audit,,0.0,none,missing,no exact/normalized/alias/homepage evidence; no lookalikes either,
ssh-copy-id,ssh-copy-id,1.0,exact,confident,name identical in both managers; homepages 'https://www.openssh.com/' vs '',
ssh-mitm,,0.0,none,missing,no exact/normalized/alias/homepage evidence; no lookalikes either,
ssh-vault,,0.0,none,missing,no exact/normalized/alias/homepage evidence; no lookalikes either,
ssh3,,0.0,none,missing,no exact/normalized/alias/homepage evidence; no lookalikes either,
sshfs,sshfs,1.0,exact,confident,name identical in both managers; homepages 'https://github.com/libfuse/sshfs' vs 'http://fuse.sourceforge.net/sshfs.html',
sshguard,,0.0,none,missing,no exact/normalized/alias/homepage evidence; no lookalikes either,
sshpass,,0.0,none,needs-review,no exact/normalized/alias/homepage evidence; fuzzy suggestions listed for review,spass
sshportal,,0.0,none,missing,no exact/normalized/alias/homepage evidence; no lookalikes either,
sshs,,0.0,none,needs-review,no exact/normalized/alias/homepage evidence; fuzzy suggestions listed for review,sshfs
sshtrix,,0.0,none,missing,no exact/normalized/alias/homepage evidence; no lookalikes either,
sshuttle,,0.0,none,missing,no exact/normalized/alias/homepage evidence; no lookalikes either,
sshx,,0.0,none,missing,no exact/normalized/alias/homepage evidence; no lookalikes either,
ssldump,,0.0,none,missing,no exact/normalized/alias/homepage evidence; no lookalikes either,
sslh,,0.0,none,missing,no exact/normalized/alias/homepage evidence; no lookalikes either,
ssllabs-scan,,0.0,none,missing,no exact/normalized/alias/homepage evidence; no lookalikes either,
sslmate,,0.0,none,missing,no exact/normalized/alias/homepage evidence; no lookalikes either,
sslscan,,0.0,none,missing,no exact/normalized/alias/homepage evidence; no lookalikes either,
sslsplit,,0.0,none,needs-review,no exact/normalized/alias/homepage evidence; fuzzy suggestions listed for review,lxsplit
ssocr,,0.0,none,missing,no exact/normalized/alias/homepage evidence; no lookalikes either,
sss-cli,,0.0,none,missing,no exact/normalized/alias/homepage evidence; no lookalikes either,
ssss,,0.0,none,missing,no exact/normalized/alias/homepage evidence; no lookalikes either,
sstp-client,,0.0,none,missing,no exact/normalized/alias/homepage evidence; no lookalikes either,
st,,0.0,none,needs-review,no exact/normalized/alias/homepage evidence; fuzzy suggestions listed for review,ast; kst
stackql,,0.0,none,missing,no exact/normalized/alias/homepage evidence; no lookalikes either,
stanc3,,0.0,none,missing,no exact/normalized/alias/homepage evidence; no lookalikes either,
standard,,0.0,none,missing,no exact/normalized/alias/homepage evidence; no lookalikes either,
standardebooks,,0.0,none,missing,no exact/normalized/alias/homepage evidence; no lookalikes either,
standardese,,0.0,none,missing,no exact/normalized/alias/homepage evidence; no lookalikes either,
stanford-corenlp,,0.0,none,missing,no exact/normalized/alias/homepage evidence; no lookalikes either,
stanford-ner,,0.0,none,missing,no exact/normalized/alias/homepage evidence; no lookalikes either,
stanford-parser,,0.0,none,missing,no exact/normalized/alias/homepage evidence; no lookalikes either,
staq,,0.0,none,missing,no exact/normalized/alias/homepage evidence; no lookalikes either,
star,star,1.0,exact,confident,name identical in both managers; homepages 'https://codeberg.org/schilytools/schilytools' vs 'http://cdrecord.berlios.de/old/private/star.html',
starlark-rust,,0.0,none,missing,no exact/normalized/alias/homepage evidence; no lookalikes either,
starship,,0.0,none,missing,no exact/normalized/alias/homepage evidence; no lookalikes either,
startup-notification,startup-notification,1.0,exact,confident,name identical in both managers; homepages 'https://www.freedesktop.org/wiki/Software/startup-notification/' vs 'http://www.gnome.org/',
statesmith,,0.0,none,missing,no exact/normalized/alias/homepage evidence; no lookalikes either,
static-web-apps-cli,,0.0,none,missing,no exact/normalized/alias/homepage evidence; no lookalikes either,
static-web-server,,0.0,none,missing,no exact/normalized/alias/homepage evidence; no lookalikes either,
staticcheck,,0.0,none,missing,no exact/normalized/alias/homepage evidence; no lookalikes either,
statix,,0.0,none,needs-review,no exact/normalized/alias/homepage evidence; fuzzy suggestions listed for review,stax
stdman,,0.0,none,missing,no exact/normalized/alias/homepage evidence; no lookalikes either,
steamguard-cli,,0.0,none,missing,no exact/normalized/alias/homepage evidence; no lookalikes either,
steampipe,,0.0,none,missing,no exact/normalized/alias/homepage evidence; no lookalikes either,
stella,stella,1.0,exact,confident,name identical in both managers; homepages 'https://stella-emu.github.io/' vs 'http://stella.sourceforge.net',
stellar-cli,,0.0,none,needs-review,no exact/normalized/alias/homepage evidence; fuzzy suggestions listed for review,stellarium
stellar-core,,0.0,none,missing,no exact/normalized/alias/homepage evidence; no lookalikes either,
stellar-xdr,,0.0,none,missing,no exact/normalized/alias/homepage evidence; no lookalikes either,
stencil,,0.0,none,missing,no exact/normalized/alias/homepage evidence; no lookalikes either,
step,,0.0,none,missing,no exact/normalized/alias/homepage evidence; no lookalikes either,
stepci,,0.0,none,missing,no exact/normalized/alias/homepage evidence; no lookalikes either,
stern,,0.0,none,missing,no exact/normalized/alias/homepage evidence; no lookalikes either,
stgit,stgit,1.0,exact,confident,name identical in both managers; homepages 'https://stacked-git.github.io' vs 'https://gna.org/projects/stgit/',
stk,,0.0,none,needs-review,no exact/normalized/alias/homepage evidence; fuzzy suggestions listed for review,satk
stlink,,0.0,none,needs-review,no exact/normalized/alias/homepage evidence; fuzzy suggestions listed for review,fastlink
stm32flash,,0.0,none,missing,no exact/normalized/alias/homepage evidence; no lookalikes either,
stockfish,,0.0,none,missing,no exact/normalized/alias/homepage evidence; no lookalikes either,
stoken,,0.0,none,missing,no exact/normalized/alias/homepage evidence; no lookalikes either,
stolon,,0.0,none,missing,no exact/normalized/alias/homepage evidence; no lookalikes either,
stone,stone,1.0,exact,confident,name identical in both managers; homepages 'https://www.gcd.org/sengoku/stone/' vs 'http://sourceforge.jp/projects/stone',
storj-uplink,,0.0,none,missing,no exact/normalized/alias/homepage evidence; no lookalikes either,
storm,,0.0,none,missing,no exact/normalized/alias/homepage evidence; no lookalikes either,
stormlib,,0.0,none,missing,no exact/normalized/alias/homepage evidence; no lookalikes either,
stormy,,0.0,none,missing,no exact/normalized/alias/homepage evidence; no lookalikes either,
stow,stow,1.0,exact,confident,name identical in both managers; homepages 'https://www.gnu.org/software/stow/' vs 'http://www.gnu.org/software/stow/stow.html',
stp,,0.0,none,missing,no exact/normalized/alias/homepage evidence; no lookalikes either,
strace,,0.0,none,needs-review,no exact/normalized/alias/homepage evidence; fuzzy suggestions listed for review,dnstracer
strands-agents-sops,,0.0,none,missing,no exact/normalized/alias/homepage evidence; no lookalikes either,
streamlink,,0.0,none,missing,no exact/normalized/alias/homepage evidence; no lookalikes either,
streamrip,,0.0,none,needs-review,no exact/normalized/alias/homepage evidence; fuzzy suggestions listed for review,streamripper
streamripper,streamripper,1.0,exact,confident,name identical in both managers; homepages 'https://streamripper.sourceforge.net/' vs 'http://streamripper.sourceforge.net/',
streamvbyte,,0.0,none,missing,no exact/normalized/alias/homepage evidence; no lookalikes either,
stress,,0.0,none,missing,no exact/normalized/alias/homepage evidence; no lookalikes either,
stress-ng,,0.0,none,missing,no exact/normalized/alias/homepage evidence; no lookalikes either,
stringtie,,0.0,none,needs-review,no exact/normalized/alias/homepage evidence; fuzzy suggestions listed for review,strigi
strip-nondeterminism,,0.0,none,missing,no exact/normalized/alias/homepage evidence; no lookalikes either,
stripe-cli,,0.0,none,missing,no exact/normalized/alias/homepage evidence; no lookalikes either,
stripe-mock,,0.0,none,missing,no exact/normalized/alias/homepage evidence; no lookalikes either,
strongswan,,0.0,none,missing,no exact/normalized/alias/homepage evidence; no lookalikes either,
structurizr,,0.0,none,missing,no exact/normalized/alias/homepage evidence; no lookalikes either,
structurizr-cli,,0.0,none,missing,no exact/normalized/alias/homepage evidence; no lookalikes either,
sttr,,0.0,none,missing,no exact/normalized/alias/homepage evidence; no lookalikes either,
stu,,0.0,none,missing,no exact/normalized/alias/homepage evidence; no lookalikes either,
stubby,,0.0,none,missing,no exact/normalized/alias/homepage evidence; no lookalikes either,
stuffbin,,0.0,none,missing,no exact/normalized/alias/homepage evidence; no lookalikes either,
stunnel,,0.0,none,needs-review,no exact/normalized/alias/homepage evidence; same homepage 'https://www.stunnel.org/' as 'stunnel4' but desc overlap only 0.00; fuzzy suggestions listed for review,stunnel4; 6tunnel
stuntman,,0.0,none,missing,no exact/normalized/alias/homepage evidence; no lookalikes either,
style-check,,0.0,none,needs-review,no exact/normalized/alias/homepage evidence; fuzzy suggestions listed for review,styleclock
style-dictionary,,0.0,none,missing,no exact/normalized/alias/homepage evidence; no lookalikes either,
stylelint,,0.0,none,missing,no exact/normalized/alias/homepage evidence; no lookalikes either,
stylish-haskell,,0.0,none,missing,no exact/normalized/alias/homepage evidence; no lookalikes either,
stylua,,0.0,none,missing,no exact/normalized/alias/homepage evidence; no lookalikes either,
sub2srt,,0.0,none,missing,no exact/normalized/alias/homepage evidence; no lookalikes either,
subfinder,,0.0,none,missing,no exact/normalized/alias/homepage evidence; no lookalikes either,
subliminal,,0.0,none,missing,no exact/normalized/alias/homepage evidence; no lookalikes either,
subnetcalc,,0.0,none,missing,no exact/normalized/alias/homepage evidence; no lookalikes either,
subversion,,0.0,ambiguous,needs-review,alias 'svn' looks like a different program (homepages 'https://subversion.apache.org/' vs 'http://subversion.tigris.org/'),svn
sugarjar,,0.0,none,missing,no exact/normalized/alias/homepage evidence; no lookalikes either,
sui,,0.0,none,missing,no exact/normalized/alias/homepage evidence; no lookalikes either,
suil,,0.0,none,missing,no exact/normalized/alias/homepage evidence; no lookalikes either,
suite-sparse,suitesparse,0.96,normalized,confident,'suite-sparse' ~ 'suitesparse' after case/punctuation folding,
summarize,,0.0,none,missing,no exact/normalized/alias/homepage evidence; no lookalikes either,
sundials,sundials,1.0,exact,confident,name identical in both managers; homepages 'https://computing.llnl.gov/projects/sundials' vs 'https://computation.llnl.gov/casc/sundials/main.html',
supabase,,0.0,none,missing,no exact/normalized/alias/homepage evidence; no lookalikes either,
supabase-mcp-server,,0.0,none,missing,no exact/normalized/alias/homepage evidence; no lookalikes either,
superfile,,0.0,none,missing,no exact/normalized/alias/homepage evidence; no lookalikes either,
superhtml,,0.0,none,missing,no exact/normalized/alias/homepage evidence; no lookalikes either,
superlu,,0.0,none,missing,no exact/normalized/alias/homepage evidence; no lookalikes either,
supermodel,,0.0,none,missing,no exact/normalized/alias/homepage evidence; no lookalikes either,
superseedr,,0.0,none,missing,no exact/normalized/alias/homepage evidence; no lookalikes either,
supertux,,0.0,none,needs-review,no exact/normalized/alias/homepage evidence; fuzzy suggestions listed for review,supertuxkart
supervisor,,0.0,none,missing,no exact/normalized/alias/homepage evidence; no lookalikes either,
surelog,,0.0,none,missing,no exact/normalized/alias/homepage evidence; no lookalikes either,
surfer,surfer,1.0,exact,confident,name identical in both managers; homepages 'https://surfer-project.org/' vs 'http://www.imaginary2008.de/surfer.php',
surfraw,surfraw,1.0,exact,confident,name identical in both managers; homepages 'https://gitlab.com/surfraw/Surfraw' vs 'http://surfraw.sourceforge.net/',
suricata,,0.0,none,missing,no exact/normalized/alias/homepage evidence; no lookalikes either,
sv2v,,0.0,none,missing,no exact/normalized/alias/homepage evidence; no lookalikes either,
svg2pdf,,0.0,none,needs-review,no exact/normalized/alias/homepage evidence; same homepage 'https://cairographics.org/' as 'cairomm-1.16.1-shlibs' but desc overlap only 0.09; versions '0.1.3' vs '1.18.0'; no lookalikes either,
svg2png,,0.0,none,needs-review,no exact/normalized/alias/homepage evidence; same homepage 'https://cairographics.org/' as 'cairo' but desc overlap only 0.00; versions '0.1.3' vs '1.16.0'; no lookalikes either,
svgbob,,0.0,none,missing,no exact/normalized/alias/homepage evidence; no lookalikes either,
svgo,,0.0,none,missing,no exact/normalized/alias/homepage evidence; no lookalikes either,
svlang,,0.0,none,needs-review,no exact/normalized/alias/homepage evidence; fuzzy suggestions listed for review,slang; slang2
svlint,,0.0,none,needs-review,no exact/normalized/alias/homepage evidence; fuzzy suggestions listed for review,splint; svn-client
svls,,0.0,none,missing,no exact/normalized/alias/homepage evidence; no lookalikes either,
svt-av1,,0.0,none,missing,no exact/normalized/alias/homepage evidence; no lookalikes either,
svt-vp9,,0.0,none,missing,no exact/normalized/alias/homepage evidence; no lookalikes either,
svtplay-dl,,0.0,none,missing,no exact/normalized/alias/homepage evidence; no lookalikes either,
svu,,0.0,none,missing,no exact/normalized/alias/homepage evidence; no lookalikes either,
swag,,0.0,none,missing,no exact/normalized/alias/homepage evidence; no lookalikes either,
swagger-codegen,,0.0,none,missing,no exact/normalized/alias/homepage evidence; no lookalikes either,
swagger-codegen@2,,0.0,none,missing,no exact/normalized/alias/homepage evidence; no lookalikes either,
swagger2markup-cli,,0.0,none,missing,no exact/normalized/alias/homepage evidence; no lookalikes either,
swaks,,0.0,none,missing,no exact/normalized/alias/homepage evidence; no lookalikes either,
swc,,0.0,none,missing,no exact/normalized/alias/homepage evidence; no lookalikes either,
swctl,,0.0,none,missing,no exact/normalized/alias/homepage evidence; no lookalikes either,
swfmill,swfmill,1.0,exact,confident,name identical in both managers; homepages 'https://www.swfmill.org/' vs 'http://swfmill.org',
swftools,swftools,1.0,exact,confident,name identical in both managers; homepages 'https://github.com/swftools/swftools' vs '',
swgp-go,,0.0,none,missing,no exact/normalized/alias/homepage evidence; no lookalikes either,
swi-prolog,swi-prolog,1.0,exact,confident,name identical in both managers; homepages 'https://www.swi-prolog.org/' vs 'http://www.swi-prolog.org/',
swift,,0.0,none,missing,no exact/normalized/alias/homepage evidence; no lookalikes either,
swift-format,,0.0,none,missing,no exact/normalized/alias/homepage evidence; no lookalikes either,
swift-outdated,,0.0,none,missing,no exact/normalized/alias/homepage evidence; no lookalikes either,
swift-protobuf,,0.0,none,missing,no exact/normalized/alias/homepage evidence; no lookalikes either,
swift-section,,0.0,none,missing,no exact/normalized/alias/homepage evidence; no lookalikes either,
swift-sh,,0.0,none,missing,no exact/normalized/alias/homepage evidence; no lookalikes either,
swiftdraw,,0.0,none,missing,no exact/normalized/alias/homepage evidence; no lookalikes either,
swiftformat,,0.0,none,missing,no exact/normalized/alias/homepage evidence; no lookalikes either,
swiftgen,,0.0,none,missing,no exact/normalized/alias/homepage evidence; no lookalikes either,
swiftlint,,0.0,none,missing,no exact/normalized/alias/homepage evidence; no lookalikes either,
swiftly,,0.0,none,missing,no exact/normalized/alias/homepage evidence; no lookalikes either,
swiftplantuml,,0.0,none,missing,no exact/normalized/alias/homepage evidence; no lookalikes either,
swig,swig,1.0,exact,confident,name identical in both managers; homepages 'https://www.swig.org/' vs 'http://www.swig.org/',
switch-lan-play,,0.0,none,missing,no exact/normalized/alias/homepage evidence; no lookalikes either,
switchaudio-osx,,0.0,none,missing,no exact/normalized/alias/homepage evidence; no lookalikes either,
sword,,0.0,none,missing,no exact/normalized/alias/homepage evidence; no lookalikes either,
swtpm,,0.0,none,missing,no exact/normalized/alias/homepage evidence; no lookalikes either,
syft,,0.0,none,missing,no exact/normalized/alias/homepage evidence; no lookalikes either,
sylph,,0.0,none,missing,no exact/normalized/alias/homepage evidence; no lookalikes either,
sylpheed,sylpheed,1.0,exact,confident,name identical in both managers; homepages 'https://sylpheed.sraoss.jp/en/' vs 'http://sylpheed.sraoss.jp/en',
symengine,,0.0,none,missing,no exact/normalized/alias/homepage evidence; no lookalikes either,
symfony-cli,,0.0,none,missing,no exact/normalized/alias/homepage evidence; no lookalikes either,
symlinks,symlinks,1.0,exact,confident,name identical in both managers; homepages 'https://github.com/brandt/symlinks' vs '',
synchrony,,0.0,none,missing,no exact/normalized/alias/homepage evidence; no lookalikes either,
syncthing,,0.0,none,missing,no exact/normalized/alias/homepage evidence; no lookalikes either,
synergy-core,synergy,0.95,alias,confident,listed as alias/oldname of 'synergy-core',
synfig,synfig,1.0,exact,confident,name identical in both managers; homepages 'https://www.synfig.org/' vs 'http://synfig.org/',
synscan,,0.0,none,missing,no exact/normalized/alias/homepage evidence; no lookalikes either,
syntaxerl,,0.0,none,missing,no exact/normalized/alias/homepage evidence; no lookalikes either,
sysaidmin,,0.0,none,missing,no exact/normalized/alias/homepage evidence; no lookalikes either,
sysbench,,0.0,none,missing,no exact/normalized/alias/homepage evidence; no lookalikes either,
sysdig,,0.0,none,missing,no exact/normalized/alias/homepage evidence; no lookalikes either,
syslog-ng,,0.0,none,missing,no exact/normalized/alias/homepage evidence; no lookalikes either,
sysprof,,0.0,none,missing,no exact/normalized/alias/homepage evidence; no lookalikes either,
sysstat,,0.0,none,missing,no exact/normalized/alias/homepage evidence; no lookalikes either,
systemc,,0.0,none,needs-review,no exact/normalized/alias/homepage evidence; fuzzy suggestions listed for review,mbsystem
systemd,,0.0,none,needs-review,no exact/normalized/alias/homepage evidence; fuzzy suggestions listed for review,mbsystem
systemd-lsp,,0.0,none,missing,no exact/normalized/alias/homepage evidence; no lookalikes either,
syswatch,,0.0,none,missing,no exact/normalized/alias/homepage evidence; no lookalikes either,
t-completion,,0.0,none,needs-review,no exact/normalized/alias/homepage evidence; fuzzy suggestions listed for review,bash-completion
t-rec,,0.0,none,needs-review,no exact/normalized/alias/homepage evidence; fuzzy suggestions listed for review,tre; treecc; ttyrec
t1lib,,0.0,none,needs-review,no exact/normalized/alias/homepage evidence; fuzzy suggestions listed for review,t1lib1; t1lib5; tklib
t1utils,t1utils,1.0,exact,confident,name identical in both managers; homepages 'https://www.lcdf.org/type/' vs 'http://www.lcdf.org/~eddietwo/type/#t1utils',
t2sz,,0.0,none,missing,no exact/normalized/alias/homepage evidence; no lookalikes either,
ta-lib,,0.0,none,needs-review,no exact/normalized/alias/homepage evidence; fuzzy suggestions listed for review,taglib; aalib; tklib
tabiew,,0.0,none,missing,no exact/normalized/alias/homepage evidence; no lookalikes either,
tabixpp,,0.0,none,needs-review,no exact/normalized/alias/homepage evidence; fuzzy suggestions listed for review,tabix
tabulate,,0.0,none,missing,no exact/normalized/alias/homepage evidence; no lookalikes either,
tach,,0.0,none,needs-review,no exact/normalized/alias/homepage evidence; fuzzy suggestions listed for review,dtach
tag,,0.0,none,missing,no exact/normalized/alias/homepage evidence; no lookalikes either,
taglib,taglib,1.0,exact,confident,name identical in both managers; homepages 'https://taglib.org/' vs 'http://ktown.kde.org/~wheeler/taglib.html',
tagref,,0.0,none,missing,no exact/normalized/alias/homepage evidence; no lookalikes either,
tailcat,,0.0,none,missing,no exact/normalized/alias/homepage evidence; no lookalikes either,
tailor,,0.0,none,missing,no exact/normalized/alias/homepage evidence; no lookalikes either,
tailscale,,0.0,none,missing,no exact/normalized/alias/homepage evidence; no lookalikes either,
tailspin,,0.0,none,missing,no exact/normalized/alias/homepage evidence; no lookalikes either,
tailwindcss,,0.0,none,missing,no exact/normalized/alias/homepage evidence; no lookalikes either,
tailwindcss-language-server,,0.0,none,missing,no exact/normalized/alias/homepage evidence; no lookalikes either,
takt,,0.0,none,needs-review,no exact/normalized/alias/homepage evidence; fuzzy suggestions listed for review,taktuk
taktuk,taktuk,1.0,exact,confident,name identical in both managers; homepages 'https://taktuk.gitlabpages.inria.fr/' vs 'http://taktuk.gforge.inria.fr',
tal,,0.0,none,missing,no exact/normalized/alias/homepage evidence; no lookalikes either,
talhelper,,0.0,none,missing,no exact/normalized/alias/homepage evidence; no lookalikes either,
talisman,,0.0,none,missing,no exact/normalized/alias/homepage evidence; no lookalikes either,
talloc,libtalloc2,0.9,homepage,confident,same upstream 'https://talloc.samba.org/' (desc overlap 0.44),
talm,,0.0,none,missing,no exact/normalized/alias/homepage evidence; no lookalikes either,
talosctl,,0.0,none,missing,no exact/normalized/alias/homepage evidence; no lookalikes either,
tanka,,0.0,none,missing,no exact/normalized/alias/homepage evidence; no lookalikes either,
taplo,,0.0,none,missing,no exact/normalized/alias/homepage evidence; no lookalikes either,
taproom,,0.0,none,missing,no exact/normalized/alias/homepage evidence; no lookalikes either,
tarantool,,0.0,none,missing,no exact/normalized/alias/homepage evidence; no lookalikes either,
tarlz,,0.0,none,missing,no exact/normalized/alias/homepage evidence; no lookalikes either,
tarsnap,,0.0,none,missing,no exact/normalized/alias/homepage evidence; no lookalikes either,
tarsnap-gui,,0.0,none,missing,no exact/normalized/alias/homepage evidence; no lookalikes either,
tarsnapper,,0.0,none,missing,no exact/normalized/alias/homepage evidence; no lookalikes either,
tartufo,,0.0,none,missing,no exact/normalized/alias/homepage evidence; no lookalikes either,
task,task,1.0,exact,confident,name identical in both managers; homepages 'https://taskwarrior.org/' vs 'http://www.taskwarrior.org',
task-spooler,,0.0,none,missing,no exact/normalized/alias/homepage evidence; no lookalikes either,
taskflow,,0.0,none,missing,no exact/normalized/alias/homepage evidence; no lookalikes either,
taskline,,0.0,none,missing,no exact/normalized/alias/homepage evidence; no lookalikes either,
taskopen,,0.0,none,missing,no exact/normalized/alias/homepage evidence; no lookalikes either,
tasksh,,0.0,none,needs-review,no exact/normalized/alias/homepage evidence; fuzzy suggestions listed for review,task
taskwarrior-tui,,0.0,none,missing,no exact/normalized/alias/homepage evidence; no lookalikes either,
tass64,,0.0,none,missing,no exact/normalized/alias/homepage evidence; no lookalikes either,
taze,,0.0,none,missing,no exact/normalized/alias/homepage evidence; no lookalikes either,
tbb,,0.0,none,missing,no exact/normalized/alias/homepage evidence; no lookalikes either,
tbls,,0.0,none,needs-review,no exact/normalized/alias/homepage evidence; fuzzy suggestions listed for review,ntbtls
tbox,,0.0,none,needs-review,no exact/normalized/alias/homepage evidence; fuzzy suggestions listed for review,box
tcc,,0.0,none,missing,no exact/normalized/alias/homepage evidence; no lookalikes either,
tccutil,,0.0,none,missing,no exact/normalized/alias/homepage evidence; no lookalikes either,
tcl-tk,tcltk,0.96,normalized,confident,'tcl-tk' ~ 'tcltk' after case/punctuation folding,
tcl-tk@8,,0.0,none,needs-review,no exact/normalized/alias/homepage evidence; fuzzy suggestions listed for review,tcltk
tclap,tclap,1.0,exact,confident,name identical in both managers; homepages 'https://tclap.sourceforge.net/' vs 'http://tclap.sourceforge.net/',
tcpdump,tcpdump,1.0,exact,confident,name identical in both managers; homepages 'https://www.tcpdump.org/' vs 'http://www.tcpdump.org/',
tcpflow,tcpflow,1.0,exact,confident,name identical in both managers; homepages 'https://github.com/simsong/tcpflow' vs 'http://www.circlemud.org/~jelson/software/tcpflow/',
tcping,,0.0,none,needs-review,no exact/normalized/alias/homepage evidence; fuzzy suggestions listed for review,gtping
tcpkali,,0.0,none,missing,no exact/normalized/alias/homepage evidence; no lookalikes either,
tcpreplay,tcpreplay,1.0,exact,confident,name identical in both managers; homepages 'https://tcpreplay.appneta.com/' vs 'http://tcpreplay.sourceforge.net/',
tcpsplit,,0.0,none,missing,no exact/normalized/alias/homepage evidence; no lookalikes either,
tcpstat,,0.0,none,missing,no exact/normalized/alias/homepage evidence; no lookalikes either,
tcptraceroute,tcptraceroute,1.0,exact,confident,name identical in both managers; homepages 'https://github.com/mct/tcptraceroute' vs 'http://michael.toren.net/code/tcptraceroute/',
tcptunnel,,0.0,none,missing,no exact/normalized/alias/homepage evidence; no lookalikes either,
tcsh,tcsh,1.0,exact,confident,name identical in both managers; homepages 'https://www.tcsh.org/' vs 'http://www.dubois.ws/software/csh-tcsh-book/',
tctl,,0.0,none,missing,no exact/normalized/alias/homepage evidence; no lookalikes either,
td,,0.0,none,missing,no exact/normalized/alias/homepage evidence; no lookalikes either,
tdb,libtdb1,0.9,homepage,confident,same upstream 'https://tdb.samba.org/' (desc overlap 0.33),
tdf,,0.0,none,missing,no exact/normalized/alias/homepage evidence; no lookalikes either,
tdlib,,0.0,none,needs-review,no exact/normalized/alias/homepage evidence; fuzzy suggestions listed for review,tklib
tdom,,0.0,none,missing,no exact/normalized/alias/homepage evidence; no lookalikes either,
tea,tea,1.0,exact,confident,name identical in both managers; homepages 'https://gitea.com/gitea/tea' vs 'http://tea-editor.sourceforge.net/',
tealdeer,,0.0,none,missing,no exact/normalized/alias/homepage evidence; no lookalikes either,
teamtype,,0.0,none,missing,no exact/normalized/alias/homepage evidence; no lookalikes either,
technitium-dns,,0.0,none,missing,no exact/normalized/alias/homepage evidence; no lookalikes either,
technitium-library,,0.0,none,missing,no exact/normalized/alias/homepage evidence; no lookalikes either,
tectonic,,0.0,none,missing,no exact/normalized/alias/homepage evidence; no lookalikes either,
teem,,0.0,none,missing,no exact/normalized/alias/homepage evidence; no lookalikes either,
teensy_loader_cli,,0.0,none,missing,no exact/normalized/alias/homepage evidence; no lookalikes either,
teip,,0.0,none,missing,no exact/normalized/alias/homepage evidence; no lookalikes either,
tektoncd-cli,,0.0,none,missing,no exact/normalized/alias/homepage evidence; no lookalikes either,
teku,,0.0,none,missing,no exact/normalized/alias/homepage evidence; no lookalikes either,
tele,,0.0,none,needs-review,no exact/normalized/alias/homepage evidence; fuzzy suggestions listed for review,telnet
telegraf,,0.0,none,missing,no exact/normalized/alias/homepage evidence; no lookalikes either,
telegram-downloader,,0.0,none,missing,no exact/normalized/alias/homepage evidence; no lookalikes either,
telegram-send,,0.0,none,missing,no exact/normalized/alias/homepage evidence; no lookalikes either,
teleport,,0.0,none,missing,no exact/normalized/alias/homepage evidence; no lookalikes either,
television,,0.0,none,missing,no exact/normalized/alias/homepage evidence; no lookalikes either,
teller,,0.0,none,missing,no exact/normalized/alias/homepage evidence; no lookalikes either,
telnet,telnet,1.0,exact,confident,name identical in both managers; homepages 'https://opensource.apple.com/' vs 'https://opensource.apple.com/source/remote_cmds/remote_cmds-54.50.1/telnet.tproj/',
telnetd,,0.0,none,needs-review,no exact/normalized/alias/homepage evidence; same homepage 'https://opensource.apple.com/' as 'dsc-extractor' but desc overlap only 0.00; versions '308' vs '519.2.2'; fuzzy suggestions listed for review,telnet
templ,,0.0,none,needs-review,no exact/normalized/alias/homepage evidence; fuzzy suggestions listed for review,tempo
template-glib,,0.0,none,missing,no exact/normalized/alias/homepage evidence; no lookalikes either,
temporal,,0.0,none,missing,no exact/normalized/alias/homepage evidence; no lookalikes either,
temporal_tables,,0.0,none,missing,no exact/normalized/alias/homepage evidence; no lookalikes either,
tendermint,,0.0,none,missing,no exact/normalized/alias/homepage evidence; no lookalikes either,
tenere,,0.0,none,missing,no exact/normalized/alias/homepage evidence; no lookalikes either,
tengo,,0.0,none,missing,no exact/normalized/alias/homepage evidence; no lookalikes either,
tenv,,0.0,none,missing,no exact/normalized/alias/homepage evidence; no lookalikes either,
tenyr,,0.0,none,missing,no exact/normalized/alias/homepage evidence; no lookalikes either,
tere,,0.0,none,needs-review,no exact/normalized/alias/homepage evidence; fuzzy suggestions listed for review,tre
termbg,,0.0,none,missing,no exact/normalized/alias/homepage evidence; no lookalikes either,
termbox,,0.0,none,missing,no exact/normalized/alias/homepage evidence; no lookalikes either,
termcolor,,0.0,none,missing,no exact/normalized/alias/homepage evidence; no lookalikes either,
termframe,,0.0,none,missing,no exact/normalized/alias/homepage evidence; no lookalikes either,
terminal-notifier,,0.0,none,missing,no exact/normalized/alias/homepage evidence; no lookalikes either,
terminalimageviewer,,0.0,none,missing,no exact/normalized/alias/homepage evidence; no lookalikes either,
terminator,terminator,1.0,exact,confident,name identical in both managers; homepages 'https://gnome-terminator.org' vs 'http://www.tenshu.net/terminator',
termrec,,0.0,none,missing,no exact/normalized/alias/homepage evidence; no lookalikes either,
termscp,,0.0,none,missing,no exact/normalized/alias/homepage evidence; no lookalikes either,
termshark,,0.0,none,missing,no exact/normalized/alias/homepage evidence; no lookalikes either,
termshot,,0.0,none,missing,no exact/normalized/alias/homepage evidence; no lookalikes either,
termsvg,,0.0,none,missing,no exact/normalized/alias/homepage evidence; no lookalikes either,
termusic,,0.0,none,missing,no exact/normalized/alias/homepage evidence; no lookalikes either,
tern,,0.0,none,missing,no exact/normalized/alias/homepage evidence; no lookalikes either,
terracognita,,0.0,none,missing,no exact/normalized/alias/homepage evidence; no lookalikes either,
terraform-cleaner,,0.0,none,missing,no exact/normalized/alias/homepage evidence; no lookalikes either,
terraform-docs,,0.0,none,needs-review,no exact/normalized/alias/homepage evidence; fuzzy suggestions listed for review,terraform
terraform-graph-beautifier,,0.0,none,missing,no exact/normalized/alias/homepage evidence; no lookalikes either,
terraform-iam-policy-validator,,0.0,none,missing,no exact/normalized/alias/homepage evidence; no lookalikes either,
terraform-inventory,,0.0,none,missing,no exact/normalized/alias/homepage evidence; no lookalikes either,
terraform-local,,0.0,none,missing,no exact/normalized/alias/homepage evidence; no lookalikes either,
terraform-ls,,0.0,none,needs-review,no exact/normalized/alias/homepage evidence; fuzzy suggestions listed for review,terraform
terraform-lsp,,0.0,none,needs-review,no exact/normalized/alias/homepage evidence; fuzzy suggestions listed for review,terraform
terraform-mcp-server,,0.0,none,missing,no exact/normalized/alias/homepage evidence; no lookalikes either,
terraform-module-versions,,0.0,none,missing,no exact/normalized/alias/homepage evidence; no lookalikes either,
terraform-provider-libvirt,,0.0,none,missing,no exact/normalized/alias/homepage evidence; no lookalikes either,
terraform_landscape,,0.0,none,missing,no exact/normalized/alias/homepage evidence; no lookalikes either,
terraformer,,0.0,none,needs-review,no exact/normalized/alias/homepage evidence; fuzzy suggestions listed for review,terraform
terragrunt,,0.0,none,missing,no exact/normalized/alias/homepage evidence; no lookalikes either,
terragrunt-atlantis-config,,0.0,none,missing,no exact/normalized/alias/homepage evidence; no lookalikes either,
terrahash,,0.0,none,missing,no exact/normalized/alias/homepage evidence; no lookalikes either,
terrahelp,,0.0,none,missing,no exact/normalized/alias/homepage evidence; no lookalikes either,
terrahub,,0.0,none,missing,no exact/normalized/alias/homepage evidence; no lookalikes either,
terramaid,,0.0,none,missing,no exact/normalized/alias/homepage evidence; no lookalikes either,
terramate,,0.0,none,missing,no exact/normalized/alias/homepage evidence; no lookalikes either,
terrapin-scanner,,0.0,none,missing,no exact/normalized/alias/homepage evidence; no lookalikes either,
terrascan,,0.0,none,missing,no exact/normalized/alias/homepage evidence; no lookalikes either,
terratag,,0.0,none,missing,no exact/normalized/alias/homepage evidence; no lookalikes either,
teslamate,,0.0,none,missing,no exact/normalized/alias/homepage evidence; no lookalikes either,
tesseract,tesseract,1.0,exact,confident,name identical in both managers; homepages 'https://tesseract-ocr.github.io/' vs 'http://code.google.com/p/tesseract-ocr/',
tesseract-lang,,0.0,none,needs-review,no exact/normalized/alias/homepage evidence; fuzzy suggestions listed for review,tesseract-lang-all; tesseract
testdisk,testdisk,1.0,exact,confident,name identical in both managers; homepages 'https://www.cgsecurity.org/wiki/TestDisk' vs 'http://www.cgsecurity.org/wiki/TestDisk',
testkube,,0.0,none,missing,no exact/normalized/alias/homepage evidence; no lookalikes either,
testscript,,0.0,none,needs-review,no exact/normalized/alias/homepage evidence; fuzzy suggestions listed for review,test-script-pm
testssl,,0.0,none,missing,no exact/normalized/alias/homepage evidence; no lookalikes either,
tetra,,0.0,none,missing,no exact/normalized/alias/homepage evidence; no lookalikes either,
tevent,,0.0,none,missing,no exact/normalized/alias/homepage evidence; no lookalikes either,
tex-fmt,,0.0,none,missing,no exact/normalized/alias/homepage evidence; no lookalikes either,
texi2html,texi2html,1.0,exact,confident,name identical in both managers; homepages 'https://www.nongnu.org/texi2html/' vs 'http://www.mathematik.uni-kl.de/~obachman/Texi2html/',
texi2mdoc,,0.0,none,missing,no exact/normalized/alias/homepage evidence; no lookalikes either,
texinfo,texinfo,1.0,exact,confident,name identical in both managers; homepages 'https://www.gnu.org/software/texinfo/' vs 'http://www.gnu.org/software/texinfo/',
texlab,,0.0,none,missing,no exact/normalized/alias/homepage evidence; no lookalikes either,
texlive,,0.0,none,needs-review,no exact/normalized/alias/homepage evidence; same homepage 'https://www.tug.org/texlive/' as 'texlive%type_pkg[-nox]' but versions '20260301' vs '20240312'; no lookalikes either,
texmath,,0.0,none,needs-review,no exact/normalized/alias/homepage evidence; fuzzy suggestions listed for review,ghc-texmath
text-embeddings-inference,,0.0,none,missing,no exact/normalized/alias/homepage evidence; no lookalikes either,
textidote,,0.0,none,missing,no exact/normalized/alias/homepage evidence; no lookalikes either,
texttest,,0.0,none,missing,no exact/normalized/alias/homepage evidence; no lookalikes either,
tf-profile,,0.0,none,needs-review,no exact/normalized/alias/homepage evidence; fuzzy suggestions listed for review,fpprofiler
tf-summarize,,0.0,none,missing,no exact/normalized/alias/homepage evidence; no lookalikes either,
tfautomv,,0.0,none,missing,no exact/normalized/alias/homepage evidence; no lookalikes either,
tfclean,,0.0,none,missing,no exact/normalized/alias/homepage evidence; no lookalikes either,
tfcmt,,0.0,none,missing,no exact/normalized/alias/homepage evidence; no lookalikes either,
tfel,,0.0,none,missing,no exact/normalized/alias/homepage evidence; no lookalikes either,
tfenv,,0.0,none,missing,no exact/normalized/alias/homepage evidence; no lookalikes either,
tfk8s,,0.0,none,missing,no exact/normalized/alias/homepage evidence; no lookalikes either,
tfmcp,,0.0,none,missing,no exact/normalized/alias/homepage evidence; no lookalikes either,
tfmigrate,,0.0,none,missing,no exact/normalized/alias/homepage evidence; no lookalikes either,
tfmv,,0.0,none,missing,no exact/normalized/alias/homepage evidence; no lookalikes either,
tfocus,,0.0,none,missing,no exact/normalized/alias/homepage evidence; no lookalikes either,
tfplugingen-openapi,,0.0,none,missing,no exact/normalized/alias/homepage evidence; no lookalikes either,
tfprovidercheck,,0.0,none,missing,no exact/normalized/alias/homepage evidence; no lookalikes either,
tfproviderlint,,0.0,none,missing,no exact/normalized/alias/homepage evidence; no lookalikes either,
tfschema,,0.0,none,missing,no exact/normalized/alias/homepage evidence; no lookalikes either,
tfsec,,0.0,none,missing,no exact/normalized/alias/homepage evidence; no lookalikes either,
tfsort,,0.0,none,missing,no exact/normalized/alias/homepage evidence; no lookalikes either,
tfstate-lookup,,0.0,none,missing,no exact/normalized/alias/homepage evidence; no lookalikes either,
tftp-now,,0.0,none,missing,no exact/normalized/alias/homepage evidence; no lookalikes either,
tfupdate,,0.0,none,missing,no exact/normalized/alias/homepage evidence; no lookalikes either,
tgenv,,0.0,none,missing,no exact/normalized/alias/homepage evidence; no lookalikes either,
tgif,tgif,1.0,exact,confident,name identical in both managers; homepages 'https://sourceforge.net/projects/tgif/' vs 'http://bourbon.usc.edu/tgif/index.html',
tgpt,,0.0,none,missing,no exact/normalized/alias/homepage evidence; no lookalikes either,
tgrep,,0.0,none,needs-review,no exact/normalized/alias/homepage evidence; fuzzy suggestions listed for review,grep; agrep
tgui,,0.0,none,missing,no exact/normalized/alias/homepage evidence; no lookalikes either,
thanos,,0.0,none,missing,no exact/normalized/alias/homepage evidence; no lookalikes either,
the-way,,0.0,none,missing,no exact/normalized/alias/homepage evidence; no lookalikes either,
the_platinum_searcher,,0.0,none,missing,no exact/normalized/alias/homepage evidence; no lookalikes either,
the_silver_searcher,the-silver-searcher,0.96,normalized,confident,'the_silver_searcher' ~ 'the-silver-searcher' after case/punctuation folding,
thefuck,,0.0,none,missing,no exact/normalized/alias/homepage evidence; no lookalikes either,
theharvester,,0.0,none,missing,no exact/normalized/alias/homepage evidence; no lookalikes either,
theora,,0.0,ambiguous,needs-review,homepage shared by several targets,libtheora0; libtheora0-shlibs; libtheora1-shlibs; tora
thors-anvil,,0.0,none,missing,no exact/normalized/alias/homepage evidence; no lookalikes either,
thorvg,,0.0,none,missing,no exact/normalized/alias/homepage evidence; no lookalikes either,
thrax,,0.0,none,missing,no exact/normalized/alias/homepage evidence; no lookalikes either,
threadweaver,,0.0,none,missing,no exact/normalized/alias/homepage evidence; no lookalikes either,
threatcl,,0.0,none,missing,no exact/normalized/alias/homepage evidence; no lookalikes either,
threatdeck,,0.0,none,missing,no exact/normalized/alias/homepage evidence; no lookalikes either,
three-body,,0.0,none,missing,no exact/normalized/alias/homepage evidence; no lookalikes either,
threemux,,0.0,none,missing,no exact/normalized/alias/homepage evidence; no lookalikes either,
thrift,,0.0,none,missing,no exact/normalized/alias/homepage evidence; no lookalikes either,
thriftgo,,0.0,none,missing,no exact/normalized/alias/homepage evidence; no lookalikes either,
thrulay,,0.0,none,missing,no exact/normalized/alias/homepage evidence; no lookalikes either,
tidy-html5,,0.0,none,needs-review,no exact/normalized/alias/homepage evidence; same homepage 'https://www.html-tidy.org/' as 'libtidy5' but desc overlap only 0.04; no lookalikes either,
tidy-viewer,,0.0,none,missing,no exact/normalized/alias/homepage evidence; no lookalikes either,
tiff2png,,0.0,none,needs-review,no exact/normalized/alias/homepage evidence; fuzzy suggestions listed for review,gif2png
tig,tig,1.0,exact,confident,name identical in both managers; homepages 'https://jonas.github.io/tig/' vs 'http://jonas.nitro.dk/tig/',
tiger-vnc,,0.0,none,missing,no exact/normalized/alias/homepage evidence; no lookalikes either,
tika,,0.0,none,missing,no exact/normalized/alias/homepage evidence; no lookalikes either,
tile38,,0.0,none,needs-review,no exact/normalized/alias/homepage evidence; fuzzy suggestions listed for review,tile
tiledb,,0.0,none,needs-review,no exact/normalized/alias/homepage evidence; fuzzy suggestions listed for review,tile
tilt,,0.0,none,missing,no exact/normalized/alias/homepage evidence; no lookalikes either,
timedog,,0.0,none,missing,no exact/normalized/alias/homepage evidence; no lookalikes either,
timelimit,,0.0,none,missing,no exact/normalized/alias/homepage evidence; no lookalikes either,
timewarrior,,0.0,none,missing,no exact/normalized/alias/homepage evidence; no lookalikes either,
timg,,0.0,none,needs-review,no exact/normalized/alias/homepage evidence; fuzzy suggestions listed for review,tig
timidity,timidity++%type_pkg[uitype],0.9,homepage,confident,same upstream 'https://timidity.sourceforge.net/' (desc overlap 0.67),
timoni,,0.0,none,missing,no exact/normalized/alias/homepage evidence; no lookalikes either,
tin,tin,1.0,exact,confident,name identical in both managers; homepages 'http://www.tin.org' vs 'http://www.tin.org/',
tinc,tinc,1.0,exact,confident,name identical in both managers; homepages 'https://www.tinc-vpn.org/' vs 'http://www.tinc-vpn.org',
tini,,0.0,none,needs-review,no exact/normalized/alias/homepage evidence; fuzzy suggestions listed for review,tin
tintin,,0.0,none,missing,no exact/normalized/alias/homepage evidence; no lookalikes either,
tiny,,0.0,none,needs-review,no exact/normalized/alias/homepage evidence; fuzzy suggestions listed for review,tin
tiny-remapper,,0.0,none,missing,no exact/normalized/alias/homepage evidence; no lookalikes either,
tinycdb,,0.0,none,missing,no exact/normalized/alias/homepage evidence; no lookalikes either,
tinyice,,0.0,none,missing,no exact/normalized/alias/homepage evidence; no lookalikes either,
tinymist,,0.0,none,missing,no exact/normalized/alias/homepage evidence; no lookalikes either,
tinyproxy,tinyproxy,1.0,exact,confident,name identical in both managers; homepages 'https://tinyproxy.github.io/' vs 'http://www.banu.com/tinyproxy',
tinysearch,,0.0,none,missing,no exact/normalized/alias/homepage evidence; no lookalikes either,
tinysparql,,0.0,none,missing,no exact/normalized/alias/homepage evidence; no lookalikes either,
tinysvm,tinysvm,1.0,exact,confident,name identical in both managers; homepages 'http://chasen.org/~taku/software/TinySVM/' vs 'http://www.chasen.org/~taku/software/TinySVM/',
tinyxml2,,0.0,none,missing,no exact/normalized/alias/homepage evidence; no lookalikes either,
tio,,0.0,none,missing,no exact/normalized/alias/homepage evidence; no lookalikes either,
tippecanoe,,0.0,none,missing,no exact/normalized/alias/homepage evidence; no lookalikes either,
tirith,,0.0,none,missing,no exact/normalized/alias/homepage evidence; no lookalikes either,
titlecase,,0.0,none,missing,no exact/normalized/alias/homepage evidence; no lookalikes either,
tivodecode,,0.0,none,missing,no exact/normalized/alias/homepage evidence; no lookalikes either,
tkdiff,,0.0,none,needs-review,no exact/normalized/alias/homepage evidence; fuzzy suggestions listed for review,kdiff3
tkey-ssh-agent,,0.0,none,missing,no exact/normalized/alias/homepage evidence; no lookalikes either,
tkrzw,,0.0,none,missing,no exact/normalized/alias/homepage evidence; no lookalikes either,
tl-expected,,0.0,none,missing,no exact/normalized/alias/homepage evidence; no lookalikes either,
tldr,,0.0,none,missing,no exact/normalized/alias/homepage evidence; no lookalikes either,
tldx,,0.0,none,missing,no exact/normalized/alias/homepage evidence; no lookalikes either,
tllist,,0.0,none,missing,no exact/normalized/alias/homepage evidence; no lookalikes either,
tlrc,,0.0,none,missing,no exact/normalized/alias/homepage evidence; no lookalikes either,
tlsx,,0.0,none,missing,no exact/normalized/alias/homepage evidence; no lookalikes either,
tlx,,0.0,none,missing,no exact/normalized/alias/homepage evidence; no lookalikes either,
tmate,,0.0,none,needs-review,no exact/normalized/alias/homepage evidence; fuzzy suggestions listed for review,mdate; tmake
tmex,,0.0,none,missing,no exact/normalized/alias/homepage evidence; no lookalikes either,
tml,,0.0,none,missing,no exact/normalized/alias/homepage evidence; no lookalikes either,
tmpmail,,0.0,none,missing,no exact/normalized/alias/homepage evidence; no lookalikes either,
tmpreaper,tmpreaper,1.0,exact,confident,name identical in both managers; homepages 'https://packages.debian.org/sid/tmpreaper' vs '',
tmpwatch,,0.0,none,needs-review,no exact/normalized/alias/homepage evidence; fuzzy suggestions listed for review,mpatch
tmt,,0.0,none,missing,no exact/normalized/alias/homepage evidence; no lookalikes either,
tmux,tmux,1.0,exact,confident,name identical in both managers; homepages 'https://tmux.github.io/' vs 'http://tmux.sourceforge.net',
tmux-fingers,,0.0,none,missing,no exact/normalized/alias/homepage evidence; no lookalikes either,
tmux-mem-cpu-load,,0.0,none,missing,no exact/normalized/alias/homepage evidence; no lookalikes either,
tmux-sessionizer,,0.0,none,missing,no exact/normalized/alias/homepage evidence; no lookalikes either,
tmux-xpanes,,0.0,none,missing,no exact/normalized/alias/homepage evidence; no lookalikes either,
tmuxai,,0.0,none,needs-review,no exact/normalized/alias/homepage evidence; fuzzy suggestions listed for review,tmux
tmuxinator,,0.0,none,needs-review,no exact/normalized/alias/homepage evidence; fuzzy suggestions listed for review,terminator
tmuxinator-completion,,0.0,none,missing,no exact/normalized/alias/homepage evidence; no lookalikes either,
tmuxp,,0.0,none,needs-review,no exact/normalized/alias/homepage evidence; fuzzy suggestions listed for review,tmux
tmx,,0.0,none,needs-review,no exact/normalized/alias/homepage evidence; fuzzy suggestions listed for review,tmux
tnef,,0.0,none,needs-review,no exact/normalized/alias/homepage evidence; fuzzy suggestions listed for review,ytnef
tnftp,tnftp,1.0,exact,confident,name identical in both managers; homepages 'https://cdn.netbsd.org/pub/NetBSD/misc/tnftp/' vs 'ftp://ftp.netbsd.org/pub/pkgsrc/current/pkgsrc/net/tnftp/README.html',
tnftpd,,0.0,none,needs-review,no exact/normalized/alias/homepage evidence; fuzzy suggestions listed for review,tnftp
toast,,0.0,none,missing,no exact/normalized/alias/homepage evidence; no lookalikes either,
tock,,0.0,none,missing,no exact/normalized/alias/homepage evidence; no lookalikes either,
todo-txt,,0.0,none,missing,no exact/normalized/alias/homepage evidence; no lookalikes either,
todoist-cli,,0.0,none,missing,no exact/normalized/alias/homepage evidence; no lookalikes either,
todoist-cli-go,,0.0,none,missing,no exact/normalized/alias/homepage evidence; no lookalikes either,
todoman,,0.0,none,missing,no exact/normalized/alias/homepage evidence; no lookalikes either,
tofrodos,tofrodos,1.0,exact,confident,name identical in both managers; homepages 'https://github.com/ChristopherHeng/tofrodos' vs 'http://www.thefreecountry.com/tofrodos/',
tofu-ls,,0.0,none,missing,no exact/normalized/alias/homepage evidence; no lookalikes either,
tofuenv,,0.0,none,missing,no exact/normalized/alias/homepage evidence; no lookalikes either,
toilet,toilet,1.0,exact,confident,name identical in both managers; homepages 'http://caca.zoy.org/wiki/toilet' vs 'http://caca.zoy.org/wiki/toilet',
toipe,,0.0,none,missing,no exact/normalized/alias/homepage evidence; no lookalikes either,
tokei,,0.0,none,missing,no exact/normalized/alias/homepage evidence; no lookalikes either,
toktop,,0.0,none,missing,no exact/normalized/alias/homepage evidence; no lookalikes either,
tokyo-cabinet,tokyocabinet,0.96,normalized,confident,'tokyo-cabinet' ~ 'tokyocabinet' after case/punctuation folding,
tokyo-dystopia,,0.0,none,missing,no exact/normalized/alias/homepage evidence; no lookalikes either,
tombi,,0.0,none,missing,no exact/normalized/alias/homepage evidence; no lookalikes either,
tomcat,,0.0,none,needs-review,no exact/normalized/alias/homepage evidence; same homepage 'https://tomcat.apache.org/' as 'jakarta-servletapi-5' but versions '11.0.25' vs '2.4'; fuzzy suggestions listed for review,tomcat4; tomcat5; tomcat6
tomcat-native,,0.0,none,missing,no exact/normalized/alias/homepage evidence; no lookalikes either,
tomcat@10,,0.0,none,needs-review,no exact/normalized/alias/homepage evidence; same homepage 'https://tomcat.apache.org/' as 'jakarta-servletapi-5' but versions '10.1.59' vs '2.4'; fuzzy suggestions listed for review,tomcat4; tomcat5; tomcat6
tomcat@9,,0.0,none,needs-review,no exact/normalized/alias/homepage evidence; same homepage 'https://tomcat.apache.org/' as 'jakarta-servletapi-5' but versions '9.0.121' vs '2.4'; fuzzy suggestions listed for review,tomcat4; tomcat5; tomcat6
tomee-plume,,0.0,none,missing,no exact/normalized/alias/homepage evidence; no lookalikes either,
tomee-plus,,0.0,none,missing,no exact/normalized/alias/homepage evidence; no lookalikes either,
tomee-webprofile,,0.0,none,missing,no exact/normalized/alias/homepage evidence; no lookalikes either,
toml-bombadil,,0.0,none,missing,no exact/normalized/alias/homepage evidence; no lookalikes either,
toml-test,,0.0,none,missing,no exact/normalized/alias/homepage evidence; no lookalikes either,
toml11,,0.0,none,missing,no exact/normalized/alias/homepage evidence; no lookalikes either,
toml2json,,0.0,none,missing,no exact/normalized/alias/homepage evidence; no lookalikes either,
tomlplusplus,,0.0,none,missing,no exact/normalized/alias/homepage evidence; no lookalikes either,
toot,,0.0,none,missing,no exact/normalized/alias/homepage evidence; no lookalikes either,
topfew,,0.0,none,missing,no exact/normalized/alias/homepage evidence; no lookalikes either,
topgit,,0.0,none,missing,no exact/normalized/alias/homepage evidence; no lookalikes either,
topgrade,,0.0,none,missing,no exact/normalized/alias/homepage evidence; no lookalikes either,
topiary,,0.0,none,missing,no exact/normalized/alias/homepage evidence; no lookalikes either,
topicctl,,0.0,none,missing,no exact/normalized/alias/homepage evidence; no lookalikes either,
topydo,,0.0,none,missing,no exact/normalized/alias/homepage evidence; no lookalikes either,
tor,tor,1.0,exact,confident,name identical in both managers; homepages 'https://www.torproject.org/' vs 'http://www.torproject.org',
torchvision,,0.0,none,missing,no exact/normalized/alias/homepage evidence; no lookalikes either,
torf-cli,,0.0,none,missing,no exact/normalized/alias/homepage evidence; no lookalikes either,
torrra,,0.0,none,needs-review,no exact/normalized/alias/homepage evidence; fuzzy suggestions listed for review,tora
torsocks,torsocks,1.0,exact,confident,name identical in both managers; homepages 'https://gitlab.torproject.org/tpo/core/torsocks' vs 'https://gitweb.torproject.org/torsocks.git',
totp-cli,,0.0,none,missing,no exact/normalized/alias/homepage evidence; no lookalikes either,
touca,,0.0,none,missing,no exact/normalized/alias/homepage evidence; no lookalikes either,
tox,,0.0,none,missing,no exact/normalized/alias/homepage evidence; no lookalikes either,
toxcore,,0.0,none,missing,no exact/normalized/alias/homepage evidence; no lookalikes either,
toxiproxy,,0.0,none,missing,no exact/normalized/alias/homepage evidence; no lookalikes either,
tpack,,0.0,none,needs-review,no exact/normalized/alias/homepage evidence; fuzzy suggestions listed for review,mpack
tpix,,0.0,none,needs-review,no exact/normalized/alias/homepage evidence; fuzzy suggestions listed for review,tix
tpl,,0.0,none,missing,no exact/normalized/alias/homepage evidence; no lookalikes either,
tpm,,0.0,none,missing,no exact/normalized/alias/homepage evidence; no lookalikes either,
tproxy,,0.0,none,needs-review,no exact/normalized/alias/homepage evidence; fuzzy suggestions listed for review,proxy; ctrlproxy; tinyproxy
tracebox,,0.0,none,missing,no exact/normalized/alias/homepage evidence; no lookalikes either,
tracetest,,0.0,none,missing,no exact/normalized/alias/homepage evidence; no lookalikes either,
tractorgen,,0.0,none,missing,no exact/normalized/alias/homepage evidence; no lookalikes either,
tracy,,0.0,none,missing,no exact/normalized/alias/homepage evidence; no lookalikes either,
tracy-genomics,,0.0,none,missing,no exact/normalized/alias/homepage evidence; no lookalikes either,
tradcpp,tradcpp,1.0,exact,confident,name identical in both managers; homepages 'https://www.netbsd.org/~dholland/tradcpp/' vs 'http://ftp.netbsd.org/pub/NetBSD/misc/dholland/',
trader,,0.0,none,missing,no exact/normalized/alias/homepage evidence; no lookalikes either,
traefik,,0.0,none,missing,no exact/normalized/alias/homepage evidence; no lookalikes either,
trafficserver,,0.0,none,missing,no exact/normalized/alias/homepage evidence; no lookalikes either,
trafilatura,,0.0,none,missing,no exact/normalized/alias/homepage evidence; no lookalikes either,
traildb,,0.0,none,missing,no exact/normalized/alias/homepage evidence; no lookalikes either,
trailscraper,,0.0,none,missing,no exact/normalized/alias/homepage evidence; no lookalikes either,
transcrypt,,0.0,none,missing,no exact/normalized/alias/homepage evidence; no lookalikes either,
transifex-cli,,0.0,none,needs-review,no exact/normalized/alias/homepage evidence; fuzzy suggestions listed for review,transifex-client
translate-shell,,0.0,none,missing,no exact/normalized/alias/homepage evidence; no lookalikes either,
translate-toolkit,translate-toolkit,1.0,exact,confident,name identical in both managers; homepages 'https://toolkit.translatehouse.org/' vs 'http://translate.sourceforge.net/',
transmission-cli,transmission,0.95,alias,confident,listed as alias/oldname of 'transmission-cli',
trash,,0.0,none,missing,no exact/normalized/alias/homepage evidence; no lookalikes either,
trash-cli,,0.0,none,missing,no exact/normalized/alias/homepage evidence; no lookalikes either,
travis,,0.0,none,missing,no exact/normalized/alias/homepage evidence; no lookalikes either,
trdsql,,0.0,none,missing,no exact/normalized/alias/homepage evidence; no lookalikes either,
tre,tre,1.0,exact,confident,name identical in both managers; homepages 'https://github.com/laurikari/tre' vs 'http://www.laurikari.net/tre',
tre-command,,0.0,none,missing,no exact/normalized/alias/homepage evidence; no lookalikes either,
trec_eval,,0.0,none,missing,no exact/normalized/alias/homepage evidence; no lookalikes either,
tree,tree,1.0,exact,confident,name identical in both managers; homepages 'https://oldmanprogrammer.net/source.php?dir=projects/tree' vs 'http://mama.indstate.edu/users/ice/tree/',
tree-sitter,,0.0,none,missing,no exact/normalized/alias/homepage evidence; no lookalikes either,
tree-sitter-cli,,0.0,none,missing,no exact/normalized/alias/homepage evidence; no lookalikes either,
tree-sitter-go,,0.0,none,missing,no exact/normalized/alias/homepage evidence; no lookalikes either,
tree-sitter-python,,0.0,none,missing,no exact/normalized/alias/homepage evidence; no lookalikes either,
tree-sitter-ruby,,0.0,none,missing,no exact/normalized/alias/homepage evidence; no lookalikes either,
tree-sitter@0.25,,0.0,none,missing,no exact/normalized/alias/homepage evidence; no lookalikes either,
treecc,treecc,1.0,exact,confident,name identical in both managers; homepages 'https://gnu.org/software/dotgnu/treecc/treecc.html' vs 'http://www.southern-storm.com.au/treecc.html',
treefmt,,0.0,none,missing,no exact/normalized/alias/homepage evidence; no lookalikes either,
treefrog,,0.0,none,missing,no exact/normalized/alias/homepage evidence; no lookalikes either,
treehouse,,0.0,none,missing,no exact/normalized/alias/homepage evidence; no lookalikes either,
treemd,,0.0,none,needs-review,no exact/normalized/alias/homepage evidence; fuzzy suggestions listed for review,tree
tremor-runtime,,0.0,none,missing,no exact/normalized/alias/homepage evidence; no lookalikes either,
trezor-agent,,0.0,none,missing,no exact/normalized/alias/homepage evidence; no lookalikes either,
trezor-bridge,,0.0,none,missing,no exact/normalized/alias/homepage evidence; no lookalikes either,
triangle,triangle,1.0,exact,confident,name identical in both managers; homepages 'https://github.com/esimov/triangle' vs 'http://www-2.cs.cmu.edu/~quake/triangle.html',
trim-galore,,0.0,none,missing,no exact/normalized/alias/homepage evidence; no lookalikes either,
trimal,,0.0,none,missing,no exact/normalized/alias/homepage evidence; no lookalikes either,
trino,,0.0,none,needs-review,no exact/normalized/alias/homepage evidence; fuzzy suggestions listed for review,rhino
trippy,,0.0,none,missing,no exact/normalized/alias/homepage evidence; no lookalikes either,
triton,,0.0,none,missing,no exact/normalized/alias/homepage evidence; no lookalikes either,
trivy,,0.0,none,missing,no exact/normalized/alias/homepage evidence; no lookalikes either,
trojan-go,,0.0,none,missing,no exact/normalized/alias/homepage evidence; no lookalikes either,
tronbyt-server,,0.0,none,missing,no exact/normalized/alias/homepage evidence; no lookalikes either,
truecrack,,0.0,none,missing,no exact/normalized/alias/homepage evidence; no lookalikes either,
truffle,,0.0,none,missing,no exact/normalized/alias/homepage evidence; no lookalikes either,
trufflehog,,0.0,none,missing,no exact/normalized/alias/homepage evidence; no lookalikes either,
trunk,,0.0,none,missing,no exact/normalized/alias/homepage evidence; no lookalikes either,
trurl,,0.0,none,missing,no exact/normalized/alias/homepage evidence; no lookalikes either,
try,,0.0,none,missing,no exact/normalized/alias/homepage evidence; no lookalikes either,
try-rs,,0.0,none,missing,no exact/normalized/alias/homepage evidence; no lookalikes either,
trzsz,,0.0,none,needs-review,no exact/normalized/alias/homepage evidence; fuzzy suggestions listed for review,lrzsz
trzsz-go,,0.0,none,missing,no exact/normalized/alias/homepage evidence; no lookalikes either,
trzsz-ssh,,0.0,none,missing,no exact/normalized/alias/homepage evidence; no lookalikes either,
ts_query_ls,,0.0,none,missing,no exact/normalized/alias/homepage evidence; no lookalikes either,
tscriptify,,0.0,none,missing,no exact/normalized/alias/homepage evidence; no lookalikes either,
tsduck,,0.0,none,missing,no exact/normalized/alias/homepage evidence; no lookalikes either,
tsnet-serve,,0.0,none,missing,no exact/normalized/alias/homepage evidence; no lookalikes either,
tssh,,0.0,none,missing,no exact/normalized/alias/homepage evidence; no lookalikes either,
tsshd,,0.0,none,missing,no exact/normalized/alias/homepage evidence; no lookalikes either,
tsui,,0.0,none,missing,no exact/normalized/alias/homepage evidence; no lookalikes either,
tsung,,0.0,none,missing,no exact/normalized/alias/homepage evidence; no lookalikes either,
tt,,0.0,none,needs-review,no exact/normalized/alias/homepage evidence; fuzzy suggestions listed for review,tth
tta,,0.0,none,missing,no exact/normalized/alias/homepage evidence; no lookalikes either,
ttdl,,0.0,none,missing,no exact/normalized/alias/homepage evidence; no lookalikes either,
ttf2eot,ttf2eot,1.0,exact,confident,name identical in both managers; homepages 'https://github.com/wget/ttf2eot' vs 'http://code.google.com/p/ttf2eot/',
ttf2pt1,,0.0,none,missing,no exact/normalized/alias/homepage evidence; no lookalikes either,
ttfautohint,,0.0,none,missing,no exact/normalized/alias/homepage evidence; no lookalikes either,
tth,tth,1.0,exact,confident,name identical in both managers; homepages 'http://silas.psfc.mit.edu/tth/' vs 'http://hutchinson.belmont.ma.us/tth/',
ttl,,0.0,none,missing,no exact/normalized/alias/homepage evidence; no lookalikes either,
ttmath,,0.0,none,missing,no exact/normalized/alias/homepage evidence; no lookalikes either,
tty-clock,,0.0,none,missing,no exact/normalized/alias/homepage evidence; no lookalikes either,
tty-share,,0.0,none,missing,no exact/normalized/alias/homepage evidence; no lookalikes either,
tty-solitaire,,0.0,none,missing,no exact/normalized/alias/homepage evidence; no lookalikes either,
ttyd,,0.0,none,missing,no exact/normalized/alias/homepage evidence; no lookalikes either,
ttygif,,0.0,none,needs-review,no exact/normalized/alias/homepage evidence; fuzzy suggestions listed for review,tgif
ttyplot,,0.0,none,missing,no exact/normalized/alias/homepage evidence; no lookalikes either,
ttyrec,ttyrec,1.0,exact,confident,name identical in both managers; homepages 'http://0xcc.net/ttyrec/' vs 'http://namazu.org/~satoru/ttyrec/',
tubeup,,0.0,none,missing,no exact/normalized/alias/homepage evidence; no lookalikes either,
tuc,,0.0,none,missing,no exact/normalized/alias/homepage evidence; no lookalikes either,
tuckr,,0.0,none,missing,no exact/normalized/alias/homepage evidence; no lookalikes either,
tuicr,,0.0,none,missing,no exact/normalized/alias/homepage evidence; no lookalikes either,
tuios,,0.0,none,missing,no exact/normalized/alias/homepage evidence; no lookalikes either,
tuisky,,0.0,none,missing,no exact/normalized/alias/homepage evidence; no lookalikes either,
tun2proxy,,0.0,none,missing,no exact/normalized/alias/homepage evidence; no lookalikes either,
tundra,,0.0,none,missing,no exact/normalized/alias/homepage evidence; no lookalikes either,
tunnel,,0.0,none,needs-review,no exact/normalized/alias/homepage evidence; fuzzy suggestions listed for review,6tunnel; stunnel4; udptunnel
tuntox,,0.0,none,missing,no exact/normalized/alias/homepage evidence; no lookalikes either,
tup,,0.0,none,missing,no exact/normalized/alias/homepage evidence; no lookalikes either,
turso,,0.0,none,missing,no exact/normalized/alias/homepage evidence; no lookalikes either,
tut,,0.0,none,missing,no exact/normalized/alias/homepage evidence; no lookalikes either,
tuxedo,,0.0,none,missing,no exact/normalized/alias/homepage evidence; no lookalikes either,
tvnamer,,0.0,none,missing,no exact/normalized/alias/homepage evidence; no lookalikes either,
twarc,,0.0,none,missing,no exact/normalized/alias/homepage evidence; no lookalikes either,
tweak,tweak,1.0,exact,confident,name identical in both managers; homepages 'https://www.chiark.greenend.org.uk/~sgtatham/tweak/' vs 'http://smileaf.org/projects',
tweakcc,,0.0,none,needs-review,no exact/normalized/alias/homepage evidence; fuzzy suggestions listed for review,tweak
twine,,0.0,none,needs-review,no exact/normalized/alias/homepage evidence; fuzzy suggestions listed for review,wine
twitch-cli,,0.0,none,missing,no exact/normalized/alias/homepage evidence; no lookalikes either,
twm,,0.0,none,needs-review,no exact/normalized/alias/homepage evidence; fuzzy suggestions listed for review,ctwm; vtwm
two-lame,twolame,0.96,normalized,confident,'two-lame' ~ 'twolame' after case/punctuation folding,
two-ms,,0.0,none,missing,no exact/normalized/alias/homepage evidence; no lookalikes either,
twoping,,0.0,none,missing,no exact/normalized/alias/homepage evidence; no lookalikes either,
twtxt,,0.0,none,missing,no exact/normalized/alias/homepage evidence; no lookalikes either,
txr,,0.0,none,missing,no exact/normalized/alias/homepage evidence; no lookalikes either,
txt2man,txt2man,1.0,exact,confident,name identical in both managers; homepages 'https://github.com/mvertes/txt2man/' vs 'http://mvertes.free.fr',
txt2tags,,0.0,none,missing,no exact/normalized/alias/homepage evidence; no lookalikes either,
ty,,0.0,none,missing,no exact/normalized/alias/homepage evidence; no lookalikes either,
tygo,,0.0,none,missing,no exact/normalized/alias/homepage evidence; no lookalikes either,
typedb,,0.0,none,missing,no exact/normalized/alias/homepage evidence; no lookalikes either,
typescript,,0.0,none,needs-review,no exact/normalized/alias/homepage evidence; fuzzy suggestions listed for review,node-typescript
typescript-language-server,,0.0,none,missing,no exact/normalized/alias/homepage evidence; no lookalikes either,
typeshare,,0.0,none,missing,no exact/normalized/alias/homepage evidence; no lookalikes either,
typespeed,,0.0,none,missing,no exact/normalized/alias/homepage evidence; no lookalikes either,
typewritten,,0.0,none,missing,no exact/normalized/alias/homepage evidence; no lookalikes either,
typical,,0.0,none,missing,no exact/normalized/alias/homepage evidence; no lookalikes either,
typioca,,0.0,none,missing,no exact/normalized/alias/homepage evidence; no lookalikes either,
typos-cli,,0.0,none,missing,no exact/normalized/alias/homepage evidence; no lookalikes either,
typos-lsp,,0.0,none,missing,no exact/normalized/alias/homepage evidence; no lookalikes either,
typst,,0.0,none,needs-review,no exact/normalized/alias/homepage evidence; fuzzy suggestions listed for review,gtypist
typstyle,,0.0,none,missing,no exact/normalized/alias/homepage evidence; no lookalikes either,
typtea,,0.0,none,missing,no exact/normalized/alias/homepage evidence; no lookalikes either,
tytanic,,0.0,none,missing,no exact/normalized/alias/homepage evidence; no lookalikes either,
tz,,0.0,none,missing,no exact/normalized/alias/homepage evidence; no lookalikes either,
tzdb,,0.0,none,missing,no exact/normalized/alias/homepage evidence; no lookalikes either,
tzdiff,,0.0,none,missing,no exact/normalized/alias/homepage evidence; no lookalikes either,
u-boot-tools,,0.0,none,needs-review,no exact/normalized/alias/homepage evidence; fuzzy suggestions listed for review,ebook-tools
uade,,0.0,none,needs-review,no exact/normalized/alias/homepage evidence; fuzzy suggestions listed for review,uae
uavs3d,,0.0,none,missing,no exact/normalized/alias/homepage evidence; no lookalikes either,
ubertooth,,0.0,none,missing,no exact/normalized/alias/homepage evidence; no lookalikes either,
ubi,,0.0,none,missing,no exact/normalized/alias/homepage evidence; no lookalikes either,
ucg,,0.0,none,missing,no exact/normalized/alias/homepage evidence; no lookalikes either,
uchardet,,0.0,none,missing,no exact/normalized/alias/homepage evidence; no lookalikes either,
ucl,ucl,1.0,exact,confident,name identical in both managers; homepages 'https://www.oberhumer.com/opensource/ucl/' vs 'http://www.oberhumer.com/opensource/ucl',
ucloud,,0.0,none,missing,no exact/normalized/alias/homepage evidence; no lookalikes either,
ucommon,,0.0,none,needs-review,no exact/normalized/alias/homepage evidence; fuzzy suggestions listed for review,mm-common
ucon64,,0.0,none,missing,no exact/normalized/alias/homepage evidence; no lookalikes either,
ucspi-tcp,ucspi-tcp,1.0,exact,confident,name identical in both managers; homepages 'https://cr.yp.to/ucspi-tcp.html' vs 'http://cr.yp.to/ucspi-tcp.html',
udis86,,0.0,none,missing,no exact/normalized/alias/homepage evidence; no lookalikes either,
udp2raw-multiplatform,,0.0,none,missing,no exact/normalized/alias/homepage evidence; no lookalikes either,
udptunnel,udptunnel,1.0,exact,confident,name identical in both managers; homepages 'https://www.cs.columbia.edu/~lennox/udptunnel/' vs 'http://www1.cs.columbia.edu/~lennox/udptunnel',
udunits,udunits,1.0,exact,confident,name identical in both managers; homepages 'https://docs.unidata.ucar.edu/udunits/current/' vs 'http://www.unidata.ucar.edu/packages/udunits/',
ufbt,,0.0,none,missing,no exact/normalized/alias/homepage evidence; no lookalikes either,
uffizzi,,0.0,none,missing,no exact/normalized/alias/homepage evidence; no lookalikes either,
uftp,,0.0,none,needs-review,no exact/normalized/alias/homepage evidence; fuzzy suggestions listed for review,kuftp
uftrace,,0.0,none,needs-review,no exact/normalized/alias/homepage evidence; fuzzy suggestions listed for review,mftrace
uggconv,,0.0,none,missing,no exact/normalized/alias/homepage evidence; no lookalikes either,
ugit,,0.0,none,needs-review,no exact/normalized/alias/homepage evidence; fuzzy suggestions listed for review,git
ugrep,,0.0,none,needs-review,no exact/normalized/alias/homepage evidence; fuzzy suggestions listed for review,grep; agrep
uhd,,0.0,none,missing,no exact/normalized/alias/homepage evidence; no lookalikes either,
uhdm,,0.0,none,missing,no exact/normalized/alias/homepage evidence; no lookalikes either,
uhubctl,,0.0,none,missing,no exact/normalized/alias/homepage evidence; no lookalikes either,
ulfius,,0.0,none,missing,no exact/normalized/alias/homepage evidence; no lookalikes either,
ultralist,,0.0,none,missing,no exact/normalized/alias/homepage evidence; no lookalikes either,
um,,0.0,none,missing,no exact/normalized/alias/homepage evidence; no lookalikes either,
umka-lang,,0.0,none,missing,no exact/normalized/alias/homepage evidence; no lookalikes either,
umlet,,0.0,none,missing,no exact/normalized/alias/homepage evidence; no lookalikes either,
umoci,,0.0,none,missing,no exact/normalized/alias/homepage evidence; no lookalikes either,
umockdev,,0.0,none,missing,no exact/normalized/alias/homepage evidence; no lookalikes either,
umple,,0.0,none,missing,no exact/normalized/alias/homepage evidence; no lookalikes either,
unac,,0.0,none,needs-review,no exact/normalized/alias/homepage evidence; fuzzy suggestions listed for review,unace
unar,,0.0,none,needs-review,no exact/normalized/alias/homepage evidence; fuzzy suggestions listed for review,unrar
unbound,unbound,1.0,exact,confident,name identical in both managers; homepages 'https://www.unbound.net' vs 'http://unbound.net',
unciv,,0.0,none,missing,no exact/normalized/alias/homepage evidence; no lookalikes either,
uncover,,0.0,none,missing,no exact/normalized/alias/homepage evidence; no lookalikes either,
uncrustify,,0.0,none,missing,no exact/normalized/alias/homepage evidence; no lookalikes either,
undercutf1,,0.0,none,missing,no exact/normalized/alias/homepage evidence; no lookalikes either,
ungit,,0.0,none,needs-review,no exact/normalized/alias/homepage evidence; fuzzy suggestions listed for review,junit; units
uni,,0.0,none,missing,no exact/normalized/alias/homepage evidence; no lookalikes either,
uni-algo,,0.0,none,missing,no exact/normalized/alias/homepage evidence; no lookalikes either,
uni2ascii,uni2ascii,1.0,exact,confident,name identical in both managers; homepages 'https://billposer.org/Software/uni2ascii.html' vs 'http://billposer.org/Software/uni2ascii.html',
unibilium,,0.0,none,missing,no exact/normalized/alias/homepage evidence; no lookalikes either,
unicorn,,0.0,none,needs-review,no exact/normalized/alias/homepage evidence; fuzzy suggestions listed for review,gunicorn
unifdef,unifdef,1.0,exact,confident,name identical in both managers; homepages 'https://dotat.at/prog/unifdef/' vs 'http://freshmeat.net/projects/unifdef',
unison,unison%type_pkg[uitype],0.9,homepage,confident,same upstream 'https://www.cis.upenn.edu/~bcpierce/unison/' (desc overlap 1.00),
unisonlang,,0.0,none,missing,no exact/normalized/alias/homepage evidence; no lookalikes either,
unittest,,0.0,none,missing,no exact/normalized/alias/homepage evidence; no lookalikes either,
unittest-cpp,,0.0,none,missing,no exact/normalized/alias/homepage evidence; no lookalikes either,
unitycatalog,,0.0,none,missing,no exact/normalized/alias/homepage evidence; no lookalikes either,
uniutils,,0.0,none,needs-review,no exact/normalized/alias/homepage evidence; fuzzy suggestions listed for review,idutils
universal-ctags,,0.0,none,missing,no exact/normalized/alias/homepage evidence; no lookalikes either,
unixodbc,unixodbc,1.0,exact,confident,name identical in both managers; homepages 'https://www.unixodbc.org/' vs 'http://www.unixodbc.org/',
unnethack,,0.0,none,needs-review,no exact/normalized/alias/homepage evidence; fuzzy suggestions listed for review,nethack
unoconv,,0.0,none,missing,no exact/normalized/alias/homepage evidence; no lookalikes either,
unordered_dense,,0.0,none,missing,no exact/normalized/alias/homepage evidence; no lookalikes either,
unoserver,,0.0,none,missing,no exact/normalized/alias/homepage evidence; no lookalikes either,
unp,,0.0,none,missing,no exact/normalized/alias/homepage evidence; no lookalikes either,
unpaper,,0.0,none,missing,no exact/normalized/alias/homepage evidence; no lookalikes either,
unrtf,unrtf,1.0,exact,confident,name identical in both managers; homepages 'https://www.gnu.org/software/unrtf/' vs 'http://www.gnu.org/software/unrtf/unrtf.html',
unshield,unshield,1.0,exact,confident,name identical in both managers; homepages 'https://github.com/twogood/unshield' vs 'http://synce.sourceforge.net/synce/unshield.php',
unum,,0.0,none,missing,no exact/normalized/alias/homepage evidence; no lookalikes either,
unuran,,0.0,none,missing,no exact/normalized/alias/homepage evidence; no lookalikes either,
unxip,,0.0,none,needs-review,no exact/normalized/alias/homepage evidence; fuzzy suggestions listed for review,unzip
unyaffs,,0.0,none,missing,no exact/normalized/alias/homepage evidence; no lookalikes either,
unzip,unzip,1.0,exact,confident,name identical in both managers; homepages 'https://infozip.sourceforge.net/UnZip.html' vs 'http://www.info-zip.org/pub/infozip/Zip.html',
up,,0.0,none,missing,no exact/normalized/alias/homepage evidence; no lookalikes either,
upterm,,0.0,none,missing,no exact/normalized/alias/homepage evidence; no lookalikes either,
uptimed,uptimed,1.0,exact,confident,name identical in both managers; homepages 'https://github.com/rpodgorny/uptimed/' vs 'http://unixcode.org/uptimed/index.html',
uptoc,,0.0,none,missing,no exact/normalized/alias/homepage evidence; no lookalikes either,
upx,,0.0,none,missing,no exact/normalized/alias/homepage evidence; no lookalikes either,
urdfdom,,0.0,none,missing,no exact/normalized/alias/homepage evidence; no lookalikes either,
urdfdom_headers,,0.0,none,missing,no exact/normalized/alias/homepage evidence; no lookalikes either,
urh,,0.0,none,missing,no exact/normalized/alias/homepage evidence; no lookalikes either,
uriparser,,0.0,none,needs-review,no exact/normalized/alias/homepage evidence; fuzzy suggestions listed for review,muparser
urlfinder,,0.0,none,missing,no exact/normalized/alias/homepage evidence; no lookalikes either,
urlscan,,0.0,none,missing,no exact/normalized/alias/homepage evidence; no lookalikes either,
urlview,urlview,1.0,exact,confident,name identical in both managers; homepages 'https://packages.debian.org/sid/misc/urlview' vs 'http://www.mutt.org',
urlwatch,,0.0,none,missing,no exact/normalized/alias/homepage evidence; no lookalikes either,
uru,,0.0,none,missing,no exact/normalized/alias/homepage evidence; no lookalikes either,
urweb,,0.0,none,missing,no exact/normalized/alias/homepage evidence; no lookalikes either,
urx,,0.0,none,missing,no exact/normalized/alias/homepage evidence; no lookalikes either,
usage,,0.0,none,missing,no exact/normalized/alias/homepage evidence; no lookalikes either,
usb.ids,,0.0,none,missing,no exact/normalized/alias/homepage evidence; no lookalikes either,
usbredir,,0.0,none,missing,no exact/normalized/alias/homepage evidence; no lookalikes either,
usbtree,,0.0,none,missing,no exact/normalized/alias/homepage evidence; no lookalikes either,
usbutils,,0.0,none,needs-review,no exact/normalized/alias/homepage evidence; fuzzy suggestions listed for review,userutils; psutils
userspace-rcu,liburcu8-shlibs,0.9,homepage,confident,same upstream 'https://liburcu.org' (desc overlap 0.71),
utf8cpp,,0.0,none,needs-review,no exact/normalized/alias/homepage evidence; fuzzy suggestions listed for review,libutf8cpp
utf8proc,,0.0,none,missing,no exact/normalized/alias/homepage evidence; no lookalikes either,
utftex,,0.0,none,missing,no exact/normalized/alias/homepage evidence; no lookalikes either,
uthash,,0.0,none,missing,no exact/normalized/alias/homepage evidence; no lookalikes either,
util-linux,,0.0,none,missing,no exact/normalized/alias/homepage evidence; no lookalikes either,
util-macros,util-macros,1.0,exact,confident,name identical in both managers; homepages 'https://www.x.org/' vs 'http://cgit.freedesktop.org/xorg/util/macros',
utiluti,,0.0,none,missing,no exact/normalized/alias/homepage evidence; no lookalikes either,
utimer,,0.0,none,missing,no exact/normalized/alias/homepage evidence; no lookalikes either,
uudeview,uudeview,1.0,exact,confident,name identical in both managers; homepages 'http://www.fpx.de/fp/Software/UUDeview/' vs 'http://www.fpx.de/fp/Software/UUDeview/',
uutils-coreutils,,0.0,none,missing,no exact/normalized/alias/homepage evidence; no lookalikes either,
uutils-diffutils,,0.0,none,missing,no exact/normalized/alias/homepage evidence; no lookalikes either,
uutils-findutils,,0.0,none,missing,no exact/normalized/alias/homepage evidence; no lookalikes either,
uuu,,0.0,none,missing,no exact/normalized/alias/homepage evidence; no lookalikes either,
uv,,0.0,none,missing,no exact/normalized/alias/homepage evidence; no lookalikes either,
uvg266,,0.0,none,missing,no exact/normalized/alias/homepage evidence; no lookalikes either,
uvicorn,,0.0,none,needs-review,no exact/normalized/alias/homepage evidence; fuzzy suggestions listed for review,gunicorn
uvw,,0.0,none,missing,no exact/normalized/alias/homepage evidence; no lookalikes either,
uvwasi,,0.0,none,missing,no exact/normalized/alias/homepage evidence; no lookalikes either,
uwsgi,,0.0,none,missing,no exact/normalized/alias/homepage evidence; no lookalikes either,
v,,0.0,none,missing,no exact/normalized/alias/homepage evidence; no lookalikes either,
v2ray,,0.0,none,missing,no exact/normalized/alias/homepage evidence; no lookalikes either,
v8,,0.0,none,missing,no exact/normalized/alias/homepage evidence; no lookalikes either,
vacuum,,0.0,none,missing,no exact/normalized/alias/homepage evidence; no lookalikes either,
vala,vala,1.0,exact,confident,name identical in both managers; homepages 'https://wiki.gnome.org/Projects/Vala' vs 'http://live.gnome.org/Vala',
vala-language-server,,0.0,none,missing,no exact/normalized/alias/homepage evidence; no lookalikes either,
valabind,,0.0,none,missing,no exact/normalized/alias/homepage evidence; no lookalikes either,
vale,,0.0,none,missing,no exact/normalized/alias/homepage evidence; no lookalikes either,
valgrind,valgrind,1.0,exact,confident,name identical in both managers; homepages 'https://www.valgrind.org/' vs 'http://valgrind.org/',
valijson,,0.0,none,needs-review,no exact/normalized/alias/homepage evidence; fuzzy suggestions listed for review,libjson
valkey,,0.0,none,missing,no exact/normalized/alias/homepage evidence; no lookalikes either,
vals,,0.0,none,missing,no exact/normalized/alias/homepage evidence; no lookalikes either,
vamp-plugin-sdk,,0.0,none,missing,no exact/normalized/alias/homepage evidence; no lookalikes either,
vampire,,0.0,none,missing,no exact/normalized/alias/homepage evidence; no lookalikes either,
vapor,,0.0,none,missing,no exact/normalized/alias/homepage evidence; no lookalikes either,
vapoursynth,,0.0,none,missing,no exact/normalized/alias/homepage evidence; no lookalikes either,
vapoursynth-bestsource,,0.0,none,missing,no exact/normalized/alias/homepage evidence; no lookalikes either,
vapoursynth-bm3d,,0.0,none,missing,no exact/normalized/alias/homepage evidence; no lookalikes either,
vapoursynth-descale,,0.0,none,missing,no exact/normalized/alias/homepage evidence; no lookalikes either,
vapoursynth-imwri,,0.0,none,missing,no exact/normalized/alias/homepage evidence; no lookalikes either,
vapoursynth-mvtools,,0.0,none,missing,no exact/normalized/alias/homepage evidence; no lookalikes either,
vapoursynth-ocr,,0.0,none,missing,no exact/normalized/alias/homepage evidence; no lookalikes either,
vapoursynth-subtext,,0.0,none,missing,no exact/normalized/alias/homepage evidence; no lookalikes either,
vapoursynth-vszip,,0.0,none,missing,no exact/normalized/alias/homepage evidence; no lookalikes either,
varlock,,0.0,none,missing,no exact/normalized/alias/homepage evidence; no lookalikes either,
varnish,varnish,1.0,exact,confident,name identical in both managers; homepages 'https://www.varnish-cache.org/' vs 'http://varnish.projects.linpro.no',
vault-cli,,0.0,none,missing,no exact/normalized/alias/homepage evidence; no lookalikes either,
vaulted,,0.0,none,missing,no exact/normalized/alias/homepage evidence; no lookalikes either,
vbindiff,vbindiff,1.0,exact,confident,name identical in both managers; homepages 'https://www.cjmweb.net/vbindiff/' vs 'http://www.cjmweb.net/vbindiff/',
vc,,0.0,none,needs-review,no exact/normalized/alias/homepage evidence; fuzzy suggestions listed for review,vnc
vc4asm,,0.0,none,missing,no exact/normalized/alias/homepage evidence; no lookalikes either,
vcdimager,vcdimager,1.0,exact,confident,name identical in both managers; homepages 'https://www.gnu.org/software/vcdimager/' vs 'http://www.gnu.org/software/vcdimager/',
vcfanno,,0.0,none,missing,no exact/normalized/alias/homepage evidence; no lookalikes either,
vcflib,,0.0,none,needs-review,no exact/normalized/alias/homepage evidence; fuzzy suggestions listed for review,vflib3
vcftools,vcftools,1.0,exact,confident,name identical in both managers; homepages 'https://vcftools.github.io/' vs 'http://vcftools.sourceforge.net/',
vcluster,,0.0,none,missing,no exact/normalized/alias/homepage evidence; no lookalikes either,
vcpkg,,0.0,none,missing,no exact/normalized/alias/homepage evidence; no lookalikes either,
vcprompt,,0.0,none,missing,no exact/normalized/alias/homepage evidence; no lookalikes either,
vcs,,0.0,none,missing,no exact/normalized/alias/homepage evidence; no lookalikes either,
vcsh,,0.0,none,missing,no exact/normalized/alias/homepage evidence; no lookalikes either,
vde,,0.0,none,missing,no exact/normalized/alias/homepage evidence; no lookalikes either,
vdirsyncer,,0.0,none,missing,no exact/normalized/alias/homepage evidence; no lookalikes either,
vdt,,0.0,none,missing,no exact/normalized/alias/homepage evidence; no lookalikes either,
veccore,,0.0,none,missing,no exact/normalized/alias/homepage evidence; no lookalikes either,
veclibfort,,0.0,none,missing,no exact/normalized/alias/homepage evidence; no lookalikes either,
vectorscan,,0.0,none,missing,no exact/normalized/alias/homepage evidence; no lookalikes either,
vedic,,0.0,none,needs-review,no exact/normalized/alias/homepage evidence; fuzzy suggestions listed for review,edict
vegeta,,0.0,none,missing,no exact/normalized/alias/homepage evidence; no lookalikes either,
veilid,,0.0,none,missing,no exact/normalized/alias/homepage evidence; no lookalikes either,
velero,,0.0,none,missing,no exact/normalized/alias/homepage evidence; no lookalikes either,
vera++,,0.0,none,missing,no exact/normalized/alias/homepage evidence; no lookalikes either,
verapdf,,0.0,none,missing,no exact/normalized/alias/homepage evidence; no lookalikes either,
vercel,,0.0,none,missing,no exact/normalized/alias/homepage evidence; no lookalikes either,
verilator,,0.0,none,missing,no exact/normalized/alias/homepage evidence; no lookalikes either,
vermin,,0.0,none,missing,no exact/normalized/alias/homepage evidence; no lookalikes either,
verovio,,0.0,none,missing,no exact/normalized/alias/homepage evidence; no lookalikes either,
versitygw,,0.0,none,missing,no exact/normalized/alias/homepage evidence; no lookalikes either,
veryfasttree,,0.0,none,needs-review,no exact/normalized/alias/homepage evidence; fuzzy suggestions listed for review,fasttree
vespa-cli,,0.0,none,missing,no exact/normalized/alias/homepage evidence; no lookalikes either,
vet,,0.0,none,missing,no exact/normalized/alias/homepage evidence; no lookalikes either,
vexctl,,0.0,none,missing,no exact/normalized/alias/homepage evidence; no lookalikes either,
vfkit,,0.0,none,missing,no exact/normalized/alias/homepage evidence; no lookalikes either,
vfox,,0.0,none,missing,no exact/normalized/alias/homepage evidence; no lookalikes either,
vgmstream,,0.0,none,missing,no exact/normalized/alias/homepage evidence; no lookalikes either,
vgo,,0.0,none,needs-review,no exact/normalized/alias/homepage evidence; fuzzy suggestions listed for review,go
vgrep,,0.0,none,needs-review,no exact/normalized/alias/homepage evidence; fuzzy suggestions listed for review,grep; agrep
vgt,,0.0,none,missing,no exact/normalized/alias/homepage evidence; no lookalikes either,
vhs,,0.0,none,missing,no exact/normalized/alias/homepage evidence; no lookalikes either,
vi-sql,,0.0,none,missing,no exact/normalized/alias/homepage evidence; no lookalikes either,
vibecheck,,0.0,none,missing,no exact/normalized/alias/homepage evidence; no lookalikes either,
vice,vice,1.0,exact,confident,name identical in both managers; homepages 'https://sourceforge.net/projects/vice-emu/' vs 'http://www.viceteam.org/',
victorialogs,,0.0,none,missing,no exact/normalized/alias/homepage evidence; no lookalikes either,
victoriametrics,,0.0,none,missing,no exact/normalized/alias/homepage evidence; no lookalikes either,
viddy,,0.0,none,missing,no exact/normalized/alias/homepage evidence; no lookalikes either,
video-compare,,0.0,none,missing,no exact/normalized/alias/homepage evidence; no lookalikes either,
videoalchemy,,0.0,none,missing,no exact/normalized/alias/homepage evidence; no lookalikes either,
viennacl,,0.0,none,missing,no exact/normalized/alias/homepage evidence; no lookalikes either,
vifm,vifm,1.0,exact,confident,name identical in both managers; homepages 'https://vifm.info/' vs 'http://vifm.sourceforge.net',
vile,vile,1.0,exact,confident,name identical in both managers; homepages 'https://invisible-island.net/vile/' vs 'http://invisible-island.net/vile/',
vilistextum,,0.0,none,missing,no exact/normalized/alias/homepage evidence; no lookalikes either,
vim,vim,1.0,exact,confident,name identical in both managers; homepages 'https://www.vim.org/' vs 'http://www.vim.org/',
vim-classic,,0.0,none,missing,no exact/normalized/alias/homepage evidence; no lookalikes either,
vimpager,,0.0,none,needs-review,no exact/normalized/alias/homepage evidence; fuzzy suggestions listed for review,vcdimager
vimpc,,0.0,none,missing,no exact/normalized/alias/homepage evidence; no lookalikes either,
vimtutor-sequel,,0.0,none,missing,no exact/normalized/alias/homepage evidence; no lookalikes either,
vineflower,,0.0,none,missing,no exact/normalized/alias/homepage evidence; no lookalikes either,
vineyard,,0.0,none,missing,no exact/normalized/alias/homepage evidence; no lookalikes either,
vint,,0.0,none,missing,no exact/normalized/alias/homepage evidence; no lookalikes either,
vip,,0.0,none,needs-review,no exact/normalized/alias/homepage evidence; fuzzy suggestions listed for review,vips
vips,vips,1.0,exact,confident,name identical in both managers; homepages 'https://github.com/libvips/libvips' vs 'http://www.vips.ecs.soton.ac.uk',
vipsdisp,,0.0,none,missing,no exact/normalized/alias/homepage evidence; no lookalikes either,
virglrenderer,,0.0,none,missing,no exact/normalized/alias/homepage evidence; no lookalikes either,
virt-manager,,0.0,none,missing,no exact/normalized/alias/homepage evidence; no lookalikes either,
virtctl,,0.0,none,missing,no exact/normalized/alias/homepage evidence; no lookalikes either,
virtiofsd,,0.0,none,missing,no exact/normalized/alias/homepage evidence; no lookalikes either,
virtualenv,,0.0,none,missing,no exact/normalized/alias/homepage evidence; no lookalikes either,
virtualenvwrapper,,0.0,none,missing,no exact/normalized/alias/homepage evidence; no lookalikes either,
virtualfish,,0.0,none,missing,no exact/normalized/alias/homepage evidence; no lookalikes either,
virtualpg,,0.0,none,missing,no exact/normalized/alias/homepage evidence; no lookalikes either,
virtuoso,virtuoso,1.0,exact,confident,name identical in both managers; homepages 'https://virtuoso.openlinksw.com' vs 'http://virtuoso.openlinksw.com/dataspace/dav/wiki/Main',
virustotal-cli,,0.0,none,missing,no exact/normalized/alias/homepage evidence; no lookalikes either,
vis,,0.0,none,needs-review,no exact/normalized/alias/homepage evidence; fuzzy suggestions listed for review,vips
visidata,,0.0,none,missing,no exact/normalized/alias/homepage evidence; no lookalikes either,
visionmedia-watch,,0.0,none,missing,no exact/normalized/alias/homepage evidence; no lookalikes either,
visp,,0.0,none,missing,no exact/normalized/alias/homepage evidence; no lookalikes either,
vit,,0.0,none,missing,no exact/normalized/alias/homepage evidence; no lookalikes either,
vite,,0.0,none,needs-review,no exact/normalized/alias/homepage evidence; fuzzy suggestions listed for review,vte
vite-plus,,0.0,none,missing,no exact/normalized/alias/homepage evidence; no lookalikes either,
vitess,,0.0,none,missing,no exact/normalized/alias/homepage evidence; no lookalikes either,
vitetris,,0.0,none,missing,no exact/normalized/alias/homepage evidence; no lookalikes either,
viu,,0.0,none,missing,no exact/normalized/alias/homepage evidence; no lookalikes either,
vivid,,0.0,none,missing,no exact/normalized/alias/homepage evidence; no lookalikes either,
vlang,,0.0,none,needs-review,no exact/normalized/alias/homepage evidence; fuzzy suggestions listed for review,slang
vlmcsd,,0.0,none,missing,no exact/normalized/alias/homepage evidence; no lookalikes either,
vmdktool,,0.0,none,missing,no exact/normalized/alias/homepage evidence; no lookalikes either,
vmtouch,,0.0,none,missing,no exact/normalized/alias/homepage evidence; no lookalikes either,
vncsnapshot,,0.0,none,needs-review,no exact/normalized/alias/homepage evidence; fuzzy suggestions listed for review,rsnapshot
vnstat,vnstat,1.0,exact,confident,name identical in both managers; homepages 'https://humdi.net/vnstat/' vs 'http://humdi.net/vnstat',
vnu,,0.0,none,missing,no exact/normalized/alias/homepage evidence; no lookalikes either,
vo-amrwbenc,libopencore-amr0,0.9,homepage,confident,same upstream 'https://sourceforge.net/projects/opencore-amr/' (desc overlap 0.23),
volcano-cli,,0.0,none,missing,no exact/normalized/alias/homepage evidence; no lookalikes either,
volk,,0.0,none,missing,no exact/normalized/alias/homepage evidence; no lookalikes either,
volt,,0.0,none,missing,no exact/normalized/alias/homepage evidence; no lookalikes either,
volta,,0.0,none,missing,no exact/normalized/alias/homepage evidence; no lookalikes either,
vorbis-tools,vorbis-tools,1.0,exact,confident,name identical in both managers; homepages 'https://github.com/xiph/vorbis-tools' vs 'http://www.xiph.org/ogg/vorbis',
vorbisgain,vorbisgain,1.0,exact,confident,name identical in both managers; homepages 'https://sjeng.org/vorbisgain.html' vs 'http://www.sjeng.org/vorbisgain.html',
voro++,,0.0,none,needs-review,no exact/normalized/alias/homepage evidence; fuzzy suggestions listed for review,vor
votca,,0.0,none,missing,no exact/normalized/alias/homepage evidence; no lookalikes either,
vowpal-wabbit,,0.0,none,missing,no exact/normalized/alias/homepage evidence; no lookalikes either,
vpcs,,0.0,none,missing,no exact/normalized/alias/homepage evidence; no lookalikes either,
vpn-slice,,0.0,none,missing,no exact/normalized/alias/homepage evidence; no lookalikes either,
vramsteg,vramsteg,1.0,exact,confident,name identical in both managers; homepages 'https://gothenburgbitfactory.org/vramsteg/' vs 'http://tasktools.org/projects/vramsteg.html',
vrc-get,,0.0,none,missing,no exact/normalized/alias/homepage evidence; no lookalikes either,
vroom,,0.0,none,missing,no exact/normalized/alias/homepage evidence; no lookalikes either,
vrpn,,0.0,none,missing,no exact/normalized/alias/homepage evidence; no lookalikes either,
vs-preview,,0.0,none,missing,no exact/normalized/alias/homepage evidence; no lookalikes either,
vsce,,0.0,none,missing,no exact/normalized/alias/homepage evidence; no lookalikes either,
vscli,,0.0,none,missing,no exact/normalized/alias/homepage evidence; no lookalikes either,
vscode-langservers-extracted,,0.0,none,missing,no exact/normalized/alias/homepage evidence; no lookalikes either,
vsd,,0.0,none,missing,no exact/normalized/alias/homepage evidence; no lookalikes either,
vsearch,,0.0,none,needs-review,no exact/normalized/alias/homepage evidence; fuzzy suggestions listed for review,rsearch
vsftpd,,0.0,none,missing,no exact/normalized/alias/homepage evidence; no lookalikes either,
vsh,,0.0,none,missing,no exact/normalized/alias/homepage evidence; no lookalikes either,
vstr,,0.0,none,missing,no exact/normalized/alias/homepage evidence; no lookalikes either,
vsview,,0.0,none,missing,no exact/normalized/alias/homepage evidence; no lookalikes either,
vtable-dumper,,0.0,none,missing,no exact/normalized/alias/homepage evidence; no lookalikes either,
vtclock,,0.0,none,missing,no exact/normalized/alias/homepage evidence; no lookalikes either,
vtcode,,0.0,none,missing,no exact/normalized/alias/homepage evidence; no lookalikes either,
vte3,,0.0,none,needs-review,no exact/normalized/alias/homepage evidence; fuzzy suggestions listed for review,vte
vtk,,0.0,none,needs-review,no exact/normalized/alias/homepage evidence; same homepage 'https://www.vtk.org/' as 'vtk-py%type_pkg[python]' but versions '9.7.0' vs '5.0.0'; no lookalikes either,
vtsls,,0.0,none,missing,no exact/normalized/alias/homepage evidence; no lookalikes either,
vttest,,0.0,none,missing,no exact/normalized/alias/homepage evidence; no lookalikes either,
vtzero,,0.0,none,missing,no exact/normalized/alias/homepage evidence; no lookalikes either,
vue-cli,,0.0,none,missing,no exact/normalized/alias/homepage evidence; no lookalikes either,
vue-language-server,,0.0,none,missing,no exact/normalized/alias/homepage evidence; no lookalikes either,
vulcain,,0.0,none,missing,no exact/normalized/alias/homepage evidence; no lookalikes either,
vulkan-extensionlayer,,0.0,none,missing,no exact/normalized/alias/homepage evidence; no lookalikes either,
vulkan-headers,,0.0,none,missing,no exact/normalized/alias/homepage evidence; no lookalikes either,
vulkan-loader,,0.0,none,missing,no exact/normalized/alias/homepage evidence; no lookalikes either,
vulkan-profiles,,0.0,none,missing,no exact/normalized/alias/homepage evidence; no lookalikes either,
vulkan-tools,,0.0,none,missing,no exact/normalized/alias/homepage evidence; no lookalikes either,
vulkan-utility-libraries,,0.0,none,missing,no exact/normalized/alias/homepage evidence; no lookalikes either,
vulkan-validationlayers,,0.0,none,missing,no exact/normalized/alias/homepage evidence; no lookalikes either,
vulkan-volk,,0.0,none,missing,no exact/normalized/alias/homepage evidence; no lookalikes either,
vuls,,0.0,none,missing,no exact/normalized/alias/homepage evidence; no lookalikes either,
vulsio-gost,,0.0,none,missing,no exact/normalized/alias/homepage evidence; no lookalikes either,
vultr-cli,,0.0,none,missing,no exact/normalized/alias/homepage evidence; no lookalikes either,
vulture,,0.0,none,missing,no exact/normalized/alias/homepage evidence; no lookalikes either,
vunnel,,0.0,none,missing,no exact/normalized/alias/homepage evidence; no lookalikes either,
vvdec,,0.0,none,missing,no exact/normalized/alias/homepage evidence; no lookalikes either,
vvenc,,0.0,none,missing,no exact/normalized/alias/homepage evidence; no lookalikes either,
w-calc,wcalc,0.96,normalized,confident,'w-calc' ~ 'wcalc' after case/punctuation folding,
w3m,w3m,1.0,exact,confident,name identical in both managers; homepages 'https://w3m.sourceforge.net/' vs 'http://w3m.sourceforge.net',
wabt,,0.0,none,missing,no exact/normalized/alias/homepage evidence; no lookalikes either,
waffle,,0.0,none,missing,no exact/normalized/alias/homepage evidence; no lookalikes either,
wagyu,,0.0,none,missing,no exact/normalized/alias/homepage evidence; no lookalikes either,
wails,,0.0,none,missing,no exact/normalized/alias/homepage evidence; no lookalikes either,
wait4x,,0.0,none,missing,no exact/normalized/alias/homepage evidence; no lookalikes either,
wait_on,,0.0,none,needs-review,no exact/normalized/alias/homepage evidence; fuzzy suggestions listed for review,waon
wakatime-cli,,0.0,none,missing,no exact/normalized/alias/homepage evidence; no lookalikes either,
wakeonlan,,0.0,none,needs-review,no exact/normalized/alias/homepage evidence; fuzzy suggestions listed for review,wakeonlan-pm
wal-g,,0.0,none,missing,no exact/normalized/alias/homepage evidence; no lookalikes either,
wal2json,,0.0,none,missing,no exact/normalized/alias/homepage evidence; no lookalikes either,
walk,,0.0,none,missing,no exact/normalized/alias/homepage evidence; no lookalikes either,
wallpaper,,0.0,none,missing,no exact/normalized/alias/homepage evidence; no lookalikes either,
wally,wally,1.0,exact,confident,name identical in both managers; homepages 'https://wally.run' vs 'http://www.becrux.com/index.php?page=projects&name=wally',
wandio,,0.0,none,missing,no exact/normalized/alias/homepage evidence; no lookalikes either,
wangle,,0.0,none,missing,no exact/normalized/alias/homepage evidence; no lookalikes either,
waon,waon,1.0,exact,confident,name identical in both managers; homepages 'https://kichiki.github.io/WaoN/' vs 'http://waon.sourceforge.net',
wartremover,,0.0,none,missing,no exact/normalized/alias/homepage evidence; no lookalikes either,
wasi-libc,,0.0,none,missing,no exact/normalized/alias/homepage evidence; no lookalikes either,
wasi-runtimes,,0.0,none,missing,no exact/normalized/alias/homepage evidence; no lookalikes either,
wasm-bindgen,,0.0,none,missing,no exact/normalized/alias/homepage evidence; no lookalikes either,
wasm-component-ld,,0.0,none,missing,no exact/normalized/alias/homepage evidence; no lookalikes either,
wasm-micro-runtime,,0.0,none,missing,no exact/normalized/alias/homepage evidence; no lookalikes either,
wasm-pack,,0.0,none,needs-review,no exact/normalized/alias/homepage evidence; fuzzy suggestions listed for review,wavpack
wasm-tools,,0.0,none,needs-review,no exact/normalized/alias/homepage evidence; fuzzy suggestions listed for review,bamtools; samtools; wcstools
wasm3,,0.0,none,missing,no exact/normalized/alias/homepage evidence; no lookalikes either,
wasmedge,,0.0,none,missing,no exact/normalized/alias/homepage evidence; no lookalikes either,
wasmer,,0.0,none,missing,no exact/normalized/alias/homepage evidence; no lookalikes either,
wasmtime,,0.0,none,missing,no exact/normalized/alias/homepage evidence; no lookalikes either,
wassette,,0.0,none,missing,no exact/normalized/alias/homepage evidence; no lookalikes either,
watch,watch,1.0,exact,confident,name identical in both managers; homepages 'https://gitlab.com/procps-ng/procps' vs 'http://procps.sourceforge.net/',
watch-sim,,0.0,none,missing,no exact/normalized/alias/homepage evidence; no lookalikes either,
watcher,,0.0,none,needs-review,no exact/normalized/alias/homepage evidence; fuzzy suggestions listed for review,watch; bidwatcher
watchexec,,0.0,none,missing,no exact/normalized/alias/homepage evidence; no lookalikes either,
watchman,watchman,1.0,exact,confident,name identical in both managers; homepages 'https://facebook.github.io/watchman/' vs 'https://github.com/facebook/watchman',
watson,,0.0,none,needs-review,no exact/normalized/alias/homepage evidence; fuzzy suggestions listed for review,waon
wavpack,wavpack,1.0,exact,confident,name identical in both managers; homepages 'https://www.wavpack.com/' vs 'http://www.wavpack.com/',
wayback,,0.0,none,missing,no exact/normalized/alias/homepage evidence; no lookalikes either,
waybackpy,,0.0,none,missing,no exact/normalized/alias/homepage evidence; no lookalikes either,
wayland,,0.0,none,missing,no exact/normalized/alias/homepage evidence; no lookalikes either,
wayland-protocols,,0.0,none,missing,no exact/normalized/alias/homepage evidence; no lookalikes either,
wazero,,0.0,none,missing,no exact/normalized/alias/homepage evidence; no lookalikes either,
wb32-dfu-updater_cli,,0.0,none,missing,no exact/normalized/alias/homepage evidence; no lookalikes either,
wcslib,,0.0,none,needs-review,no exact/normalized/alias/homepage evidence; fuzzy suggestions listed for review,slib
wcstools,wcstools,1.0,exact,confident,name identical in both managers; homepages 'http://tdc-www.harvard.edu/wcstools/' vs 'http://tdc-www.harvard.edu/software/wcstools/',
wdc,,0.0,none,missing,no exact/normalized/alias/homepage evidence; no lookalikes either,
wdfs,,0.0,none,missing,no exact/normalized/alias/homepage evidence; no lookalikes either,
wdiff,wdiff,1.0,exact,confident,name identical in both managers; homepages 'https://www.gnu.org/software/wdiff/' vs 'http://www.gnu.org/software/wdiff/wdiff.html',
weasyprint,,0.0,none,missing,no exact/normalized/alias/homepage evidence; no lookalikes either,
weave,,0.0,none,needs-review,no exact/normalized/alias/homepage evidence; fuzzy suggestions listed for review,unweave
weaver,,0.0,none,missing,no exact/normalized/alias/homepage evidence; no lookalikes either,
weaviate,,0.0,none,missing,no exact/normalized/alias/homepage evidence; no lookalikes either,
weaviate-cli,,0.0,none,missing,no exact/normalized/alias/homepage evidence; no lookalikes either,
web-ext,,0.0,none,missing,no exact/normalized/alias/homepage evidence; no lookalikes either,
webarchiver,,0.0,none,needs-review,no exact/normalized/alias/homepage evidence; fuzzy suggestions listed for review,karchiver
webdav,,0.0,none,missing,no exact/normalized/alias/homepage evidence; no lookalikes either,
webdis,,0.0,none,missing,no exact/normalized/alias/homepage evidence; no lookalikes either,
webfont,,0.0,none,missing,no exact/normalized/alias/homepage evidence; no lookalikes either,
webfs,,0.0,none,missing,no exact/normalized/alias/homepage evidence; no lookalikes either,
webhook,,0.0,none,missing,no exact/normalized/alias/homepage evidence; no lookalikes either,
webify,,0.0,none,missing,no exact/normalized/alias/homepage evidence; no lookalikes either,
webkit2png,,0.0,none,missing,no exact/normalized/alias/homepage evidence; no lookalikes either,
webkitgtk,,0.0,none,needs-review,no exact/normalized/alias/homepage evidence; same homepage 'https://webkitgtk.org' as 'webkit-1.0.2' but desc overlap only 0.00; versions '2.52.6' vs '1.2.7'; no lookalikes either,
webp,libwebp7-shlibs,0.9,homepage,confident,same upstream 'https://developers.google.com/speed/webp/' (desc overlap 0.17),
webp-pixbuf-loader,,0.0,none,missing,no exact/normalized/alias/homepage evidence; no lookalikes either,
webpack,,0.0,none,missing,no exact/normalized/alias/homepage evidence; no lookalikes either,
webpod,,0.0,none,missing,no exact/normalized/alias/homepage evidence; no lookalikes either,
websocat,,0.0,none,missing,no exact/normalized/alias/homepage evidence; no lookalikes either,
websocketd,,0.0,none,missing,no exact/normalized/alias/homepage evidence; no lookalikes either,
websocketpp,,0.0,none,missing,no exact/normalized/alias/homepage evidence; no lookalikes either,
webtorrent-cli,,0.0,none,missing,no exact/normalized/alias/homepage evidence; no lookalikes either,
weechat,,0.0,none,missing,no exact/normalized/alias/homepage evidence; no lookalikes either,
weggli,,0.0,none,missing,no exact/normalized/alias/homepage evidence; no lookalikes either,
wego,,0.0,none,missing,no exact/normalized/alias/homepage evidence; no lookalikes either,
weighttp,,0.0,none,missing,no exact/normalized/alias/homepage evidence; no lookalikes either,
wemux,,0.0,none,missing,no exact/normalized/alias/homepage evidence; no lookalikes either,
werf,,0.0,none,missing,no exact/normalized/alias/homepage evidence; no lookalikes either,
west,,0.0,none,missing,no exact/normalized/alias/homepage evidence; no lookalikes either,
wfa2-lib,,0.0,none,missing,no exact/normalized/alias/homepage evidence; no lookalikes either,
wgcf,,0.0,none,missing,no exact/normalized/alias/homepage evidence; no lookalikes either,
wget,wget,1.0,exact,confident,name identical in both managers; homepages 'https://www.gnu.org/software/wget/' vs 'http://www.gnu.org/software/wget/wget.html',
wget2,,0.0,none,needs-review,no exact/normalized/alias/homepage evidence; fuzzy suggestions listed for review,wget; gnet2; gwget
wgetpaste,,0.0,none,missing,no exact/normalized/alias/homepage evidence; no lookalikes either,
wgo,,0.0,none,needs-review,no exact/normalized/alias/homepage evidence; fuzzy suggestions listed for review,go
wgpu-native,,0.0,none,missing,no exact/normalized/alias/homepage evidence; no lookalikes either,
wgsl-analyzer,,0.0,none,missing,no exact/normalized/alias/homepage evidence; no lookalikes either,
whalebrew,,0.0,none,missing,no exact/normalized/alias/homepage evidence; no lookalikes either,
whatmp3,,0.0,none,missing,no exact/normalized/alias/homepage evidence; no lookalikes either,
when,,0.0,none,missing,no exact/normalized/alias/homepage evidence; no lookalikes either,
whisper-cpp,,0.0,none,missing,no exact/normalized/alias/homepage evidence; no lookalikes either,
whisperkit-cli,,0.0,none,missing,no exact/normalized/alias/homepage evidence; no lookalikes either,
whistle,,0.0,none,missing,no exact/normalized/alias/homepage evidence; no lookalikes either,
whodb-cli,,0.0,none,missing,no exact/normalized/alias/homepage evidence; no lookalikes either,
whois,whois,1.0,exact,confident,name identical in both managers; homepages 'https://github.com/rfc1036/whois' vs 'https://github.com/rfc1036/whois',
whosthere,,0.0,none,missing,no exact/normalized/alias/homepage evidence; no lookalikes either,
widelands,,0.0,none,missing,no exact/normalized/alias/homepage evidence; no lookalikes either,
wifi-password,,0.0,none,missing,no exact/normalized/alias/homepage evidence; no lookalikes either,
wifitui,,0.0,none,missing,no exact/normalized/alias/homepage evidence; no lookalikes either,
wiggle,,0.0,none,needs-review,no exact/normalized/alias/homepage evidence; fuzzy suggestions listed for review,giggle
wiiuse,,0.0,none,missing,no exact/normalized/alias/homepage evidence; no lookalikes either,
wik,,0.0,none,missing,no exact/normalized/alias/homepage evidence; no lookalikes either,
wiki,,0.0,none,missing,no exact/normalized/alias/homepage evidence; no lookalikes either,
wikibase-cli,,0.0,none,missing,no exact/normalized/alias/homepage evidence; no lookalikes either,
wild,,0.0,none,missing,no exact/normalized/alias/homepage evidence; no lookalikes either,
wildfly-as,,0.0,none,missing,no exact/normalized/alias/homepage evidence; no lookalikes either,
wildmidi,,0.0,none,missing,no exact/normalized/alias/homepage evidence; no lookalikes either,
willgit,,0.0,none,missing,no exact/normalized/alias/homepage evidence; no lookalikes either,
wimlib,,0.0,none,needs-review,no exact/normalized/alias/homepage evidence; fuzzy suggestions listed for review,imlib; imlib2
winetricks,winetricks,1.0,exact,confident,name identical in both managers; homepages 'https://github.com/Winetricks/winetricks' vs 'http://wiki.winehq.org/winetricks',
wiredtiger,,0.0,none,missing,no exact/normalized/alias/homepage evidence; no lookalikes either,
wireguard-go,,0.0,none,missing,no exact/normalized/alias/homepage evidence; no lookalikes either,
wireguard-tools,,0.0,none,missing,no exact/normalized/alias/homepage evidence; no lookalikes either,
wiremock-standalone,,0.0,none,missing,no exact/normalized/alias/homepage evidence; no lookalikes either,
wireplumber,,0.0,none,missing,no exact/normalized/alias/homepage evidence; no lookalikes either,
wireshark,wireshark,1.0,exact,confident,name identical in both managers; homepages 'https://www.wireshark.org' vs 'http://www.wireshark.org',
wirouter_keyrec,,0.0,none,missing,no exact/normalized/alias/homepage evidence; no lookalikes either,
wishlist,,0.0,none,needs-review,no exact/normalized/alias/homepage evidence; fuzzy suggestions listed for review,shlist
with-readline,,0.0,none,needs-review,no exact/normalized/alias/homepage evidence; fuzzy suggestions listed for review,readline
witness,,0.0,none,missing,no exact/normalized/alias/homepage evidence; no lookalikes either,
witr,,0.0,none,missing,no exact/normalized/alias/homepage evidence; no lookalikes either,
wl-clipboard,,0.0,none,missing,no exact/normalized/alias/homepage evidence; no lookalikes either,
wla-dx,,0.0,none,missing,no exact/normalized/alias/homepage evidence; no lookalikes either,
wllvm,,0.0,none,missing,no exact/normalized/alias/homepage evidence; no lookalikes either,
wmbusmeters,,0.0,none,missing,no exact/normalized/alias/homepage evidence; no lookalikes either,
wmctrl,,0.0,none,missing,no exact/normalized/alias/homepage evidence; no lookalikes either,
woff2,,0.0,none,needs-review,no exact/normalized/alias/homepage evidence; same homepage 'https://github.com/google/woff2' as 'libwoff2-1.0.2-shlibs' but desc overlap only 0.09; no lookalikes either,
wolfmqtt,,0.0,none,missing,no exact/normalized/alias/homepage evidence; no lookalikes either,
wolfssl,,0.0,none,missing,no exact/normalized/alias/homepage evidence; no lookalikes either,
woob,,0.0,none,missing,no exact/normalized/alias/homepage evidence; no lookalikes either,
woodpecker-cli,,0.0,none,missing,no exact/normalized/alias/homepage evidence; no lookalikes either,
woof,,0.0,none,missing,no exact/normalized/alias/homepage evidence; no lookalikes either,
woof-doom,,0.0,none,missing,no exact/normalized/alias/homepage evidence; no lookalikes either,
wordgrinder,,0.0,none,missing,no exact/normalized/alias/homepage evidence; no lookalikes either,
wordle,,0.0,none,missing,no exact/normalized/alias/homepage evidence; no lookalikes either,
wordnet,,0.0,none,missing,no exact/normalized/alias/homepage evidence; no lookalikes either,
wordplay,,0.0,none,missing,no exact/normalized/alias/homepage evidence; no lookalikes either,
worktrunk,,0.0,none,missing,no exact/normalized/alias/homepage evidence; no lookalikes either,
worm-scraper,,0.0,none,missing,no exact/normalized/alias/homepage evidence; no lookalikes either,
wormhole-william,,0.0,none,missing,no exact/normalized/alias/homepage evidence; no lookalikes either,
woxi,,0.0,none,missing,no exact/normalized/alias/homepage evidence; no lookalikes either,
wp-cli,,0.0,none,missing,no exact/normalized/alias/homepage evidence; no lookalikes either,
wp-cli-completion,,0.0,none,missing,no exact/normalized/alias/homepage evidence; no lookalikes either,
wpebackend-fdo,,0.0,none,missing,no exact/normalized/alias/homepage evidence; no lookalikes either,
wput,,0.0,none,missing,no exact/normalized/alias/homepage evidence; no lookalikes either,
wren,,0.0,none,needs-review,no exact/normalized/alias/homepage evidence; fuzzy suggestions listed for review,ren
wren-cli,,0.0,none,missing,no exact/normalized/alias/homepage evidence; no lookalikes either,
write-good,,0.0,none,missing,no exact/normalized/alias/homepage evidence; no lookalikes either,
writerperfect,writerperfect,1.0,exact,confident,name identical in both managers; homepages 'https://sourceforge.net/p/libwpd/wiki/writerperfect/' vs 'http://libwpd.sourceforge.net/',
wrk,,0.0,none,missing,no exact/normalized/alias/homepage evidence; no lookalikes either,
wrkflw,,0.0,none,missing,no exact/normalized/alias/homepage evidence; no lookalikes either,
wsk,,0.0,none,missing,no exact/normalized/alias/homepage evidence; no lookalikes either,
wskdeploy,,0.0,none,missing,no exact/normalized/alias/homepage evidence; no lookalikes either,
wslay,,0.0,none,needs-review,no exact/normalized/alias/homepage evidence; fuzzy suggestions listed for review,slay
wstunnel,,0.0,none,needs-review,no exact/normalized/alias/homepage evidence; fuzzy suggestions listed for review,stunnel4; 6tunnel
wtf,wtf,1.0,exact,confident,"name identical in both managers; homepages 'https://sourceforge.net/projects/bsdwtf/' vs '""http://www.freebsd.org/cgi/pds.cgi?ports/games/wtf""'",
wtfis,,0.0,none,missing,no exact/normalized/alias/homepage evidence; no lookalikes either,
wtfutil,,0.0,none,missing,no exact/normalized/alias/homepage evidence; no lookalikes either,
wthrr,,0.0,none,missing,no exact/normalized/alias/homepage evidence; no lookalikes either,
wtype,,0.0,none,missing,no exact/normalized/alias/homepage evidence; no lookalikes either,
wuchale,,0.0,none,missing,no exact/normalized/alias/homepage evidence; no lookalikes either,
wumpus,,0.0,none,missing,no exact/normalized/alias/homepage evidence; no lookalikes either,
wuppiefuzz,,0.0,none,missing,no exact/normalized/alias/homepage evidence; no lookalikes either,
wush,,0.0,none,missing,no exact/normalized/alias/homepage evidence; no lookalikes either,
wv,,0.0,none,needs-review,no exact/normalized/alias/homepage evidence; same homepage 'https://wvware.sourceforge.net/' as 'libwv1' but desc overlap only 0.00; fuzzy suggestions listed for review,wv2
wv2,wv2,1.0,exact,confident,name identical in both managers; homepages 'https://wvware.sourceforge.net/' vs 'http://wvware.sourceforge.net/',
wwwoffle,wwwoffle,1.0,exact,confident,name identical in both managers; homepages 'https://www.gedanken.org.uk/software/wwwoffle/' vs 'http://www.gedanken.demon.co.uk/wwwoffle',
wx-cli,,0.0,none,needs-review,no exact/normalized/alias/homepage evidence; fuzzy suggestions listed for review,xclip
wxlua,,0.0,none,missing,no exact/normalized/alias/homepage evidence; no lookalikes either,
wxmaxima,,0.0,none,needs-review,no exact/normalized/alias/homepage evidence; fuzzy suggestions listed for review,xmaxima; maxima
wxpython,,0.0,ambiguous,needs-review,homepage shared by several targets,wxpython400-py%type_pkg[python]; wxpython410-py%type_pkg[python]
wxwidgets,wxmac,0.95,alias,confident,listed as alias/oldname of 'wxwidgets',
wxwidgets@3.2,,0.0,none,needs-review,no exact/normalized/alias/homepage evidence; same homepage 'https://www.wxwidgets.org' as 'wxwidgets320%type_pkg[-ui]' but desc overlap only 0.07; no lookalikes either,
wy60,,0.0,none,missing,no exact/normalized/alias/homepage evidence; no lookalikes either,
wzprof,,0.0,none,missing,no exact/normalized/alias/homepage evidence; no lookalikes either,
x-cli,,0.0,none,needs-review,no exact/normalized/alias/homepage evidence; fuzzy suggestions listed for review,xclip; xli
x-cmd,,0.0,none,missing,no exact/normalized/alias/homepage evidence; no lookalikes either,
x11vnc,,0.0,none,missing,no exact/normalized/alias/homepage evidence; no lookalikes either,
x264,,0.0,none,needs-review,no exact/normalized/alias/homepage evidence; same homepage 'https://www.videolan.org/developers/x264.html' as 'libx264-115-shlibs' but desc overlap only 0.09; versions 'r3222' vs '0.0.20110517'; no lookalikes either,
x265,,0.0,none,missing,no exact/normalized/alias/homepage evidence; no lookalikes either,
x3270,,0.0,none,missing,no exact/normalized/alias/homepage evidence; no lookalikes either,
x86_64-elf-binutils,,0.0,ambiguous,needs-review,homepage shared by several targets,aarch64-%type_pkg[platform]-binutils; arm-%type_pkg[platform]-binutils; avr-binutils; avr-embedded-binutils; binutils-docs
x86_64-elf-gcc,,0.0,none,needs-review,no exact/normalized/alias/homepage evidence; same homepage 'https://gcc.gnu.org' as 'mingw-gcc' but versions '16.2.0' vs '4.1.0'; no lookalikes either,
x86_64-elf-gdb,,0.0,none,needs-review,no exact/normalized/alias/homepage evidence; same homepage 'https://www.gnu.org/software/gdb/' as 'gdb' but versions '17.2' vs '13.2'; no lookalikes either,
x86_64-elf-grub,,0.0,none,missing,no exact/normalized/alias/homepage evidence; no lookalikes either,
x86_64-linux-gnu-binutils,,0.0,none,missing,no exact/normalized/alias/homepage evidence; no lookalikes either,
xa,,0.0,none,needs-review,no exact/normalized/alias/homepage evidence; fuzzy suggestions listed for review,xar; xpa
xan,,0.0,none,needs-review,no exact/normalized/alias/homepage evidence; fuzzy suggestions listed for review,an
xapian,,0.0,none,needs-review,no exact/normalized/alias/homepage evidence; same homepage 'https://xapian.org/' as 'libxapian22-shlibs' but versions '2.1.0' vs '1.2.25'; no lookalikes either,
xaric,,0.0,none,missing,no exact/normalized/alias/homepage evidence; no lookalikes either,
xauth,,0.0,none,missing,no exact/normalized/alias/homepage evidence; no lookalikes either,
xbee-comm,,0.0,none,missing,no exact/normalized/alias/homepage evidence; no lookalikes either,
xbitmaps,,0.0,none,missing,no exact/normalized/alias/homepage evidence; no lookalikes either,
xboard,xboard,1.0,exact,confident,name identical in both managers; homepages 'https://www.gnu.org/software/xboard/' vs 'http://www.tim-mann.org/xboard.html',
xbyak,,0.0,none,missing,no exact/normalized/alias/homepage evidence; no lookalikes either,
xc,,0.0,none,needs-review,no exact/normalized/alias/homepage evidence; fuzzy suggestions listed for review,xcb
xcb-proto,,0.0,none,needs-review,no exact/normalized/alias/homepage evidence; fuzzy suggestions listed for review,cproto
xcb-util,,0.0,none,missing,no exact/normalized/alias/homepage evidence; no lookalikes either,
xcb-util-cursor,,0.0,none,missing,no exact/normalized/alias/homepage evidence; no lookalikes either,
xcb-util-image,,0.0,none,missing,no exact/normalized/alias/homepage evidence; no lookalikes either,
xcb-util-keysyms,,0.0,none,missing,no exact/normalized/alias/homepage evidence; no lookalikes either,
xcb-util-renderutil,,0.0,none,missing,no exact/normalized/alias/homepage evidence; no lookalikes either,
xcb-util-wm,,0.0,none,missing,no exact/normalized/alias/homepage evidence; no lookalikes either,
xcbeautify,,0.0,none,missing,no exact/normalized/alias/homepage evidence; no lookalikes either,
xcdiff,,0.0,none,needs-review,no exact/normalized/alias/homepage evidence; fuzzy suggestions listed for review,xxdiff
xcenv,,0.0,none,missing,no exact/normalized/alias/homepage evidence; no lookalikes either,
xcinfo,,0.0,none,missing,no exact/normalized/alias/homepage evidence; no lookalikes either,
xclip,xclip,1.0,exact,confident,name identical in both managers; homepages 'https://github.com/astrand/xclip' vs 'http://sourceforge.net/projects/xclip',
xclogparser,,0.0,none,missing,no exact/normalized/alias/homepage evidence; no lookalikes either,
xcode-build-server,,0.0,none,missing,no exact/normalized/alias/homepage evidence; no lookalikes either,
xcode-kotlin,,0.0,none,missing,no exact/normalized/alias/homepage evidence; no lookalikes either,
xcodegen,,0.0,none,missing,no exact/normalized/alias/homepage evidence; no lookalikes either,
xcodes,,0.0,none,missing,no exact/normalized/alias/homepage evidence; no lookalikes either,
xcp,,0.0,none,missing,no exact/normalized/alias/homepage evidence; no lookalikes either,
xcresultparser,,0.0,none,missing,no exact/normalized/alias/homepage evidence; no lookalikes either,
xcsift,,0.0,none,missing,no exact/normalized/alias/homepage evidence; no lookalikes either,
xctesthtmlreport,,0.0,none,missing,no exact/normalized/alias/homepage evidence; no lookalikes either,
xcursorgen,,0.0,none,missing,no exact/normalized/alias/homepage evidence; no lookalikes either,
xcv,,0.0,none,missing,no exact/normalized/alias/homepage evidence; no lookalikes either,
xdelta,xdelta,1.0,exact,confident,name identical in both managers; homepages 'https://github.com/jmacd/xdelta' vs 'http://sourceforge.net/projects/xdelta',
xdg-ninja,,0.0,none,missing,no exact/normalized/alias/homepage evidence; no lookalikes either,
xdot,,0.0,none,missing,no exact/normalized/alias/homepage evidence; no lookalikes either,
xdotool,,0.0,none,needs-review,no exact/normalized/alias/homepage evidence; same homepage 'https://www.semicomplete.com/projects/xdotool/' as 'libxdo2-shlibs' but versions '4.20260303.1' vs '2.20110530.1'; no lookalikes either,
xdpyinfo,,0.0,none,missing,no exact/normalized/alias/homepage evidence; no lookalikes either,
xe,,0.0,none,needs-review,no exact/normalized/alias/homepage evidence; fuzzy suggestions listed for review,xye
xeol,,0.0,none,missing,no exact/normalized/alias/homepage evidence; no lookalikes either,
xerces-c,xerces-c,1.0,exact,confident,name identical in both managers; homepages 'https://xerces.apache.org/xerces-c/' vs 'http://xml.apache.org/xerces-c/',
xevd,,0.0,none,missing,no exact/normalized/alias/homepage evidence; no lookalikes either,
xeve,,0.0,none,missing,no exact/normalized/alias/homepage evidence; no lookalikes either,
xeyes,,0.0,none,missing,no exact/normalized/alias/homepage evidence; no lookalikes either,
xfig,xfig,1.0,exact,confident,name identical in both managers; homepages 'https://mcj.sourceforge.net/' vs 'http://www.xfig.org/',
xgboost,,0.0,none,missing,no exact/normalized/alias/homepage evidence; no lookalikes either,
xgo,,0.0,none,needs-review,no exact/normalized/alias/homepage evidence; fuzzy suggestions listed for review,go
xh,,0.0,none,missing,no exact/normalized/alias/homepage evidence; no lookalikes either,
xidel,,0.0,none,needs-review,no exact/normalized/alias/homepage evidence; fuzzy suggestions listed for review,xtide
xinit,,0.0,none,needs-review,no exact/normalized/alias/homepage evidence; fuzzy suggestions listed for review,xinitrc
xinput,,0.0,none,missing,no exact/normalized/alias/homepage evidence; no lookalikes either,
xk6,,0.0,none,missing,no exact/normalized/alias/homepage evidence; no lookalikes either,
xkbcomp,,0.0,none,missing,no exact/normalized/alias/homepage evidence; no lookalikes either,
xkcd,,0.0,none,missing,no exact/normalized/alias/homepage evidence; no lookalikes either,
xkeyboard-config,,0.0,none,missing,no exact/normalized/alias/homepage evidence; no lookalikes either,
xleak,,0.0,none,missing,no exact/normalized/alias/homepage evidence; no lookalikes either,
xlearn,,0.0,none,missing,no exact/normalized/alias/homepage evidence; no lookalikes either,
xlispstat,xlispstat,1.0,exact,confident,name identical in both managers; homepages 'https://homepage.stat.uiowa.edu/~luke/xls/xlsinfo/' vs 'http://www.stat.uiowa.edu/~luke/xls/xlsinfo/xlsinfo.html',
xlsclients,,0.0,none,missing,no exact/normalized/alias/homepage evidence; no lookalikes either,
xlslib,,0.0,none,needs-review,no exact/normalized/alias/homepage evidence; fuzzy suggestions listed for review,slib
xlsxio,,0.0,none,missing,no exact/normalized/alias/homepage evidence; no lookalikes either,
xmake,,0.0,none,needs-review,no exact/normalized/alias/homepage evidence; fuzzy suggestions listed for review,make; cmake; omake
xmedcon,xmedcon,1.0,exact,confident,name identical in both managers; homepages 'https://xmedcon.sourceforge.net/' vs 'http://xmedcon.sourceforge.net',
xml-coreutils,,0.0,none,needs-review,no exact/normalized/alias/homepage evidence; fuzzy suggestions listed for review,coreutils
xml-security-c,,0.0,none,missing,no exact/normalized/alias/homepage evidence; no lookalikes either,
xml-tooling-c,,0.0,none,missing,no exact/normalized/alias/homepage evidence; no lookalikes either,
xml2rfc,xml2rfc,1.0,exact,confident,name identical in both managers; homepages 'https://xml2rfc.tools.ietf.org/' vs '',
xmlcatmgr,,0.0,none,missing,no exact/normalized/alias/homepage evidence; no lookalikes either,
xmlrpc-c,,0.0,none,missing,no exact/normalized/alias/homepage evidence; no lookalikes either,
xmlsectool,,0.0,none,missing,no exact/normalized/alias/homepage evidence; no lookalikes either,
xmlstarlet,xmlstarlet,1.0,exact,confident,name identical in both managers; homepages 'https://xmlstar.sourceforge.net/' vs 'http://xmlstar.sourceforge.net/',
xmlto,xmlto,1.0,exact,confident,name identical in both managers; homepages 'https://codeberg.org/xmlto/xmlto' vs 'http://cyberelk.net/tim/xmlto/',
xmltoman,,0.0,none,missing,no exact/normalized/alias/homepage evidence; no lookalikes either,
xmodmap,,0.0,none,missing,no exact/normalized/alias/homepage evidence; no lookalikes either,
xmount,,0.0,none,missing,no exact/normalized/alias/homepage evidence; no lookalikes either,
xmp,xmp,1.0,exact,confident,name identical in both managers; homepages 'https://xmp.sourceforge.net/' vs 'http://xmp.sourceforge.net/',
xmq,,0.0,none,missing,no exact/normalized/alias/homepage evidence; no lookalikes either,
xmrig,,0.0,none,missing,no exact/normalized/alias/homepage evidence; no lookalikes either,
xnvme,,0.0,none,missing,no exact/normalized/alias/homepage evidence; no lookalikes either,
xonsh,,0.0,none,missing,no exact/normalized/alias/homepage evidence; no lookalikes either,
xorg-server,,0.0,none,missing,no exact/normalized/alias/homepage evidence; no lookalikes either,
xorgproto,,0.0,none,missing,no exact/normalized/alias/homepage evidence; no lookalikes either,
xorgrgb,,0.0,none,missing,no exact/normalized/alias/homepage evidence; no lookalikes either,
xorriso,xorriso,1.0,exact,confident,name identical in both managers; homepages 'https://www.gnu.org/software/xorriso/' vs 'http://www.gnu.org/software/xorriso/xorriso_eng.html',
xpdf,xpdf,1.0,exact,confident,name identical in both managers; homepages 'https://www.xpdfreader.com/' vs 'http://www.foolabs.com/xpdf',
xpipe,,0.0,none,missing,no exact/normalized/alias/homepage evidence; no lookalikes either,
xplanet,xplanet,1.0,exact,confident,name identical in both managers; homepages 'https://xplanet.sourceforge.net/' vs 'http://xplanet.sourceforge.net',
xplr,,0.0,none,missing,no exact/normalized/alias/homepage evidence; no lookalikes either,
xprop,,0.0,none,needs-review,no exact/normalized/alias/homepage evidence; fuzzy suggestions listed for review,qprop
xq,,0.0,none,missing,no exact/normalized/alias/homepage evidence; no lookalikes either,
xqilla,,0.0,none,missing,no exact/normalized/alias/homepage evidence; no lookalikes either,
xray,,0.0,none,missing,no exact/normalized/alias/homepage evidence; no lookalikes either,
xrdb,,0.0,none,missing,no exact/normalized/alias/homepage evidence; no lookalikes either,
xroar,,0.0,none,missing,no exact/normalized/alias/homepage evidence; no lookalikes either,
xrootd,xrootd,1.0,exact,confident,name identical in both managers; homepages 'https://xrootd.org/' vs 'http://xrootd.org',
xsane,xsane,1.0,exact,confident,name identical in both managers; homepages 'https://gitlab.com/sane-project/frontend/xsane' vs '',
xsd,,0.0,none,needs-review,no exact/normalized/alias/homepage evidence; fuzzy suggestions listed for review,xosd
xsel,,0.0,none,missing,no exact/normalized/alias/homepage evidence; no lookalikes either,
xsimd,,0.0,none,needs-review,no exact/normalized/alias/homepage evidence; fuzzy suggestions listed for review,xspim
xsv,,0.0,none,missing,no exact/normalized/alias/homepage evidence; no lookalikes either,
xtensor,,0.0,none,missing,no exact/normalized/alias/homepage evidence; no lookalikes either,
xterm,,0.0,none,needs-review,no exact/normalized/alias/homepage evidence; fuzzy suggestions listed for review,roxterm; aterm; eterm
xtermcontrol,xtermcontrol,1.0,exact,confident,name identical in both managers; homepages 'https://thrysoee.dk/xtermcontrol/' vs 'http://www.thrysoee.dk/xtermcontrol/',
xtitle,,0.0,none,needs-review,no exact/normalized/alias/homepage evidence; fuzzy suggestions listed for review,xttitle; tile
xtl,,0.0,none,missing,no exact/normalized/alias/homepage evidence; no lookalikes either,
xtrans,,0.0,none,missing,no exact/normalized/alias/homepage evidence; no lookalikes either,
xurls,,0.0,none,missing,no exact/normalized/alias/homepage evidence; no lookalikes either,
xvid,,0.0,none,missing,no exact/normalized/alias/homepage evidence; no lookalikes either,
xwin,,0.0,none,missing,no exact/normalized/alias/homepage evidence; no lookalikes either,
xwininfo,,0.0,none,missing,no exact/normalized/alias/homepage evidence; no lookalikes either,
xxh,,0.0,none,missing,no exact/normalized/alias/homepage evidence; no lookalikes either,
xxhash,,0.0,none,missing,no exact/normalized/alias/homepage evidence; no lookalikes either,
xz,xz,1.0,exact,confident,name identical in both managers; homepages 'https://tukaani.org/xz/' vs 'http://tukaani.org/xz/',
yacas,,0.0,none,missing,no exact/normalized/alias/homepage evidence; no lookalikes either,
yadm,,0.0,none,needs-review,no exact/normalized/alias/homepage evidence; fuzzy suggestions listed for review,yad
yaegi,,0.0,none,missing,no exact/normalized/alias/homepage evidence; no lookalikes either,
yaf,,0.0,none,needs-review,no exact/normalized/alias/homepage evidence; fuzzy suggestions listed for review,yafc
yafc,yafc,1.0,exact,confident,name identical in both managers; homepages 'https://github.com/sebastinas/yafc' vs 'http://yafc.sourceforge.net',
yajl,,0.0,none,needs-review,no exact/normalized/alias/homepage evidence; fuzzy suggestions listed for review,yajl1
yalantinglibs,,0.0,none,missing,no exact/normalized/alias/homepage evidence; no lookalikes either,
yamale,,0.0,none,missing,no exact/normalized/alias/homepage evidence; no lookalikes either,
yamcha,yamcha,1.0,exact,confident,name identical in both managers; homepages 'http://chasen.org/~taku/software/yamcha/' vs 'http://chasen.org/~taku/software/yamcha/',
yamdi,,0.0,none,missing,no exact/normalized/alias/homepage evidence; no lookalikes either,
yaml-cpp,,0.0,ambiguous,needs-review,homepage shared by several targets,libyaml-cpp0.6-shlibs; libyaml-cpp0.7-shlibs
yaml-language-server,,0.0,none,missing,no exact/normalized/alias/homepage evidence; no lookalikes either,
yaml2json,,0.0,none,missing,no exact/normalized/alias/homepage evidence; no lookalikes either,
yamlfix,,0.0,none,missing,no exact/normalized/alias/homepage evidence; no lookalikes either,
yamlfmt,,0.0,none,missing,no exact/normalized/alias/homepage evidence; no lookalikes either,
yamllint,,0.0,none,missing,no exact/normalized/alias/homepage evidence; no lookalikes either,
yamlresume,,0.0,none,missing,no exact/normalized/alias/homepage evidence; no lookalikes either,
yank,,0.0,none,missing,no exact/normalized/alias/homepage evidence; no lookalikes either,
yap,yap,1.0,exact,confident,name identical in both managers; homepages 'https://github.com/finnvoor/yap' vs 'http://yap.sourceforge.net',
yapf,,0.0,none,needs-review,no exact/normalized/alias/homepage evidence; fuzzy suggestions listed for review,apf; yap
yara,,0.0,none,missing,no exact/normalized/alias/homepage evidence; no lookalikes either,
yara-x,,0.0,none,missing,no exact/normalized/alias/homepage evidence; no lookalikes either,
yarn,,0.0,none,missing,no exact/normalized/alias/homepage evidence; no lookalikes either,
yarn-completion,,0.0,none,missing,no exact/normalized/alias/homepage evidence; no lookalikes either,
yash,,0.0,none,needs-review,no exact/normalized/alias/homepage evidence; fuzzy suggestions listed for review,ash
yasm,yasm,1.0,exact,confident,name identical in both managers; homepages 'https://www.tortall.net/projects/yasm/manual/html/' vs 'http://www.tortall.net/projects/yasm/',
yatas,,0.0,none,needs-review,no exact/normalized/alias/homepage evidence; fuzzy suggestions listed for review,atlas
yaws,,0.0,none,missing,no exact/normalized/alias/homepage evidence; no lookalikes either,
yaz,yaz,1.0,exact,confident,name identical in both managers; homepages 'https://www.indexdata.com/resources/software/yaz/' vs 'http://www.indexdata.dk/yaz',
yaze-ag,,0.0,none,missing,no exact/normalized/alias/homepage evidence; no lookalikes either,
yazi,,0.0,none,needs-review,no exact/normalized/alias/homepage evidence; fuzzy suggestions listed for review,yaz
yazpp,yazpp,1.0,exact,confident,name identical in both managers; homepages 'https://www.indexdata.com/resources/software/yazpp/' vs 'http://ftp.indexdata.dk/pub/yazpp',
yconalyzer,,0.0,none,missing,no exact/normalized/alias/homepage evidence; no lookalikes either,
yder,,0.0,none,missing,no exact/normalized/alias/homepage evidence; no lookalikes either,
ydiff,,0.0,none,needs-review,no exact/normalized/alias/homepage evidence; fuzzy suggestions listed for review,wdiff
yeet,,0.0,none,needs-review,no exact/normalized/alias/homepage evidence; fuzzy suggestions listed for review,eet
yek,,0.0,none,missing,no exact/normalized/alias/homepage evidence; no lookalikes either,
yelp-tools,,0.0,none,missing,no exact/normalized/alias/homepage evidence; no lookalikes either,
yelp-xsl,,0.0,none,missing,no exact/normalized/alias/homepage evidence; no lookalikes either,
yetris,,0.0,none,missing,no exact/normalized/alias/homepage evidence; no lookalikes either,
yewtube,,0.0,none,missing,no exact/normalized/alias/homepage evidence; no lookalikes either,
yh,,0.0,none,missing,no exact/normalized/alias/homepage evidence; no lookalikes either,
yices2,,0.0,none,needs-review,no exact/normalized/alias/homepage evidence; fuzzy suggestions listed for review,ices2
yj,,0.0,none,missing,no exact/normalized/alias/homepage evidence; no lookalikes either,
ykdl,,0.0,none,missing,no exact/normalized/alias/homepage evidence; no lookalikes either,
ykman,,0.0,none,missing,no exact/normalized/alias/homepage evidence; no lookalikes either,
ykpers,,0.0,none,missing,no exact/normalized/alias/homepage evidence; no lookalikes either,
yle-dl,,0.0,none,missing,no exact/normalized/alias/homepage evidence; no lookalikes either,
yo,,0.0,none,missing,no exact/normalized/alias/homepage evidence; no lookalikes either,
yoke,,0.0,none,missing,no exact/normalized/alias/homepage evidence; no lookalikes either,
yor,,0.0,none,missing,no exact/normalized/alias/homepage evidence; no lookalikes either,
yorkie,,0.0,none,missing,no exact/normalized/alias/homepage evidence; no lookalikes either,
yosys,,0.0,none,missing,no exact/normalized/alias/homepage evidence; no lookalikes either,
you-get,,0.0,none,needs-review,no exact/normalized/alias/homepage evidence; fuzzy suggestions listed for review,uget
youplot,,0.0,none,missing,no exact/normalized/alias/homepage evidence; no lookalikes either,
youtubedr,,0.0,none,needs-review,no exact/normalized/alias/homepage evidence; fuzzy suggestions listed for review,youtube-dl
youtubeuploader,,0.0,none,missing,no exact/normalized/alias/homepage evidence; no lookalikes either,
yozefu,,0.0,none,missing,no exact/normalized/alias/homepage evidence; no lookalikes either,
yq,,0.0,none,missing,no exact/normalized/alias/homepage evidence; no lookalikes either,
yt-dlp,yt-dlp,1.0,exact,confident,name identical in both managers; homepages 'https://github.com/yt-dlp/yt-dlp' vs 'https://github.com/yt-dlp/yt-dlp',
ytt,,0.0,none,missing,no exact/normalized/alias/homepage evidence; no lookalikes either,
yubico-piv-tool,,0.0,none,missing,no exact/normalized/alias/homepage evidence; no lookalikes either,
yubikey-agent,,0.0,none,missing,no exact/normalized/alias/homepage evidence; no lookalikes either,
yuicompressor,yui-compressor,0.96,normalized,confident,'yuicompressor' ~ 'yui-compressor' after case/punctuation folding,
yuque-dl,,0.0,none,missing,no exact/normalized/alias/homepage evidence; no lookalikes either,
yutu,,0.0,none,missing,no exact/normalized/alias/homepage evidence; no lookalikes either,
yydecode,yydecode,1.0,exact,confident,name identical in both managers; homepages 'https://yydecode.sourceforge.net/' vs 'http://yydecode.sourceforge.net/',
yyjson,,0.0,none,missing,no exact/normalized/alias/homepage evidence; no lookalikes either,
z,,0.0,none,missing,no exact/normalized/alias/homepage evidence; no lookalikes either,
z3,,0.0,none,missing,no exact/normalized/alias/homepage evidence; no lookalikes either,
z80asm,,0.0,none,missing,no exact/normalized/alias/homepage evidence; no lookalikes either,
z80dasm,,0.0,none,missing,no exact/normalized/alias/homepage evidence; no lookalikes either,
zabbix,,0.0,none,missing,no exact/normalized/alias/homepage evidence; no lookalikes either,
zabbix-cli,,0.0,none,missing,no exact/normalized/alias/homepage evidence; no lookalikes either,
zanata-client,,0.0,none,missing,no exact/normalized/alias/homepage evidence; no lookalikes either,
zapp,,0.0,none,missing,no exact/normalized/alias/homepage evidence; no lookalikes either,
zbar,zbar,1.0,exact,confident,name identical in both managers; homepages 'https://linuxtv.org/downloads/zbar/' vs 'http://zbar.sourceforge.net/',
zbctl,,0.0,none,missing,no exact/normalized/alias/homepage evidence; no lookalikes either,
zboy,,0.0,none,missing,no exact/normalized/alias/homepage evidence; no lookalikes either,
zchunk,,0.0,none,needs-review,no exact/normalized/alias/homepage evidence; fuzzy suggestions listed for review,bchunk
zebra,zebra,1.0,exact,confident,name identical in both managers; homepages 'https://www.indexdata.com/resources/software/zebra/' vs 'http://www.zebra.org',
zeek,,0.0,none,missing,no exact/normalized/alias/homepage evidence; no lookalikes either,
zelda-roth-se,,0.0,none,missing,no exact/normalized/alias/homepage evidence; no lookalikes either,
zellij,,0.0,none,missing,no exact/normalized/alias/homepage evidence; no lookalikes either,
zenith,,0.0,none,needs-review,no exact/normalized/alias/homepage evidence; fuzzy suggestions listed for review,zenity
zenity,zenity,1.0,exact,confident,name identical in both managers; homepages 'https://gitlab.gnome.org/GNOME/zenity' vs 'http://www.gnome.org/',
zeptoclaw,,0.0,none,missing,no exact/normalized/alias/homepage evidence; no lookalikes either,
zero,,0.0,none,missing,no exact/normalized/alias/homepage evidence; no lookalikes either,
zero-install,,0.0,none,missing,no exact/normalized/alias/homepage evidence; no lookalikes either,
zeroclaw,,0.0,none,missing,no exact/normalized/alias/homepage evidence; no lookalikes either,
zerolang,,0.0,none,missing,no exact/normalized/alias/homepage evidence; no lookalikes either,
zeromq,,0.0,none,needs-review,no exact/normalized/alias/homepage evidence; same homepage 'https://zeromq.org/' as 'cppzmq' but desc overlap only 0.00; no lookalikes either,
zet,,0.0,none,missing,no exact/normalized/alias/homepage evidence; no lookalikes either,
zf,,0.0,none,missing,no exact/normalized/alias/homepage evidence; no lookalikes either,
zfind,,0.0,none,missing,no exact/normalized/alias/homepage evidence; no lookalikes either,
zfp,,0.0,none,missing,no exact/normalized/alias/homepage evidence; no lookalikes either,
zig,,0.0,none,missing,no exact/normalized/alias/homepage evidence; no lookalikes either,
zig@0.14,,0.0,none,missing,no exact/normalized/alias/homepage evidence; no lookalikes either,
zig@0.15,,0.0,none,missing,no exact/normalized/alias/homepage evidence; no lookalikes either,
zigmod,,0.0,none,missing,no exact/normalized/alias/homepage evidence; no lookalikes either,
zigup,,0.0,none,missing,no exact/normalized/alias/homepage evidence; no lookalikes either,
zile,zile,1.0,exact,confident,name identical in both managers; homepages 'https://www.gnu.org/software/zile/' vs 'http://savannah.gnu.org/projects/zile',
zim,,0.0,none,missing,no exact/normalized/alias/homepage evidence; no lookalikes either,
zimfw,,0.0,none,missing,no exact/normalized/alias/homepage evidence; no lookalikes either,
zimg,,0.0,none,missing,no exact/normalized/alias/homepage evidence; no lookalikes either,
zinit,,0.0,none,missing,no exact/normalized/alias/homepage evidence; no lookalikes either,
zint,,0.0,none,missing,no exact/normalized/alias/homepage evidence; no lookalikes either,
zip,zip,1.0,exact,confident,name identical in both managers; homepages 'https://infozip.sourceforge.net/Zip.html' vs 'http://www.info-zip.org/pub/infozip/Zip.html',
zipkin,,0.0,none,missing,no exact/normalized/alias/homepage evidence; no lookalikes either,
zita-convolver,zita-convolver,1.0,exact,confident,name identical in both managers; homepages 'https://kokkinizita.linuxaudio.org/linuxaudio/' vs '',
zix,,0.0,none,missing,no exact/normalized/alias/homepage evidence; no lookalikes either,
zizmor,,0.0,none,missing,no exact/normalized/alias/homepage evidence; no lookalikes either,
zk,,0.0,none,missing,no exact/normalized/alias/homepage evidence; no lookalikes either,
zlib,,0.0,none,needs-review,no exact/normalized/alias/homepage evidence; fuzzy suggestions listed for review,jzlib
zlib-ng,,0.0,none,missing,no exact/normalized/alias/homepage evidence; no lookalikes either,
zlib-ng-compat,,0.0,none,missing,no exact/normalized/alias/homepage evidence; no lookalikes either,
zlib-rs,,0.0,none,missing,no exact/normalized/alias/homepage evidence; no lookalikes either,
zlint,,0.0,none,missing,no exact/normalized/alias/homepage evidence; no lookalikes either,
zlog,,0.0,none,missing,no exact/normalized/alias/homepage evidence; no lookalikes either,
zls,,0.0,none,missing,no exact/normalized/alias/homepage evidence; no lookalikes either,
z.lua,,0.0,none,needs-review,no exact/normalized/alias/homepage evidence; fuzzy suggestions listed for review,lua
zmap,,0.0,none,needs-review,no exact/normalized/alias/homepage evidence; fuzzy suggestions listed for review,zenmap
zmqpp,,0.0,none,missing,no exact/normalized/alias/homepage evidence; no lookalikes either,
znapzend,,0.0,none,missing,no exact/normalized/alias/homepage evidence; no lookalikes either,
znc,znc,1.0,exact,confident,name identical in both managers; homepages 'https://wiki.znc.in/ZNC' vs 'http://wiki.znc.in/ZNC',
zns,,0.0,none,missing,no exact/normalized/alias/homepage evidence; no lookalikes either,
zola,,0.0,none,missing,no exact/normalized/alias/homepage evidence; no lookalikes either,
zookeeper,,0.0,none,missing,no exact/normalized/alias/homepage evidence; no lookalikes either,
zopfli,libzopfli1,0.9,homepage,confident,same upstream 'https://github.com/google/zopfli' (desc overlap 0.25),
zork,,0.0,none,missing,no exact/normalized/alias/homepage evidence; no lookalikes either,
zoro,,0.0,none,missing,no exact/normalized/alias/homepage evidence; no lookalikes either,
zot,,0.0,none,missing,no exact/normalized/alias/homepage evidence; no lookalikes either,
zoxide,,0.0,none,missing,no exact/normalized/alias/homepage evidence; no lookalikes either,
zpaq,,0.0,none,missing,no exact/normalized/alias/homepage evidence; no lookalikes either,
zpaqfranz,,0.0,none,missing,no exact/normalized/alias/homepage evidence; no lookalikes either,
zplug,,0.0,none,missing,no exact/normalized/alias/homepage evidence; no lookalikes either,
zrepl,,0.0,none,missing,no exact/normalized/alias/homepage evidence; no lookalikes either,
zrok,,0.0,none,missing,no exact/normalized/alias/homepage evidence; no lookalikes either,
zsdx,,0.0,none,missing,no exact/normalized/alias/homepage evidence; no lookalikes either,
zsh,zsh,1.0,exact,confident,name identical in both managers; homepages 'https://www.zsh.org/' vs 'http://zsh.sunsite.dk/',
zsh-async,,0.0,none,missing,no exact/normalized/alias/homepage evidence; no lookalikes either,
zsh-autocomplete,,0.0,none,missing,no exact/normalized/alias/homepage evidence; no lookalikes either,
zsh-autopair,,0.0,none,missing,no exact/normalized/alias/homepage evidence; no lookalikes either,
zsh-autosuggestions,,0.0,none,missing,no exact/normalized/alias/homepage evidence; no lookalikes either,
zsh-completions,,0.0,none,needs-review,no exact/normalized/alias/homepage evidence; fuzzy suggestions listed for review,bash-completion
zsh-f-sy-h,,0.0,none,missing,no exact/normalized/alias/homepage evidence; no lookalikes either,
zsh-fast-syntax-highlighting,,0.0,none,missing,no exact/normalized/alias/homepage evidence; no lookalikes either,
zsh-git-prompt,,0.0,none,missing,no exact/normalized/alias/homepage evidence; no lookalikes either,
zsh-history-enquirer,,0.0,none,missing,no exact/normalized/alias/homepage evidence; no lookalikes either,
zsh-history-substring-search,,0.0,none,missing,no exact/normalized/alias/homepage evidence; no lookalikes either,
zsh-lovers,,0.0,none,missing,no exact/normalized/alias/homepage evidence; no lookalikes either,
zsh-navigation-tools,,0.0,none,missing,no exact/normalized/alias/homepage evidence; no lookalikes either,
zsh-patina,,0.0,none,missing,no exact/normalized/alias/homepage evidence; no lookalikes either,
zsh-syntax-highlighting,,0.0,none,missing,no exact/normalized/alias/homepage evidence; no lookalikes either,
zsh-system-clipboard,,0.0,none,missing,no exact/normalized/alias/homepage evidence; no lookalikes either,
zsh-vi-mode,,0.0,none,missing,no exact/normalized/alias/homepage evidence; no lookalikes either,
zsh-you-should-use,,0.0,none,missing,no exact/normalized/alias/homepage evidence; no lookalikes either,
zshdb,,0.0,none,missing,no exact/normalized/alias/homepage evidence; no lookalikes either,
zsign,,0.0,none,needs-review,no exact/normalized/alias/homepage evidence; fuzzy suggestions listed for review,sign
zssh,,0.0,none,needs-review,no exact/normalized/alias/homepage evidence; fuzzy suggestions listed for review,zsh
zstd,,0.0,none,missing,no exact/normalized/alias/homepage evidence; no lookalikes either,
zsv,,0.0,none,missing,no exact/normalized/alias/homepage evidence; no lookalikes either,
zsxd,,0.0,none,missing,no exact/normalized/alias/homepage evidence; no lookalikes either,
zsync,zsync,1.0,exact,confident,name identical in both managers; homepages 'https://zsync.moria.org.uk/' vs 'http://zsync.moria.org.uk/download',
zuban,,0.0,none,missing,no exact/normalized/alias/homepage evidence; no lookalikes either,
zug,,0.0,none,missing,no exact/normalized/alias/homepage evidence; no lookalikes either,
zurl,,0.0,none,missing,no exact/normalized/alias/homepage evidence; no lookalikes either,
zvbi,,0.0,none,missing,no exact/normalized/alias/homepage evidence; no lookalikes either,
zx,,0.0,none,missing,no exact/normalized/alias/homepage evidence; no lookalikes either,
zxc,,0.0,none,missing,no exact/normalized/alias/homepage evidence; no lookalikes either,
zxcc,,0.0,none,missing,no exact/normalized/alias/homepage evidence; no lookalikes either,
zxing-cpp,,0.0,none,missing,no exact/normalized/alias/homepage evidence; no lookalikes either,
zycore-c,,0.0,none,missing,no exact/normalized/alias/homepage evidence; no lookalikes either,
zydis,,0.0,none,missing,no exact/normalized/alias/homepage evidence; no lookalikes either,
zyre,,0.0,none,missing,no exact/normalized/alias/homepage evidence; no lookalikes either,
zzuf,zzuf,1.0,exact,confident,name identical in both managers; homepages 'http://caca.zoy.org/wiki/zzuf' vs 'http://caca.zoy.org/wiki/zzuf',
zzz,,0.0,none,missing,no exact/normalized/alias/homepage evidence; no lookalikes either,
