source,target,confidence,method,status,evidence,alternatives,catalog_version
0-ad,,0.0,none,missing,no exact/normalized/alias/homepage evidence; no lookalikes either,,v20260906+55419ffd
010-editor,,0.0,none,needs-review,no exact/normalized/alias/homepage evidence; fuzzy suggestions listed for review,py310-editor,v20260906+55419ffd
115browser,,0.0,none,missing,no exact/normalized/alias/homepage evidence; no lookalikes either,,v20260906+55419ffd
1kc-razer,,0.0,none,missing,no exact/normalized/alias/homepage evidence; no lookalikes either,,v20260906+55419ffd
1password,,0.0,none,needs-review,no exact/normalized/alias/homepage evidence; fuzzy suggestions listed for review,1password-cli; rb-password,v20260906+55419ffd
1password-cli,1password-cli,1.0,exact,confident,name identical in both managers; homepages 'https://developer.1password.com/docs/cli' vs 'https://support.1password.com/command-line',,v20260906+55419ffd
1password-cli@1,,0.0,none,needs-review,no exact/normalized/alias/homepage evidence; fuzzy suggestions listed for review,1password-cli,v20260906+55419ffd
1password-cli@beta,,0.0,none,needs-review,no exact/normalized/alias/homepage evidence; fuzzy suggestions listed for review,1password-cli,v20260906+55419ffd
1password@7,,0.0,none,needs-review,no exact/normalized/alias/homepage evidence; fuzzy suggestions listed for review,1password-cli; rb-password,v20260906+55419ffd
1password@beta,,0.0,none,missing,no exact/normalized/alias/homepage evidence; no lookalikes either,,v20260906+55419ffd
1password@nightly,,0.0,none,missing,no exact/normalized/alias/homepage evidence; no lookalikes either,,v20260906+55419ffd
3dgenceslicer,,0.0,none,missing,no exact/normalized/alias/homepage evidence; no lookalikes either,,v20260906+55419ffd
4k-image-compressor,,0.0,none,missing,no exact/normalized/alias/homepage evidence; no lookalikes either,,v20260906+55419ffd
4k-slideshow-maker,,0.0,none,missing,no exact/normalized/alias/homepage evidence; no lookalikes either,,v20260906+55419ffd
4k-stogram,,0.0,none,missing,no exact/normalized/alias/homepage evidence; no lookalikes either,,v20260906+55419ffd
4k-tokkit,,0.0,none,missing,no exact/normalized/alias/homepage evidence; no lookalikes either,,v20260906+55419ffd
4k-video-downloader,,0.0,none,missing,no exact/normalized/alias/homepage evidence; no lookalikes either,,v20260906+55419ffd
4k-video-downloader+,,0.0,none,missing,no exact/normalized/alias/homepage evidence; no lookalikes either,,v20260906+55419ffd
4k-video-to-mp3,,0.0,none,missing,no exact/normalized/alias/homepage evidence; no lookalikes either,,v20260906+55419ffd
4k-youtube-to-mp3,,0.0,none,missing,no exact/normalized/alias/homepage evidence; no lookalikes either,,v20260906+55419ffd
4peaks,,0.0,none,missing,no exact/normalized/alias/homepage evidence; no lookalikes either,,v20260906+55419ffd
5ire,,0.0,none,missing,no exact/normalized/alias/homepage evidence; no lookalikes either,,v20260906+55419ffd
5kplayer,,0.0,none,needs-review,no exact/normalized/alias/homepage evidence; fuzzy suggestions listed for review,MPlayer,v20260906+55419ffd
7777,,0.0,none,missing,no exact/normalized/alias/homepage evidence; no lookalikes either,,v20260906+55419ffd
86box,,0.0,none,missing,no exact/normalized/alias/homepage evidence; no lookalikes either,,v20260906+55419ffd
8bitdo-firmware-updater,,0.0,none,missing,no exact/normalized/alias/homepage evidence; no lookalikes either,,v20260906+55419ffd
8bitdo-ultimate-software,,0.0,none,missing,no exact/normalized/alias/homepage evidence; no lookalikes either,,v20260906+55419ffd
8bitdo-ultimate-software-v2,,0.0,none,missing,no exact/normalized/alias/homepage evidence; no lookalikes either,,v20260906+55419ffd
8x8-work,,0.0,none,missing,no exact/normalized/alias/homepage evidence; no lookalikes either,,v20260906+55419ffd
a-better-finder-attributes,,0.0,none,missing,no exact/normalized/alias/homepage evidence; no lookalikes either,,v20260906+55419ffd
a-better-finder-rename,,0.0,none,missing,no exact/normalized/alias/homepage evidence; no lookalikes either,,v20260906+55419ffd
abbyy-finereader-pdf,,0.0,none,missing,no exact/normalized/alias/homepage evidence; no lookalikes either,,v20260906+55419ffd
ableset,,0.0,none,missing,no exact/normalized/alias/homepage evidence; no lookalikes either,,v20260906+55419ffd
ableton-live-intro,,0.0,none,missing,no exact/normalized/alias/homepage evidence; no lookalikes either,,v20260906+55419ffd
ableton-live-intro@11,,0.0,none,missing,no exact/normalized/alias/homepage evidence; no lookalikes either,,v20260906+55419ffd
ableton-live-lite,,0.0,none,missing,no exact/normalized/alias/homepage evidence; no lookalikes either,,v20260906+55419ffd
ableton-live-lite@11,,0.0,none,missing,no exact/normalized/alias/homepage evidence; no lookalikes either,,v20260906+55419ffd
ableton-live-standard,,0.0,none,missing,no exact/normalized/alias/homepage evidence; no lookalikes either,,v20260906+55419ffd
ableton-live-standard@11,,0.0,none,missing,no exact/normalized/alias/homepage evidence; no lookalikes either,,v20260906+55419ffd
ableton-live-suite,,0.0,none,missing,no exact/normalized/alias/homepage evidence; no lookalikes either,,v20260906+55419ffd
ableton-live-suite@10,,0.0,none,missing,no exact/normalized/alias/homepage evidence; no lookalikes either,,v20260906+55419ffd
ableton-live-suite@11,,0.0,none,missing,no exact/normalized/alias/homepage evidence; no lookalikes either,,v20260906+55419ffd
abstract,,0.0,none,needs-review,no exact/normalized/alias/homepage evidence; fuzzy suggestions listed for review,rb19-abstract,v20260906+55419ffd
abyssoft-teleport,,0.0,none,missing,no exact/normalized/alias/homepage evidence; no lookalikes either,,v20260906+55419ffd
accessmenubarapps,,0.0,none,missing,no exact/normalized/alias/homepage evidence; no lookalikes either,,v20260906+55419ffd
accord,,0.0,none,missing,no exact/normalized/alias/homepage evidence; no lookalikes either,,v20260906+55419ffd
accordance,,0.0,none,missing,no exact/normalized/alias/homepage evidence; no lookalikes either,,v20260906+55419ffd
accordance@13,,0.0,none,missing,no exact/normalized/alias/homepage evidence; no lookalikes either,,v20260906+55419ffd
ace-link,,0.0,none,missing,no exact/normalized/alias/homepage evidence; no lookalikes either,,v20260906+55419ffd
ace-studio,,0.0,none,missing,no exact/normalized/alias/homepage evidence; no lookalikes either,,v20260906+55419ffd
acorn,,1.0,curated,missing,brew=image editor (flyingmeat.com); macports=Kubernetes deployment framework (docs.acorn.io),acorn,v20260906+55419ffd
acreom,,0.0,none,missing,no exact/normalized/alias/homepage evidence; no lookalikes either,,v20260906+55419ffd
acronis-true-image,,0.0,none,missing,no exact/normalized/alias/homepage evidence; no lookalikes either,,v20260906+55419ffd
acronis-true-image-cleanup-tool,,0.0,none,missing,no exact/normalized/alias/homepage evidence; no lookalikes either,,v20260906+55419ffd
active-trader-pro,,0.0,none,missing,no exact/normalized/alias/homepage evidence; no lookalikes either,,v20260906+55419ffd
activedock,,0.0,none,missing,no exact/normalized/alias/homepage evidence; no lookalikes either,,v20260906+55419ffd
activitywatch,,0.0,none,missing,no exact/normalized/alias/homepage evidence; no lookalikes either,,v20260906+55419ffd
activitywatch@beta,,0.0,none,missing,no exact/normalized/alias/homepage evidence; no lookalikes either,,v20260906+55419ffd
actual,,0.0,none,missing,no exact/normalized/alias/homepage evidence; no lookalikes either,,v20260906+55419ffd
actual-odbc-pack,,0.0,none,missing,no exact/normalized/alias/homepage evidence; no lookalikes either,,v20260906+55419ffd
adapter,,0.0,none,missing,no exact/normalized/alias/homepage evidence; no lookalikes either,,v20260906+55419ffd
adguard,,0.0,none,missing,no exact/normalized/alias/homepage evidence; no lookalikes either,,v20260906+55419ffd
adguard-vpn,,0.0,none,missing,no exact/normalized/alias/homepage evidence; no lookalikes either,,v20260906+55419ffd
adguard-vpn@nightly,,0.0,none,missing,no exact/normalized/alias/homepage evidence; no lookalikes either,,v20260906+55419ffd
adguard@nightly,,0.0,none,missing,no exact/normalized/alias/homepage evidence; no lookalikes either,,v20260906+55419ffd
adium,,0.0,none,missing,no exact/normalized/alias/homepage evidence; no lookalikes either,,v20260906+55419ffd
adlock,,0.0,none,missing,no exact/normalized/alias/homepage evidence; no lookalikes either,,v20260906+55419ffd
adobe-acrobat-pro,,0.0,none,missing,no exact/normalized/alias/homepage evidence; no lookalikes either,,v20260906+55419ffd
adobe-acrobat-reader,,0.0,none,missing,no exact/normalized/alias/homepage evidence; no lookalikes either,,v20260906+55419ffd
adobe-air,,0.0,none,missing,no exact/normalized/alias/homepage evidence; no lookalikes either,,v20260906+55419ffd
adobe-connect,,0.0,none,missing,no exact/normalized/alias/homepage evidence; no lookalikes either,,v20260906+55419ffd
adobe-creative-cloud,,0.0,none,missing,no exact/normalized/alias/homepage evidence; no lookalikes either,,v20260906+55419ffd
adobe-creative-cloud-cleaner-tool,,0.0,none,missing,no exact/normalized/alias/homepage evidence; no lookalikes either,,v20260906+55419ffd
adobe-digital-editions,,0.0,none,missing,no exact/normalized/alias/homepage evidence; no lookalikes either,,v20260906+55419ffd
adobe-dng-converter,,0.0,none,missing,no exact/normalized/alias/homepage evidence; no lookalikes either,,v20260906+55419ffd
adrafinil,,0.0,none,missing,no exact/normalized/alias/homepage evidence; no lookalikes either,,v20260906+55419ffd
adrive,,0.0,none,needs-review,no exact/normalized/alias/homepage evidence; fuzzy suggestions listed for review,gdrive; dive,v20260906+55419ffd
advanced-renamer,,0.0,none,missing,no exact/normalized/alias/homepage evidence; no lookalikes either,,v20260906+55419ffd
advancedrestclient,,0.0,none,missing,no exact/normalized/alias/homepage evidence; no lookalikes either,,v20260906+55419ffd
advantagescope,,0.0,none,missing,no exact/normalized/alias/homepage evidence; no lookalikes either,,v20260906+55419ffd
adze,,0.0,none,needs-review,no exact/normalized/alias/homepage evidence; fuzzy suggestions listed for review,ade,v20260906+55419ffd
aegisub,,0.0,none,needs-review,no exact/normalized/alias/homepage evidence; fuzzy suggestions listed for review,aegis,v20260906+55419ffd
aerial,Aerial,0.96,normalized,confident,'aerial' ~ 'Aerial' after case/punctuation folding,,v20260906+55419ffd
aerial@beta,,0.0,none,missing,no exact/normalized/alias/homepage evidence; no lookalikes either,,v20260906+55419ffd
aexol-remote-mouse,,0.0,none,missing,no exact/normalized/alias/homepage evidence; no lookalikes either,,v20260906+55419ffd
affine,,0.0,none,needs-review,no exact/normalized/alias/homepage evidence; fuzzy suggestions listed for review,py-affine,v20260906+55419ffd
affinity,,0.0,none,needs-review,no exact/normalized/alias/homepage evidence; fuzzy suggestions listed for review,R-finity,v20260906+55419ffd
affinity-designer,,0.0,none,missing,no exact/normalized/alias/homepage evidence; no lookalikes either,,v20260906+55419ffd
affinity-designer@1,,0.0,none,missing,no exact/normalized/alias/homepage evidence; no lookalikes either,,v20260906+55419ffd
affinity-photo,,0.0,none,missing,no exact/normalized/alias/homepage evidence; no lookalikes either,,v20260906+55419ffd
affinity-photo@1,,0.0,none,missing,no exact/normalized/alias/homepage evidence; no lookalikes either,,v20260906+55419ffd
affinity-publisher,,0.0,none,missing,no exact/normalized/alias/homepage evidence; no lookalikes either,,v20260906+55419ffd
affinity-publisher@1,,0.0,none,missing,no exact/normalized/alias/homepage evidence; no lookalikes either,,v20260906+55419ffd
after-dark-classic,,0.0,none,missing,no exact/normalized/alias/homepage evidence; no lookalikes either,,v20260906+55419ffd
afterglow,,0.0,none,missing,no exact/normalized/alias/homepage evidence; no lookalikes either,,v20260906+55419ffd
agent-tars,,0.0,none,missing,no exact/normalized/alias/homepage evidence; no lookalikes either,,v20260906+55419ffd
agentide,,0.0,none,missing,no exact/normalized/alias/homepage evidence; no lookalikes either,,v20260906+55419ffd
agentkube,,0.0,none,missing,no exact/normalized/alias/homepage evidence; no lookalikes either,,v20260906+55419ffd
agentsmesh,,0.0,none,missing,no exact/normalized/alias/homepage evidence; no lookalikes either,,v20260906+55419ffd
agentsview,,0.0,none,missing,no exact/normalized/alias/homepage evidence; no lookalikes either,,v20260906+55419ffd
agi,,0.0,none,missing,no exact/normalized/alias/homepage evidence; no lookalikes either,,v20260906+55419ffd
ai-studio,,0.0,none,needs-review,no exact/normalized/alias/homepage evidence; fuzzy suggestions listed for review,rawstudio,v20260906+55419ffd
aide-app,,0.0,none,missing,no exact/normalized/alias/homepage evidence; no lookalikes either,,v20260906+55419ffd
aifun,,0.0,none,missing,no exact/normalized/alias/homepage evidence; no lookalikes either,,v20260906+55419ffd
aigcpanel,,0.0,none,missing,no exact/normalized/alias/homepage evidence; no lookalikes either,,v20260906+55419ffd
aimersoft-video-converter-ultimate,,0.0,none,missing,no exact/normalized/alias/homepage evidence; no lookalikes either,,v20260906+55419ffd
aionui,,0.0,none,missing,no exact/normalized/alias/homepage evidence; no lookalikes either,,v20260906+55419ffd
air-video-server-hd,,0.0,none,missing,no exact/normalized/alias/homepage evidence; no lookalikes either,,v20260906+55419ffd
airbuddy,,0.0,none,missing,no exact/normalized/alias/homepage evidence; no lookalikes either,,v20260906+55419ffd
aircall,,0.0,none,missing,no exact/normalized/alias/homepage evidence; no lookalikes either,,v20260906+55419ffd
airdash,,0.0,none,missing,no exact/normalized/alias/homepage evidence; no lookalikes either,,v20260906+55419ffd
airdroid,,0.0,none,needs-review,no exact/normalized/alias/homepage evidence; fuzzy suggestions listed for review,android,v20260906+55419ffd
airflow,,0.0,none,missing,no exact/normalized/alias/homepage evidence; no lookalikes either,,v20260906+55419ffd
airfoil,,0.0,none,needs-review,no exact/normalized/alias/homepage evidence; fuzzy suggestions listed for review,Aerofoil,v20260906+55419ffd
airi,,0.0,none,needs-review,no exact/normalized/alias/homepage evidence; fuzzy suggestions listed for review,air; mairix,v20260906+55419ffd
airmedia,,0.0,none,missing,no exact/normalized/alias/homepage evidence; no lookalikes either,,v20260906+55419ffd
airparrot,,0.0,none,needs-review,no exact/normalized/alias/homepage evidence; fuzzy suggestions listed for review,parrot,v20260906+55419ffd
airpass,,0.0,none,missing,no exact/normalized/alias/homepage evidence; no lookalikes either,,v20260906+55419ffd
airscroll,,0.0,none,missing,no exact/normalized/alias/homepage evidence; no lookalikes either,,v20260906+55419ffd
airserver,,0.0,none,needs-review,no exact/normalized/alias/homepage evidence; fuzzy suggestions listed for review,mail-server; atuin-server; wired-server,v20260906+55419ffd
airstats,,0.0,none,needs-review,no exact/normalized/alias/homepage evidence; fuzzy suggestions listed for review,R-hstats; awstats,v20260906+55419ffd
airsync,,0.0,none,needs-review,no exact/normalized/alias/homepage evidence; fuzzy suggestions listed for review,rsync; isync; librsync,v20260906+55419ffd
airtable,,0.0,none,needs-review,no exact/normalized/alias/homepage evidence; fuzzy suggestions listed for review,argtable; argtable3; darktable,v20260906+55419ffd
airtame,,0.0,none,missing,no exact/normalized/alias/homepage evidence; no lookalikes either,,v20260906+55419ffd
airtool,,0.0,none,needs-review,no exact/normalized/alias/homepage evidence; fuzzy suggestions listed for review,atool,v20260906+55419ffd
airtrash,,0.0,none,needs-review,no exact/normalized/alias/homepage evidence; fuzzy suggestions listed for review,rmtrash,v20260906+55419ffd
airy,,0.0,none,needs-review,no exact/normalized/alias/homepage evidence; fuzzy suggestions listed for review,air; airspy,v20260906+55419ffd
ajour,,0.0,none,missing,no exact/normalized/alias/homepage evidence; no lookalikes either,,v20260906+55419ffd
akiflow,,0.0,none,missing,no exact/normalized/alias/homepage evidence; no lookalikes either,,v20260906+55419ffd
aks-desktop,,0.0,none,missing,no exact/normalized/alias/homepage evidence; no lookalikes either,,v20260906+55419ffd
akuity,,0.0,none,missing,no exact/normalized/alias/homepage evidence; no lookalikes either,,v20260906+55419ffd
alacritty,alacritty,1.0,exact,confident,name identical in both managers; homepages 'https://github.com/alacritty/alacritty/' vs 'https://github.com/alacritty/alacritty',,v20260906+55419ffd
aladin,,0.0,none,needs-review,no exact/normalized/alias/homepage evidence; fuzzy suggestions listed for review,alan,v20260906+55419ffd
alcom,alcom,1.0,exact,confident,name identical in both managers; homepages 'https://vrc-get.anatawa12.com/alcom' vs 'https://github.com/anatawa12/vrc-get',,v20260906+55419ffd
alcove,,0.0,none,needs-review,no exact/normalized/alias/homepage evidence; fuzzy suggestions listed for review,lcov,v20260906+55419ffd
aldente,,0.0,none,missing,no exact/normalized/alias/homepage evidence; no lookalikes either,,v20260906+55419ffd
aleph-one,,0.0,none,missing,no exact/normalized/alias/homepage evidence; no lookalikes either,,v20260906+55419ffd
alex313031-thorium,,0.0,none,missing,no exact/normalized/alias/homepage evidence; no lookalikes either,,v20260906+55419ffd
alfaview,,0.0,none,missing,no exact/normalized/alias/homepage evidence; no lookalikes either,,v20260906+55419ffd
alfred,,0.0,none,missing,no exact/normalized/alias/homepage evidence; no lookalikes either,,v20260906+55419ffd
alfred@4,,0.0,none,missing,no exact/normalized/alias/homepage evidence; no lookalikes either,,v20260906+55419ffd
alfred@prerelease,,0.0,none,missing,no exact/normalized/alias/homepage evidence; no lookalikes either,,v20260906+55419ffd
algoapp,,0.0,none,missing,no exact/normalized/alias/homepage evidence; no lookalikes either,,v20260906+55419ffd
algodoo,,0.0,none,missing,no exact/normalized/alias/homepage evidence; no lookalikes either,,v20260906+55419ffd
alienator88-sentinel,,0.0,none,missing,no exact/normalized/alias/homepage evidence; no lookalikes either,,v20260906+55419ffd
alifix,,0.0,none,missing,no exact/normalized/alias/homepage evidence; no lookalikes either,,v20260906+55419ffd
alipay-key-tool,,0.0,none,missing,no exact/normalized/alias/homepage evidence; no lookalikes either,,v20260906+55419ffd
alisma,,0.0,none,needs-review,no exact/normalized/alias/homepage evidence; fuzzy suggestions listed for review,talisman; lima,v20260906+55419ffd
aliwangwang,,0.0,none,missing,no exact/normalized/alias/homepage evidence; no lookalikes either,,v20260906+55419ffd
aliworkbench,,0.0,none,missing,no exact/normalized/alias/homepage evidence; no lookalikes either,,v20260906+55419ffd
all-in-one-messenger,,0.0,none,missing,no exact/normalized/alias/homepage evidence; no lookalikes either,,v20260906+55419ffd
allen-and-heath-midi-control,,0.0,none,missing,no exact/normalized/alias/homepage evidence; no lookalikes either,,v20260906+55419ffd
alloy,,0.0,none,needs-review,no exact/normalized/alias/homepage evidence; fuzzy suggestions listed for review,halloy,v20260906+55419ffd
alma,,0.0,none,missing,no exact/normalized/alias/homepage evidence; no lookalikes either,,v20260906+55419ffd
almighty,,0.0,none,missing,no exact/normalized/alias/homepage evidence; no lookalikes either,,v20260906+55419ffd
aloha-browser,,0.0,none,missing,no exact/normalized/alias/homepage evidence; no lookalikes either,,v20260906+55419ffd
alpha,,0.0,none,missing,no exact/normalized/alias/homepage evidence; no lookalikes either,,v20260906+55419ffd
alt-tab,,0.0,none,missing,no exact/normalized/alias/homepage evidence; no lookalikes either,,v20260906+55419ffd
altair-graphql-client,,0.0,none,missing,no exact/normalized/alias/homepage evidence; no lookalikes either,,v20260906+55419ffd
altar-ai,,0.0,none,missing,no exact/normalized/alias/homepage evidence; no lookalikes either,,v20260906+55419ffd
alternote,,0.0,none,missing,no exact/normalized/alias/homepage evidence; no lookalikes either,,v20260906+55419ffd
altersend,,0.0,none,missing,no exact/normalized/alias/homepage evidence; no lookalikes either,,v20260906+55419ffd
altserver,,0.0,none,needs-review,no exact/normalized/alias/homepage evidence; fuzzy suggestions listed for review,aolserver; wallet-server; mail-server,v20260906+55419ffd
amadeus-pro,,0.0,none,missing,no exact/normalized/alias/homepage evidence; no lookalikes either,,v20260906+55419ffd
amadine,,0.0,none,missing,no exact/normalized/alias/homepage evidence; no lookalikes either,,v20260906+55419ffd
amazon-chime,,0.0,none,missing,no exact/normalized/alias/homepage evidence; no lookalikes either,,v20260906+55419ffd
amazon-music,,0.0,none,missing,no exact/normalized/alias/homepage evidence; no lookalikes either,,v20260906+55419ffd
amazon-photos,,0.0,none,missing,no exact/normalized/alias/homepage evidence; no lookalikes either,,v20260906+55419ffd
amazon-workspaces,,0.0,none,missing,no exact/normalized/alias/homepage evidence; no lookalikes either,,v20260906+55419ffd
amd-power-gadget,,0.0,none,missing,no exact/normalized/alias/homepage evidence; no lookalikes either,,v20260906+55419ffd
amethyst,,0.0,none,missing,no exact/normalized/alias/homepage evidence; no lookalikes either,,v20260906+55419ffd
amethyst-nostr,,0.0,none,missing,no exact/normalized/alias/homepage evidence; no lookalikes either,,v20260906+55419ffd
amiberry,,0.0,none,missing,no exact/normalized/alias/homepage evidence; no lookalikes either,,v20260906+55419ffd
amical,,0.0,none,missing,no exact/normalized/alias/homepage evidence; no lookalikes either,,v20260906+55419ffd
amie,,0.0,none,missing,no exact/normalized/alias/homepage evidence; no lookalikes either,,v20260906+55419ffd
amitv87-pip,,0.0,none,missing,no exact/normalized/alias/homepage evidence; no lookalikes either,,v20260906+55419ffd
ammonite,,0.0,none,missing,no exact/normalized/alias/homepage evidence; no lookalikes either,,v20260906+55419ffd
amneziavpn,,0.0,none,missing,no exact/normalized/alias/homepage evidence; no lookalikes either,,v20260906+55419ffd
amore,,0.0,none,needs-review,no exact/normalized/alias/homepage evidence; fuzzy suggestions listed for review,xmore,v20260906+55419ffd
ampps,,0.0,none,missing,no exact/normalized/alias/homepage evidence; no lookalikes either,,v20260906+55419ffd
anaconda,,0.0,none,needs-review,no exact/normalized/alias/homepage evidence; fuzzy suggestions listed for review,anacron,v20260906+55419ffd
ananas-analytics-desktop-edition,,0.0,none,missing,no exact/normalized/alias/homepage evidence; no lookalikes either,,v20260906+55419ffd
anarlog,,0.0,none,needs-review,no exact/normalized/alias/homepage evidence; fuzzy suggestions listed for review,analog,v20260906+55419ffd
anchor-wallet,,0.0,none,missing,no exact/normalized/alias/homepage evidence; no lookalikes either,,v20260906+55419ffd
android-cli,,0.0,none,needs-review,no exact/normalized/alias/homepage evidence; fuzzy suggestions listed for review,android,v20260906+55419ffd
android-commandlinetools,,0.0,none,needs-review,no exact/normalized/alias/homepage evidence; same homepage 'https://developer.android.com/studio' as 'android-platform-tools-latest' but versions '15859902' vs '36.0.2'; no lookalikes either,,v20260906+55419ffd
android-file-transfer,,0.0,none,needs-review,no exact/normalized/alias/homepage evidence; fuzzy suggestions listed for review,android-file-transfer-linux,v20260906+55419ffd
android-ndk,android-ndk,1.0,exact,confident,name identical in both managers; homepages 'https://developer.android.com/ndk/index.html' vs 'https://developer.android.com/ndk/',,v20260906+55419ffd
android-performance-analyzer,,0.0,none,missing,no exact/normalized/alias/homepage evidence; no lookalikes either,,v20260906+55419ffd
android-platform-tools,android-platform-tools,1.0,exact,confident,name identical in both managers; homepages 'https://developer.android.com/tools/releases/platform-tools' vs 'https://developer.android.com/studio/',,v20260906+55419ffd
android-studio,,0.0,none,needs-review,"no exact/normalized/alias/homepage evidence; same homepage 'https://developer.android.com/studio/' as 'android-platform-tools-latest' but versions '2026.1.4.7,quail4' vs '36.0.2'; no lookalikes either",,v20260906+55419ffd
android-studio-preview@beta,,0.0,none,missing,no exact/normalized/alias/homepage evidence; no lookalikes either,,v20260906+55419ffd
android-studio-preview@canary,,0.0,none,missing,no exact/normalized/alias/homepage evidence; no lookalikes either,,v20260906+55419ffd
androidtool,,0.0,none,missing,no exact/normalized/alias/homepage evidence; no lookalikes either,,v20260906+55419ffd
angband-app,angband,0.95,alias,confident,listed as alias/oldname of 'angband-app',,v20260906+55419ffd
angry-ip-scanner,,0.0,none,missing,no exact/normalized/alias/homepage evidence; no lookalikes either,,v20260906+55419ffd
anka-build-cloud-controller,,0.0,none,missing,no exact/normalized/alias/homepage evidence; no lookalikes either,,v20260906+55419ffd
anka-build-cloud-registry,,0.0,none,missing,no exact/normalized/alias/homepage evidence; no lookalikes either,,v20260906+55419ffd
anka-virtualization,,0.0,none,missing,no exact/normalized/alias/homepage evidence; no lookalikes either,,v20260906+55419ffd
ankama,,0.0,none,missing,no exact/normalized/alias/homepage evidence; no lookalikes either,,v20260906+55419ffd
ankerwork,,0.0,none,missing,no exact/normalized/alias/homepage evidence; no lookalikes either,,v20260906+55419ffd
anki,,0.0,none,missing,no exact/normalized/alias/homepage evidence; no lookalikes either,,v20260906+55419ffd
annotate,,0.0,none,needs-review,no exact/normalized/alias/homepage evidence; fuzzy suggestions listed for review,R-annotate; py-pyannotate,v20260906+55419ffd
another-redis-desktop-manager,,0.0,none,missing,no exact/normalized/alias/homepage evidence; no lookalikes either,,v20260906+55419ffd
antconc,,0.0,none,missing,no exact/normalized/alias/homepage evidence; no lookalikes either,,v20260906+55419ffd
antigravity,,0.0,none,missing,no exact/normalized/alias/homepage evidence; no lookalikes either,,v20260906+55419ffd
antigravity-cli,,0.0,none,missing,no exact/normalized/alias/homepage evidence; no lookalikes either,,v20260906+55419ffd
antigravity-ide,,0.0,none,missing,no exact/normalized/alias/homepage evidence; no lookalikes either,,v20260906+55419ffd
antinote,,0.0,none,needs-review,no exact/normalized/alias/homepage evidence; fuzzy suggestions listed for review,antinat,v20260906+55419ffd
anybar,,0.0,none,missing,no exact/normalized/alias/homepage evidence; no lookalikes either,,v20260906+55419ffd
anydesk,,0.0,none,missing,no exact/normalized/alias/homepage evidence; no lookalikes either,,v20260906+55419ffd
anydo,,0.0,none,missing,no exact/normalized/alias/homepage evidence; no lookalikes either,,v20260906+55419ffd
anylist,,0.0,none,missing,no exact/normalized/alias/homepage evidence; no lookalikes either,,v20260906+55419ffd
anypointstudio,,0.0,none,missing,no exact/normalized/alias/homepage evidence; no lookalikes either,,v20260906+55419ffd
anythingllm,,0.0,none,missing,no exact/normalized/alias/homepage evidence; no lookalikes either,,v20260906+55419ffd
anytype,,0.0,none,missing,no exact/normalized/alias/homepage evidence; no lookalikes either,,v20260906+55419ffd
anytype@alpha,,0.0,none,missing,no exact/normalized/alias/homepage evidence; no lookalikes either,,v20260906+55419ffd
anytype@beta,,0.0,none,missing,no exact/normalized/alias/homepage evidence; no lookalikes either,,v20260906+55419ffd
ao,,0.0,none,needs-review,no exact/normalized/alias/homepage evidence; fuzzy suggestions listed for review,R-ao; aom; aop,v20260906+55419ffd
apache-couchdb,,0.0,none,needs-review,no exact/normalized/alias/homepage evidence; same homepage 'https://couchdb.apache.org/' as 'couchdb' but desc overlap only 0.03; no lookalikes either,,v20260906+55419ffd
apache-directory-studio,directory-studio,0.9,homepage,confident,same upstream 'https://directory.apache.org/studio/' (desc overlap 0.17),,v20260906+55419ffd
ape,ape,1.0,exact,confident,name identical in both managers; homepages 'https://jorgensen.biology.utah.edu/wayned/ape/' vs 'http://www.tddft.org/programs/APE',,v20260906+55419ffd
aphera,,0.0,none,needs-review,no exact/normalized/alias/homepage evidence; fuzzy suggestions listed for review,aephea,v20260906+55419ffd
apidog,,0.0,none,missing,no exact/normalized/alias/homepage evidence; no lookalikes either,,v20260906+55419ffd
apidog-europe,,0.0,none,missing,no exact/normalized/alias/homepage evidence; no lookalikes either,,v20260906+55419ffd
apifox,,0.0,none,missing,no exact/normalized/alias/homepage evidence; no lookalikes either,,v20260906+55419ffd
apipost,,0.0,none,missing,no exact/normalized/alias/homepage evidence; no lookalikes either,,v20260906+55419ffd
app-buddy,,0.0,none,missing,no exact/normalized/alias/homepage evidence; no lookalikes either,,v20260906+55419ffd
app-cleaner,,0.0,none,missing,no exact/normalized/alias/homepage evidence; no lookalikes either,,v20260906+55419ffd
app-fair,,0.0,none,missing,no exact/normalized/alias/homepage evidence; no lookalikes either,,v20260906+55419ffd
app-tamer,,0.0,none,missing,no exact/normalized/alias/homepage evidence; no lookalikes either,,v20260906+55419ffd
apparency,,0.0,none,missing,no exact/normalized/alias/homepage evidence; no lookalikes either,,v20260906+55419ffd
appbox,,0.0,none,missing,no exact/normalized/alias/homepage evidence; no lookalikes either,,v20260906+55419ffd
appcleaner,,0.0,none,missing,no exact/normalized/alias/homepage evidence; no lookalikes either,,v20260906+55419ffd
appexindexer,,0.0,none,missing,no exact/normalized/alias/homepage evidence; no lookalikes either,,v20260906+55419ffd
appflowy,,0.0,none,missing,no exact/normalized/alias/homepage evidence; no lookalikes either,,v20260906+55419ffd
appgate-sdp-client,,0.0,none,missing,no exact/normalized/alias/homepage evidence; no lookalikes either,,v20260906+55419ffd
appgrid,,0.0,none,missing,no exact/normalized/alias/homepage evidence; no lookalikes either,,v20260906+55419ffd
appgridmac,,0.0,none,missing,no exact/normalized/alias/homepage evidence; no lookalikes either,,v20260906+55419ffd
appium-inspector,,0.0,none,missing,no exact/normalized/alias/homepage evidence; no lookalikes either,,v20260906+55419ffd
apple-hewlett-packard-printer-drivers,,0.0,none,missing,no exact/normalized/alias/homepage evidence; no lookalikes either,,v20260906+55419ffd
apple-juice,,0.0,none,missing,no exact/normalized/alias/homepage evidence; no lookalikes either,,v20260906+55419ffd
applepi-baker,,0.0,none,missing,no exact/normalized/alias/homepage evidence; no lookalikes either,,v20260906+55419ffd
applite,,0.0,none,missing,no exact/normalized/alias/homepage evidence; no lookalikes either,,v20260906+55419ffd
approf,,0.0,none,missing,no exact/normalized/alias/homepage evidence; no lookalikes either,,v20260906+55419ffd
apptivate,,0.0,none,missing,no exact/normalized/alias/homepage evidence; no lookalikes either,,v20260906+55419ffd
apptrap,,0.0,none,missing,no exact/normalized/alias/homepage evidence; no lookalikes either,,v20260906+55419ffd
appvolume,,0.0,none,missing,no exact/normalized/alias/homepage evidence; no lookalikes either,,v20260906+55419ffd
appzapper,,0.0,none,missing,no exact/normalized/alias/homepage evidence; no lookalikes either,,v20260906+55419ffd
aptakube,,0.0,none,missing,no exact/normalized/alias/homepage evidence; no lookalikes either,,v20260906+55419ffd
aptible,,0.0,none,missing,no exact/normalized/alias/homepage evidence; no lookalikes either,,v20260906+55419ffd
aqua-app,,0.0,none,missing,no exact/normalized/alias/homepage evidence; no lookalikes either,,v20260906+55419ffd
aqua-data-studio,,0.0,none,missing,no exact/normalized/alias/homepage evidence; no lookalikes either,,v20260906+55419ffd
aqua-voice,,0.0,none,missing,no exact/normalized/alias/homepage evidence; no lookalikes either,,v20260906+55419ffd
aquamacs,,0.0,none,missing,no exact/normalized/alias/homepage evidence; no lookalikes either,,v20260906+55419ffd
aquaskk,,0.0,none,missing,no exact/normalized/alias/homepage evidence; no lookalikes either,,v20260906+55419ffd
aquaskk@prerelease,,0.0,none,missing,no exact/normalized/alias/homepage evidence; no lookalikes either,,v20260906+55419ffd
araxis-merge,,0.0,none,missing,no exact/normalized/alias/homepage evidence; no lookalikes either,,v20260906+55419ffd
arc,,1.0,curated,missing,brew=Chromium browser (arc.net); macports=DOS .arc archiver (github.com),arc; argc; aerc,v20260906+55419ffd
arcbox,,0.0,none,needs-review,no exact/normalized/alias/homepage evidence; fuzzy suggestions listed for review,archmbox; arborx; R-box,v20260906+55419ffd
archaeology,,0.0,none,needs-review,no exact/normalized/alias/homepage evidence; fuzzy suggestions listed for review,R-rcheology,v20260906+55419ffd
archi,,0.0,none,needs-review,no exact/normalized/alias/homepage evidence; fuzzy suggestions listed for review,arch,v20260906+55419ffd
archipelago,,0.0,none,missing,no exact/normalized/alias/homepage evidence; no lookalikes either,,v20260906+55419ffd
archiver-app,,0.0,none,needs-review,no exact/normalized/alias/homepage evidence; fuzzy suggestions listed for review,xarchiver,v20260906+55419ffd
archivewebpage,,0.0,none,missing,no exact/normalized/alias/homepage evidence; no lookalikes either,,v20260906+55419ffd
archy,,0.0,none,needs-review,no exact/normalized/alias/homepage evidence; fuzzy suggestions listed for review,arch; archway,v20260906+55419ffd
arctic,,0.0,none,needs-review,no exact/normalized/alias/homepage evidence; fuzzy suggestions listed for review,arti,v20260906+55419ffd
arctype,,0.0,none,missing,no exact/normalized/alias/homepage evidence; no lookalikes either,,v20260906+55419ffd
arduino-ide,,0.0,none,needs-review,no exact/normalized/alias/homepage evidence; fuzzy suggestions listed for review,Arduino; arduino-cli,v20260906+55419ffd
arduino-ide@nightly,,0.0,none,missing,no exact/normalized/alias/homepage evidence; no lookalikes either,,v20260906+55419ffd
ares-emulator,,0.0,ambiguous,needs-review,alias 'ares' looks like a different program (homepages 'https://ares-emu.net/' vs 'https://github.com/bee-san/ares'),ares; R-emulator,v20260906+55419ffd
aria-maestosa,,0.0,none,missing,no exact/normalized/alias/homepage evidence; no lookalikes either,,v20260906+55419ffd
aria2d,,0.0,none,needs-review,no exact/normalized/alias/homepage evidence; fuzzy suggestions listed for review,aria2,v20260906+55419ffd
ariang,,0.0,none,needs-review,no exact/normalized/alias/homepage evidence; fuzzy suggestions listed for review,rarian; arping,v20260906+55419ffd
ariax,,0.0,none,needs-review,no exact/normalized/alias/homepage evidence; fuzzy suggestions listed for review,aria2,v20260906+55419ffd
arkiwi,,0.0,none,missing,no exact/normalized/alias/homepage evidence; no lookalikes either,,v20260906+55419ffd
arm-performance-libraries,,0.0,none,missing,no exact/normalized/alias/homepage evidence; no lookalikes either,,v20260906+55419ffd
arm-performix,,0.0,none,missing,no exact/normalized/alias/homepage evidence; no lookalikes either,,v20260906+55419ffd
armory,,0.0,none,missing,no exact/normalized/alias/homepage evidence; no lookalikes either,,v20260906+55419ffd
arq,,0.0,none,needs-review,no exact/normalized/alias/homepage evidence; fuzzy suggestions listed for review,rq,v20260906+55419ffd
arq-cloud-backup,,0.0,none,missing,no exact/normalized/alias/homepage evidence; no lookalikes either,,v20260906+55419ffd
artisan,,0.0,none,missing,no exact/normalized/alias/homepage evidence; no lookalikes either,,v20260906+55419ffd
arturia-software-center,,0.0,none,missing,no exact/normalized/alias/homepage evidence; no lookalikes either,,v20260906+55419ffd
as-timer,,0.0,none,needs-review,no exact/normalized/alias/homepage evidence; fuzzy suggestions listed for review,timer; R-spTimer; wasmtime,v20260906+55419ffd
asana,,0.0,none,missing,no exact/normalized/alias/homepage evidence; no lookalikes either,,v20260906+55419ffd
ascension,,0.0,none,missing,no exact/normalized/alias/homepage evidence; no lookalikes either,,v20260906+55419ffd
asciidocfx,,0.0,none,needs-review,no exact/normalized/alias/homepage evidence; fuzzy suggestions listed for review,asciidoc,v20260906+55419ffd
aside,,0.0,none,needs-review,no exact/normalized/alias/homepage evidence; fuzzy suggestions listed for review,aide; simde,v20260906+55419ffd
asix-ax88179,,0.0,none,missing,no exact/normalized/alias/homepage evidence; no lookalikes either,,v20260906+55419ffd
asset-catalog-tinkerer,,0.0,none,missing,no exact/normalized/alias/homepage evidence; no lookalikes either,,v20260906+55419ffd
assinador-serpro,,0.0,none,missing,no exact/normalized/alias/homepage evidence; no lookalikes either,,v20260906+55419ffd
astah-professional,,0.0,none,missing,no exact/normalized/alias/homepage evidence; no lookalikes either,,v20260906+55419ffd
astah-uml,,0.0,none,missing,no exact/normalized/alias/homepage evidence; no lookalikes either,,v20260906+55419ffd
astro-command-center,,0.0,none,missing,no exact/normalized/alias/homepage evidence; no lookalikes either,,v20260906+55419ffd
astro-editor,,0.0,none,missing,no exact/normalized/alias/homepage evidence; no lookalikes either,,v20260906+55419ffd
astrofox,,0.0,none,missing,no exact/normalized/alias/homepage evidence; no lookalikes either,,v20260906+55419ffd
astropad-studio,,0.0,none,missing,no exact/normalized/alias/homepage evidence; no lookalikes either,,v20260906+55419ffd
atemosc,,0.0,none,missing,no exact/normalized/alias/homepage evidence; no lookalikes either,,v20260906+55419ffd
atext,,0.0,none,needs-review,no exact/normalized/alias/homepage evidence; fuzzy suggestions listed for review,LaTeXiT; itext,v20260906+55419ffd
athas,,0.0,none,needs-review,no exact/normalized/alias/homepage evidence; fuzzy suggestions listed for review,atlas,v20260906+55419ffd
atlas-app,,0.0,none,missing,no exact/normalized/alias/homepage evidence; no lookalikes either,,v20260906+55419ffd
atlauncher,,0.0,none,needs-review,no exact/normalized/alias/homepage evidence; fuzzy suggestions listed for review,PCLauncher,v20260906+55419ffd
atok,,0.0,none,needs-review,no exact/normalized/alias/homepage evidence; fuzzy suggestions listed for review,atk,v20260906+55419ffd
atoll,,0.0,none,needs-review,no exact/normalized/alias/homepage evidence; fuzzy suggestions listed for review,atool,v20260906+55419ffd
atomcode,,0.0,none,missing,no exact/normalized/alias/homepage evidence; no lookalikes either,,v20260906+55419ffd
atomic-wallet,,0.0,none,missing,no exact/normalized/alias/homepage evidence; no lookalikes either,,v20260906+55419ffd
attachecase,,0.0,none,missing,no exact/normalized/alias/homepage evidence; no lookalikes either,,v20260906+55419ffd
atuin-desktop,,0.0,none,needs-review,no exact/normalized/alias/homepage evidence; same homepage 'https://atuin.sh/' as 'atuin-server' but desc overlap only 0.04; versions '0.2.20' vs '18.21.0'; no lookalikes either,,v20260906+55419ffd
atv-remote,,0.0,none,missing,no exact/normalized/alias/homepage evidence; no lookalikes either,,v20260906+55419ffd
au-lab,,0.0,none,missing,no exact/normalized/alias/homepage evidence; no lookalikes either,,v20260906+55419ffd
audacity,audacity,1.0,exact,confident,name identical in both managers; homepages 'https://www.audacityteam.org/' vs 'https://www.audacityteam.org',,v20260906+55419ffd
audio-hijack,,0.0,none,missing,no exact/normalized/alias/homepage evidence; no lookalikes either,,v20260906+55419ffd
audio-modeling-software-center,,0.0,none,missing,no exact/normalized/alias/homepage evidence; no lookalikes either,,v20260906+55419ffd
audiobook-builder,,0.0,none,missing,no exact/normalized/alias/homepage evidence; no lookalikes either,,v20260906+55419ffd
audiocupcake,,0.0,none,missing,no exact/normalized/alias/homepage evidence; no lookalikes either,,v20260906+55419ffd
audiogridder-plugin,,0.0,none,missing,no exact/normalized/alias/homepage evidence; no lookalikes either,,v20260906+55419ffd
audiogridder-server,,0.0,none,missing,no exact/normalized/alias/homepage evidence; no lookalikes either,,v20260906+55419ffd
audiorelay,,0.0,none,missing,no exact/normalized/alias/homepage evidence; no lookalikes either,,v20260906+55419ffd
audirvana,,0.0,none,missing,no exact/normalized/alias/homepage evidence; no lookalikes either,,v20260906+55419ffd
audius,,0.0,none,needs-review,no exact/normalized/alias/homepage evidence; fuzzy suggestions listed for review,audacious,v20260906+55419ffd
augur,,0.0,none,missing,no exact/normalized/alias/homepage evidence; no lookalikes either,,v20260906+55419ffd
aural,,0.0,none,missing,no exact/normalized/alias/homepage evidence; no lookalikes either,,v20260906+55419ffd
aurora-hdr,,0.0,none,missing,no exact/normalized/alias/homepage evidence; no lookalikes either,,v20260906+55419ffd
ausweisapp,,0.0,none,missing,no exact/normalized/alias/homepage evidence; no lookalikes either,,v20260906+55419ffd
auto-claude,,0.0,none,missing,no exact/normalized/alias/homepage evidence; no lookalikes either,,v20260906+55419ffd
auto-subs,,0.0,none,needs-review,no exact/normalized/alias/homepage evidence; fuzzy suggestions listed for review,autossh,v20260906+55419ffd
autodesk-fusion,,0.0,none,missing,no exact/normalized/alias/homepage evidence; no lookalikes either,,v20260906+55419ffd
autodmg,,0.0,none,missing,no exact/normalized/alias/homepage evidence; no lookalikes either,,v20260906+55419ffd
autofirma,,0.0,none,missing,no exact/normalized/alias/homepage evidence; no lookalikes either,,v20260906+55419ffd
autogram,,0.0,none,missing,no exact/normalized/alias/homepage evidence; no lookalikes either,,v20260906+55419ffd
automattic-texts,,0.0,none,missing,no exact/normalized/alias/homepage evidence; no lookalikes either,,v20260906+55419ffd
automounterhelper,,0.0,none,missing,no exact/normalized/alias/homepage evidence; no lookalikes either,,v20260906+55419ffd
automute,,0.0,none,missing,no exact/normalized/alias/homepage evidence; no lookalikes either,,v20260906+55419ffd
autopkgr,,0.0,none,missing,no exact/normalized/alias/homepage evidence; no lookalikes either,,v20260906+55419ffd
autovolume,,0.0,none,missing,no exact/normalized/alias/homepage evidence; no lookalikes either,,v20260906+55419ffd
autumn,,0.0,none,missing,no exact/normalized/alias/homepage evidence; no lookalikes either,,v20260906+55419ffd
avast-secure-browser,,0.0,none,missing,no exact/normalized/alias/homepage evidence; no lookalikes either,,v20260906+55419ffd
avast-security,,0.0,none,missing,no exact/normalized/alias/homepage evidence; no lookalikes either,,v20260906+55419ffd
avbeam,,0.0,none,missing,no exact/normalized/alias/homepage evidence; no lookalikes either,,v20260906+55419ffd
avg-antivirus,,0.0,none,missing,no exact/normalized/alias/homepage evidence; no lookalikes either,,v20260906+55419ffd
aviatrix-vpn-client,,0.0,none,missing,no exact/normalized/alias/homepage evidence; no lookalikes either,,v20260906+55419ffd
avidemux,avidemux,1.0,exact,confident,name identical in both managers; homepages 'https://www.avidemux.org/' vs 'https://avidemux.sourceforge.net',,v20260906+55419ffd
avifquicklook,,0.0,none,missing,no exact/normalized/alias/homepage evidence; no lookalikes either,,v20260906+55419ffd
avitools,,0.0,none,needs-review,no exact/normalized/alias/homepage evidence; fuzzy suggestions listed for review,hatools; ivtools,v20260906+55419ffd
avogadro,avogadro,1.0,exact,confident,name identical in both managers; homepages 'https://avogadro.cc/' vs 'https://avogadro.cc',,v20260906+55419ffd
avtouchbar,,0.0,none,missing,no exact/normalized/alias/homepage evidence; no lookalikes either,,v20260906+55419ffd
aw-edid-editor,,0.0,none,missing,no exact/normalized/alias/homepage evidence; no lookalikes either,,v20260906+55419ffd
awa,,0.0,none,missing,no exact/normalized/alias/homepage evidence; no lookalikes either,,v20260906+55419ffd
aware,,0.0,none,missing,no exact/normalized/alias/homepage evidence; no lookalikes either,,v20260906+55419ffd
awesun,,0.0,none,missing,no exact/normalized/alias/homepage evidence; no lookalikes either,,v20260906+55419ffd
aws-vault-binary,aws-vault,0.95,alias,confident,listed as alias/oldname of 'aws-vault-binary',,v20260906+55419ffd
aws-vpn-client,,0.0,none,missing,no exact/normalized/alias/homepage evidence; no lookalikes either,,v20260906+55419ffd
axure-rp,,0.0,none,missing,no exact/normalized/alias/homepage evidence; no lookalikes either,,v20260906+55419ffd
aya,,0.0,none,missing,no exact/normalized/alias/homepage evidence; no lookalikes either,,v20260906+55419ffd
ayugram,,0.0,none,missing,no exact/normalized/alias/homepage evidence; no lookalikes either,,v20260906+55419ffd
azookey,,0.0,none,missing,no exact/normalized/alias/homepage evidence; no lookalikes either,,v20260906+55419ffd
azure-data-studio,,0.0,none,missing,no exact/normalized/alias/homepage evidence; no lookalikes either,,v20260906+55419ffd
ba-connected,,0.0,none,missing,no exact/normalized/alias/homepage evidence; no lookalikes either,,v20260906+55419ffd
babeledit,,0.0,none,needs-review,no exact/normalized/alias/homepage evidence; fuzzy suggestions listed for review,bibledit,v20260906+55419ffd
backblaze,,0.0,none,missing,no exact/normalized/alias/homepage evidence; no lookalikes either,,v20260906+55419ffd
backblaze-downloader,,0.0,none,missing,no exact/normalized/alias/homepage evidence; no lookalikes either,,v20260906+55419ffd
backblaze-restore,,0.0,none,missing,no exact/normalized/alias/homepage evidence; no lookalikes either,,v20260906+55419ffd
backdrop,,0.0,none,missing,no exact/normalized/alias/homepage evidence; no lookalikes either,,v20260906+55419ffd
background-music,,0.0,none,missing,no exact/normalized/alias/homepage evidence; no lookalikes either,,v20260906+55419ffd
backlog,,0.0,none,missing,no exact/normalized/alias/homepage evidence; no lookalikes either,,v20260906+55419ffd
backuploupe,,0.0,none,missing,no exact/normalized/alias/homepage evidence; no lookalikes either,,v20260906+55419ffd
backyard-ai,,0.0,none,missing,no exact/normalized/alias/homepage evidence; no lookalikes either,,v20260906+55419ffd
badgeify,,0.0,none,missing,no exact/normalized/alias/homepage evidence; no lookalikes either,,v20260906+55419ffd
badlion-client,,0.0,none,missing,no exact/normalized/alias/homepage evidence; no lookalikes either,,v20260906+55419ffd
baiduinput,,0.0,none,missing,no exact/normalized/alias/homepage evidence; no lookalikes either,,v20260906+55419ffd
baidunetdisk,,0.0,none,missing,no exact/normalized/alias/homepage evidence; no lookalikes either,,v20260906+55419ffd
balance-lock,,0.0,none,missing,no exact/normalized/alias/homepage evidence; no lookalikes either,,v20260906+55419ffd
balenaetcher,,0.0,none,missing,no exact/normalized/alias/homepage evidence; no lookalikes either,,v20260906+55419ffd
ball,,0.0,none,missing,no exact/normalized/alias/homepage evidence; no lookalikes either,,v20260906+55419ffd
ballast,,0.0,none,missing,no exact/normalized/alias/homepage evidence; no lookalikes either,,v20260906+55419ffd
balsamiq-wireframes,,0.0,none,missing,no exact/normalized/alias/homepage evidence; no lookalikes either,,v20260906+55419ffd
bambu-connect,,0.0,none,missing,no exact/normalized/alias/homepage evidence; no lookalikes either,,v20260906+55419ffd
bambu-studio,,0.0,none,missing,no exact/normalized/alias/homepage evidence; no lookalikes either,,v20260906+55419ffd
banana-cake-pop,,0.0,none,missing,no exact/normalized/alias/homepage evidence; no lookalikes either,,v20260906+55419ffd
bandage,,0.0,none,missing,no exact/normalized/alias/homepage evidence; no lookalikes either,,v20260906+55419ffd
bankid,,0.0,none,missing,no exact/normalized/alias/homepage evidence; no lookalikes either,,v20260906+55419ffd
banking-4,,0.0,none,missing,no exact/normalized/alias/homepage evidence; no lookalikes either,,v20260906+55419ffd
banksiagui,,0.0,none,missing,no exact/normalized/alias/homepage evidence; no lookalikes either,,v20260906+55419ffd
banktivity,,0.0,none,missing,no exact/normalized/alias/homepage evidence; no lookalikes either,,v20260906+55419ffd
baoliandeng,,0.0,none,missing,no exact/normalized/alias/homepage evidence; no lookalikes either,,v20260906+55419ffd
baretorrent,,0.0,none,needs-review,no exact/normalized/alias/homepage evidence; fuzzy suggestions listed for review,rtorrent,v20260906+55419ffd
baritone,,0.0,none,missing,no exact/normalized/alias/homepage evidence; no lookalikes either,,v20260906+55419ffd
barrier,barrier,1.0,exact,confident,name identical in both managers; homepages 'https://github.com/debauchee/barrier/' vs 'https://github.com/debauchee/barrier',,v20260906+55419ffd
bartender,,0.0,none,missing,no exact/normalized/alias/homepage evidence; no lookalikes either,,v20260906+55419ffd
base,,0.0,none,needs-review,no exact/normalized/alias/homepage evidence; fuzzy suggestions listed for review,basex; xbase; base91,v20260906+55419ffd
basecamp,,0.0,none,missing,no exact/normalized/alias/homepage evidence; no lookalikes either,,v20260906+55419ffd
baseline,,0.0,none,missing,no exact/normalized/alias/homepage evidence; no lookalikes either,,v20260906+55419ffd
basictex,,0.0,none,missing,no exact/normalized/alias/homepage evidence; no lookalikes either,,v20260906+55419ffd
batchoutput-pdf,,0.0,none,missing,no exact/normalized/alias/homepage evidence; no lookalikes either,,v20260906+55419ffd
batfi,,0.0,none,needs-review,no exact/normalized/alias/homepage evidence; fuzzy suggestions listed for review,batik,v20260906+55419ffd
bathyscaphe,,0.0,none,missing,no exact/normalized/alias/homepage evidence; no lookalikes either,,v20260906+55419ffd
batteries,,0.0,none,missing,no exact/normalized/alias/homepage evidence; no lookalikes either,,v20260906+55419ffd
battery,,0.0,none,missing,no exact/normalized/alias/homepage evidence; no lookalikes either,,v20260906+55419ffd
battery-buddy,,0.0,none,missing,no exact/normalized/alias/homepage evidence; no lookalikes either,,v20260906+55419ffd
batteryboi,,0.0,none,missing,no exact/normalized/alias/homepage evidence; no lookalikes either,,v20260906+55419ffd
battle-net,,0.0,none,missing,no exact/normalized/alias/homepage evidence; no lookalikes either,,v20260906+55419ffd
battlescribe,,0.0,none,missing,no exact/normalized/alias/homepage evidence; no lookalikes either,,v20260906+55419ffd
bazecor,,0.0,none,missing,no exact/normalized/alias/homepage evidence; no lookalikes either,,v20260906+55419ffd
bb,,0.0,none,needs-review,no exact/normalized/alias/homepage evidence; fuzzy suggestions listed for review,R-BB; bbe; tbb,v20260906+55419ffd
bbackupp,,0.0,none,needs-review,no exact/normalized/alias/homepage evidence; fuzzy suggestions listed for review,backuppc; boxbackup,v20260906+55419ffd
bbedit,,0.0,none,needs-review,no exact/normalized/alias/homepage evidence; fuzzy suggestions listed for review,bibledit; edit,v20260906+55419ffd
bbedit@14,,0.0,none,missing,no exact/normalized/alias/homepage evidence; no lookalikes either,,v20260906+55419ffd
bcut,,0.0,none,needs-review,no exact/normalized/alias/homepage evidence; fuzzy suggestions listed for review,cut; dvbcut; bcunit,v20260906+55419ffd
bdash,,0.0,none,needs-review,no exact/normalized/alias/homepage evidence; fuzzy suggestions listed for review,dash; bash; kdash,v20260906+55419ffd
bdinfo,,0.0,none,needs-review,no exact/normalized/alias/homepage evidence; fuzzy suggestions listed for review,dino,v20260906+55419ffd
beacon-scanner,,0.0,none,missing,no exact/normalized/alias/homepage evidence; no lookalikes either,,v20260906+55419ffd
beamer,,0.0,none,needs-review,no exact/normalized/alias/homepage evidence; fuzzy suggestions listed for review,Bear,v20260906+55419ffd
bean,bean,1.0,exact,confident,name identical in both managers; homepages 'https://www.bean-osx.com/Bean.html' vs 'http://www.bean-osx.com/',,v20260906+55419ffd
beardie,,0.0,none,missing,no exact/normalized/alias/homepage evidence; no lookalikes either,,v20260906+55419ffd
beast2,,0.0,none,needs-review,no exact/normalized/alias/homepage evidence; fuzzy suggestions listed for review,R-beast,v20260906+55419ffd
beatunes,,0.0,none,missing,no exact/normalized/alias/homepage evidence; no lookalikes either,,v20260906+55419ffd
beaver-notes,,0.0,none,missing,no exact/normalized/alias/homepage evidence; no lookalikes either,,v20260906+55419ffd
beekeeper-studio,beekeeper-studio,1.0,exact,confident,name identical in both managers; homepages 'https://www.beekeeperstudio.io/' vs 'https://beekeeperstudio.io',,v20260906+55419ffd
beeper,,0.0,none,needs-review,no exact/normalized/alias/homepage evidence; fuzzy suggestions listed for review,R-beepr; bitkeeper,v20260906+55419ffd
beersmith,,0.0,none,missing,no exact/normalized/alias/homepage evidence; no lookalikes either,,v20260906+55419ffd
beid-token,,0.0,none,missing,no exact/normalized/alias/homepage evidence; no lookalikes either,,v20260906+55419ffd
beid-viewer,,0.0,none,missing,no exact/normalized/alias/homepage evidence; no lookalikes either,,v20260906+55419ffd
bentobox,,0.0,none,missing,no exact/normalized/alias/homepage evidence; no lookalikes either,,v20260906+55419ffd
bepo,,0.0,none,missing,no exact/normalized/alias/homepage evidence; no lookalikes either,,v20260906+55419ffd
berrycast,,0.0,none,missing,no exact/normalized/alias/homepage evidence; no lookalikes either,,v20260906+55419ffd
bespoke,,0.0,none,missing,no exact/normalized/alias/homepage evidence; no lookalikes either,,v20260906+55419ffd
bestres,,0.0,none,missing,no exact/normalized/alias/homepage evidence; no lookalikes either,,v20260906+55419ffd
betaflight-configurator,,0.0,none,missing,no exact/normalized/alias/homepage evidence; no lookalikes either,,v20260906+55419ffd
betelguese,,0.0,none,missing,no exact/normalized/alias/homepage evidence; no lookalikes either,,v20260906+55419ffd
better-window-manager,,0.0,none,missing,no exact/normalized/alias/homepage evidence; no lookalikes either,,v20260906+55419ffd
betterandbetter,,0.0,none,missing,no exact/normalized/alias/homepage evidence; no lookalikes either,,v20260906+55419ffd
bettercapture,,0.0,none,needs-review,no exact/normalized/alias/homepage evidence; fuzzy suggestions listed for review,bettercap,v20260906+55419ffd
bettercmdtab,,0.0,none,missing,no exact/normalized/alias/homepage evidence; no lookalikes either,,v20260906+55419ffd
bettercmdtab@beta,,0.0,none,missing,no exact/normalized/alias/homepage evidence; no lookalikes either,,v20260906+55419ffd
betterdiscord-installer,,0.0,none,missing,no exact/normalized/alias/homepage evidence; no lookalikes either,,v20260906+55419ffd
betterdisplay,,0.0,none,missing,no exact/normalized/alias/homepage evidence; no lookalikes either,,v20260906+55419ffd
bettermouse,,0.0,none,missing,no exact/normalized/alias/homepage evidence; no lookalikes either,,v20260906+55419ffd
bettershot,,0.0,none,missing,no exact/normalized/alias/homepage evidence; no lookalikes either,,v20260906+55419ffd
bettertouchtool,,0.0,none,missing,no exact/normalized/alias/homepage evidence; no lookalikes either,,v20260906+55419ffd
bettertouchtool@alpha,,0.0,none,missing,no exact/normalized/alias/homepage evidence; no lookalikes either,,v20260906+55419ffd
betterzip,,0.0,none,missing,no exact/normalized/alias/homepage evidence; no lookalikes either,,v20260906+55419ffd
betwixt,,0.0,none,missing,no exact/normalized/alias/homepage evidence; no lookalikes either,,v20260906+55419ffd
beutl,,0.0,none,missing,no exact/normalized/alias/homepage evidence; no lookalikes either,,v20260906+55419ffd
beyond-compare,,0.0,none,missing,no exact/normalized/alias/homepage evidence; no lookalikes either,,v20260906+55419ffd
beyond-compare@4,,0.0,none,missing,no exact/normalized/alias/homepage evidence; no lookalikes either,,v20260906+55419ffd
bezel,,0.0,none,needs-review,no exact/normalized/alias/homepage evidence; fuzzy suggestions listed for review,bazel,v20260906+55419ffd
bias-fx,,0.0,none,missing,no exact/normalized/alias/homepage evidence; no lookalikes either,,v20260906+55419ffd
bibdesk,,0.0,none,missing,no exact/normalized/alias/homepage evidence; no lookalikes either,,v20260906+55419ffd
bifrost,,0.0,none,missing,no exact/normalized/alias/homepage evidence; no lookalikes either,,v20260906+55419ffd
big-mean-folder-machine,,0.0,none,missing,no exact/normalized/alias/homepage evidence; no lookalikes either,,v20260906+55419ffd
biglybt,,0.0,none,missing,no exact/normalized/alias/homepage evidence; no lookalikes either,,v20260906+55419ffd
bike,,0.0,none,missing,no exact/normalized/alias/homepage evidence; no lookalikes either,,v20260906+55419ffd
bili-downloader,,0.0,none,needs-review,no exact/normalized/alias/homepage evidence; fuzzy suggestions listed for review,subdownloader; R-downloader,v20260906+55419ffd
bilibili,,0.0,none,missing,no exact/normalized/alias/homepage evidence; no lookalikes either,,v20260906+55419ffd
bilimini,,0.0,none,missing,no exact/normalized/alias/homepage evidence; no lookalikes either,,v20260906+55419ffd
billings-pro,,0.0,none,missing,no exact/normalized/alias/homepage evidence; no lookalikes either,,v20260906+55419ffd
billy,,0.0,none,needs-review,no exact/normalized/alias/homepage evidence; fuzzy suggestions listed for review,xbill,v20260906+55419ffd
billy-frontier,,0.0,none,missing,no exact/normalized/alias/homepage evidence; no lookalikes either,,v20260906+55419ffd
binance,,0.0,none,needs-review,no exact/normalized/alias/homepage evidence; fuzzy suggestions listed for review,yfinance,v20260906+55419ffd
binary-ninja-free,,0.0,none,missing,no exact/normalized/alias/homepage evidence; no lookalikes either,,v20260906+55419ffd
bindiff,,0.0,none,needs-review,no exact/normalized/alias/homepage evidence; fuzzy suggestions listed for review,vbindiff; ndiff,v20260906+55419ffd
bing-wallpaper,,0.0,none,missing,no exact/normalized/alias/homepage evidence; no lookalikes either,,v20260906+55419ffd
bino,,0.0,none,needs-review,no exact/normalized/alias/homepage evidence; fuzzy suggestions listed for review,R-binom,v20260906+55419ffd
birdfont,birdfont,1.0,exact,confident,name identical in both managers; homepages 'https://birdfont.org/' vs 'http://birdfont.org',,v20260906+55419ffd
biscuit,,0.0,none,missing,no exact/normalized/alias/homepage evidence; no lookalikes either,,v20260906+55419ffd
bison-wallet,,0.0,none,missing,no exact/normalized/alias/homepage evidence; no lookalikes either,,v20260906+55419ffd
bisq,,0.0,none,needs-review,no exact/normalized/alias/homepage evidence; fuzzy suggestions listed for review,BigSQL,v20260906+55419ffd
bit-fiddle,,0.0,none,needs-review,no exact/normalized/alias/homepage evidence; fuzzy suggestions listed for review,rb-fiddle,v20260906+55419ffd
bit-slicer,,0.0,none,missing,no exact/normalized/alias/homepage evidence; no lookalikes either,,v20260906+55419ffd
bitbar,,0.0,none,missing,no exact/normalized/alias/homepage evidence; no lookalikes either,,v20260906+55419ffd
bitbox,,0.0,none,missing,no exact/normalized/alias/homepage evidence; no lookalikes either,,v20260906+55419ffd
bitcoin-core,,0.0,none,needs-review,no exact/normalized/alias/homepage evidence; same homepage 'https://bitcoincore.org/' as 'bitcoin' but desc overlap only 0.09; no lookalikes either,,v20260906+55419ffd
bitfocus-buttons,,0.0,none,missing,no exact/normalized/alias/homepage evidence; no lookalikes either,,v20260906+55419ffd
bitmessage,,0.0,none,missing,no exact/normalized/alias/homepage evidence; no lookalikes either,,v20260906+55419ffd
bitrix24,,0.0,none,missing,no exact/normalized/alias/homepage evidence; no lookalikes either,,v20260906+55419ffd
bitwarden,,0.0,none,needs-review,no exact/normalized/alias/homepage evidence; same homepage 'https://bitwarden.com/' as 'bitwarden-cli' but desc overlap only 0.10; fuzzy suggestions listed for review,bitwarden-cli,v20260906+55419ffd
bitwig-studio,,0.0,none,missing,no exact/normalized/alias/homepage evidence; no lookalikes either,,v20260906+55419ffd
black-ink,,0.0,none,missing,no exact/normalized/alias/homepage evidence; no lookalikes either,,v20260906+55419ffd
black-light,,0.0,none,needs-review,no exact/normalized/alias/homepage evidence; fuzzy suggestions listed for review,xbacklight,v20260906+55419ffd
blackhole-16ch,,0.0,none,needs-review,no exact/normalized/alias/homepage evidence; fuzzy suggestions listed for review,BlackHole,v20260906+55419ffd
blackhole-2ch,,0.0,none,needs-review,no exact/normalized/alias/homepage evidence; fuzzy suggestions listed for review,BlackHole,v20260906+55419ffd
blackhole-64ch,,0.0,none,needs-review,no exact/normalized/alias/homepage evidence; fuzzy suggestions listed for review,BlackHole,v20260906+55419ffd
blankie,,0.0,none,missing,no exact/normalized/alias/homepage evidence; no lookalikes either,,v20260906+55419ffd
blender,blender,1.0,exact,confident,name identical in both managers; homepages 'https://www.blender.org/' vs 'https://www.blender.org',,v20260906+55419ffd
blender-benchmark,,0.0,none,missing,no exact/normalized/alias/homepage evidence; no lookalikes either,,v20260906+55419ffd
blender@lts,,0.0,none,needs-review,no exact/normalized/alias/homepage evidence; same homepage 'https://www.blender.org/' as 'blender' but desc overlap only 0.05; versions '5.2.1' vs '2.93.17'; fuzzy suggestions listed for review,blender,v20260906+55419ffd
bleunlock,,0.0,none,missing,no exact/normalized/alias/homepage evidence; no lookalikes either,,v20260906+55419ffd
blheli-configurator,,0.0,none,missing,no exact/normalized/alias/homepage evidence; no lookalikes either,,v20260906+55419ffd
blink1control,,0.0,none,missing,no exact/normalized/alias/homepage evidence; no lookalikes either,,v20260906+55419ffd
blip,,0.0,none,needs-review,no exact/normalized/alias/homepage evidence; fuzzy suggestions listed for review,blisp; R-r.blip,v20260906+55419ffd
blisk,,0.0,none,needs-review,no exact/normalized/alias/homepage evidence; fuzzy suggestions listed for review,blis; blisp; blink,v20260906+55419ffd
blitz-gg,,0.0,none,needs-review,no exact/normalized/alias/homepage evidence; fuzzy suggestions listed for review,blitz,v20260906+55419ffd
blobby-volley2,,0.0,none,missing,no exact/normalized/alias/homepage evidence; no lookalikes either,,v20260906+55419ffd
blobsaver,,0.0,none,missing,no exact/normalized/alias/homepage evidence; no lookalikes either,,v20260906+55419ffd
block-buzz,,0.0,none,missing,no exact/normalized/alias/homepage evidence; no lookalikes either,,v20260906+55419ffd
block-goose,,0.0,none,missing,no exact/normalized/alias/homepage evidence; no lookalikes either,,v20260906+55419ffd
blockbench,,0.0,none,missing,no exact/normalized/alias/homepage evidence; no lookalikes either,,v20260906+55419ffd
blockblock,,0.0,none,missing,no exact/normalized/alias/homepage evidence; no lookalikes either,,v20260906+55419ffd
blockstream,,0.0,none,missing,no exact/normalized/alias/homepage evidence; no lookalikes either,,v20260906+55419ffd
blocs,,0.0,none,needs-review,no exact/normalized/alias/homepage evidence; fuzzy suggestions listed for review,kblocks; blosc,v20260906+55419ffd
blood-on-the-clocktower-online,,0.0,none,missing,no exact/normalized/alias/homepage evidence; no lookalikes either,,v20260906+55419ffd
bloodhound,,0.0,none,missing,no exact/normalized/alias/homepage evidence; no lookalikes either,,v20260906+55419ffd
bloom,,0.0,none,needs-review,no exact/normalized/alias/homepage evidence; fuzzy suggestions listed for review,R-Boom; baloo,v20260906+55419ffd
bloop,,0.0,none,needs-review,no exact/normalized/alias/homepage evidence; fuzzy suggestions listed for review,boop; baloo,v20260906+55419ffd
blu-ray-player,,0.0,none,missing,no exact/normalized/alias/homepage evidence; no lookalikes either,,v20260906+55419ffd
blu-ray-player-pro,,0.0,none,missing,no exact/normalized/alias/homepage evidence; no lookalikes either,,v20260906+55419ffd
bluebubbles,,0.0,none,missing,no exact/normalized/alias/homepage evidence; no lookalikes either,,v20260906+55419ffd
bluefish,bluefish,1.0,exact,confident,name identical in both managers; homepages 'https://bluefish.openoffice.nl/index.html' vs 'https://bluefish.openoffice.nl',,v20260906+55419ffd
blueharvest,,0.0,none,missing,no exact/normalized/alias/homepage evidence; no lookalikes either,,v20260906+55419ffd
bluej,,0.0,none,missing,no exact/normalized/alias/homepage evidence; no lookalikes either,,v20260906+55419ffd
bluesense,,0.0,none,missing,no exact/normalized/alias/homepage evidence; no lookalikes either,,v20260906+55419ffd
bluesnooze,,0.0,none,missing,no exact/normalized/alias/homepage evidence; no lookalikes either,,v20260906+55419ffd
bluestacks,,0.0,none,missing,no exact/normalized/alias/homepage evidence; no lookalikes either,,v20260906+55419ffd
bluetility,,0.0,none,missing,no exact/normalized/alias/homepage evidence; no lookalikes either,,v20260906+55419ffd
bluewallet,,0.0,none,missing,no exact/normalized/alias/homepage evidence; no lookalikes either,,v20260906+55419ffd
bluos-controller,,0.0,none,missing,no exact/normalized/alias/homepage evidence; no lookalikes either,,v20260906+55419ffd
blurred,,0.0,none,missing,no exact/normalized/alias/homepage evidence; no lookalikes either,,v20260906+55419ffd
blurscreen,,0.0,none,missing,no exact/normalized/alias/homepage evidence; no lookalikes either,,v20260906+55419ffd
bob-app,,0.0,none,missing,no exact/normalized/alias/homepage evidence; no lookalikes either,,v20260906+55419ffd
bobhelper,,0.0,none,missing,no exact/normalized/alias/homepage evidence; no lookalikes either,,v20260906+55419ffd
boinc,,0.0,none,missing,no exact/normalized/alias/homepage evidence; no lookalikes either,,v20260906+55419ffd
boltai,,0.0,none,missing,no exact/normalized/alias/homepage evidence; no lookalikes either,,v20260906+55419ffd
boltai@1,,0.0,none,missing,no exact/normalized/alias/homepage evidence; no lookalikes either,,v20260906+55419ffd
bome-network,,0.0,none,missing,no exact/normalized/alias/homepage evidence; no lookalikes either,,v20260906+55419ffd
bonitastudiocommunity,,0.0,none,missing,no exact/normalized/alias/homepage evidence; no lookalikes either,,v20260906+55419ffd
bonjeff,,0.0,none,missing,no exact/normalized/alias/homepage evidence; no lookalikes either,,v20260906+55419ffd
bookends,,0.0,none,missing,no exact/normalized/alias/homepage evidence; no lookalikes either,,v20260906+55419ffd
bookletcreator,,0.0,none,missing,no exact/normalized/alias/homepage evidence; no lookalikes either,,v20260906+55419ffd
bookmacster,,0.0,none,missing,no exact/normalized/alias/homepage evidence; no lookalikes either,,v20260906+55419ffd
bookmacster@beta,,0.0,none,missing,no exact/normalized/alias/homepage evidence; no lookalikes either,,v20260906+55419ffd
bookwright,,0.0,none,missing,no exact/normalized/alias/homepage evidence; no lookalikes either,,v20260906+55419ffd
boom,,0.0,none,needs-review,no exact/normalized/alias/homepage evidence; fuzzy suggestions listed for review,R-Boom; boo; R-broom,v20260906+55419ffd
boom-3d,,0.0,none,missing,no exact/normalized/alias/homepage evidence; no lookalikes either,,v20260906+55419ffd
boop,boop,1.0,exact,confident,name identical in both managers; homepages 'https://boop.okat.best/' vs 'https://boop.okat.best',,v20260906+55419ffd
boost-note,,0.0,none,missing,no exact/normalized/alias/homepage evidence; no lookalikes either,,v20260906+55419ffd
boosteroid,,0.0,none,missing,no exact/normalized/alias/homepage evidence; no lookalikes either,,v20260906+55419ffd
bootstrap-studio,,0.0,none,missing,no exact/normalized/alias/homepage evidence; no lookalikes either,,v20260906+55419ffd
bose-updater,,0.0,none,missing,no exact/normalized/alias/homepage evidence; no lookalikes either,,v20260906+55419ffd
boss,,0.0,none,needs-review,no exact/normalized/alias/homepage evidence; fuzzy suggestions listed for review,bossa; EMBOSS; liboss,v20260906+55419ffd
bossa-app,bossa,0.95,alias,confident,listed as alias/oldname of 'bossa-app',,v20260906+55419ffd
bot-framework-emulator,,0.0,none,missing,no exact/normalized/alias/homepage evidence; no lookalikes either,,v20260906+55419ffd
bowtie,bowtie,1.0,exact,confident,name identical in both managers; homepages 'http://bowtieapp.com/' vs 'https://bowtie-bio.sourceforge.net',,v20260906+55419ffd
box-drive,,0.0,none,missing,no exact/normalized/alias/homepage evidence; no lookalikes either,,v20260906+55419ffd
box-tools,,0.0,none,needs-review,no exact/normalized/alias/homepage evidence; fuzzy suggestions listed for review,rx_tools; go-tools,v20260906+55419ffd
boxcryptor,,0.0,none,missing,no exact/normalized/alias/homepage evidence; no lookalikes either,,v20260906+55419ffd
boxy-suite,,0.0,none,missing,no exact/normalized/alias/homepage evidence; no lookalikes either,,v20260906+55419ffd
brainfm,,0.0,none,missing,no exact/normalized/alias/homepage evidence; no lookalikes either,,v20260906+55419ffd
bramble,,0.0,none,missing,no exact/normalized/alias/homepage evidence; no lookalikes either,,v20260906+55419ffd
brave-browser,,0.0,none,missing,no exact/normalized/alias/homepage evidence; no lookalikes either,,v20260906+55419ffd
brave-browser@beta,,0.0,none,missing,no exact/normalized/alias/homepage evidence; no lookalikes either,,v20260906+55419ffd
brave-browser@nightly,,0.0,none,missing,no exact/normalized/alias/homepage evidence; no lookalikes either,,v20260906+55419ffd
brave-origin,,0.0,none,missing,no exact/normalized/alias/homepage evidence; no lookalikes either,,v20260906+55419ffd
brave-origin@beta,,0.0,none,missing,no exact/normalized/alias/homepage evidence; no lookalikes either,,v20260906+55419ffd
brave-origin@nightly,,0.0,none,missing,no exact/normalized/alias/homepage evidence; no lookalikes either,,v20260906+55419ffd
breaktimer,,0.0,none,missing,no exact/normalized/alias/homepage evidence; no lookalikes either,,v20260906+55419ffd
breitbandmessung,,0.0,none,missing,no exact/normalized/alias/homepage evidence; no lookalikes either,,v20260906+55419ffd
brewlet,,0.0,none,missing,no exact/normalized/alias/homepage evidence; no lookalikes either,,v20260906+55419ffd
brewservicesmenubar,,0.0,none,missing,no exact/normalized/alias/homepage evidence; no lookalikes either,,v20260906+55419ffd
brewtarget,,0.0,none,missing,no exact/normalized/alias/homepage evidence; no lookalikes either,,v20260906+55419ffd
brewy,,0.0,none,needs-review,no exact/normalized/alias/homepage evidence; fuzzy suggestions listed for review,R-brew,v20260906+55419ffd
bria,,0.0,none,needs-review,no exact/normalized/alias/homepage evidence; fuzzy suggestions listed for review,BRiAl,v20260906+55419ffd
bricklink-partdesigner,,0.0,none,missing,no exact/normalized/alias/homepage evidence; no lookalikes either,,v20260906+55419ffd
bricklink-studio,,0.0,none,missing,no exact/normalized/alias/homepage evidence; no lookalikes either,,v20260906+55419ffd
bricksmith,,0.0,none,missing,no exact/normalized/alias/homepage evidence; no lookalikes either,,v20260906+55419ffd
brickstore,,0.0,none,missing,no exact/normalized/alias/homepage evidence; no lookalikes either,,v20260906+55419ffd
bridge,,0.0,none,missing,no exact/normalized/alias/homepage evidence; no lookalikes either,,v20260906+55419ffd
brightness-sync,,0.0,none,needs-review,no exact/normalized/alias/homepage evidence; fuzzy suggestions listed for review,brightness,v20260906+55419ffd
brightvpn,,0.0,none,missing,no exact/normalized/alias/homepage evidence; no lookalikes either,,v20260906+55419ffd
brilliant,,0.0,none,missing,no exact/normalized/alias/homepage evidence; no lookalikes either,,v20260906+55419ffd
brisk,,0.0,none,needs-review,no exact/normalized/alias/homepage evidence; fuzzy suggestions listed for review,R-brisk,v20260906+55419ffd
brisync,,0.0,none,needs-review,no exact/normalized/alias/homepage evidence; fuzzy suggestions listed for review,rsync; isync; librsync,v20260906+55419ffd
brooklyn,,0.0,none,missing,no exact/normalized/alias/homepage evidence; no lookalikes either,,v20260906+55419ffd
browser-actions,,0.0,none,missing,no exact/normalized/alias/homepage evidence; no lookalikes either,,v20260906+55419ffd
browser-deputy,,0.0,none,missing,no exact/normalized/alias/homepage evidence; no lookalikes either,,v20260906+55419ffd
browseros,,0.0,none,missing,no exact/normalized/alias/homepage evidence; no lookalikes either,,v20260906+55419ffd
browserosaurus,,0.0,none,missing,no exact/normalized/alias/homepage evidence; no lookalikes either,,v20260906+55419ffd
browserstacklocal,,0.0,none,missing,no exact/normalized/alias/homepage evidence; no lookalikes either,,v20260906+55419ffd
bruno,,0.0,none,missing,no exact/normalized/alias/homepage evidence; no lookalikes either,,v20260906+55419ffd
btcpayserver-vault,,0.0,none,missing,no exact/normalized/alias/homepage evidence; no lookalikes either,,v20260906+55419ffd
btp,,0.0,none,needs-review,no exact/normalized/alias/homepage evidence; fuzzy suggestions listed for review,btop; btpd,v20260906+55419ffd
buckets,,0.0,none,missing,no exact/normalized/alias/homepage evidence; no lookalikes either,,v20260906+55419ffd
buckets@beta,,0.0,none,missing,no exact/normalized/alias/homepage evidence; no lookalikes either,,v20260906+55419ffd
bugdom,,0.0,none,missing,no exact/normalized/alias/homepage evidence; no lookalikes either,,v20260906+55419ffd
bugdom2,,0.0,none,missing,no exact/normalized/alias/homepage evidence; no lookalikes either,,v20260906+55419ffd
buildsettingextractor,,0.0,none,missing,no exact/normalized/alias/homepage evidence; no lookalikes either,,v20260906+55419ffd
bunch,,0.0,none,missing,no exact/normalized/alias/homepage evidence; no lookalikes either,,v20260906+55419ffd
burn,,0.0,none,needs-review,no exact/normalized/alias/homepage evidence; fuzzy suggestions listed for review,bun,v20260906+55419ffd
burp-suite,,0.0,none,missing,no exact/normalized/alias/homepage evidence; no lookalikes either,,v20260906+55419ffd
burp-suite@early-adopter,,0.0,none,missing,no exact/normalized/alias/homepage evidence; no lookalikes either,,v20260906+55419ffd
busycal,,0.0,none,missing,no exact/normalized/alias/homepage evidence; no lookalikes either,,v20260906+55419ffd
busycontacts,,0.0,none,needs-review,no exact/normalized/alias/homepage evidence; fuzzy suggestions listed for review,contacts,v20260906+55419ffd
butler,,0.0,none,missing,no exact/normalized/alias/homepage evidence; no lookalikes either,,v20260906+55419ffd
butt,,0.0,none,missing,no exact/normalized/alias/homepage evidence; no lookalikes either,,v20260906+55419ffd
buttercup,,0.0,none,missing,no exact/normalized/alias/homepage evidence; no lookalikes either,,v20260906+55419ffd
butterkit,,0.0,none,missing,no exact/normalized/alias/homepage evidence; no lookalikes either,,v20260906+55419ffd
buzz,,0.0,none,missing,no exact/normalized/alias/homepage evidence; no lookalikes either,,v20260906+55419ffd
bwana,,0.0,none,missing,no exact/normalized/alias/homepage evidence; no lookalikes either,,v20260906+55419ffd
bzflag,bzflag,1.0,exact,confident,name identical in both managers; homepages 'https://www.bzflag.org/' vs 'https://www.bzflag.org/',,v20260906+55419ffd
c0re100-qbittorrent,,0.0,none,missing,no exact/normalized/alias/homepage evidence; no lookalikes either,,v20260906+55419ffd
cabal,cabal,1.0,exact,confident,name identical in both managers; homepages 'https://cabal.chat/' vs 'https://www.haskell.org/cabal',,v20260906+55419ffd
cables,,0.0,none,needs-review,no exact/normalized/alias/homepage evidence; fuzzy suggestions listed for review,cableswig,v20260906+55419ffd
cacher,,0.0,none,needs-review,no exact/normalized/alias/homepage evidence; fuzzy suggestions listed for review,ccache,v20260906+55419ffd
cad-assistant,,0.0,none,missing,no exact/normalized/alias/homepage evidence; no lookalikes either,,v20260906+55419ffd
cadran,,0.0,none,missing,no exact/normalized/alias/homepage evidence; no lookalikes either,,v20260906+55419ffd
cadreader,,0.0,none,needs-review,no exact/normalized/alias/homepage evidence; fuzzy suggestions listed for review,chaosreader,v20260906+55419ffd
caffeine,,0.0,none,missing,no exact/normalized/alias/homepage evidence; no lookalikes either,,v20260906+55419ffd
cahier,,0.0,none,missing,no exact/normalized/alias/homepage evidence; no lookalikes either,,v20260906+55419ffd
caido,,0.0,none,needs-review,no exact/normalized/alias/homepage evidence; fuzzy suggestions listed for review,cairo,v20260906+55419ffd
cakebrewjs,,0.0,none,missing,no exact/normalized/alias/homepage evidence; no lookalikes either,,v20260906+55419ffd
calcservice,,0.0,none,missing,no exact/normalized/alias/homepage evidence; no lookalikes either,,v20260906+55419ffd
caldigit-docking-utility,,0.0,none,missing,no exact/normalized/alias/homepage evidence; no lookalikes either,,v20260906+55419ffd
caldigit-thunderbolt-charging,,0.0,none,missing,no exact/normalized/alias/homepage evidence; no lookalikes either,,v20260906+55419ffd
caldigit-usb-hub-support-driver,,0.0,none,missing,no exact/normalized/alias/homepage evidence; no lookalikes either,,v20260906+55419ffd
calendar-366,,0.0,none,missing,no exact/normalized/alias/homepage evidence; no lookalikes either,,v20260906+55419ffd
calendr,,0.0,none,needs-review,no exact/normalized/alias/homepage evidence; fuzzy suggestions listed for review,rb-calendar,v20260906+55419ffd
calhash,,0.0,none,needs-review,no exact/normalized/alias/homepage evidence; fuzzy suggestions listed for review,clash,v20260906+55419ffd
calibre,,0.0,none,needs-review,no exact/normalized/alias/homepage evidence; fuzzy suggestions listed for review,libre; R-calibrate,v20260906+55419ffd
calibrite-profiler,,0.0,none,missing,no exact/normalized/alias/homepage evidence; no lookalikes either,,v20260906+55419ffd
calmly-writer,,0.0,none,missing,no exact/normalized/alias/homepage evidence; no lookalikes either,,v20260906+55419ffd
camed,,0.0,none,missing,no exact/normalized/alias/homepage evidence; no lookalikes either,,v20260906+55419ffd
camerabag-photo,,0.0,none,missing,no exact/normalized/alias/homepage evidence; no lookalikes either,,v20260906+55419ffd
cameracontroller,,0.0,none,missing,no exact/normalized/alias/homepage evidence; no lookalikes either,,v20260906+55419ffd
camo-studio,,0.0,none,needs-review,no exact/normalized/alias/homepage evidence; fuzzy suggestions listed for review,ocaml-stdio,v20260906+55419ffd
camtasia,,0.0,none,missing,no exact/normalized/alias/homepage evidence; no lookalikes either,,v20260906+55419ffd
camunda-modeler,,0.0,none,missing,no exact/normalized/alias/homepage evidence; no lookalikes either,,v20260906+55419ffd
canario,,0.0,none,missing,no exact/normalized/alias/homepage evidence; no lookalikes either,,v20260906+55419ffd
candy-crisis,,0.0,none,missing,no exact/normalized/alias/homepage evidence; no lookalikes either,,v20260906+55419ffd
candybar,,0.0,none,missing,no exact/normalized/alias/homepage evidence; no lookalikes either,,v20260906+55419ffd
canon-eos-utility,,0.0,none,missing,no exact/normalized/alias/homepage evidence; no lookalikes either,,v20260906+55419ffd
canon-mg2500-driver,,0.0,none,missing,no exact/normalized/alias/homepage evidence; no lookalikes either,,v20260906+55419ffd
canon-ufrii-driver,,0.0,none,missing,no exact/normalized/alias/homepage evidence; no lookalikes either,,v20260906+55419ffd
canva,,0.0,none,needs-review,no exact/normalized/alias/homepage evidence; fuzzy suggestions listed for review,cava; canna,v20260906+55419ffd
cap,,0.0,none,missing,no exact/normalized/alias/homepage evidence; no lookalikes either,,v20260906+55419ffd
capacities,,0.0,none,missing,no exact/normalized/alias/homepage evidence; no lookalikes either,,v20260906+55419ffd
capcut,,0.0,none,missing,no exact/normalized/alias/homepage evidence; no lookalikes either,,v20260906+55419ffd
caprine,,0.0,none,missing,no exact/normalized/alias/homepage evidence; no lookalikes either,,v20260906+55419ffd
capslocknodelay,,0.0,none,missing,no exact/normalized/alias/homepage evidence; no lookalikes either,,v20260906+55419ffd
captain,,0.0,none,missing,no exact/normalized/alias/homepage evidence; no lookalikes either,,v20260906+55419ffd
captainplugins,,0.0,none,missing,no exact/normalized/alias/homepage evidence; no lookalikes either,,v20260906+55419ffd
captains-deck,,0.0,none,missing,no exact/normalized/alias/homepage evidence; no lookalikes either,,v20260906+55419ffd
captin,,0.0,none,missing,no exact/normalized/alias/homepage evidence; no lookalikes either,,v20260906+55419ffd
capto,,0.0,none,needs-review,no exact/normalized/alias/homepage evidence; fuzzy suggestions listed for review,carto; canto,v20260906+55419ffd
carbide-create,,0.0,none,missing,no exact/normalized/alias/homepage evidence; no lookalikes either,,v20260906+55419ffd
carbon-copy-cloner,,0.0,none,missing,no exact/normalized/alias/homepage evidence; no lookalikes either,,v20260906+55419ffd
carbon-copy-cloner@6,,0.0,none,missing,no exact/normalized/alias/homepage evidence; no lookalikes either,,v20260906+55419ffd
cardhop,,0.0,none,missing,no exact/normalized/alias/homepage evidence; no lookalikes either,,v20260906+55419ffd
cardinal,,0.0,none,missing,no exact/normalized/alias/homepage evidence; no lookalikes either,,v20260906+55419ffd
cardinal-search,,0.0,none,missing,no exact/normalized/alias/homepage evidence; no lookalikes either,,v20260906+55419ffd
cardo-update,,0.0,none,missing,no exact/normalized/alias/homepage evidence; no lookalikes either,,v20260906+55419ffd
cardpresso,,0.0,none,missing,no exact/normalized/alias/homepage evidence; no lookalikes either,,v20260906+55419ffd
cashnotify,,0.0,none,missing,no exact/normalized/alias/homepage evidence; no lookalikes either,,v20260906+55419ffd
caskhub,,0.0,none,missing,no exact/normalized/alias/homepage evidence; no lookalikes either,,v20260906+55419ffd
castr,,0.0,none,needs-review,no exact/normalized/alias/homepage evidence; fuzzy suggestions listed for review,castor; cl-str,v20260906+55419ffd
catch,,0.0,none,needs-review,no exact/normalized/alias/homepage evidence; fuzzy suggestions listed for review,catch2; hatch; watch,v20260906+55419ffd
cate,,0.0,none,missing,no exact/normalized/alias/homepage evidence; no lookalikes either,,v20260906+55419ffd
catlight,,0.0,none,missing,no exact/normalized/alias/homepage evidence; no lookalikes either,,v20260906+55419ffd
cavalry,,0.0,none,missing,no exact/normalized/alias/homepage evidence; no lookalikes either,,v20260906+55419ffd
cave-story,,0.0,none,needs-review,no exact/normalized/alias/homepage evidence; fuzzy suggestions listed for review,castor,v20260906+55419ffd
cc-pocket,,0.0,none,missing,no exact/normalized/alias/homepage evidence; no lookalikes either,,v20260906+55419ffd
cc-switch,,0.0,none,missing,no exact/normalized/alias/homepage evidence; no lookalikes either,,v20260906+55419ffd
ccleaner,,0.0,none,missing,no exact/normalized/alias/homepage evidence; no lookalikes either,,v20260906+55419ffd
ccmenu,,0.0,none,missing,no exact/normalized/alias/homepage evidence; no lookalikes either,,v20260906+55419ffd
ccstudio,,0.0,none,missing,no exact/normalized/alias/homepage evidence; no lookalikes either,,v20260906+55419ffd
cctalk,,0.0,none,needs-review,no exact/normalized/alias/homepage evidence; fuzzy suggestions listed for review,ccal,v20260906+55419ffd
cd-to,,0.0,none,needs-review,no exact/normalized/alias/homepage evidence; fuzzy suggestions listed for review,cdo,v20260906+55419ffd
celestia,,0.0,none,needs-review,no exact/normalized/alias/homepage evidence; fuzzy suggestions listed for review,R-celestial,v20260906+55419ffd
celestialteapot-runway,,0.0,none,missing,no exact/normalized/alias/homepage evidence; no lookalikes either,,v20260906+55419ffd
cellprofiler,,0.0,none,missing,no exact/normalized/alias/homepage evidence; no lookalikes either,,v20260906+55419ffd
cemu,,0.0,none,missing,no exact/normalized/alias/homepage evidence; no lookalikes either,,v20260906+55419ffd
cerebro,,0.0,none,missing,no exact/normalized/alias/homepage evidence; no lookalikes either,,v20260906+55419ffd
cernbox,,0.0,none,missing,no exact/normalized/alias/homepage evidence; no lookalikes either,,v20260906+55419ffd
chai,chai,1.0,exact,confident,name identical in both managers; homepages 'https://github.com/lvillani/chai' vs 'https://github.com/LLNL/CHAI',,v20260906+55419ffd
chainner,,0.0,none,needs-review,no exact/normalized/alias/homepage evidence; fuzzy suggestions listed for review,py-chainer,v20260906+55419ffd
chalk,,0.0,none,missing,no exact/normalized/alias/homepage evidence; no lookalikes either,,v20260906+55419ffd
changes,,0.0,none,missing,no exact/normalized/alias/homepage evidence; no lookalikes either,,v20260906+55419ffd
channel-works,,0.0,none,missing,no exact/normalized/alias/homepage evidence; no lookalikes either,,v20260906+55419ffd
charles,,0.0,none,needs-review,no exact/normalized/alias/homepage evidence; fuzzy suggestions listed for review,charls; c-ares,v20260906+55419ffd
charles@4,,0.0,none,needs-review,no exact/normalized/alias/homepage evidence; fuzzy suggestions listed for review,charls,v20260906+55419ffd
charmstone,,0.0,none,missing,no exact/normalized/alias/homepage evidence; no lookalikes either,,v20260906+55419ffd
chatall,,0.0,none,missing,no exact/normalized/alias/homepage evidence; no lookalikes either,,v20260906+55419ffd
chatbox,,0.0,none,missing,no exact/normalized/alias/homepage evidence; no lookalikes either,,v20260906+55419ffd
chatglm,,0.0,none,missing,no exact/normalized/alias/homepage evidence; no lookalikes either,,v20260906+55419ffd
chatgpt,,0.0,none,needs-review,no exact/normalized/alias/homepage evidence; fuzzy suggestions listed for review,R-chatgpt,v20260906+55419ffd
chatgpt-atlas,,0.0,none,missing,no exact/normalized/alias/homepage evidence; no lookalikes either,,v20260906+55419ffd
chatgpt-classic,,0.0,none,missing,no exact/normalized/alias/homepage evidence; no lookalikes either,,v20260906+55419ffd
chatmate-for-whatsapp,,0.0,none,missing,no exact/normalized/alias/homepage evidence; no lookalikes either,,v20260906+55419ffd
chatterino,,0.0,none,missing,no exact/normalized/alias/homepage evidence; no lookalikes either,,v20260906+55419ffd
chatty,Chatty,0.96,normalized,confident,'chatty' ~ 'Chatty' after case/punctuation folding,,v20260906+55419ffd
chatwise,,0.0,none,missing,no exact/normalized/alias/homepage evidence; no lookalikes either,,v20260906+55419ffd
chatwork,,0.0,none,missing,no exact/normalized/alias/homepage evidence; no lookalikes either,,v20260906+55419ffd
cheatsheet,,0.0,none,missing,no exact/normalized/alias/homepage evidence; no lookalikes either,,v20260906+55419ffd
checkra1n,,0.0,none,missing,no exact/normalized/alias/homepage evidence; no lookalikes either,,v20260906+55419ffd
cheetah3d,,0.0,none,needs-review,no exact/normalized/alias/homepage evidence; fuzzy suggestions listed for review,cheetah,v20260906+55419ffd
chef-workstation,,0.0,none,missing,no exact/normalized/alias/homepage evidence; no lookalikes either,,v20260906+55419ffd
chemdoodle,,0.0,none,missing,no exact/normalized/alias/homepage evidence; no lookalikes either,,v20260906+55419ffd
cherry-studio,,0.0,none,missing,no exact/normalized/alias/homepage evidence; no lookalikes either,,v20260906+55419ffd
chessx,,0.0,none,missing,no exact/normalized/alias/homepage evidence; no lookalikes either,,v20260906+55419ffd
chia,,0.0,none,missing,no exact/normalized/alias/homepage evidence; no lookalikes either,,v20260906+55419ffd
chiaki,,0.0,none,missing,no exact/normalized/alias/homepage evidence; no lookalikes either,,v20260906+55419ffd
chime,,0.0,none,missing,no exact/normalized/alias/homepage evidence; no lookalikes either,,v20260906+55419ffd
chime@alpha,,0.0,none,missing,no exact/normalized/alias/homepage evidence; no lookalikes either,,v20260906+55419ffd
chipmunk,chipmunk,1.0,exact,confident,name identical in both managers; homepages 'https://github.com/esrlabs/chipmunk/' vs 'http://chipmunk-physics.net',,v20260906+55419ffd
chiri,,0.0,none,missing,no exact/normalized/alias/homepage evidence; no lookalikes either,,v20260906+55419ffd
chitubox,,0.0,none,missing,no exact/normalized/alias/homepage evidence; no lookalikes either,,v20260906+55419ffd
choice-financial-terminal,,0.0,none,missing,no exact/normalized/alias/homepage evidence; no lookalikes either,,v20260906+55419ffd
choosy,,0.0,none,needs-review,no exact/normalized/alias/homepage evidence; fuzzy suggestions listed for review,choose,v20260906+55419ffd
choragus,,0.0,none,missing,no exact/normalized/alias/homepage evidence; no lookalikes either,,v20260906+55419ffd
chordpotion,,0.0,none,missing,no exact/normalized/alias/homepage evidence; no lookalikes either,,v20260906+55419ffd
chrome-remote-desktop-host,,0.0,none,missing,no exact/normalized/alias/homepage evidence; no lookalikes either,,v20260906+55419ffd
chromedriver,chromedriver,1.0,exact,confident,name identical in both managers; homepages 'https://chromedriver.chromium.org/' vs 'https://chromedriver.chromium.org/',,v20260906+55419ffd
chromedriver@beta,,0.0,none,needs-review,no exact/normalized/alias/homepage evidence; same homepage 'https://chromedriver.chromium.org/' as 'chromedriver' but versions '153.0.8010.12' vs '136.0.7103.113'; fuzzy suggestions listed for review,chromedriver; chromedriver-97; chromedriver-96,v20260906+55419ffd
chromium,,0.0,none,needs-review,no exact/normalized/alias/homepage evidence; fuzzy suggestions listed for review,chromium-bsu; chromium-tabs,v20260906+55419ffd
chromium-gost,,0.0,none,missing,no exact/normalized/alias/homepage evidence; no lookalikes either,,v20260906+55419ffd
chronoagent,,0.0,none,missing,no exact/normalized/alias/homepage evidence; no lookalikes either,,v20260906+55419ffd
chronoid,,0.0,none,missing,no exact/normalized/alias/homepage evidence; no lookalikes either,,v20260906+55419ffd
chronos,,0.0,none,needs-review,no exact/normalized/alias/homepage evidence; fuzzy suggestions listed for review,chronos-go,v20260906+55419ffd
chronosync,,0.0,none,missing,no exact/normalized/alias/homepage evidence; no lookalikes either,,v20260906+55419ffd
chronycontrol,,0.0,none,missing,no exact/normalized/alias/homepage evidence; no lookalikes either,,v20260906+55419ffd
chrysalis,,0.0,none,missing,no exact/normalized/alias/homepage evidence; no lookalikes either,,v20260906+55419ffd
cilicon,,0.0,none,needs-review,no exact/normalized/alias/homepage evidence; fuzzy suggestions listed for review,silicon; clingcon,v20260906+55419ffd
cinc-workstation,,0.0,none,missing,no exact/normalized/alias/homepage evidence; no lookalikes either,,v20260906+55419ffd
cinch,,0.0,none,needs-review,no exact/normalized/alias/homepage evidence; fuzzy suggestions listed for review,finch,v20260906+55419ffd
cinco,,0.0,none,missing,no exact/normalized/alias/homepage evidence; no lookalikes either,,v20260906+55419ffd
cinder,,0.0,none,needs-review,no exact/normalized/alias/homepage evidence; fuzzy suggestions listed for review,R-CIfinder,v20260906+55419ffd
cinderella,,0.0,none,missing,no exact/normalized/alias/homepage evidence; no lookalikes either,,v20260906+55419ffd
cinebench,,0.0,none,missing,no exact/normalized/alias/homepage evidence; no lookalikes either,,v20260906+55419ffd
circuitjs1,,0.0,none,missing,no exact/normalized/alias/homepage evidence; no lookalikes either,,v20260906+55419ffd
cirrus,,0.0,none,missing,no exact/normalized/alias/homepage evidence; no lookalikes either,,v20260906+55419ffd
cisco-jabber,,0.0,none,missing,no exact/normalized/alias/homepage evidence; no lookalikes either,,v20260906+55419ffd
cisco-proximity,,0.0,none,missing,no exact/normalized/alias/homepage evidence; no lookalikes either,,v20260906+55419ffd
cisdem-data-recovery,,0.0,none,missing,no exact/normalized/alias/homepage evidence; no lookalikes either,,v20260906+55419ffd
cisdem-document-reader,,0.0,none,missing,no exact/normalized/alias/homepage evidence; no lookalikes either,,v20260906+55419ffd
cisdem-duplicate-finder,,0.0,none,missing,no exact/normalized/alias/homepage evidence; no lookalikes either,,v20260906+55419ffd
cisdem-pdf-converter-ocr,,0.0,none,missing,no exact/normalized/alias/homepage evidence; no lookalikes either,,v20260906+55419ffd
citrix-workspace,,0.0,none,missing,no exact/normalized/alias/homepage evidence; no lookalikes either,,v20260906+55419ffd
cityofzion-neon,,0.0,none,missing,no exact/normalized/alias/homepage evidence; no lookalikes either,,v20260906+55419ffd
ckan-app,,0.0,none,missing,no exact/normalized/alias/homepage evidence; no lookalikes either,,v20260906+55419ffd
clamxav,,0.0,none,needs-review,no exact/normalized/alias/homepage evidence; fuzzy suggestions listed for review,clamav,v20260906+55419ffd
clarc,,0.0,none,needs-review,no exact/normalized/alias/homepage evidence; fuzzy suggestions listed for review,clac,v20260906+55419ffd
clarify,,0.0,none,missing,no exact/normalized/alias/homepage evidence; no lookalikes either,,v20260906+55419ffd
clariti,,0.0,none,missing,no exact/normalized/alias/homepage evidence; no lookalikes either,,v20260906+55419ffd
clash-mi,,0.0,none,needs-review,no exact/normalized/alias/homepage evidence; fuzzy suggestions listed for review,clash,v20260906+55419ffd
clash-party,,0.0,none,missing,no exact/normalized/alias/homepage evidence; no lookalikes either,,v20260906+55419ffd
clash-verge-rev,,0.0,none,missing,no exact/normalized/alias/homepage evidence; no lookalikes either,,v20260906+55419ffd
classicftp,,0.0,none,missing,no exact/normalized/alias/homepage evidence; no lookalikes either,,v20260906+55419ffd
classroom-mode-for-minecraft,,0.0,none,missing,no exact/normalized/alias/homepage evidence; no lookalikes either,,v20260906+55419ffd
claude,,0.0,none,missing,no exact/normalized/alias/homepage evidence; no lookalikes either,,v20260906+55419ffd
claude-code,claude-code,1.0,exact,confident,name identical in both managers; homepages 'https://claude.com/product/claude-code' vs 'https://claude.com/product/claude-code',,v20260906+55419ffd
claude-code@latest,,0.0,none,needs-review,no exact/normalized/alias/homepage evidence; same homepage 'https://claude.com/product/claude-code' as 'claude-code' but desc overlap only 0.06; no lookalikes either,,v20260906+55419ffd
claude-devtools,,0.0,none,missing,no exact/normalized/alias/homepage evidence; no lookalikes either,,v20260906+55419ffd
claude-status-bar,,0.0,none,missing,no exact/normalized/alias/homepage evidence; no lookalikes either,,v20260906+55419ffd
claudebar,,0.0,none,missing,no exact/normalized/alias/homepage evidence; no lookalikes either,,v20260906+55419ffd
clawd-on-desk,,0.0,none,missing,no exact/normalized/alias/homepage evidence; no lookalikes either,,v20260906+55419ffd
cleanapp,,0.0,none,missing,no exact/normalized/alias/homepage evidence; no lookalikes either,,v20260906+55419ffd
cleanclip,,0.0,none,missing,no exact/normalized/alias/homepage evidence; no lookalikes either,,v20260906+55419ffd
cleaneronepro,,0.0,none,missing,no exact/normalized/alias/homepage evidence; no lookalikes either,,v20260906+55419ffd
cleanmymac,,0.0,none,missing,no exact/normalized/alias/homepage evidence; no lookalikes either,,v20260906+55419ffd
cleanmymac-cli,,0.0,none,missing,no exact/normalized/alias/homepage evidence; no lookalikes either,,v20260906+55419ffd
cleanmymac-zh,,0.0,none,missing,no exact/normalized/alias/homepage evidence; no lookalikes either,,v20260906+55419ffd
cleanshot,,0.0,none,missing,no exact/normalized/alias/homepage evidence; no lookalikes either,,v20260906+55419ffd
cleanupbuddy,,0.0,none,missing,no exact/normalized/alias/homepage evidence; no lookalikes either,,v20260906+55419ffd
clearance,,0.0,none,missing,no exact/normalized/alias/homepage evidence; no lookalikes either,,v20260906+55419ffd
cleartext,,0.0,none,missing,no exact/normalized/alias/homepage evidence; no lookalikes either,,v20260906+55419ffd
clearvpn,,0.0,none,missing,no exact/normalized/alias/homepage evidence; no lookalikes either,,v20260906+55419ffd
clementine,,0.0,none,missing,no exact/normalized/alias/homepage evidence; no lookalikes either,,v20260906+55419ffd
clibor,,0.0,none,needs-review,no exact/normalized/alias/homepage evidence; fuzzy suggestions listed for review,libotr; clib,v20260906+55419ffd
clickcharts,,0.0,none,missing,no exact/normalized/alias/homepage evidence; no lookalikes either,,v20260906+55419ffd
clicker-for-netflix,,0.0,none,missing,no exact/normalized/alias/homepage evidence; no lookalikes either,,v20260906+55419ffd
clicker-for-youtube,,0.0,none,missing,no exact/normalized/alias/homepage evidence; no lookalikes either,,v20260906+55419ffd
clickhouse,,0.0,none,missing,no exact/normalized/alias/homepage evidence; no lookalikes either,,v20260906+55419ffd
clickshare,,0.0,none,missing,no exact/normalized/alias/homepage evidence; no lookalikes either,,v20260906+55419ffd
clickup,,0.0,none,missing,no exact/normalized/alias/homepage evidence; no lookalikes either,,v20260906+55419ffd
clion,,0.0,none,missing,no exact/normalized/alias/homepage evidence; no lookalikes either,,v20260906+55419ffd
clion@eap,,0.0,none,missing,no exact/normalized/alias/homepage evidence; no lookalikes either,,v20260906+55419ffd
clip-studio-paint,,0.0,none,missing,no exact/normalized/alias/homepage evidence; no lookalikes either,,v20260906+55419ffd
clipaste,,0.0,none,missing,no exact/normalized/alias/homepage evidence; no lookalikes either,,v20260906+55419ffd
clipbook,,0.0,none,missing,no exact/normalized/alias/homepage evidence; no lookalikes either,,v20260906+55419ffd
clipgrab,,0.0,none,missing,no exact/normalized/alias/homepage evidence; no lookalikes either,,v20260906+55419ffd
clips-ide,,0.0,none,missing,no exact/normalized/alias/homepage evidence; no lookalikes either,,v20260906+55419ffd
clipy,,0.0,none,needs-review,no exact/normalized/alias/homepage evidence; fuzzy suggestions listed for review,xclip; clisp,v20260906+55419ffd
cljstyle,,0.0,none,missing,no exact/normalized/alias/homepage evidence; no lookalikes either,,v20260906+55419ffd
clock-bar,,0.0,none,missing,no exact/normalized/alias/homepage evidence; no lookalikes either,,v20260906+55419ffd
clock-signal,,0.0,none,missing,no exact/normalized/alias/homepage evidence; no lookalikes either,,v20260906+55419ffd
clocker,,0.0,none,needs-review,no exact/normalized/alias/homepage evidence; fuzzy suggestions listed for review,cmockery,v20260906+55419ffd
clockify,,0.0,none,missing,no exact/normalized/alias/homepage evidence; no lookalikes either,,v20260906+55419ffd
clocksaver,,0.0,none,missing,no exact/normalized/alias/homepage evidence; no lookalikes either,,v20260906+55419ffd
clone-hero,,0.0,none,missing,no exact/normalized/alias/homepage evidence; no lookalikes either,,v20260906+55419ffd
clop,,0.0,none,missing,no exact/normalized/alias/homepage evidence; no lookalikes either,,v20260906+55419ffd
cloud-pbx,,0.0,none,missing,no exact/normalized/alias/homepage evidence; no lookalikes either,,v20260906+55419ffd
cloud189,,0.0,none,missing,no exact/normalized/alias/homepage evidence; no lookalikes either,,v20260906+55419ffd
cloudash,,0.0,none,missing,no exact/normalized/alias/homepage evidence; no lookalikes either,,v20260906+55419ffd
cloudcompare,,0.0,none,missing,no exact/normalized/alias/homepage evidence; no lookalikes either,,v20260906+55419ffd
cloudflare-warp,,0.0,none,needs-review,no exact/normalized/alias/homepage evidence; fuzzy suggestions listed for review,cloudflared,v20260906+55419ffd
cloudflare-warp@beta,,0.0,none,missing,no exact/normalized/alias/homepage evidence; no lookalikes either,,v20260906+55419ffd
cloudmounter,,0.0,none,missing,no exact/normalized/alias/homepage evidence; no lookalikes either,,v20260906+55419ffd
cloudnet,,0.0,none,missing,no exact/normalized/alias/homepage evidence; no lookalikes either,,v20260906+55419ffd
cloudpouch,,0.0,none,missing,no exact/normalized/alias/homepage evidence; no lookalikes either,,v20260906+55419ffd
cloudup,,0.0,none,missing,no exact/normalized/alias/homepage evidence; no lookalikes either,,v20260906+55419ffd
clover-chord-systems,,0.0,none,missing,no exact/normalized/alias/homepage evidence; no lookalikes either,,v20260906+55419ffd
clover-configurator,,0.0,none,needs-review,no exact/normalized/alias/homepage evidence; fuzzy suggestions listed for review,ocaml-configurator,v20260906+55419ffd
cmake-app,cmake,0.95,alias,confident,listed as alias/oldname of 'cmake-app',,v20260906+55419ffd
cmd,,0.0,none,missing,no exact/normalized/alias/homepage evidence; no lookalikes either,,v20260906+55419ffd
cmd-eikana,,0.0,none,missing,no exact/normalized/alias/homepage evidence; no lookalikes either,,v20260906+55419ffd
cmdtap,,0.0,none,needs-review,no exact/normalized/alias/homepage evidence; fuzzy suggestions listed for review,cmdftp,v20260906+55419ffd
cmpxat,,0.0,none,missing,no exact/normalized/alias/homepage evidence; no lookalikes either,,v20260906+55419ffd
cmtrace-open,,0.0,none,missing,no exact/normalized/alias/homepage evidence; no lookalikes either,,v20260906+55419ffd
cmux,,0.0,none,missing,no exact/normalized/alias/homepage evidence; no lookalikes either,,v20260906+55419ffd
cncjs,,0.0,none,missing,no exact/normalized/alias/homepage evidence; no lookalikes either,,v20260906+55419ffd
cockatrice,Cockatrice,0.96,normalized,confident,'cockatrice' ~ 'Cockatrice' after case/punctuation folding,,v20260906+55419ffd
cocktail,,0.0,none,missing,no exact/normalized/alias/homepage evidence; no lookalikes either,,v20260906+55419ffd
cocoapacketanalyzer,,0.0,none,missing,no exact/normalized/alias/homepage evidence; no lookalikes either,,v20260906+55419ffd
cocoarestclient,CocoaRestClient,0.96,normalized,confident,'cocoarestclient' ~ 'CocoaRestClient' after case/punctuation folding,,v20260906+55419ffd
coconutbattery,,0.0,none,missing,no exact/normalized/alias/homepage evidence; no lookalikes either,,v20260906+55419ffd
coconutid,,0.0,none,missing,no exact/normalized/alias/homepage evidence; no lookalikes either,,v20260906+55419ffd
code-composer-studio,,0.0,none,missing,no exact/normalized/alias/homepage evidence; no lookalikes either,,v20260906+55419ffd
codebolt,,0.0,none,missing,no exact/normalized/alias/homepage evidence; no lookalikes either,,v20260906+55419ffd
codebuddy,,0.0,none,missing,no exact/normalized/alias/homepage evidence; no lookalikes either,,v20260906+55419ffd
codebuddy-cn,,0.0,none,missing,no exact/normalized/alias/homepage evidence; no lookalikes either,,v20260906+55419ffd
codeedit,,0.0,none,missing,no exact/normalized/alias/homepage evidence; no lookalikes either,,v20260906+55419ffd
codeexpander,,0.0,none,missing,no exact/normalized/alias/homepage evidence; no lookalikes either,,v20260906+55419ffd
codekit,,0.0,none,missing,no exact/normalized/alias/homepage evidence; no lookalikes either,,v20260906+55419ffd
codelite,,0.0,none,missing,no exact/normalized/alias/homepage evidence; no lookalikes either,,v20260906+55419ffd
codeql,,0.0,none,missing,no exact/normalized/alias/homepage evidence; no lookalikes either,,v20260906+55419ffd
coderabbit,,0.0,none,missing,no exact/normalized/alias/homepage evidence; no lookalikes either,,v20260906+55419ffd
coderunner,,0.0,none,needs-review,no exact/normalized/alias/homepage evidence; fuzzy suggestions listed for review,roadrunner,v20260906+55419ffd
codeship-jet,jet,0.95,alias,confident,listed as alias/oldname of 'codeship-jet',,v20260906+55419ffd
codespace,,0.0,none,missing,no exact/normalized/alias/homepage evidence; no lookalikes either,,v20260906+55419ffd
codex,codex,1.0,exact,confident,name identical in both managers; homepages 'https://github.com/openai/codex' vs 'https://github.com/openai/codex',,v20260906+55419ffd
codex-app,,0.0,none,missing,no exact/normalized/alias/homepage evidence; no lookalikes either,,v20260906+55419ffd
codexbar,,0.0,none,missing,no exact/normalized/alias/homepage evidence; no lookalikes either,,v20260906+55419ffd
codexia,,0.0,none,needs-review,no exact/normalized/alias/homepage evidence; fuzzy suggestions listed for review,codex,v20260906+55419ffd
codexmonitor,,0.0,none,missing,no exact/normalized/alias/homepage evidence; no lookalikes either,,v20260906+55419ffd
codux,,0.0,none,needs-review,no exact/normalized/alias/homepage evidence; fuzzy suggestions listed for review,codex,v20260906+55419ffd
coffitivity-offline,,0.0,none,missing,no exact/normalized/alias/homepage evidence; no lookalikes either,,v20260906+55419ffd
cog-app,cog,0.95,alias,confident,listed as alias/oldname of 'cog-app',,v20260906+55419ffd
coherence-x,,0.0,none,needs-review,no exact/normalized/alias/homepage evidence; fuzzy suggestions listed for review,coherence,v20260906+55419ffd
coin-wallet,,0.0,none,missing,no exact/normalized/alias/homepage evidence; no lookalikes either,,v20260906+55419ffd
coinomi-wallet,,0.0,none,missing,no exact/normalized/alias/homepage evidence; no lookalikes either,,v20260906+55419ffd
cold-turkey-blocker,,0.0,none,missing,no exact/normalized/alias/homepage evidence; no lookalikes either,,v20260906+55419ffd
colemak-dh,,0.0,none,missing,no exact/normalized/alias/homepage evidence; no lookalikes either,,v20260906+55419ffd
colemak-dhk,,0.0,none,missing,no exact/normalized/alias/homepage evidence; no lookalikes either,,v20260906+55419ffd
color-oracle,,0.0,none,missing,no exact/normalized/alias/homepage evidence; no lookalikes either,,v20260906+55419ffd
color-studio,,0.0,none,missing,no exact/normalized/alias/homepage evidence; no lookalikes either,,v20260906+55419ffd
colorchecker-camera-calibration,,0.0,none,missing,no exact/normalized/alias/homepage evidence; no lookalikes either,,v20260906+55419ffd
colorpicker-materialdesign,,0.0,none,missing,no exact/normalized/alias/homepage evidence; no lookalikes either,,v20260906+55419ffd
colorpicker-propicker,,0.0,none,missing,no exact/normalized/alias/homepage evidence; no lookalikes either,,v20260906+55419ffd
colorsnapper,,0.0,none,missing,no exact/normalized/alias/homepage evidence; no lookalikes either,,v20260906+55419ffd
colorwell,,0.0,none,missing,no exact/normalized/alias/homepage evidence; no lookalikes either,,v20260906+55419ffd
colour-contrast-analyser,,0.0,none,missing,no exact/normalized/alias/homepage evidence; no lookalikes either,,v20260906+55419ffd
combine-pdfs,,0.0,none,missing,no exact/normalized/alias/homepage evidence; no lookalikes either,,v20260906+55419ffd
comet,,0.0,none,needs-review,no exact/normalized/alias/homepage evidence; fuzzy suggestions listed for review,py-comet,v20260906+55419ffd
comfy,,0.0,none,missing,no exact/normalized/alias/homepage evidence; no lookalikes either,,v20260906+55419ffd
comictagger,,0.0,none,missing,no exact/normalized/alias/homepage evidence; no lookalikes either,,v20260906+55419ffd
command-pad,,0.0,none,missing,no exact/normalized/alias/homepage evidence; no lookalikes either,,v20260906+55419ffd
command-tab-plus,,0.0,none,missing,no exact/normalized/alias/homepage evidence; no lookalikes either,,v20260906+55419ffd
commander,,0.0,none,missing,no exact/normalized/alias/homepage evidence; no lookalikes either,,v20260906+55419ffd
commander-one,,0.0,none,missing,no exact/normalized/alias/homepage evidence; no lookalikes either,,v20260906+55419ffd
commandpost,,0.0,none,missing,no exact/normalized/alias/homepage evidence; no lookalikes either,,v20260906+55419ffd
commandq,,0.0,none,missing,no exact/normalized/alias/homepage evidence; no lookalikes either,,v20260906+55419ffd
companion,,0.0,none,needs-review,no exact/normalized/alias/homepage evidence; fuzzy suggestions listed for review,R-mcompanion; R-comparison,v20260906+55419ffd
companion-satellite,,0.0,none,missing,no exact/normalized/alias/homepage evidence; no lookalikes either,,v20260906+55419ffd
companion@beta,,0.0,none,missing,no exact/normalized/alias/homepage evidence; no lookalikes either,,v20260906+55419ffd
composercat,,0.0,none,missing,no exact/normalized/alias/homepage evidence; no lookalikes either,,v20260906+55419ffd
compositor,,0.0,none,missing,no exact/normalized/alias/homepage evidence; no lookalikes either,,v20260906+55419ffd
conar,,0.0,none,missing,no exact/normalized/alias/homepage evidence; no lookalikes either,,v20260906+55419ffd
concept2-utility,,0.0,none,missing,no exact/normalized/alias/homepage evidence; no lookalikes either,,v20260906+55419ffd
conductor,,0.0,none,missing,no exact/normalized/alias/homepage evidence; no lookalikes either,,v20260906+55419ffd
confectionery,,0.0,none,needs-review,no exact/normalized/alias/homepage evidence; fuzzy suggestions listed for review,py-confection,v20260906+55419ffd
conferences,,0.0,none,needs-review,no exact/normalized/alias/homepage evidence; fuzzy suggestions listed for review,coherence,v20260906+55419ffd
confluent-cli,confluent-cli,1.0,exact,confident,name identical in both managers; homepages 'https://docs.confluent.io/confluent-cli/current/overview.html' vs 'https://github.com/confluentinc/cli',,v20260906+55419ffd
connect-fonts,,0.0,none,missing,no exact/normalized/alias/homepage evidence; no lookalikes either,,v20260906+55419ffd
connectiq,,0.0,none,missing,no exact/normalized/alias/homepage evidence; no lookalikes either,,v20260906+55419ffd
connectiq-sdk-manager,,0.0,none,missing,no exact/normalized/alias/homepage evidence; no lookalikes either,,v20260906+55419ffd
connectmenow,,0.0,none,missing,no exact/normalized/alias/homepage evidence; no lookalikes either,,v20260906+55419ffd
console,,0.0,none,needs-review,no exact/normalized/alias/homepage evidence; fuzzy suggestions listed for review,xconsole; mkconsole; konsole,v20260906+55419ffd
consul,consul,1.0,exact,confident,name identical in both managers; homepages 'https://www.consul.io/' vs 'https://www.consul.io',,v20260906+55419ffd
container-ps,,0.0,none,needs-review,no exact/normalized/alias/homepage evidence; fuzzy suggestions listed for review,container; cl-containers; container-compose,v20260906+55419ffd
context,,0.0,none,needs-review,no exact/normalized/alias/homepage evidence; fuzzy suggestions listed for review,cl-contextl,v20260906+55419ffd
contexts,,0.0,none,missing,no exact/normalized/alias/homepage evidence; no lookalikes either,,v20260906+55419ffd
contour,,0.0,none,missing,no exact/normalized/alias/homepage evidence; no lookalikes either,,v20260906+55419ffd
contraste,,0.0,none,missing,no exact/normalized/alias/homepage evidence; no lookalikes either,,v20260906+55419ffd
cookie,,0.0,none,needs-review,no exact/normalized/alias/homepage evidence; fuzzy suggestions listed for review,cl-wookie; cl-cookie; py-cookies,v20260906+55419ffd
cool-retro-term,cool-retro-term,1.0,exact,confident,name identical in both managers; homepages 'https://github.com/Swordfish90/cool-retro-term' vs 'https://github.com/Swordfish90/cool-retro-term',,v20260906+55419ffd
coolterm,,0.0,none,missing,no exact/normalized/alias/homepage evidence; no lookalikes either,,v20260906+55419ffd
copilot-cli,copilot-cli,1.0,exact,confident,name identical in both managers; homepages 'https://docs.github.com/en/copilot/concepts/agents/about-copilot-cli' vs 'https://docs.github.com/copilot/concepts/agents/about-copilot-cli',,v20260906+55419ffd
copilot-cli@prerelease,,0.0,none,missing,no exact/normalized/alias/homepage evidence; no lookalikes either,,v20260906+55419ffd
copilot-for-xcode,,0.0,none,missing,no exact/normalized/alias/homepage evidence; no lookalikes either,,v20260906+55419ffd
copilot-language-server,,0.0,none,needs-review,no exact/normalized/alias/homepage evidence; fuzzy suggestions listed for review,py-language-server,v20260906+55419ffd
copilot-money,copilot,0.95,alias,confident,listed as alias/oldname of 'copilot-money',,v20260906+55419ffd
copyclip,,0.0,none,missing,no exact/normalized/alias/homepage evidence; no lookalikes either,,v20260906+55419ffd
copyq,,0.0,none,missing,no exact/normalized/alias/homepage evidence; no lookalikes either,,v20260906+55419ffd
copytranslator,,0.0,none,missing,no exact/normalized/alias/homepage evidence; no lookalikes either,,v20260906+55419ffd
coq-platform,,0.0,none,needs-review,"no exact/normalized/alias/homepage evidence; same homepage 'https://rocq-prover.org/' as 'rocq' but desc overlap only 0.07; versions '2025.01.0,8.20.2025.01' vs '9.2.0'; no lookalikes either",,v20260906+55419ffd
core-data-editor,,0.0,none,missing,no exact/normalized/alias/homepage evidence; no lookalikes either,,v20260906+55419ffd
core-tunnel,,0.0,none,missing,no exact/normalized/alias/homepage evidence; no lookalikes either,,v20260906+55419ffd
corelocationcli,corelocationcli,1.0,exact,confident,name identical in both managers; homepages 'https://github.com/fulldecent/corelocationcli' vs 'https://github.com/fulldecent/corelocationcli',,v20260906+55419ffd
cork,,0.0,none,missing,no exact/normalized/alias/homepage evidence; no lookalikes either,,v20260906+55419ffd
cornercal,,0.0,none,missing,no exact/normalized/alias/homepage evidence; no lookalikes either,,v20260906+55419ffd
cornerstone,,0.0,none,missing,no exact/normalized/alias/homepage evidence; no lookalikes either,,v20260906+55419ffd
corona-tracker,,0.0,none,missing,no exact/normalized/alias/homepage evidence; no lookalikes either,,v20260906+55419ffd
corretto,,0.0,none,missing,no exact/normalized/alias/homepage evidence; no lookalikes either,,v20260906+55419ffd
corretto@11,,0.0,none,missing,no exact/normalized/alias/homepage evidence; no lookalikes either,,v20260906+55419ffd
corretto@17,,0.0,none,missing,no exact/normalized/alias/homepage evidence; no lookalikes either,,v20260906+55419ffd
corretto@21,,0.0,none,missing,no exact/normalized/alias/homepage evidence; no lookalikes either,,v20260906+55419ffd
corretto@25,,0.0,none,missing,no exact/normalized/alias/homepage evidence; no lookalikes either,,v20260906+55419ffd
corretto@8,,0.0,none,missing,no exact/normalized/alias/homepage evidence; no lookalikes either,,v20260906+55419ffd
coscreen,,0.0,none,needs-review,no exact/normalized/alias/homepage evidence; fuzzy suggestions listed for review,screen; screen4,v20260906+55419ffd
coteditor,,0.0,none,needs-review,no exact/normalized/alias/homepage evidence; fuzzy suggestions listed for review,gconf-editor; dconf-editor,v20260906+55419ffd
coterm,,0.0,none,missing,no exact/normalized/alias/homepage evidence; no lookalikes either,,v20260906+55419ffd
cotypist,,0.0,none,needs-review,no exact/normalized/alias/homepage evidence; fuzzy suggestions listed for review,gtypist,v20260906+55419ffd
couchbase-server-community,,0.0,none,missing,no exact/normalized/alias/homepage evidence; no lookalikes either,,v20260906+55419ffd
couchbase-server-enterprise,,0.0,none,missing,no exact/normalized/alias/homepage evidence; no lookalikes either,,v20260906+55419ffd
couleurs,,0.0,none,missing,no exact/normalized/alias/homepage evidence; no lookalikes either,,v20260906+55419ffd
coverload,,0.0,none,missing,no exact/normalized/alias/homepage evidence; no lookalikes either,,v20260906+55419ffd
cpu-info,,0.0,none,needs-review,no exact/normalized/alias/homepage evidence; fuzzy suggestions listed for review,py-cpuinfo; pinfo,v20260906+55419ffd
cpuinfo,,0.0,none,needs-review,no exact/normalized/alias/homepage evidence; fuzzy suggestions listed for review,py-cpuinfo; pinfo,v20260906+55419ffd
craft,,0.0,none,needs-review,no exact/normalized/alias/homepage evidence; fuzzy suggestions listed for review,crafty,v20260906+55419ffd
craft-agents,,0.0,none,missing,no exact/normalized/alias/homepage evidence; no lookalikes either,,v20260906+55419ffd
crashplan,,0.0,none,missing,no exact/normalized/alias/homepage evidence; no lookalikes either,,v20260906+55419ffd
creality-print,,0.0,none,missing,no exact/normalized/alias/homepage evidence; no lookalikes either,,v20260906+55419ffd
creality-slicer,,0.0,none,missing,no exact/normalized/alias/homepage evidence; no lookalikes either,,v20260906+55419ffd
creative,,0.0,none,missing,no exact/normalized/alias/homepage evidence; no lookalikes either,,v20260906+55419ffd
crescendo,,0.0,none,missing,no exact/normalized/alias/homepage evidence; no lookalikes either,,v20260906+55419ffd
crisp,,0.0,none,needs-review,no exact/normalized/alias/homepage evidence; fuzzy suggestions listed for review,clisp; ctris,v20260906+55419ffd
cro-mag-rally,,0.0,none,missing,no exact/normalized/alias/homepage evidence; no lookalikes either,,v20260906+55419ffd
crossover,,0.0,none,needs-review,no exact/normalized/alias/homepage evidence; fuzzy suggestions listed for review,wine-crossover; ceres-solver,v20260906+55419ffd
crosspaste,,0.0,none,missing,no exact/normalized/alias/homepage evidence; no lookalikes either,,v20260906+55419ffd
crunch-app,crunch,0.95,alias,confident,listed as alias/oldname of 'crunch-app',,v20260906+55419ffd
crushftp,,0.0,none,missing,no exact/normalized/alias/homepage evidence; no lookalikes either,,v20260906+55419ffd
crypter,,0.0,none,missing,no exact/normalized/alias/homepage evidence; no lookalikes either,,v20260906+55419ffd
crypto-native-app-ng,,0.0,none,missing,no exact/normalized/alias/homepage evidence; no lookalikes either,,v20260906+55419ffd
cryptomator,,0.0,none,missing,no exact/normalized/alias/homepage evidence; no lookalikes either,,v20260906+55419ffd
cryptr,,0.0,none,needs-review,no exact/normalized/alias/homepage evidence; fuzzy suggestions listed for review,mcrypt; scrypt; ccrypt,v20260906+55419ffd
crystaldiffract,,0.0,none,missing,no exact/normalized/alias/homepage evidence; no lookalikes either,,v20260906+55419ffd
crystalfetch,,0.0,none,missing,no exact/normalized/alias/homepage evidence; no lookalikes either,,v20260906+55419ffd
crystalmaker,,0.0,none,missing,no exact/normalized/alias/homepage evidence; no lookalikes either,,v20260906+55419ffd
crystalviewer,,0.0,none,missing,no exact/normalized/alias/homepage evidence; no lookalikes either,,v20260906+55419ffd
ctivo,,0.0,none,missing,no exact/normalized/alias/homepage evidence; no lookalikes either,,v20260906+55419ffd
cubicsdr,CubicSDR,0.96,normalized,confident,'cubicsdr' ~ 'CubicSDR' after case/punctuation folding,,v20260906+55419ffd
cumulus,,0.0,none,missing,no exact/normalized/alias/homepage evidence; no lookalikes either,,v20260906+55419ffd
cura-lulzbot,,0.0,none,missing,no exact/normalized/alias/homepage evidence; no lookalikes either,,v20260906+55419ffd
curio,,0.0,none,needs-review,no exact/normalized/alias/homepage evidence; fuzzy suggestions listed for review,py-curio,v20260906+55419ffd
curiosity,,0.0,none,missing,no exact/normalized/alias/homepage evidence; no lookalikes either,,v20260906+55419ffd
curseforge,,0.0,none,needs-review,no exact/normalized/alias/homepage evidence; fuzzy suggestions listed for review,xcursorgen,v20260906+55419ffd
cursor,,0.0,none,needs-review,no exact/normalized/alias/homepage evidence; fuzzy suggestions listed for review,macursor,v20260906+55419ffd
cursor-cli,,0.0,none,missing,no exact/normalized/alias/homepage evidence; no lookalikes either,,v20260906+55419ffd
cursorcerer,,0.0,none,missing,no exact/normalized/alias/homepage evidence; no lookalikes either,,v20260906+55419ffd
cursorsense,,0.0,none,missing,no exact/normalized/alias/homepage evidence; no lookalikes either,,v20260906+55419ffd
cursr,,0.0,none,missing,no exact/normalized/alias/homepage evidence; no lookalikes either,,v20260906+55419ffd
customshortcuts,,0.0,none,missing,no exact/normalized/alias/homepage evidence; no lookalikes either,,v20260906+55419ffd
cutter,,1.0,curated,missing,brew=Rizin RE platform (cutter.re); macports=C unit-test framework (cutter.sourceforge.net),cutter; clutter; cutter-r2,v20260906+55419ffd
cyberduck,,0.0,none,missing,no exact/normalized/alias/homepage evidence; no lookalikes either,,v20260906+55419ffd
cyberghost-vpn,,0.0,none,missing,no exact/normalized/alias/homepage evidence; no lookalikes either,,v20260906+55419ffd
cycling74-max,,0.0,none,missing,no exact/normalized/alias/homepage evidence; no lookalikes either,,v20260906+55419ffd
dadroit-json-viewer,,0.0,none,missing,no exact/normalized/alias/homepage evidence; no lookalikes either,,v20260906+55419ffd
daedalus-mainnet,,0.0,none,missing,no exact/normalized/alias/homepage evidence; no lookalikes either,,v20260906+55419ffd
daisydisk,,0.0,none,missing,no exact/normalized/alias/homepage evidence; no lookalikes either,,v20260906+55419ffd
dana-dex,,0.0,none,missing,no exact/normalized/alias/homepage evidence; no lookalikes either,,v20260906+55419ffd
dangerzone,,0.0,none,missing,no exact/normalized/alias/homepage evidence; no lookalikes either,,v20260906+55419ffd
dante-controller,,0.0,none,missing,no exact/normalized/alias/homepage evidence; no lookalikes either,,v20260906+55419ffd
dante-via,,0.0,none,missing,no exact/normalized/alias/homepage evidence; no lookalikes either,,v20260906+55419ffd
darkmodebuddy,,0.0,none,missing,no exact/normalized/alias/homepage evidence; no lookalikes either,,v20260906+55419ffd
darktable,darktable,1.0,exact,confident,name identical in both managers; homepages 'https://www.darktable.org/' vs 'https://www.darktable.org/',,v20260906+55419ffd
daruma,,0.0,none,missing,no exact/normalized/alias/homepage evidence; no lookalikes either,,v20260906+55419ffd
darwindumper,,0.0,none,missing,no exact/normalized/alias/homepage evidence; no lookalikes either,,v20260906+55419ffd
dash,,1.0,curated,missing,brew=docs browser (kapeli.com); macports=DASH shell descendant of ash,dash; kdash; gdash,v20260906+55419ffd
dash-dash,,0.0,none,missing,no exact/normalized/alias/homepage evidence; no lookalikes either,,v20260906+55419ffd
dash@6,,0.0,none,needs-review,no exact/normalized/alias/homepage evidence; fuzzy suggestions listed for review,dash; kdash; gdash,v20260906+55419ffd
dashcam-viewer,,0.0,none,missing,no exact/normalized/alias/homepage evidence; no lookalikes either,,v20260906+55419ffd
data-rescue,,0.0,none,missing,no exact/normalized/alias/homepage evidence; no lookalikes either,,v20260906+55419ffd
data-science-studio,,0.0,none,missing,no exact/normalized/alias/homepage evidence; no lookalikes either,,v20260906+55419ffd
datadog-agent,,0.0,none,missing,no exact/normalized/alias/homepage evidence; no lookalikes either,,v20260906+55419ffd
datadog-security-cli,,0.0,none,missing,no exact/normalized/alias/homepage evidence; no lookalikes either,,v20260906+55419ffd
dataflare,,0.0,none,missing,no exact/normalized/alias/homepage evidence; no lookalikes either,,v20260906+55419ffd
datagraph,,0.0,none,missing,no exact/normalized/alias/homepage evidence; no lookalikes either,,v20260906+55419ffd
datagrip,,0.0,none,missing,no exact/normalized/alias/homepage evidence; no lookalikes either,,v20260906+55419ffd
datasette-desktop,,0.0,none,missing,no exact/normalized/alias/homepage evidence; no lookalikes either,,v20260906+55419ffd
dataspell,,0.0,none,needs-review,no exact/normalized/alias/homepage evidence; fuzzy suggestions listed for review,aspell,v20260906+55419ffd
datovka,,0.0,none,missing,no exact/normalized/alias/homepage evidence; no lookalikes either,,v20260906+55419ffd
datweatherdoe,,0.0,none,missing,no exact/normalized/alias/homepage evidence; no lookalikes either,,v20260906+55419ffd
davit,,0.0,none,needs-review,no exact/normalized/alias/homepage evidence; fuzzy suggestions listed for review,davix,v20260906+55419ffd
davmail-app,,0.0,none,missing,no exact/normalized/alias/homepage evidence; no lookalikes either,,v20260906+55419ffd
dayflow,,0.0,none,missing,no exact/normalized/alias/homepage evidence; no lookalikes either,,v20260906+55419ffd
db-browser-for-sqlcipher@nightly,,0.0,none,needs-review,no exact/normalized/alias/homepage evidence; same homepage 'https://sqlitebrowser.org/' as 'sqlitebrowser' but desc overlap only 0.04; versions '20260904' vs '3.13.1'; no lookalikes either,,v20260906+55419ffd
db-browser-for-sqlite,sqlitebrowser,0.95,replaced-by,confident,'db-browser-for-sqlite' is marked replaced_by 'sqlitebrowser',,v20260906+55419ffd
db-browser-for-sqlite@nightly,,0.0,none,needs-review,no exact/normalized/alias/homepage evidence; same homepage 'https://sqlitebrowser.org/' as 'sqlitebrowser' but desc overlap only 0.05; versions '20260904' vs '3.13.1'; fuzzy suggestions listed for review,db-browser-for-sqlite,v20260906+55419ffd
db-pro,,0.0,none,missing,no exact/normalized/alias/homepage evidence; no lookalikes either,,v20260906+55419ffd
dbeaver-community,dbeaver-community,1.0,exact,confident,name identical in both managers; homepages 'https://dbeaver.io/' vs 'https://dbeaver.io/',,v20260906+55419ffd
dbeaver-enterprise,,0.0,none,missing,no exact/normalized/alias/homepage evidence; no lookalikes either,,v20260906+55419ffd
dbeaverlite,,0.0,none,missing,no exact/normalized/alias/homepage evidence; no lookalikes either,,v20260906+55419ffd
dbeaverteam,,0.0,none,missing,no exact/normalized/alias/homepage evidence; no lookalikes either,,v20260906+55419ffd
dbeaverultimate,,0.0,none,missing,no exact/normalized/alias/homepage evidence; no lookalikes either,,v20260906+55419ffd
dbgate,,0.0,none,needs-review,no exact/normalized/alias/homepage evidence; fuzzy suggestions listed for review,gate,v20260906+55419ffd
dbngin,,0.0,none,missing,no exact/normalized/alias/homepage evidence; no lookalikes either,,v20260906+55419ffd
dbschema,,0.0,none,missing,no exact/normalized/alias/homepage evidence; no lookalikes either,,v20260906+55419ffd
dbvisualizer,,0.0,none,needs-review,no exact/normalized/alias/homepage evidence; same homepage 'https://www.dbvis.com/' as 'dbvis' but desc overlap only 0.12; versions '26.2.2' vs '23.2.2'; fuzzy suggestions listed for review,R-visualize,v20260906+55419ffd
dbvr,,0.0,none,missing,no exact/normalized/alias/homepage evidence; no lookalikes either,,v20260906+55419ffd
dbx,,0.0,none,needs-review,no exact/normalized/alias/homepage evidence; fuzzy suggestions listed for review,R-dbx,v20260906+55419ffd
dcommander,,0.0,none,missing,no exact/normalized/alias/homepage evidence; no lookalikes either,,v20260906+55419ffd
dcp-o-matic,,0.0,none,missing,no exact/normalized/alias/homepage evidence; no lookalikes either,,v20260906+55419ffd
dcp-o-matic-batch-converter,,0.0,none,missing,no exact/normalized/alias/homepage evidence; no lookalikes either,,v20260906+55419ffd
dcp-o-matic-combiner,,0.0,none,missing,no exact/normalized/alias/homepage evidence; no lookalikes either,,v20260906+55419ffd
dcp-o-matic-disk-writer,,0.0,none,missing,no exact/normalized/alias/homepage evidence; no lookalikes either,,v20260906+55419ffd
dcp-o-matic-editor,,0.0,none,missing,no exact/normalized/alias/homepage evidence; no lookalikes either,,v20260906+55419ffd
dcp-o-matic-encode-server,,0.0,none,missing,no exact/normalized/alias/homepage evidence; no lookalikes either,,v20260906+55419ffd
dcp-o-matic-kdm-creator,,0.0,none,missing,no exact/normalized/alias/homepage evidence; no lookalikes either,,v20260906+55419ffd
dcp-o-matic-player,,0.0,none,missing,no exact/normalized/alias/homepage evidence; no lookalikes either,,v20260906+55419ffd
dcp-o-matic-playlist-editor,,0.0,none,missing,no exact/normalized/alias/homepage evidence; no lookalikes either,,v20260906+55419ffd
dcv-viewer,,0.0,none,missing,no exact/normalized/alias/homepage evidence; no lookalikes either,,v20260906+55419ffd
dd-utility,,0.0,none,needs-review,no exact/normalized/alias/homepage evidence; fuzzy suggestions listed for review,R-utility,v20260906+55419ffd
dda,,0.0,none,missing,no exact/normalized/alias/homepage evidence; no lookalikes either,,v20260906+55419ffd
ddnet,,0.0,none,needs-review,no exact/normalized/alias/homepage evidence; fuzzy suggestions listed for review,dnetc,v20260906+55419ffd
ddpm,,0.0,none,needs-review,no exact/normalized/alias/homepage evidence; fuzzy suggestions listed for review,R-DDPM,v20260906+55419ffd
deadbeef@nightly,,0.0,none,needs-review,no exact/normalized/alias/homepage evidence; same homepage 'https://deadbeef.sourceforge.io/' as 'DeaDBeeF' but desc overlap only 0.07; no lookalikes either,,v20260906+55419ffd
deadbolt,,0.0,none,missing,no exact/normalized/alias/homepage evidence; no lookalikes either,,v20260906+55419ffd
debookee,,0.0,none,missing,no exact/normalized/alias/homepage evidence; no lookalikes either,,v20260906+55419ffd
decentr,,0.0,none,missing,no exact/normalized/alias/homepage evidence; no lookalikes either,,v20260906+55419ffd
deckset,,0.0,none,missing,no exact/normalized/alias/homepage evidence; no lookalikes either,,v20260906+55419ffd
decloner,,0.0,none,needs-review,no exact/normalized/alias/homepage evidence; fuzzy suggestions listed for review,R-dclone; FDclone,v20260906+55419ffd
deco,,1.0,curated,missing,brew=React Native IDE (decosoftware.com); macports=file extraction framework (github.com),deco; R-decor,v20260906+55419ffd
decrediton,,0.0,none,missing,no exact/normalized/alias/homepage evidence; no lookalikes either,,v20260906+55419ffd
deepchat,,0.0,none,needs-review,no exact/normalized/alias/homepage evidence; fuzzy suggestions listed for review,weechat,v20260906+55419ffd
deeper,,0.0,none,missing,no exact/normalized/alias/homepage evidence; no lookalikes either,,v20260906+55419ffd
deepgit,,0.0,none,missing,no exact/normalized/alias/homepage evidence; no lookalikes either,,v20260906+55419ffd
deepl,,0.0,none,missing,no exact/normalized/alias/homepage evidence; no lookalikes either,,v20260906+55419ffd
deepstream,,0.0,none,missing,no exact/normalized/alias/homepage evidence; no lookalikes either,,v20260906+55419ffd
deezer,,0.0,none,missing,no exact/normalized/alias/homepage evidence; no lookalikes either,,v20260906+55419ffd
default-folder-x,,0.0,none,missing,no exact/normalized/alias/homepage evidence; no lookalikes either,,v20260906+55419ffd
default-handler,,0.0,none,needs-review,no exact/normalized/alias/homepage evidence; fuzzy suggestions listed for review,py-faulthandler; py27-faulthandler,v20260906+55419ffd
defguard-client,,0.0,none,missing,no exact/normalized/alias/homepage evidence; no lookalikes either,,v20260906+55419ffd
defold,,0.0,none,missing,no exact/normalized/alias/homepage evidence; no lookalikes either,,v20260906+55419ffd
defold@alpha,,0.0,none,missing,no exact/normalized/alias/homepage evidence; no lookalikes either,,v20260906+55419ffd
defold@beta,,0.0,none,missing,no exact/normalized/alias/homepage evidence; no lookalikes either,,v20260906+55419ffd
degr,,0.0,none,missing,no exact/normalized/alias/homepage evidence; no lookalikes either,,v20260906+55419ffd
dehelper,,0.0,none,needs-review,no exact/normalized/alias/homepage evidence; fuzzy suggestions listed for review,devhelp,v20260906+55419ffd
deltachat,,0.0,none,needs-review,no exact/normalized/alias/homepage evidence; fuzzy suggestions listed for review,detach,v20260906+55419ffd
deltawalker,,0.0,none,missing,no exact/normalized/alias/homepage evidence; no lookalikes either,,v20260906+55419ffd
deluge,deluge,1.0,exact,confident,name identical in both managers; homepages 'https://deluge-torrent.org/' vs 'http://www.deluge-torrent.org',,v20260906+55419ffd
denemo,denemo,1.0,exact,confident,name identical in both managers; homepages 'https://denemo.org/' vs 'https://www.denemo.org',,v20260906+55419ffd
descript,,0.0,none,needs-review,no exact/normalized/alias/homepage evidence; fuzzy suggestions listed for review,R-descriptr; enscript; R-descriptio,v20260906+55419ffd
deskpad,,0.0,none,missing,no exact/normalized/alias/homepage evidence; no lookalikes either,,v20260906+55419ffd
deskreen,,0.0,none,missing,no exact/normalized/alias/homepage evidence; no lookalikes either,,v20260906+55419ffd
desktime,,0.0,none,missing,no exact/normalized/alias/homepage evidence; no lookalikes either,,v20260906+55419ffd
desktop-composer,,0.0,none,missing,no exact/normalized/alias/homepage evidence; no lookalikes either,,v20260906+55419ffd
desktoppr,,0.0,none,needs-review,no exact/normalized/alias/homepage evidence; fuzzy suggestions listed for review,rdesktop,v20260906+55419ffd
desktoputility,,0.0,none,missing,no exact/normalized/alias/homepage evidence; no lookalikes either,,v20260906+55419ffd
desmume,,0.0,none,missing,no exact/normalized/alias/homepage evidence; no lookalikes either,,v20260906+55419ffd
detectx-swift,,0.0,none,missing,no exact/normalized/alias/homepage evidence; no lookalikes either,,v20260906+55419ffd
detexify,,0.0,none,missing,no exact/normalized/alias/homepage evidence; no lookalikes either,,v20260906+55419ffd
devcleaner,,0.0,none,needs-review,no exact/normalized/alias/homepage evidence; fuzzy suggestions listed for review,svgcleaner; webcleaner,v20260906+55419ffd
developerexcuses,,0.0,none,missing,no exact/normalized/alias/homepage evidence; no lookalikes either,,v20260906+55419ffd
devilutionx,,0.0,none,missing,no exact/normalized/alias/homepage evidence; no lookalikes either,,v20260906+55419ffd
devin-cli,,0.0,none,missing,no exact/normalized/alias/homepage evidence; no lookalikes either,,v20260906+55419ffd
devin-desktop,,0.0,none,missing,no exact/normalized/alias/homepage evidence; no lookalikes either,,v20260906+55419ffd
devin-desktop@next,,0.0,none,missing,no exact/normalized/alias/homepage evidence; no lookalikes either,,v20260906+55419ffd
devkinsta,,0.0,none,missing,no exact/normalized/alias/homepage evidence; no lookalikes either,,v20260906+55419ffd
devknife,,0.0,none,missing,no exact/normalized/alias/homepage evidence; no lookalikes either,,v20260906+55419ffd
devolo-cockpit,,0.0,none,missing,no exact/normalized/alias/homepage evidence; no lookalikes either,,v20260906+55419ffd
devonagent,,0.0,none,missing,no exact/normalized/alias/homepage evidence; no lookalikes either,,v20260906+55419ffd
devonsphere-express,,0.0,none,missing,no exact/normalized/alias/homepage evidence; no lookalikes either,,v20260906+55419ffd
devonthink,,0.0,none,missing,no exact/normalized/alias/homepage evidence; no lookalikes either,,v20260906+55419ffd
devpod,,0.0,none,missing,no exact/normalized/alias/homepage evidence; no lookalikes either,,v20260906+55419ffd
devtoys,,0.0,none,needs-review,no exact/normalized/alias/homepage evidence; fuzzy suggestions listed for review,kdetoys4,v20260906+55419ffd
devtunnel,,0.0,none,missing,no exact/normalized/alias/homepage evidence; no lookalikes either,,v20260906+55419ffd
devutils,,0.0,none,needs-review,no exact/normalized/alias/homepage evidence; fuzzy suggestions listed for review,kde-dev-utils; dateutils; kdeutils4,v20260906+55419ffd
dexed,,0.0,none,missing,no exact/normalized/alias/homepage evidence; no lookalikes either,,v20260906+55419ffd
dfcf,,0.0,none,missing,no exact/normalized/alias/homepage evidence; no lookalikes either,,v20260906+55419ffd
dfu-blaster-pro,,0.0,none,missing,no exact/normalized/alias/homepage evidence; no lookalikes either,,v20260906+55419ffd
dhs,,0.0,none,missing,no exact/normalized/alias/homepage evidence; no lookalikes either,,v20260906+55419ffd
diagnostics,,0.0,none,missing,no exact/normalized/alias/homepage evidence; no lookalikes either,,v20260906+55419ffd
dialpad,,0.0,none,missing,no exact/normalized/alias/homepage evidence; no lookalikes either,,v20260906+55419ffd
diashapes,,0.0,none,missing,no exact/normalized/alias/homepage evidence; no lookalikes either,,v20260906+55419ffd
dictionaries,,0.0,none,needs-review,no exact/normalized/alias/homepage evidence; fuzzy suggestions listed for review,R-qdapDictionaries,v20260906+55419ffd
diffmerge,,0.0,none,missing,no exact/normalized/alias/homepage evidence; no lookalikes either,,v20260906+55419ffd
diffusionbee,,0.0,none,missing,no exact/normalized/alias/homepage evidence; no lookalikes either,,v20260906+55419ffd
digicheck-ng,,0.0,none,missing,no exact/normalized/alias/homepage evidence; no lookalikes either,,v20260906+55419ffd
digiexam,,0.0,none,needs-review,no exact/normalized/alias/homepage evidence; fuzzy suggestions listed for review,digikam,v20260906+55419ffd
digikam,digikam,1.0,exact,confident,name identical in both managers; homepages 'https://www.digikam.org/' vs 'http://www.digikam.org/',,v20260906+55419ffd
digital,,0.0,none,needs-review,no exact/normalized/alias/homepage evidence; fuzzy suggestions listed for review,digital_rf,v20260906+55419ffd
dingtalk,,0.0,none,missing,no exact/normalized/alias/homepage evidence; no lookalikes either,,v20260906+55419ffd
dintch,,0.0,none,missing,no exact/normalized/alias/homepage evidence; no lookalikes either,,v20260906+55419ffd
direqual,,0.0,none,missing,no exact/normalized/alias/homepage evidence; no lookalikes either,,v20260906+55419ffd
discord,,0.0,none,needs-review,no exact/normalized/alias/homepage evidence; fuzzy suggestions listed for review,discord-rpc; R-disordR,v20260906+55419ffd
discord@canary,,0.0,none,missing,no exact/normalized/alias/homepage evidence; no lookalikes either,,v20260906+55419ffd
discord@development,,0.0,none,missing,no exact/normalized/alias/homepage evidence; no lookalikes either,,v20260906+55419ffd
discord@ptb,,0.0,none,needs-review,no exact/normalized/alias/homepage evidence; fuzzy suggestions listed for review,discord-rpc,v20260906+55419ffd
discretescroll,,0.0,none,missing,no exact/normalized/alias/homepage evidence; no lookalikes either,,v20260906+55419ffd
disk-diet,,0.0,none,missing,no exact/normalized/alias/homepage evidence; no lookalikes either,,v20260906+55419ffd
disk-drill,,0.0,none,missing,no exact/normalized/alias/homepage evidence; no lookalikes either,,v20260906+55419ffd
disk-expert,,0.0,none,missing,no exact/normalized/alias/homepage evidence; no lookalikes either,,v20260906+55419ffd
disk-inventory-x,,0.0,none,missing,no exact/normalized/alias/homepage evidence; no lookalikes either,,v20260906+55419ffd
disk-jockey,DiskJockey,0.96,normalized,confident,'disk-jockey' ~ 'DiskJockey' after case/punctuation folding,,v20260906+55419ffd
diskboard,,0.0,none,missing,no exact/normalized/alias/homepage evidence; no lookalikes either,,v20260906+55419ffd
diskcatalogmaker,,0.0,none,missing,no exact/normalized/alias/homepage evidence; no lookalikes either,,v20260906+55419ffd
diskspace,diskspace,1.0,exact,confident,name identical in both managers; homepages 'https://github.com/scriptingosx/diskspace' vs 'https://github.com/scriptingosx/diskspace',,v20260906+55419ffd
displaperture,,0.0,none,missing,no exact/normalized/alias/homepage evidence; no lookalikes either,,v20260906+55419ffd
display-pilot,,0.0,none,missing,no exact/normalized/alias/homepage evidence; no lookalikes either,,v20260906+55419ffd
displaybuddy,,0.0,none,missing,no exact/normalized/alias/homepage evidence; no lookalikes either,,v20260906+55419ffd
displaycal,,0.0,none,missing,no exact/normalized/alias/homepage evidence; no lookalikes either,,v20260906+55419ffd
displaylink,,0.0,none,missing,no exact/normalized/alias/homepage evidence; no lookalikes either,,v20260906+55419ffd
displays,,0.0,none,needs-review,no exact/normalized/alias/homepage evidence; fuzzy suggestions listed for review,mddisplay,v20260906+55419ffd
distroav,,0.0,none,needs-review,no exact/normalized/alias/homepage evidence; fuzzy suggestions listed for review,R-distro,v20260906+55419ffd
ditto,,0.0,none,missing,no exact/normalized/alias/homepage evidence; no lookalikes either,,v20260906+55419ffd
diversion,,0.0,none,missing,no exact/normalized/alias/homepage evidence; no lookalikes either,,v20260906+55419ffd
diversion-app,,0.0,none,missing,no exact/normalized/alias/homepage evidence; no lookalikes either,,v20260906+55419ffd
divvy,,0.0,none,missing,no exact/normalized/alias/homepage evidence; no lookalikes either,,v20260906+55419ffd
dixa,,0.0,none,needs-review,no exact/normalized/alias/homepage evidence; fuzzy suggestions listed for review,dia,v20260906+55419ffd
djstudio,,0.0,none,missing,no exact/normalized/alias/homepage evidence; no lookalikes either,,v20260906+55419ffd
djstudio@next,,0.0,none,missing,no exact/normalized/alias/homepage evidence; no lookalikes either,,v20260906+55419ffd
djuced,,0.0,none,missing,no exact/normalized/alias/homepage evidence; no lookalikes either,,v20260906+55419ffd
djv,,0.0,none,missing,no exact/normalized/alias/homepage evidence; no lookalikes either,,v20260906+55419ffd
djview,djview,1.0,exact,confident,name identical in both managers; homepages 'https://djvu.sourceforge.net/' vs 'http://djvu.sourceforge.net/djview4.html',,v20260906+55419ffd
dmenu-mac,,0.0,none,missing,no exact/normalized/alias/homepage evidence; no lookalikes either,,v20260906+55419ffd
dmg-canvas,,0.0,none,missing,no exact/normalized/alias/homepage evidence; no lookalikes either,,v20260906+55419ffd
dmidiplayer,,0.0,none,missing,no exact/normalized/alias/homepage evidence; no lookalikes either,,v20260906+55419ffd
dnclient,,0.0,none,needs-review,no exact/normalized/alias/homepage evidence; fuzzy suggestions listed for review,ddclient; netclient; cdsclient,v20260906+55419ffd
dnclient-server,,0.0,none,missing,no exact/normalized/alias/homepage evidence; no lookalikes either,,v20260906+55419ffd
dnsmonitor,,0.0,none,needs-review,no exact/normalized/alias/homepage evidence; fuzzy suggestions listed for review,R-bnmonitor,v20260906+55419ffd
do-not-disturb,,0.0,none,missing,no exact/normalized/alias/homepage evidence; no lookalikes either,,v20260906+55419ffd
dockdoor,,0.0,none,missing,no exact/normalized/alias/homepage evidence; no lookalikes either,,v20260906+55419ffd
dockdoor-pro,,0.0,none,missing,no exact/normalized/alias/homepage evidence; no lookalikes either,,v20260906+55419ffd
docker-desktop,,1.0,curated,missing,"proprietary Docker Desktop GUI; brew old_token 'docker' collides with MacPorts' docker CLI port (github.com/docker/cli) — related but not equivalent, must not auto-install",,v20260906+55419ffd
dockey,,0.0,none,needs-review,no exact/normalized/alias/homepage evidence; fuzzy suggestions listed for review,docker,v20260906+55419ffd
dockfix,,0.0,none,missing,no exact/normalized/alias/homepage evidence; no lookalikes either,,v20260906+55419ffd
dockflow,,0.0,none,missing,no exact/normalized/alias/homepage evidence; no lookalikes either,,v20260906+55419ffd
dockmate,,0.0,none,needs-review,no exact/normalized/alias/homepage evidence; fuzzy suggestions listed for review,ackmate,v20260906+55419ffd
dockside,,0.0,none,missing,no exact/normalized/alias/homepage evidence; no lookalikes either,,v20260906+55419ffd
dockspace,,0.0,none,missing,no exact/normalized/alias/homepage evidence; no lookalikes either,,v20260906+55419ffd
dockview,,0.0,none,missing,no exact/normalized/alias/homepage evidence; no lookalikes either,,v20260906+55419ffd
dockx,,0.0,none,missing,no exact/normalized/alias/homepage evidence; no lookalikes either,,v20260906+55419ffd
dogecoin,,0.0,none,missing,no exact/normalized/alias/homepage evidence; no lookalikes either,,v20260906+55419ffd
doll,,0.0,none,needs-review,no exact/normalized/alias/homepage evidence; fuzzy suggestions listed for review,oll,v20260906+55419ffd
dolphin,,0.0,none,missing,no exact/normalized/alias/homepage evidence; no lookalikes either,,v20260906+55419ffd
dolphin@dev,,0.0,none,missing,no exact/normalized/alias/homepage evidence; no lookalikes either,,v20260906+55419ffd
domzilla-caffeine,,0.0,none,missing,no exact/normalized/alias/homepage evidence; no lookalikes either,,v20260906+55419ffd
donut,,0.0,none,missing,no exact/normalized/alias/homepage evidence; no lookalikes either,,v20260906+55419ffd
donut@nightly,,0.0,none,missing,no exact/normalized/alias/homepage evidence; no lookalikes either,,v20260906+55419ffd
doomsday-engine,,0.0,none,missing,no exact/normalized/alias/homepage evidence; no lookalikes either,,v20260906+55419ffd
doppler-app,,0.0,none,missing,no exact/normalized/alias/homepage evidence; no lookalikes either,,v20260906+55419ffd
dorico,,0.0,none,missing,no exact/normalized/alias/homepage evidence; no lookalikes either,,v20260906+55419ffd
dorso,,0.0,none,missing,no exact/normalized/alias/homepage evidence; no lookalikes either,,v20260906+55419ffd
dosbox,dosbox,1.0,exact,confident,name identical in both managers; homepages 'https://www.dosbox.com/' vs 'http://dosbox.sourceforge.net/',,v20260906+55419ffd
dosbox-staging-app,dosbox-staging,0.95,alias,confident,listed as alias/oldname of 'dosbox-staging-app',,v20260906+55419ffd
dosbox-x-app,dosbox-x,0.95,alias,confident,listed as alias/oldname of 'dosbox-x-app',,v20260906+55419ffd
dot,,0.0,none,needs-review,no exact/normalized/alias/homepage evidence; fuzzy suggestions listed for review,dolt,v20260906+55419ffd
doteditor,,0.0,none,needs-review,no exact/normalized/alias/homepage evidence; fuzzy suggestions listed for review,dconf-editor,v20260906+55419ffd
dotnet-reactor,,0.0,none,missing,no exact/normalized/alias/homepage evidence; no lookalikes either,,v20260906+55419ffd
dotnet-runtime,,0.0,none,needs-review,no exact/normalized/alias/homepage evidence; fuzzy suggestions listed for review,dotnet-runtime-9; dotnet-runtime-8; dotnet-runtime-7,v20260906+55419ffd
dotnet-runtime@preview,,0.0,none,needs-review,no exact/normalized/alias/homepage evidence; fuzzy suggestions listed for review,dotnet-runtime-devel,v20260906+55419ffd
dotnet-sdk,,0.0,none,needs-review,no exact/normalized/alias/homepage evidence; fuzzy suggestions listed for review,dotnet-sdk-9; dotnet-sdk-8; dotnet-sdk-7,v20260906+55419ffd
dotnet-sdk@8,dotnet-sdk-8,0.96,normalized,confident,'dotnet-sdk@8' ~ 'dotnet-sdk-8' after case/punctuation folding,,v20260906+55419ffd
dotnet-sdk@9,dotnet-sdk-9,0.96,normalized,confident,'dotnet-sdk@9' ~ 'dotnet-sdk-9' after case/punctuation folding,,v20260906+55419ffd
dotnet-sdk@preview,,0.0,none,needs-review,no exact/normalized/alias/homepage evidence; fuzzy suggestions listed for review,dotnet-sdk-devel,v20260906+55419ffd
doubao,,0.0,none,missing,no exact/normalized/alias/homepage evidence; no lookalikes either,,v20260906+55419ffd
double-commander,,0.0,none,missing,no exact/normalized/alias/homepage evidence; no lookalikes either,,v20260906+55419ffd
doughnut,,0.0,none,missing,no exact/normalized/alias/homepage evidence; no lookalikes either,,v20260906+55419ffd
douyin,,0.0,none,missing,no exact/normalized/alias/homepage evidence; no lookalikes either,,v20260906+55419ffd
douyin-chat,,0.0,none,missing,no exact/normalized/alias/homepage evidence; no lookalikes either,,v20260906+55419ffd
downie,,0.0,none,missing,no exact/normalized/alias/homepage evidence; no lookalikes either,,v20260906+55419ffd
doxie,,0.0,none,missing,no exact/normalized/alias/homepage evidence; no lookalikes either,,v20260906+55419ffd
doxygen-app,doxygen,0.95,alias,confident,listed as alias/oldname of 'doxygen-app',,v20260906+55419ffd
drata-agent,,0.0,none,missing,no exact/normalized/alias/homepage evidence; no lookalikes either,,v20260906+55419ffd
draw-things,,0.0,none,missing,no exact/normalized/alias/homepage evidence; no lookalikes either,,v20260906+55419ffd
drawbot,,0.0,none,missing,no exact/normalized/alias/homepage evidence; no lookalikes either,,v20260906+55419ffd
drawio,,0.0,none,missing,no exact/normalized/alias/homepage evidence; no lookalikes either,,v20260906+55419ffd
drawpen,,0.0,none,missing,no exact/normalized/alias/homepage evidence; no lookalikes either,,v20260906+55419ffd
drawpile,,0.0,none,missing,no exact/normalized/alias/homepage evidence; no lookalikes either,,v20260906+55419ffd
dremel-slicer,,0.0,none,missing,no exact/normalized/alias/homepage evidence; no lookalikes either,,v20260906+55419ffd
drivedx,,0.0,none,missing,no exact/normalized/alias/homepage evidence; no lookalikes either,,v20260906+55419ffd
drivethrurpg,,0.0,none,missing,no exact/normalized/alias/homepage evidence; no lookalikes either,,v20260906+55419ffd
droid,,0.0,none,needs-review,no exact/normalized/alias/homepage evidence; fuzzy suggestions listed for review,android; R-zoid,v20260906+55419ffd
droidcam-obs,,0.0,none,missing,no exact/normalized/alias/homepage evidence; no lookalikes either,,v20260906+55419ffd
dropbox,,0.0,none,needs-review,no exact/normalized/alias/homepage evidence; fuzzy suggestions listed for review,py-dropbox,v20260906+55419ffd
dropbox-dash,,0.0,none,missing,no exact/normalized/alias/homepage evidence; no lookalikes either,,v20260906+55419ffd
dropbox-passwords,,0.0,none,missing,no exact/normalized/alias/homepage evidence; no lookalikes either,,v20260906+55419ffd
dropbox@beta,,0.0,none,missing,no exact/normalized/alias/homepage evidence; no lookalikes either,,v20260906+55419ffd
dropdmg,,0.0,none,missing,no exact/normalized/alias/homepage evidence; no lookalikes either,,v20260906+55419ffd
droplr,,0.0,none,missing,no exact/normalized/alias/homepage evidence; no lookalikes either,,v20260906+55419ffd
droppy,,0.0,none,missing,no exact/normalized/alias/homepage evidence; no lookalikes either,,v20260906+55419ffd
dropshare,,0.0,none,missing,no exact/normalized/alias/homepage evidence; no lookalikes either,,v20260906+55419ffd
dropshelf,,0.0,none,needs-review,no exact/normalized/alias/homepage evidence; fuzzy suggestions listed for review,R-SHELF,v20260906+55419ffd
dropzone,,0.0,none,missing,no exact/normalized/alias/homepage evidence; no lookalikes either,,v20260906+55419ffd
drovio,,0.0,none,missing,no exact/normalized/alias/homepage evidence; no lookalikes either,,v20260906+55419ffd
ds4-control,,0.0,none,needs-review,no exact/normalized/alias/homepage evidence; fuzzy suggestions listed for review,dnscontrol,v20260906+55419ffd
dteoh-devdocs,,0.0,none,missing,no exact/normalized/alias/homepage evidence; no lookalikes either,,v20260906+55419ffd
duckduckgo,,0.0,none,missing,no exact/normalized/alias/homepage evidence; no lookalikes either,,v20260906+55419ffd
duckietv,,0.0,none,missing,no exact/normalized/alias/homepage evidence; no lookalikes either,,v20260906+55419ffd
duefocus,,0.0,none,missing,no exact/normalized/alias/homepage evidence; no lookalikes either,,v20260906+55419ffd
duet,,0.0,none,missing,no exact/normalized/alias/homepage evidence; no lookalikes either,,v20260906+55419ffd
dungeon-crawl-stone-soup-console,,0.0,none,missing,no exact/normalized/alias/homepage evidence; no lookalikes either,,v20260906+55419ffd
dungeon-crawl-stone-soup-tiles,,0.0,none,missing,no exact/normalized/alias/homepage evidence; no lookalikes either,,v20260906+55419ffd
duo-connect,,0.0,none,missing,no exact/normalized/alias/homepage evidence; no lookalikes either,,v20260906+55419ffd
duo-desktop,,0.0,none,missing,no exact/normalized/alias/homepage evidence; no lookalikes either,,v20260906+55419ffd
dupeguru,,0.0,none,missing,no exact/normalized/alias/homepage evidence; no lookalikes either,,v20260906+55419ffd
duplicacy-cli,,0.0,none,missing,no exact/normalized/alias/homepage evidence; no lookalikes either,,v20260906+55419ffd
duplicacy-web-edition,,0.0,none,missing,no exact/normalized/alias/homepage evidence; no lookalikes either,,v20260906+55419ffd
duplicate-annihilator-for-photos,,0.0,none,missing,no exact/normalized/alias/homepage evidence; no lookalikes either,,v20260906+55419ffd
duplicate-file-finder,,0.0,none,missing,no exact/normalized/alias/homepage evidence; no lookalikes either,,v20260906+55419ffd
duplicateaudiofinder,,0.0,none,missing,no exact/normalized/alias/homepage evidence; no lookalikes either,,v20260906+55419ffd
duplicati,,0.0,none,missing,no exact/normalized/alias/homepage evidence; no lookalikes either,,v20260906+55419ffd
dusklight,,0.0,none,missing,no exact/normalized/alias/homepage evidence; no lookalikes either,,v20260906+55419ffd
dust3d,,0.0,none,needs-review,no exact/normalized/alias/homepage evidence; fuzzy suggestions listed for review,dust,v20260906+55419ffd
dvdstyler,,0.0,none,missing,no exact/normalized/alias/homepage evidence; no lookalikes either,,v20260906+55419ffd
dwarf-fortress-lmp,,0.0,none,missing,no exact/normalized/alias/homepage evidence; no lookalikes either,,v20260906+55419ffd
dwellclick,,0.0,none,missing,no exact/normalized/alias/homepage evidence; no lookalikes either,,v20260906+55419ffd
dyad,,0.0,none,missing,no exact/normalized/alias/homepage evidence; no lookalikes either,,v20260906+55419ffd
dyalog,,0.0,none,needs-review,no exact/normalized/alias/homepage evidence; fuzzy suggestions listed for review,dialog,v20260906+55419ffd
dymo-connect,,0.0,none,missing,no exact/normalized/alias/homepage evidence; no lookalikes either,,v20260906+55419ffd
dyn-updater,,0.0,none,needs-review,no exact/normalized/alias/homepage evidence; fuzzy suggestions listed for review,dnsupdate,v20260906+55419ffd
dynamodb-local,,0.0,none,missing,no exact/normalized/alias/homepage evidence; no lookalikes either,,v20260906+55419ffd
dynobase,,0.0,none,missing,no exact/normalized/alias/homepage evidence; no lookalikes either,,v20260906+55419ffd
ea,,0.0,none,needs-review,no exact/normalized/alias/homepage evidence; fuzzy suggestions listed for review,eza; eva; eda,v20260906+55419ffd
eagle,,0.0,none,needs-review,no exact/normalized/alias/homepage evidence; fuzzy suggestions listed for review,angle,v20260906+55419ffd
eaglefiler,,0.0,none,missing,no exact/normalized/alias/homepage evidence; no lookalikes either,,v20260906+55419ffd
ealeksandrov-cd-to,,0.0,none,missing,no exact/normalized/alias/homepage evidence; no lookalikes either,,v20260906+55419ffd
earnapp,,0.0,none,missing,no exact/normalized/alias/homepage evidence; no lookalikes either,,v20260906+55419ffd
ears,,0.0,none,missing,no exact/normalized/alias/homepage evidence; no lookalikes either,,v20260906+55419ffd
easy-move+resize,,0.0,none,missing,no exact/normalized/alias/homepage evidence; no lookalikes either,,v20260906+55419ffd
easydevo,,0.0,none,missing,no exact/normalized/alias/homepage evidence; no lookalikes either,,v20260906+55419ffd
easydict,,0.0,none,missing,no exact/normalized/alias/homepage evidence; no lookalikes either,,v20260906+55419ffd
easydmg,,0.0,none,missing,no exact/normalized/alias/homepage evidence; no lookalikes either,,v20260906+55419ffd
easyeda,,0.0,none,missing,no exact/normalized/alias/homepage evidence; no lookalikes either,,v20260906+55419ffd
easyfind,,0.0,none,missing,no exact/normalized/alias/homepage evidence; no lookalikes either,,v20260906+55419ffd
ebmac,,0.0,none,needs-review,no exact/normalized/alias/homepage evidence; fuzzy suggestions listed for review,emacs,v20260906+55419ffd
ecamm-live,,0.0,none,missing,no exact/normalized/alias/homepage evidence; no lookalikes either,,v20260906+55419ffd
eclipse-cpp,,0.0,none,missing,no exact/normalized/alias/homepage evidence; no lookalikes either,,v20260906+55419ffd
eclipse-dsl,,0.0,none,missing,no exact/normalized/alias/homepage evidence; no lookalikes either,,v20260906+55419ffd
eclipse-ide,,0.0,none,missing,no exact/normalized/alias/homepage evidence; no lookalikes either,,v20260906+55419ffd
eclipse-installer,,0.0,none,missing,no exact/normalized/alias/homepage evidence; no lookalikes either,,v20260906+55419ffd
eclipse-java,,0.0,none,missing,no exact/normalized/alias/homepage evidence; no lookalikes either,,v20260906+55419ffd
eclipse-jee,,0.0,none,missing,no exact/normalized/alias/homepage evidence; no lookalikes either,,v20260906+55419ffd
eclipse-modeling,,0.0,none,missing,no exact/normalized/alias/homepage evidence; no lookalikes either,,v20260906+55419ffd
eclipse-php,,0.0,none,missing,no exact/normalized/alias/homepage evidence; no lookalikes either,,v20260906+55419ffd
eclipse-platform,,0.0,none,missing,no exact/normalized/alias/homepage evidence; no lookalikes either,,v20260906+55419ffd
eclipse-rcp,,0.0,none,missing,no exact/normalized/alias/homepage evidence; no lookalikes either,,v20260906+55419ffd
ecodms-client,,0.0,none,needs-review,no exact/normalized/alias/homepage evidence; fuzzy suggestions listed for review,cdsclient,v20260906+55419ffd
eddie,,0.0,none,missing,no exact/normalized/alias/homepage evidence; no lookalikes either,,v20260906+55419ffd
editaro,,0.0,none,missing,no exact/normalized/alias/homepage evidence; no lookalikes either,,v20260906+55419ffd
edrawmind,,0.0,none,missing,no exact/normalized/alias/homepage evidence; no lookalikes either,,v20260906+55419ffd
eez-studio,,0.0,none,missing,no exact/normalized/alias/homepage evidence; no lookalikes either,,v20260906+55419ffd
effect-house,,0.0,none,missing,no exact/normalized/alias/homepage evidence; no lookalikes either,,v20260906+55419ffd
egnyte,,0.0,none,missing,no exact/normalized/alias/homepage evidence; no lookalikes either,,v20260906+55419ffd
egovframedev,,0.0,none,missing,no exact/normalized/alias/homepage evidence; no lookalikes either,,v20260906+55419ffd
eigent,,0.0,none,needs-review,no exact/normalized/alias/homepage evidence; fuzzy suggestions listed for review,eigen; EFIAgent; eigen3,v20260906+55419ffd
eiskaltdcpp,eiskaltdcpp,1.0,exact,confident,name identical in both managers; homepages 'https://sourceforge.net/projects/eiskaltdcpp/' vs 'https://github.com/eiskaltdcpp/eiskaltdcpp',,v20260906+55419ffd
elan,,0.0,none,needs-review,no exact/normalized/alias/homepage evidence; fuzzy suggestions listed for review,erlang,v20260906+55419ffd
elasticvue,,0.0,none,missing,no exact/normalized/alias/homepage evidence; no lookalikes either,,v20260906+55419ffd
elecom-mouse-util,,0.0,none,missing,no exact/normalized/alias/homepage evidence; no lookalikes either,,v20260906+55419ffd
electerm,,0.0,none,missing,no exact/normalized/alias/homepage evidence; no lookalikes either,,v20260906+55419ffd
electorrent,,0.0,none,needs-review,no exact/normalized/alias/homepage evidence; fuzzy suggestions listed for review,ctorrent,v20260906+55419ffd
electric-sheep,,0.0,none,missing,no exact/normalized/alias/homepage evidence; no lookalikes either,,v20260906+55419ffd
electricbinary,,0.0,none,missing,no exact/normalized/alias/homepage evidence; no lookalikes either,,v20260906+55419ffd
electrocrud,,0.0,none,missing,no exact/normalized/alias/homepage evidence; no lookalikes either,,v20260906+55419ffd
electron,,0.0,none,missing,no exact/normalized/alias/homepage evidence; no lookalikes either,,v20260906+55419ffd
electron-cash,,0.0,none,missing,no exact/normalized/alias/homepage evidence; no lookalikes either,,v20260906+55419ffd
electron-fiddle,,0.0,none,missing,no exact/normalized/alias/homepage evidence; no lookalikes either,,v20260906+55419ffd
electronmail,,0.0,none,missing,no exact/normalized/alias/homepage evidence; no lookalikes either,,v20260906+55419ffd
electrum,,0.0,none,missing,no exact/normalized/alias/homepage evidence; no lookalikes either,,v20260906+55419ffd
electrum-grs,,0.0,none,missing,no exact/normalized/alias/homepage evidence; no lookalikes either,,v20260906+55419ffd
electrum-ltc,,0.0,none,missing,no exact/normalized/alias/homepage evidence; no lookalikes either,,v20260906+55419ffd
electrumsv,,0.0,none,missing,no exact/normalized/alias/homepage evidence; no lookalikes either,,v20260906+55419ffd
elegoo-slicer,,0.0,none,missing,no exact/normalized/alias/homepage evidence; no lookalikes either,,v20260906+55419ffd
elektron-overbridge,,0.0,none,missing,no exact/normalized/alias/homepage evidence; no lookalikes either,,v20260906+55419ffd
elektron-transfer,,0.0,none,missing,no exact/normalized/alias/homepage evidence; no lookalikes either,,v20260906+55419ffd
element,,0.0,none,missing,no exact/normalized/alias/homepage evidence; no lookalikes either,,v20260906+55419ffd
elemental,,0.0,none,missing,no exact/normalized/alias/homepage evidence; no lookalikes either,,v20260906+55419ffd
elemental@6,,0.0,none,missing,no exact/normalized/alias/homepage evidence; no lookalikes either,,v20260906+55419ffd
element@nightly,,0.0,none,missing,no exact/normalized/alias/homepage evidence; no lookalikes either,,v20260906+55419ffd
elephas,,0.0,none,missing,no exact/normalized/alias/homepage evidence; no lookalikes either,,v20260906+55419ffd
elephas@beta,,0.0,none,missing,no exact/normalized/alias/homepage evidence; no lookalikes either,,v20260906+55419ffd
elephicon,,0.0,none,missing,no exact/normalized/alias/homepage evidence; no lookalikes either,,v20260906+55419ffd
elgato-camera-hub,,0.0,none,missing,no exact/normalized/alias/homepage evidence; no lookalikes either,,v20260906+55419ffd
elgato-capture-device-utility,,0.0,none,missing,no exact/normalized/alias/homepage evidence; no lookalikes either,,v20260906+55419ffd
elgato-control-center,,0.0,none,missing,no exact/normalized/alias/homepage evidence; no lookalikes either,,v20260906+55419ffd
elgato-game-capture-hd,,0.0,none,missing,no exact/normalized/alias/homepage evidence; no lookalikes either,,v20260906+55419ffd
elgato-stream-deck,,0.0,none,missing,no exact/normalized/alias/homepage evidence; no lookalikes either,,v20260906+55419ffd
elgato-studio,,0.0,none,missing,no exact/normalized/alias/homepage evidence; no lookalikes either,,v20260906+55419ffd
elgato-video-capture,,0.0,none,missing,no exact/normalized/alias/homepage evidence; no lookalikes either,,v20260906+55419ffd
elgato-wave-link,,0.0,none,missing,no exact/normalized/alias/homepage evidence; no lookalikes either,,v20260906+55419ffd
elmedia-player,,0.0,none,missing,no exact/normalized/alias/homepage evidence; no lookalikes either,,v20260906+55419ffd
eloquent,,0.0,none,missing,no exact/normalized/alias/homepage evidence; no lookalikes either,,v20260906+55419ffd
elpass,,0.0,none,needs-review,no exact/normalized/alias/homepage evidence; fuzzy suggestions listed for review,pass,v20260906+55419ffd
emacs-app,emacs-app,1.0,exact,confident,name identical in both managers; homepages 'https://emacsformacosx.com/' vs 'https://www.gnu.org/software/emacs/emacs.html',,v20260906+55419ffd
emacs-app@nightly,,0.0,none,missing,no exact/normalized/alias/homepage evidence; no lookalikes either,,v20260906+55419ffd
emacs-app@pretest,,0.0,none,missing,no exact/normalized/alias/homepage evidence; no lookalikes either,,v20260906+55419ffd
emailchemy,,0.0,none,missing,no exact/normalized/alias/homepage evidence; no lookalikes either,,v20260906+55419ffd
emby,,0.0,none,needs-review,no exact/normalized/alias/homepage evidence; fuzzy suggestions listed for review,embryo,v20260906+55419ffd
embyserver,,0.0,none,needs-review,no exact/normalized/alias/homepage evidence; fuzzy suggestions listed for review,derby-server,v20260906+55419ffd
emclient,,0.0,none,needs-review,no exact/normalized/alias/homepage evidence; fuzzy suggestions listed for review,regclient; netclient; mtxclient,v20260906+55419ffd
emclient@beta,,0.0,none,missing,no exact/normalized/alias/homepage evidence; no lookalikes either,,v20260906+55419ffd
emdash,,0.0,none,needs-review,no exact/normalized/alias/homepage evidence; fuzzy suggestions listed for review,dash,v20260906+55419ffd
eme,,0.0,none,needs-review,no exact/normalized/alias/homepage evidence; fuzzy suggestions listed for review,em,v20260906+55419ffd
emmetapp,,0.0,none,missing,no exact/normalized/alias/homepage evidence; no lookalikes either,,v20260906+55419ffd
emojipedia,,0.0,none,missing,no exact/normalized/alias/homepage evidence; no lookalikes either,,v20260906+55419ffd
empoche,,0.0,none,missing,no exact/normalized/alias/homepage evidence; no lookalikes either,,v20260906+55419ffd
enclave,,0.0,none,missing,no exact/normalized/alias/homepage evidence; no lookalikes either,,v20260906+55419ffd
encryptme,,0.0,none,missing,no exact/normalized/alias/homepage evidence; no lookalikes either,,v20260906+55419ffd
endless-sky,,0.0,none,missing,no exact/normalized/alias/homepage evidence; no lookalikes either,,v20260906+55419ffd
endless-sky-high-dpi,,0.0,none,missing,no exact/normalized/alias/homepage evidence; no lookalikes either,,v20260906+55419ffd
endnote,,0.0,none,missing,no exact/normalized/alias/homepage evidence; no lookalikes either,,v20260906+55419ffd
energia,,0.0,none,missing,no exact/normalized/alias/homepage evidence; no lookalikes either,,v20260906+55419ffd
energiza,,0.0,none,missing,no exact/normalized/alias/homepage evidence; no lookalikes either,,v20260906+55419ffd
enfusegui,,0.0,none,missing,no exact/normalized/alias/homepage evidence; no lookalikes either,,v20260906+55419ffd
engine-dj,,0.0,none,missing,no exact/normalized/alias/homepage evidence; no lookalikes either,,v20260906+55419ffd
enigma-game,enigma,0.95,alias,confident,listed as alias/oldname of 'enigma-game',,v20260906+55419ffd
enjoyable,,0.0,none,missing,no exact/normalized/alias/homepage evidence; no lookalikes either,,v20260906+55419ffd
enpass,,0.0,none,needs-review,no exact/normalized/alias/homepage evidence; fuzzy suggestions listed for review,pass,v20260906+55419ffd
ente,,0.0,none,needs-review,no exact/normalized/alias/homepage evidence; fuzzy suggestions listed for review,ent,v20260906+55419ffd
ente-auth,,0.0,none,missing,no exact/normalized/alias/homepage evidence; no lookalikes either,,v20260906+55419ffd
entry,,0.0,none,needs-review,no exact/normalized/alias/homepage evidence; fuzzy suggestions listed for review,entr; entropy; retry,v20260906+55419ffd
envkey,,0.0,none,missing,no exact/normalized/alias/homepage evidence; no lookalikes either,,v20260906+55419ffd
enzymex,,0.0,none,missing,no exact/normalized/alias/homepage evidence; no lookalikes either,,v20260906+55419ffd
eobcanka,,0.0,none,missing,no exact/normalized/alias/homepage evidence; no lookalikes either,,v20260906+55419ffd
epic,,0.0,none,needs-review,no exact/normalized/alias/homepage evidence; fuzzy suggestions listed for review,epic5; epic4,v20260906+55419ffd
epic-games,,0.0,none,missing,no exact/normalized/alias/homepage evidence; no lookalikes either,,v20260906+55419ffd
epilogue-playback,,0.0,none,missing,no exact/normalized/alias/homepage evidence; no lookalikes either,,v20260906+55419ffd
epoccam,,0.0,none,missing,no exact/normalized/alias/homepage evidence; no lookalikes either,,v20260906+55419ffd
epoch-flip-clock,,0.0,none,missing,no exact/normalized/alias/homepage evidence; no lookalikes either,,v20260906+55419ffd
epson-print-layout,,0.0,none,missing,no exact/normalized/alias/homepage evidence; no lookalikes either,,v20260906+55419ffd
epubmdimporter,,0.0,none,missing,no exact/normalized/alias/homepage evidence; no lookalikes either,,v20260906+55419ffd
eqmac,,0.0,none,needs-review,no exact/normalized/alias/homepage evidence; fuzzy suggestions listed for review,emacs,v20260906+55419ffd
equibop,,0.0,none,missing,no exact/normalized/alias/homepage evidence; no lookalikes either,,v20260906+55419ffd
equinox,,0.0,none,missing,no exact/normalized/alias/homepage evidence; no lookalikes either,,v20260906+55419ffd
es-de,,0.0,none,needs-review,no exact/normalized/alias/homepage evidence; fuzzy suggestions listed for review,R-resde,v20260906+55419ffd
eset-cyber-security,,0.0,none,missing,no exact/normalized/alias/homepage evidence; no lookalikes either,,v20260906+55419ffd
espanso,espanso,1.0,exact,confident,name identical in both managers; homepages 'https://espanso.org/' vs 'https://espanso.org',,v20260906+55419ffd
esphome-device-builder,,0.0,none,missing,no exact/normalized/alias/homepage evidence; no lookalikes either,,v20260906+55419ffd
espresso,espresso,1.0,exact,confident,name identical in both managers; homepages 'https://espressoapp.com/' vs 'http://embedded.eecs.berkeley.edu/pubs/downloads/espresso/',,v20260906+55419ffd
ethui,,0.0,none,missing,no exact/normalized/alias/homepage evidence; no lookalikes either,,v20260906+55419ffd
etrecheckpro,,0.0,none,missing,no exact/normalized/alias/homepage evidence; no lookalikes either,,v20260906+55419ffd
eu,,0.0,none,missing,no exact/normalized/alias/homepage evidence; no lookalikes either,,v20260906+55419ffd
eudic,,0.0,none,missing,no exact/normalized/alias/homepage evidence; no lookalikes either,,v20260906+55419ffd
eufymake-studio,,0.0,none,missing,no exact/normalized/alias/homepage evidence; no lookalikes either,,v20260906+55419ffd
eul,,0.0,none,missing,no exact/normalized/alias/homepage evidence; no lookalikes either,,v20260906+55419ffd
eurkey,,0.0,none,missing,no exact/normalized/alias/homepage evidence; no lookalikes either,,v20260906+55419ffd
eurkey-next,,0.0,none,missing,no exact/normalized/alias/homepage evidence; no lookalikes either,,v20260906+55419ffd
eusamanager,,0.0,none,missing,no exact/normalized/alias/homepage evidence; no lookalikes either,,v20260906+55419ffd
ev3-classroom,,0.0,none,missing,no exact/normalized/alias/homepage evidence; no lookalikes either,,v20260906+55419ffd
eve-online,,0.0,none,missing,no exact/normalized/alias/homepage evidence; no lookalikes either,,v20260906+55419ffd
evernote,,0.0,none,needs-review,no exact/normalized/alias/homepage evidence; fuzzy suggestions listed for review,evernote2md,v20260906+55419ffd
evkey,,0.0,none,missing,no exact/normalized/alias/homepage evidence; no lookalikes either,,v20260906+55419ffd
exactscan,,0.0,none,missing,no exact/normalized/alias/homepage evidence; no lookalikes either,,v20260906+55419ffd
excalidrawz,,0.0,none,missing,no exact/normalized/alias/homepage evidence; no lookalikes either,,v20260906+55419ffd
excire-foto,,0.0,none,missing,no exact/normalized/alias/homepage evidence; no lookalikes either,,v20260906+55419ffd
excire-search,,0.0,none,missing,no exact/normalized/alias/homepage evidence; no lookalikes either,,v20260906+55419ffd
executor,,0.0,none,missing,no exact/normalized/alias/homepage evidence; no lookalikes either,,v20260906+55419ffd
exelearning,,0.0,none,missing,no exact/normalized/alias/homepage evidence; no lookalikes either,,v20260906+55419ffd
exfalso,,0.0,none,missing,no exact/normalized/alias/homepage evidence; no lookalikes either,,v20260906+55419ffd
exifcleaner,,0.0,none,missing,no exact/normalized/alias/homepage evidence; no lookalikes either,,v20260906+55419ffd
exifrenamer,,0.0,none,missing,no exact/normalized/alias/homepage evidence; no lookalikes either,,v20260906+55419ffd
exist-db,,0.0,none,missing,no exact/normalized/alias/homepage evidence; no lookalikes either,,v20260906+55419ffd
exo,,1.0,curated,missing,brew=local AI models (exolabs.net); macports=Xfce application library (docs.xfce.org),exo,v20260906+55419ffd
expandrive,,0.0,none,missing,no exact/normalized/alias/homepage evidence; no lookalikes either,,v20260906+55419ffd
explorer,,0.0,none,needs-review,no exact/normalized/alias/homepage evidence; fuzzy suggestions listed for review,R-explore; bzr-explorer; R-xplorerr,v20260906+55419ffd
expo-orbit,,0.0,none,missing,no exact/normalized/alias/homepage evidence; no lookalikes either,,v20260906+55419ffd
expressions,,0.0,none,needs-review,no exact/normalized/alias/homepage evidence; fuzzy suggestions listed for review,py-expressions; py36-expressions; py35-expressions,v20260906+55419ffd
expressscribe,,0.0,none,missing,no exact/normalized/alias/homepage evidence; no lookalikes either,,v20260906+55419ffd
expressvpn,,0.0,none,missing,no exact/normalized/alias/homepage evidence; no lookalikes either,,v20260906+55419ffd
extradock,,0.0,none,missing,no exact/normalized/alias/homepage evidence; no lookalikes either,,v20260906+55419ffd
extraterm,,0.0,none,missing,no exact/normalized/alias/homepage evidence; no lookalikes either,,v20260906+55419ffd
f-bar,,0.0,none,missing,no exact/normalized/alias/homepage evidence; no lookalikes either,,v20260906+55419ffd
fabfilter-micro,,0.0,none,missing,no exact/normalized/alias/homepage evidence; no lookalikes either,,v20260906+55419ffd
fabfilter-one,,0.0,none,missing,no exact/normalized/alias/homepage evidence; no lookalikes either,,v20260906+55419ffd
fabfilter-pro-c,,0.0,none,missing,no exact/normalized/alias/homepage evidence; no lookalikes either,,v20260906+55419ffd
fabfilter-pro-ds,,0.0,none,missing,no exact/normalized/alias/homepage evidence; no lookalikes either,,v20260906+55419ffd
fabfilter-pro-g,,0.0,none,missing,no exact/normalized/alias/homepage evidence; no lookalikes either,,v20260906+55419ffd
fabfilter-pro-l,,0.0,none,missing,no exact/normalized/alias/homepage evidence; no lookalikes either,,v20260906+55419ffd
fabfilter-pro-mb,,0.0,none,missing,no exact/normalized/alias/homepage evidence; no lookalikes either,,v20260906+55419ffd
fabfilter-pro-q,,0.0,none,missing,no exact/normalized/alias/homepage evidence; no lookalikes either,,v20260906+55419ffd
fabfilter-pro-r,,0.0,none,missing,no exact/normalized/alias/homepage evidence; no lookalikes either,,v20260906+55419ffd
fabfilter-saturn,,0.0,none,missing,no exact/normalized/alias/homepage evidence; no lookalikes either,,v20260906+55419ffd
fabfilter-simplon,,0.0,none,missing,no exact/normalized/alias/homepage evidence; no lookalikes either,,v20260906+55419ffd
fabfilter-timeless,,0.0,none,missing,no exact/normalized/alias/homepage evidence; no lookalikes either,,v20260906+55419ffd
fabfilter-twin,,0.0,none,missing,no exact/normalized/alias/homepage evidence; no lookalikes either,,v20260906+55419ffd
fabfilter-volcano,,0.0,none,missing,no exact/normalized/alias/homepage evidence; no lookalikes either,,v20260906+55419ffd
fabric-app,,0.0,none,needs-review,no exact/normalized/alias/homepage evidence; fuzzy suggestions listed for review,fabric,v20260906+55419ffd
facescreen,,0.0,none,missing,no exact/normalized/alias/homepage evidence; no lookalikes either,,v20260906+55419ffd
factor,factor,1.0,exact,confident,name identical in both managers; homepages 'https://factorcode.org/' vs 'http://www.factorcode.org/',,v20260906+55419ffd
factory,,0.0,none,needs-review,no exact/normalized/alias/homepage evidence; fuzzy suggestions listed for review,factor,v20260906+55419ffd
fake,,0.0,none,needs-review,no exact/normalized/alias/homepage evidence; fuzzy suggestions listed for review,R-fake,v20260906+55419ffd
fanny,,0.0,none,needs-review,no exact/normalized/alias/homepage evidence; fuzzy suggestions listed for review,fann; flann,v20260906+55419ffd
fantastical,,0.0,none,missing,no exact/normalized/alias/homepage evidence; no lookalikes either,,v20260906+55419ffd
fantasy-grounds,,0.0,none,missing,no exact/normalized/alias/homepage evidence; no lookalikes either,,v20260906+55419ffd
far2l,,0.0,none,missing,no exact/normalized/alias/homepage evidence; no lookalikes either,,v20260906+55419ffd
farrago,,0.0,none,missing,no exact/normalized/alias/homepage evidence; no lookalikes either,,v20260906+55419ffd
fastdmg,,0.0,none,missing,no exact/normalized/alias/homepage evidence; no lookalikes either,,v20260906+55419ffd
fastmail,,0.0,none,missing,no exact/normalized/alias/homepage evidence; no lookalikes either,,v20260906+55419ffd
fastmarks,,0.0,none,missing,no exact/normalized/alias/homepage evidence; no lookalikes either,,v20260906+55419ffd
fastrawviewer,,0.0,none,missing,no exact/normalized/alias/homepage evidence; no lookalikes either,,v20260906+55419ffd
fastscripts,,0.0,none,needs-review,no exact/normalized/alias/homepage evidence; fuzzy suggestions listed for review,fmscripts,v20260906+55419ffd
fathom,,0.0,none,needs-review,no exact/normalized/alias/homepage evidence; fuzzy suggestions listed for review,fantom; atom,v20260906+55419ffd
fauxpas,,0.0,none,needs-review,no exact/normalized/alias/homepage evidence; fuzzy suggestions listed for review,R-fauxpas,v20260906+55419ffd
favro,,0.0,none,missing,no exact/normalized/alias/homepage evidence; no lookalikes either,,v20260906+55419ffd
fbreader,,0.0,none,needs-review,no exact/normalized/alias/homepage evidence; fuzzy suggestions listed for review,rtfreader,v20260906+55419ffd
feather,,0.0,none,missing,no exact/normalized/alias/homepage evidence; no lookalikes either,,v20260906+55419ffd
fedistar,,0.0,none,missing,no exact/normalized/alias/homepage evidence; no lookalikes either,,v20260906+55419ffd
fedora-media-writer,,0.0,none,missing,no exact/normalized/alias/homepage evidence; no lookalikes either,,v20260906+55419ffd
feed-the-beast,,0.0,none,missing,no exact/normalized/alias/homepage evidence; no lookalikes either,,v20260906+55419ffd
feedflow,,0.0,none,missing,no exact/normalized/alias/homepage evidence; no lookalikes either,,v20260906+55419ffd
feishu,,0.0,none,needs-review,no exact/normalized/alias/homepage evidence; fuzzy suggestions listed for review,fish,v20260906+55419ffd
fellow,,0.0,none,needs-review,no exact/normalized/alias/homepage evidence; fuzzy suggestions listed for review,flow,v20260906+55419ffd
fender-universal-control,,0.0,none,missing,no exact/normalized/alias/homepage evidence; no lookalikes either,,v20260906+55419ffd
ferdium,,0.0,none,needs-review,no exact/normalized/alias/homepage evidence; fuzzy suggestions listed for review,ferium,v20260906+55419ffd
ferdium@nightly,,0.0,none,missing,no exact/normalized/alias/homepage evidence; no lookalikes either,,v20260906+55419ffd
fertigt-slate,,0.0,none,missing,no exact/normalized/alias/homepage evidence; no lookalikes either,,v20260906+55419ffd
fetch-app,fetch,0.95,alias,confident,listed as alias/oldname of 'fetch-app',,v20260906+55419ffd
ff-works,,0.0,none,missing,no exact/normalized/alias/homepage evidence; no lookalikes either,,v20260906+55419ffd
fidelity-trader+,,0.0,none,missing,no exact/normalized/alias/homepage evidence; no lookalikes either,,v20260906+55419ffd
fido2-manage,,0.0,none,missing,no exact/normalized/alias/homepage evidence; no lookalikes either,,v20260906+55419ffd
fightcade,,0.0,none,missing,no exact/normalized/alias/homepage evidence; no lookalikes either,,v20260906+55419ffd
figma,,0.0,none,missing,no exact/normalized/alias/homepage evidence; no lookalikes either,,v20260906+55419ffd
figma-agent,,0.0,none,missing,no exact/normalized/alias/homepage evidence; no lookalikes either,,v20260906+55419ffd
figma@beta,,0.0,none,missing,no exact/normalized/alias/homepage evidence; no lookalikes either,,v20260906+55419ffd
figtree,,0.0,none,needs-review,no exact/normalized/alias/homepage evidence; fuzzy suggestions listed for review,gtree,v20260906+55419ffd
fiji,,0.0,none,missing,no exact/normalized/alias/homepage evidence; no lookalikes either,,v20260906+55419ffd
file-juicer,,0.0,none,missing,no exact/normalized/alias/homepage evidence; no lookalikes either,,v20260906+55419ffd
filebot,,0.0,none,missing,no exact/normalized/alias/homepage evidence; no lookalikes either,,v20260906+55419ffd
filefaker,,0.0,none,missing,no exact/normalized/alias/homepage evidence; no lookalikes either,,v20260906+55419ffd
filefillet,,0.0,none,missing,no exact/normalized/alias/homepage evidence; no lookalikes either,,v20260906+55419ffd
filemaker-pro,,0.0,none,missing,no exact/normalized/alias/homepage evidence; no lookalikes either,,v20260906+55419ffd
filemon,,0.0,none,needs-review,no exact/normalized/alias/homepage evidence; fuzzy suggestions listed for review,lemon,v20260906+55419ffd
filemonitor,,0.0,none,needs-review,no exact/normalized/alias/homepage evidence; fuzzy suggestions listed for review,p5-file-monitor; p5.34-file-monitor; p5.32-file-monitor,v20260906+55419ffd
filen,,0.0,none,needs-review,no exact/normalized/alias/homepage evidence; fuzzy suggestions listed for review,file,v20260906+55419ffd
filepane,,0.0,none,missing,no exact/normalized/alias/homepage evidence; no lookalikes either,,v20260906+55419ffd
filo,,0.0,none,missing,no exact/normalized/alias/homepage evidence; no lookalikes either,,v20260906+55419ffd
final-fantasy-xiv-online,,0.0,none,missing,no exact/normalized/alias/homepage evidence; no lookalikes either,,v20260906+55419ffd
finalshell,,0.0,none,missing,no exact/normalized/alias/homepage evidence; no lookalikes either,,v20260906+55419ffd
finbar,,0.0,none,missing,no exact/normalized/alias/homepage evidence; no lookalikes either,,v20260906+55419ffd
finch,finch,1.0,exact,confident,name identical in both managers; homepages 'https://github.com/runfinch/finch' vs 'https://www.pidgin.im/',,v20260906+55419ffd
find-any-file,,0.0,none,missing,no exact/normalized/alias/homepage evidence; no lookalikes either,,v20260906+55419ffd
find-empty-folders,,0.0,none,missing,no exact/normalized/alias/homepage evidence; no lookalikes either,,v20260906+55419ffd
find-my-ports,,0.0,none,missing,no exact/normalized/alias/homepage evidence; no lookalikes either,,v20260906+55419ffd
findergo,,0.0,none,missing,no exact/normalized/alias/homepage evidence; no lookalikes either,,v20260906+55419ffd
finetune,,0.0,none,needs-review,no exact/normalized/alias/homepage evidence; fuzzy suggestions listed for review,R-finetune,v20260906+55419ffd
fing,,0.0,none,needs-review,no exact/normalized/alias/homepage evidence; fuzzy suggestions listed for review,fping,v20260906+55419ffd
finicky,,0.0,none,missing,no exact/normalized/alias/homepage evidence; no lookalikes either,,v20260906+55419ffd
firealpaca,,0.0,none,needs-review,no exact/normalized/alias/homepage evidence; fuzzy suggestions listed for review,R-alpaca,v20260906+55419ffd
firebase-admin,,0.0,none,missing,no exact/normalized/alias/homepage evidence; no lookalikes either,,v20260906+55419ffd
firebird-emu,,0.0,none,missing,no exact/normalized/alias/homepage evidence; no lookalikes either,,v20260906+55419ffd
firecamp,,0.0,none,missing,no exact/normalized/alias/homepage evidence; no lookalikes either,,v20260906+55419ffd
firefly-iota-desktop,,0.0,none,missing,no exact/normalized/alias/homepage evidence; no lookalikes either,,v20260906+55419ffd
firefly-shimmer,,0.0,none,missing,no exact/normalized/alias/homepage evidence; no lookalikes either,,v20260906+55419ffd
firefox,,0.0,none,missing,no exact/normalized/alias/homepage evidence; no lookalikes either,,v20260906+55419ffd
firefox@beta,,0.0,none,missing,no exact/normalized/alias/homepage evidence; no lookalikes either,,v20260906+55419ffd
firefox@cn,,0.0,none,missing,no exact/normalized/alias/homepage evidence; no lookalikes either,,v20260906+55419ffd
firefox@developer-edition,,0.0,none,missing,no exact/normalized/alias/homepage evidence; no lookalikes either,,v20260906+55419ffd
firefox@esr,,0.0,none,missing,no exact/normalized/alias/homepage evidence; no lookalikes either,,v20260906+55419ffd
firefox@nightly,,0.0,none,missing,no exact/normalized/alias/homepage evidence; no lookalikes either,,v20260906+55419ffd
firestorm,,0.0,none,missing,no exact/normalized/alias/homepage evidence; no lookalikes either,,v20260906+55419ffd
fireworks,,0.0,none,needs-review,no exact/normalized/alias/homepage evidence; fuzzy suggestions listed for review,fireworkx,v20260906+55419ffd
firezone,,0.0,none,missing,no exact/normalized/alias/homepage evidence; no lookalikes either,,v20260906+55419ffd
fishing-funds,,0.0,none,missing,no exact/normalized/alias/homepage evidence; no lookalikes either,,v20260906+55419ffd
fission,,0.0,none,missing,no exact/normalized/alias/homepage evidence; no lookalikes either,,v20260906+55419ffd
fitbit-os-simulator,,0.0,none,missing,no exact/normalized/alias/homepage evidence; no lookalikes either,,v20260906+55419ffd
fixkey,,0.0,none,missing,no exact/normalized/alias/homepage evidence; no lookalikes either,,v20260906+55419ffd
flacon,,0.0,none,needs-review,no exact/normalized/alias/homepage evidence; fuzzy suggestions listed for review,falcon; flac,v20260906+55419ffd
flame,,0.0,none,needs-review,no exact/normalized/alias/homepage evidence; fuzzy suggestions listed for review,R-FLAME; lame; flam3,v20260906+55419ffd
flameshot,flameshot,1.0,exact,confident,name identical in both managers; homepages 'https://flameshot.org/' vs 'https://flameshot.org',,v20260906+55419ffd
flashspace,,0.0,none,missing,no exact/normalized/alias/homepage evidence; no lookalikes either,,v20260906+55419ffd
fldigi,fldigi,1.0,exact,confident,name identical in both managers; homepages 'https://www.w1hkj.org/' vs 'http://www.w1hkj.com',,v20260906+55419ffd
fleet,,0.0,none,missing,no exact/normalized/alias/homepage evidence; no lookalikes either,,v20260906+55419ffd
flexoptix,,0.0,none,missing,no exact/normalized/alias/homepage evidence; no lookalikes either,,v20260906+55419ffd
flic,,0.0,none,missing,no exact/normalized/alias/homepage evidence; no lookalikes either,,v20260906+55419ffd
flickr-uploadr,,0.0,none,needs-review,no exact/normalized/alias/homepage evidence; fuzzy suggestions listed for review,p5-flickr-upload; p5.34-flickr-upload; p5.32-flickr-upload,v20260906+55419ffd
flightgear,,0.0,none,missing,no exact/normalized/alias/homepage evidence; no lookalikes either,,v20260906+55419ffd
flipper,,0.0,none,needs-review,no exact/normalized/alias/homepage evidence; fuzzy suggestions listed for review,clipper; qlipper; libpaper,v20260906+55419ffd
fliqlo,,0.0,none,missing,no exact/normalized/alias/homepage evidence; no lookalikes either,,v20260906+55419ffd
flirc,,0.0,none,needs-review,no exact/normalized/alias/homepage evidence; fuzzy suggestions listed for review,lirc,v20260906+55419ffd
flixtools,,0.0,none,missing,no exact/normalized/alias/homepage evidence; no lookalikes either,,v20260906+55419ffd
flock-app,,0.0,ambiguous,needs-review,alias 'flock' looks like a different program (homepages 'https://flock.com/' vs 'https://github.com/discoteq/flock'),flock,v20260906+55419ffd
floorp,,0.0,none,missing,no exact/normalized/alias/homepage evidence; no lookalikes either,,v20260906+55419ffd
flow-desktop,flow,0.95,alias,confident,listed as alias/oldname of 'flow-desktop',,v20260906+55419ffd
flow5,,0.0,none,needs-review,no exact/normalized/alias/homepage evidence; fuzzy suggestions listed for review,flow; flowd; cflow,v20260906+55419ffd
flowdown,,0.0,none,needs-review,no exact/normalized/alias/homepage evidence; fuzzy suggestions listed for review,lowdown,v20260906+55419ffd
flowvision,,0.0,none,missing,no exact/normalized/alias/homepage evidence; no lookalikes either,,v20260906+55419ffd
flox,,0.0,none,needs-review,no exact/normalized/alias/homepage evidence; fuzzy suggestions listed for review,fox,v20260906+55419ffd
flrig,flrig,1.0,exact,confident,name identical in both managers; homepages 'https://www.w1hkj.org/' vs 'http://www.w1hkj.com',,v20260906+55419ffd
fluent-reader,,0.0,none,missing,no exact/normalized/alias/homepage evidence; no lookalikes either,,v20260906+55419ffd
fluid,,0.0,none,missing,no exact/normalized/alias/homepage evidence; no lookalikes either,,v20260906+55419ffd
fluidvoice,,0.0,none,missing,no exact/normalized/alias/homepage evidence; no lookalikes either,,v20260906+55419ffd
fluor,,0.0,none,missing,no exact/normalized/alias/homepage evidence; no lookalikes either,,v20260906+55419ffd
flutter,,0.0,none,needs-review,no exact/normalized/alias/homepage evidence; fuzzy suggestions listed for review,clutter,v20260906+55419ffd
flutterflow,,0.0,none,missing,no exact/normalized/alias/homepage evidence; no lookalikes either,,v20260906+55419ffd
flux-app,,0.0,ambiguous,needs-review,alias 'flux' looks like a different program (homepages 'https://justgetflux.com/' vs 'https://fluxcd.io/'),flux,v20260906+55419ffd
fly,,0.0,none,missing,no exact/normalized/alias/homepage evidence; no lookalikes either,,v20260906+55419ffd
flycast,,0.0,none,missing,no exact/normalized/alias/homepage evidence; no lookalikes either,,v20260906+55419ffd
flycut,,0.0,none,needs-review,no exact/normalized/alias/homepage evidence; fuzzy suggestions listed for review,flyctl,v20260906+55419ffd
flyenv,,0.0,none,missing,no exact/normalized/alias/homepage evidence; no lookalikes either,,v20260906+55419ffd
flying-carpet,,0.0,none,missing,no exact/normalized/alias/homepage evidence; no lookalikes either,,v20260906+55419ffd
flykey,,0.0,none,missing,no exact/normalized/alias/homepage evidence; no lookalikes either,,v20260906+55419ffd
fmail,,0.0,none,needs-review,no exact/normalized/alias/homepage evidence; fuzzy suggestions listed for review,nmail; R-mail,v20260906+55419ffd
fmail2,,0.0,none,missing,no exact/normalized/alias/homepage evidence; no lookalikes either,,v20260906+55419ffd
fmail3,,0.0,none,missing,no exact/normalized/alias/homepage evidence; no lookalikes either,,v20260906+55419ffd
fman,,0.0,none,needs-review,no exact/normalized/alias/homepage evidence; fuzzy suggestions listed for review,man,v20260906+55419ffd
fme,,0.0,none,needs-review,no exact/normalized/alias/homepage evidence; fuzzy suggestions listed for review,R-FME,v20260906+55419ffd
focu,,0.0,none,missing,no exact/normalized/alias/homepage evidence; no lookalikes either,,v20260906+55419ffd
focus,,0.0,none,needs-review,no exact/normalized/alias/homepage evidence; fuzzy suggestions listed for review,orcus,v20260906+55419ffd
focusany,,0.0,none,missing,no exact/normalized/alias/homepage evidence; no lookalikes either,,v20260906+55419ffd
focusatwill,,0.0,none,missing,no exact/normalized/alias/homepage evidence; no lookalikes either,,v20260906+55419ffd
focused,,0.0,none,missing,no exact/normalized/alias/homepage evidence; no lookalikes either,,v20260906+55419ffd
focusrite-control,,0.0,none,missing,no exact/normalized/alias/homepage evidence; no lookalikes either,,v20260906+55419ffd
focusrite-control-2,,0.0,none,missing,no exact/normalized/alias/homepage evidence; no lookalikes either,,v20260906+55419ffd
focusrite-saffire-mixcontrol,,0.0,none,missing,no exact/normalized/alias/homepage evidence; no lookalikes either,,v20260906+55419ffd
foks,,0.0,none,needs-review,no exact/normalized/alias/homepage evidence; fuzzy suggestions listed for review,folks,v20260906+55419ffd
folder-colorizer,,0.0,none,missing,no exact/normalized/alias/homepage evidence; no lookalikes either,,v20260906+55419ffd
folder-preview-pro,,0.0,none,missing,no exact/normalized/alias/homepage evidence; no lookalikes either,,v20260906+55419ffd
folding-at-home,,0.0,none,missing,no exact/normalized/alias/homepage evidence; no lookalikes either,,v20260906+55419ffd
folding-at-home@beta,,0.0,none,missing,no exact/normalized/alias/homepage evidence; no lookalikes either,,v20260906+55419ffd
foldingtext,,0.0,none,missing,no exact/normalized/alias/homepage evidence; no lookalikes either,,v20260906+55419ffd
foldit,,0.0,none,missing,no exact/normalized/alias/homepage evidence; no lookalikes either,,v20260906+55419ffd
folo,,0.0,none,missing,no exact/normalized/alias/homepage evidence; no lookalikes either,,v20260906+55419ffd
folx,,0.0,none,needs-review,no exact/normalized/alias/homepage evidence; fuzzy suggestions listed for review,fox,v20260906+55419ffd
font-0xproto,,0.0,none,missing,no exact/normalized/alias/homepage evidence; no lookalikes either,,v20260906+55419ffd
font-0xproto-nerd-font,,0.0,none,missing,no exact/normalized/alias/homepage evidence; no lookalikes either,,v20260906+55419ffd
font-3270,,0.0,none,missing,no exact/normalized/alias/homepage evidence; no lookalikes either,,v20260906+55419ffd
font-3270-nerd-font,,0.0,none,missing,no exact/normalized/alias/homepage evidence; no lookalikes either,,v20260906+55419ffd
font-42dot-sans,,0.0,none,missing,no exact/normalized/alias/homepage evidence; no lookalikes either,,v20260906+55419ffd
font-437-plus,,0.0,none,missing,no exact/normalized/alias/homepage evidence; no lookalikes either,,v20260906+55419ffd
font-abeezee,,0.0,none,missing,no exact/normalized/alias/homepage evidence; no lookalikes either,,v20260906+55419ffd
font-abel,,0.0,none,missing,no exact/normalized/alias/homepage evidence; no lookalikes either,,v20260906+55419ffd
font-abhaya-libre,,0.0,none,missing,no exact/normalized/alias/homepage evidence; no lookalikes either,,v20260906+55419ffd
font-aboreto,,0.0,none,missing,no exact/normalized/alias/homepage evidence; no lookalikes either,,v20260906+55419ffd
font-aboriginal-sans,,0.0,none,missing,no exact/normalized/alias/homepage evidence; no lookalikes either,,v20260906+55419ffd
font-aboriginal-serif,,0.0,none,missing,no exact/normalized/alias/homepage evidence; no lookalikes either,,v20260906+55419ffd
font-abril-fatface,,0.0,none,missing,no exact/normalized/alias/homepage evidence; no lookalikes either,,v20260906+55419ffd
font-abyssinica-sil,,0.0,none,missing,no exact/normalized/alias/homepage evidence; no lookalikes either,,v20260906+55419ffd
font-academicons,,0.0,none,missing,no exact/normalized/alias/homepage evidence; no lookalikes either,,v20260906+55419ffd
font-aclonica,,0.0,none,missing,no exact/normalized/alias/homepage evidence; no lookalikes either,,v20260906+55419ffd
font-acme,,0.0,none,missing,no exact/normalized/alias/homepage evidence; no lookalikes either,,v20260906+55419ffd
font-actor,,0.0,none,needs-review,no exact/normalized/alias/homepage evidence; fuzzy suggestions listed for review,factor,v20260906+55419ffd
font-adamina,,0.0,none,missing,no exact/normalized/alias/homepage evidence; no lookalikes either,,v20260906+55419ffd
font-adinatha-tamil-brahmi,,0.0,none,missing,no exact/normalized/alias/homepage evidence; no lookalikes either,,v20260906+55419ffd
font-adlam-display,,0.0,none,missing,no exact/normalized/alias/homepage evidence; no lookalikes either,,v20260906+55419ffd
font-adobe-blank,,0.0,none,missing,no exact/normalized/alias/homepage evidence; no lookalikes either,,v20260906+55419ffd
font-advent-pro,,0.0,none,missing,no exact/normalized/alias/homepage evidence; no lookalikes either,,v20260906+55419ffd
font-adwaita,,0.0,none,missing,no exact/normalized/alias/homepage evidence; no lookalikes either,,v20260906+55419ffd
font-adwaita-mono-nerd-font,,0.0,none,missing,no exact/normalized/alias/homepage evidence; no lookalikes either,,v20260906+55419ffd
font-afacad,,0.0,none,missing,no exact/normalized/alias/homepage evidence; no lookalikes either,,v20260906+55419ffd
font-afacad-flux,,0.0,none,missing,no exact/normalized/alias/homepage evidence; no lookalikes either,,v20260906+55419ffd
font-african-sans,,0.0,none,missing,no exact/normalized/alias/homepage evidence; no lookalikes either,,v20260906+55419ffd
font-african-serif,,0.0,none,missing,no exact/normalized/alias/homepage evidence; no lookalikes either,,v20260906+55419ffd
font-agave,,0.0,none,missing,no exact/normalized/alias/homepage evidence; no lookalikes either,,v20260906+55419ffd
font-agave-nerd-font,,0.0,none,missing,no exact/normalized/alias/homepage evidence; no lookalikes either,,v20260906+55419ffd
font-agbalumo,,0.0,none,missing,no exact/normalized/alias/homepage evidence; no lookalikes either,,v20260906+55419ffd
font-agdasima,,0.0,none,missing,no exact/normalized/alias/homepage evidence; no lookalikes either,,v20260906+55419ffd
font-agu-display,,0.0,none,missing,no exact/normalized/alias/homepage evidence; no lookalikes either,,v20260906+55419ffd
font-aguafina-script,,0.0,none,missing,no exact/normalized/alias/homepage evidence; no lookalikes either,,v20260906+55419ffd
font-ahuramzda,,0.0,none,missing,no exact/normalized/alias/homepage evidence; no lookalikes either,,v20260906+55419ffd
font-aileron,,0.0,none,missing,no exact/normalized/alias/homepage evidence; no lookalikes either,,v20260906+55419ffd
font-akatab,,0.0,none,missing,no exact/normalized/alias/homepage evidence; no lookalikes either,,v20260906+55419ffd
font-akaya-kanadaka,,0.0,none,missing,no exact/normalized/alias/homepage evidence; no lookalikes either,,v20260906+55419ffd
font-akaya-telivigala,,0.0,none,missing,no exact/normalized/alias/homepage evidence; no lookalikes either,,v20260906+55419ffd
font-akronim,,0.0,none,missing,no exact/normalized/alias/homepage evidence; no lookalikes either,,v20260906+55419ffd
font-aksara-bali-galang,,0.0,none,missing,no exact/normalized/alias/homepage evidence; no lookalikes either,,v20260906+55419ffd
font-akshar,,0.0,none,missing,no exact/normalized/alias/homepage evidence; no lookalikes either,,v20260906+55419ffd
font-akt,,0.0,none,missing,no exact/normalized/alias/homepage evidence; no lookalikes either,,v20260906+55419ffd
font-aladin,,0.0,none,missing,no exact/normalized/alias/homepage evidence; no lookalikes either,,v20260906+55419ffd
font-alan-sans,,0.0,none,missing,no exact/normalized/alias/homepage evidence; no lookalikes either,,v20260906+55419ffd
font-alata,,0.0,none,missing,no exact/normalized/alias/homepage evidence; no lookalikes either,,v20260906+55419ffd
font-alatsi,,0.0,none,needs-review,no exact/normalized/alias/homepage evidence; fuzzy suggestions listed for review,font-alias,v20260906+55419ffd
font-albert-sans,,0.0,none,missing,no exact/normalized/alias/homepage evidence; no lookalikes either,,v20260906+55419ffd
font-albertella,,0.0,none,missing,no exact/normalized/alias/homepage evidence; no lookalikes either,,v20260906+55419ffd
font-aldrich,,0.0,none,missing,no exact/normalized/alias/homepage evidence; no lookalikes either,,v20260906+55419ffd
font-alef,,0.0,none,missing,no exact/normalized/alias/homepage evidence; no lookalikes either,,v20260906+55419ffd
font-alegreya,,0.0,none,missing,no exact/normalized/alias/homepage evidence; no lookalikes either,,v20260906+55419ffd
font-alegreya-sans,,0.0,none,missing,no exact/normalized/alias/homepage evidence; no lookalikes either,,v20260906+55419ffd
font-alegreya-sans-sc,,0.0,none,missing,no exact/normalized/alias/homepage evidence; no lookalikes either,,v20260906+55419ffd
font-alegreya-sc,,0.0,none,missing,no exact/normalized/alias/homepage evidence; no lookalikes either,,v20260906+55419ffd
font-aleo,,0.0,none,missing,no exact/normalized/alias/homepage evidence; no lookalikes either,,v20260906+55419ffd
font-alex-brush,,0.0,none,missing,no exact/normalized/alias/homepage evidence; no lookalikes either,,v20260906+55419ffd
font-alexandria,,0.0,none,missing,no exact/normalized/alias/homepage evidence; no lookalikes either,,v20260906+55419ffd
font-alfa-slab-one,,0.0,none,missing,no exact/normalized/alias/homepage evidence; no lookalikes either,,v20260906+55419ffd
font-alice,,0.0,none,missing,no exact/normalized/alias/homepage evidence; no lookalikes either,,v20260906+55419ffd
font-alien-block,,0.0,none,missing,no exact/normalized/alias/homepage evidence; no lookalikes either,,v20260906+55419ffd
font-alike,,0.0,none,missing,no exact/normalized/alias/homepage evidence; no lookalikes either,,v20260906+55419ffd
font-alike-angular,,0.0,none,missing,no exact/normalized/alias/homepage evidence; no lookalikes either,,v20260906+55419ffd
font-alkalami,,0.0,none,missing,no exact/normalized/alias/homepage evidence; no lookalikes either,,v20260906+55419ffd
font-alkatra,,0.0,none,missing,no exact/normalized/alias/homepage evidence; no lookalikes either,,v20260906+55419ffd
font-allan,,0.0,none,missing,no exact/normalized/alias/homepage evidence; no lookalikes either,,v20260906+55419ffd
font-allerta,,0.0,none,missing,no exact/normalized/alias/homepage evidence; no lookalikes either,,v20260906+55419ffd
font-allerta-stencil,,0.0,none,missing,no exact/normalized/alias/homepage evidence; no lookalikes either,,v20260906+55419ffd
font-allison,,0.0,none,needs-review,no exact/normalized/alias/homepage evidence; fuzzy suggestions listed for review,font-alias,v20260906+55419ffd
font-allkin,,0.0,none,missing,no exact/normalized/alias/homepage evidence; no lookalikes either,,v20260906+55419ffd
font-allura,,0.0,none,missing,no exact/normalized/alias/homepage evidence; no lookalikes either,,v20260906+55419ffd
font-almarai,,0.0,none,missing,no exact/normalized/alias/homepage evidence; no lookalikes either,,v20260906+55419ffd
font-almendra,,0.0,none,missing,no exact/normalized/alias/homepage evidence; no lookalikes either,,v20260906+55419ffd
font-almendra-display,,0.0,none,missing,no exact/normalized/alias/homepage evidence; no lookalikes either,,v20260906+55419ffd
font-almendra-sc,,0.0,none,missing,no exact/normalized/alias/homepage evidence; no lookalikes either,,v20260906+55419ffd
font-alumni-sans,,0.0,none,missing,no exact/normalized/alias/homepage evidence; no lookalikes either,,v20260906+55419ffd
font-alumni-sans-collegiate-one,,0.0,none,missing,no exact/normalized/alias/homepage evidence; no lookalikes either,,v20260906+55419ffd
font-alumni-sans-collegiate-one-sc,,0.0,none,missing,no exact/normalized/alias/homepage evidence; no lookalikes either,,v20260906+55419ffd
font-alumni-sans-inline-one,,0.0,none,missing,no exact/normalized/alias/homepage evidence; no lookalikes either,,v20260906+55419ffd
font-alumni-sans-pinstripe,,0.0,none,missing,no exact/normalized/alias/homepage evidence; no lookalikes either,,v20260906+55419ffd
font-alumni-sans-sc,,0.0,none,missing,no exact/normalized/alias/homepage evidence; no lookalikes either,,v20260906+55419ffd
font-alyamama,,0.0,none,missing,no exact/normalized/alias/homepage evidence; no lookalikes either,,v20260906+55419ffd
font-amarante,,0.0,none,missing,no exact/normalized/alias/homepage evidence; no lookalikes either,,v20260906+55419ffd
font-amaranth,,0.0,none,missing,no exact/normalized/alias/homepage evidence; no lookalikes either,,v20260906+55419ffd
font-amarna,,0.0,none,missing,no exact/normalized/alias/homepage evidence; no lookalikes either,,v20260906+55419ffd
font-amatic-sc,,0.0,none,missing,no exact/normalized/alias/homepage evidence; no lookalikes either,,v20260906+55419ffd
font-amethysta,,0.0,none,missing,no exact/normalized/alias/homepage evidence; no lookalikes either,,v20260906+55419ffd
font-amiko,,0.0,none,missing,no exact/normalized/alias/homepage evidence; no lookalikes either,,v20260906+55419ffd
font-amiri,,0.0,none,missing,no exact/normalized/alias/homepage evidence; no lookalikes either,,v20260906+55419ffd
font-amiri-quran,,0.0,none,missing,no exact/normalized/alias/homepage evidence; no lookalikes either,,v20260906+55419ffd
font-amita,,0.0,none,missing,no exact/normalized/alias/homepage evidence; no lookalikes either,,v20260906+55419ffd
font-amstelvar-alpha,,0.0,none,missing,no exact/normalized/alias/homepage evidence; no lookalikes either,,v20260906+55419ffd
font-anaheim,,0.0,none,missing,no exact/normalized/alias/homepage evidence; no lookalikes either,,v20260906+55419ffd
font-ancizar-sans,,0.0,none,missing,no exact/normalized/alias/homepage evidence; no lookalikes either,,v20260906+55419ffd
font-ancizar-serif,,0.0,none,missing,no exact/normalized/alias/homepage evidence; no lookalikes either,,v20260906+55419ffd
font-andada-pro,,0.0,none,missing,no exact/normalized/alias/homepage evidence; no lookalikes either,,v20260906+55419ffd
font-andagii,,0.0,none,missing,no exact/normalized/alias/homepage evidence; no lookalikes either,,v20260906+55419ffd
font-andale-mono,,0.0,none,missing,no exact/normalized/alias/homepage evidence; no lookalikes either,,v20260906+55419ffd
font-andika,,0.0,none,missing,no exact/normalized/alias/homepage evidence; no lookalikes either,,v20260906+55419ffd
font-andron-scriptor-web,,0.0,none,missing,no exact/normalized/alias/homepage evidence; no lookalikes either,,v20260906+55419ffd
font-anek-bangla,,0.0,none,missing,no exact/normalized/alias/homepage evidence; no lookalikes either,,v20260906+55419ffd
font-anek-devanagari,,0.0,none,missing,no exact/normalized/alias/homepage evidence; no lookalikes either,,v20260906+55419ffd
font-anek-gujarati,,0.0,none,missing,no exact/normalized/alias/homepage evidence; no lookalikes either,,v20260906+55419ffd
font-anek-gurmukhi,,0.0,none,missing,no exact/normalized/alias/homepage evidence; no lookalikes either,,v20260906+55419ffd
font-anek-kannada,,0.0,none,missing,no exact/normalized/alias/homepage evidence; no lookalikes either,,v20260906+55419ffd
font-anek-latin,,0.0,none,missing,no exact/normalized/alias/homepage evidence; no lookalikes either,,v20260906+55419ffd
font-anek-malayalam,,0.0,none,missing,no exact/normalized/alias/homepage evidence; no lookalikes either,,v20260906+55419ffd
font-anek-odia,,0.0,none,missing,no exact/normalized/alias/homepage evidence; no lookalikes either,,v20260906+55419ffd
font-anek-tamil,,0.0,none,missing,no exact/normalized/alias/homepage evidence; no lookalikes either,,v20260906+55419ffd
font-anek-telugu,,0.0,none,missing,no exact/normalized/alias/homepage evidence; no lookalikes either,,v20260906+55419ffd
font-angkor,,0.0,none,missing,no exact/normalized/alias/homepage evidence; no lookalikes either,,v20260906+55419ffd
font-anka-coder,,0.0,none,missing,no exact/normalized/alias/homepage evidence; no lookalikes either,,v20260906+55419ffd
font-annapurna-sil,,0.0,none,missing,no exact/normalized/alias/homepage evidence; no lookalikes either,,v20260906+55419ffd
font-annie-use-your-telescope,,0.0,none,missing,no exact/normalized/alias/homepage evidence; no lookalikes either,,v20260906+55419ffd
font-annotation-mono,,0.0,none,missing,no exact/normalized/alias/homepage evidence; no lookalikes either,,v20260906+55419ffd
font-annotationmono-nerd-font,,0.0,none,missing,no exact/normalized/alias/homepage evidence; no lookalikes either,,v20260906+55419ffd
font-anonymice-nerd-font,,0.0,none,missing,no exact/normalized/alias/homepage evidence; no lookalikes either,,v20260906+55419ffd
font-anonymice-powerline,,0.0,none,missing,no exact/normalized/alias/homepage evidence; no lookalikes either,,v20260906+55419ffd
font-anonymous-pro,,0.0,none,missing,no exact/normalized/alias/homepage evidence; no lookalikes either,,v20260906+55419ffd
font-anta,,0.0,none,missing,no exact/normalized/alias/homepage evidence; no lookalikes either,,v20260906+55419ffd
font-antic,,0.0,none,missing,no exact/normalized/alias/homepage evidence; no lookalikes either,,v20260906+55419ffd
font-antic-didone,,0.0,none,missing,no exact/normalized/alias/homepage evidence; no lookalikes either,,v20260906+55419ffd
font-antic-slab,,0.0,none,missing,no exact/normalized/alias/homepage evidence; no lookalikes either,,v20260906+55419ffd
font-antinoou,,0.0,none,missing,no exact/normalized/alias/homepage evidence; no lookalikes either,,v20260906+55419ffd
font-anton,,0.0,none,missing,no exact/normalized/alias/homepage evidence; no lookalikes either,,v20260906+55419ffd
font-anton-sc,,0.0,none,missing,no exact/normalized/alias/homepage evidence; no lookalikes either,,v20260906+55419ffd
font-antonio,,0.0,none,missing,no exact/normalized/alias/homepage evidence; no lookalikes either,,v20260906+55419ffd
font-anuphan,,0.0,none,missing,no exact/normalized/alias/homepage evidence; no lookalikes either,,v20260906+55419ffd
font-anybody,,0.0,none,missing,no exact/normalized/alias/homepage evidence; no lookalikes either,,v20260906+55419ffd
font-aoboshi-one,,0.0,none,missing,no exact/normalized/alias/homepage evidence; no lookalikes either,,v20260906+55419ffd
font-aporetic,,0.0,none,missing,no exact/normalized/alias/homepage evidence; no lookalikes either,,v20260906+55419ffd
font-ar-one-sans,,0.0,none,missing,no exact/normalized/alias/homepage evidence; no lookalikes either,,v20260906+55419ffd
font-arapey,,0.0,none,missing,no exact/normalized/alias/homepage evidence; no lookalikes either,,v20260906+55419ffd
font-arbutus,,0.0,none,missing,no exact/normalized/alias/homepage evidence; no lookalikes either,,v20260906+55419ffd
font-arbutus-slab,,0.0,none,missing,no exact/normalized/alias/homepage evidence; no lookalikes either,,v20260906+55419ffd
font-architects-daughter,,0.0,none,missing,no exact/normalized/alias/homepage evidence; no lookalikes either,,v20260906+55419ffd
font-architype-renner,,0.0,none,missing,no exact/normalized/alias/homepage evidence; no lookalikes either,,v20260906+55419ffd
font-archivo,,0.0,none,missing,no exact/normalized/alias/homepage evidence; no lookalikes either,,v20260906+55419ffd
font-archivo-black,,0.0,none,missing,no exact/normalized/alias/homepage evidence; no lookalikes either,,v20260906+55419ffd
font-archivo-narrow,,0.0,none,missing,no exact/normalized/alias/homepage evidence; no lookalikes either,,v20260906+55419ffd
font-are-you-serious,,0.0,none,missing,no exact/normalized/alias/homepage evidence; no lookalikes either,,v20260906+55419ffd
font-aref-ruqaa,,0.0,none,missing,no exact/normalized/alias/homepage evidence; no lookalikes either,,v20260906+55419ffd
font-aref-ruqaa-ink,,0.0,none,missing,no exact/normalized/alias/homepage evidence; no lookalikes either,,v20260906+55419ffd
font-arial,,0.0,none,missing,no exact/normalized/alias/homepage evidence; no lookalikes either,,v20260906+55419ffd
font-arial-black,,0.0,none,missing,no exact/normalized/alias/homepage evidence; no lookalikes either,,v20260906+55419ffd
font-arima,,0.0,none,missing,no exact/normalized/alias/homepage evidence; no lookalikes either,,v20260906+55419ffd
font-arimo,,0.0,none,missing,no exact/normalized/alias/homepage evidence; no lookalikes either,,v20260906+55419ffd
font-arimo-nerd-font,,0.0,none,missing,no exact/normalized/alias/homepage evidence; no lookalikes either,,v20260906+55419ffd
font-arizonia,,0.0,none,missing,no exact/normalized/alias/homepage evidence; no lookalikes either,,v20260906+55419ffd
font-ark-pixel-10px-monospaced,,0.0,none,missing,no exact/normalized/alias/homepage evidence; no lookalikes either,,v20260906+55419ffd
font-ark-pixel-10px-proportional,,0.0,none,missing,no exact/normalized/alias/homepage evidence; no lookalikes either,,v20260906+55419ffd
font-ark-pixel-12px-monospaced,,0.0,none,missing,no exact/normalized/alias/homepage evidence; no lookalikes either,,v20260906+55419ffd
font-ark-pixel-12px-proportional,,0.0,none,missing,no exact/normalized/alias/homepage evidence; no lookalikes either,,v20260906+55419ffd
font-ark-pixel-16px-monospaced,,0.0,none,missing,no exact/normalized/alias/homepage evidence; no lookalikes either,,v20260906+55419ffd
font-ark-pixel-16px-proportional,,0.0,none,missing,no exact/normalized/alias/homepage evidence; no lookalikes either,,v20260906+55419ffd
font-armata,,0.0,none,missing,no exact/normalized/alias/homepage evidence; no lookalikes either,,v20260906+55419ffd
font-arsenal,,0.0,none,missing,no exact/normalized/alias/homepage evidence; no lookalikes either,,v20260906+55419ffd
font-arsenal-sc,,0.0,none,missing,no exact/normalized/alias/homepage evidence; no lookalikes either,,v20260906+55419ffd
font-artifika,,0.0,none,missing,no exact/normalized/alias/homepage evidence; no lookalikes either,,v20260906+55419ffd
font-arvo,,0.0,none,missing,no exact/normalized/alias/homepage evidence; no lookalikes either,,v20260906+55419ffd
font-arya,,0.0,none,missing,no exact/normalized/alias/homepage evidence; no lookalikes either,,v20260906+55419ffd
font-asap,,0.0,none,missing,no exact/normalized/alias/homepage evidence; no lookalikes either,,v20260906+55419ffd
font-asap-condensed,,0.0,none,missing,no exact/normalized/alias/homepage evidence; no lookalikes either,,v20260906+55419ffd
font-asap-sharp,,0.0,none,missing,no exact/normalized/alias/homepage evidence; no lookalikes either,,v20260906+55419ffd
font-asar,,0.0,none,missing,no exact/normalized/alias/homepage evidence; no lookalikes either,,v20260906+55419ffd
font-asimovian,,0.0,none,missing,no exact/normalized/alias/homepage evidence; no lookalikes either,,v20260906+55419ffd
font-asset,,0.0,none,missing,no exact/normalized/alias/homepage evidence; no lookalikes either,,v20260906+55419ffd
font-assistant,,0.0,none,needs-review,no exact/normalized/alias/homepage evidence; fuzzy suggestions listed for review,qt-assistant,v20260906+55419ffd
font-asta-sans,,0.0,none,missing,no exact/normalized/alias/homepage evidence; no lookalikes either,,v20260906+55419ffd
font-astloch,,0.0,none,missing,no exact/normalized/alias/homepage evidence; no lookalikes either,,v20260906+55419ffd
font-asul,,0.0,none,missing,no exact/normalized/alias/homepage evidence; no lookalikes either,,v20260906+55419ffd
font-athiti,,0.0,none,missing,no exact/normalized/alias/homepage evidence; no lookalikes either,,v20260906+55419ffd
font-atkinson-hyperlegible,,0.0,none,missing,no exact/normalized/alias/homepage evidence; no lookalikes either,,v20260906+55419ffd
font-atkinson-hyperlegible-mono,,0.0,none,missing,no exact/normalized/alias/homepage evidence; no lookalikes either,,v20260906+55419ffd
font-atkinson-hyperlegible-next,,0.0,none,missing,no exact/normalized/alias/homepage evidence; no lookalikes either,,v20260906+55419ffd
font-atkynson-mono-nerd-font,,0.0,none,missing,no exact/normalized/alias/homepage evidence; no lookalikes either,,v20260906+55419ffd
font-atma,,0.0,none,missing,no exact/normalized/alias/homepage evidence; no lookalikes either,,v20260906+55419ffd
font-atomic-age,,0.0,none,missing,no exact/normalized/alias/homepage evidence; no lookalikes either,,v20260906+55419ffd
font-aubrey,,0.0,none,missing,no exact/normalized/alias/homepage evidence; no lookalikes either,,v20260906+55419ffd
font-audiowide,,0.0,none,missing,no exact/normalized/alias/homepage evidence; no lookalikes either,,v20260906+55419ffd
font-aurulent-sans-mono-nerd-font,,0.0,none,missing,no exact/normalized/alias/homepage evidence; no lookalikes either,,v20260906+55419ffd
font-autour-one,,0.0,none,missing,no exact/normalized/alias/homepage evidence; no lookalikes either,,v20260906+55419ffd
font-average,,0.0,none,missing,no exact/normalized/alias/homepage evidence; no lookalikes either,,v20260906+55419ffd
font-average-mono,,0.0,none,missing,no exact/normalized/alias/homepage evidence; no lookalikes either,,v20260906+55419ffd
font-average-sans,,0.0,none,missing,no exact/normalized/alias/homepage evidence; no lookalikes either,,v20260906+55419ffd
font-averia-gruesa-libre,,0.0,none,missing,no exact/normalized/alias/homepage evidence; no lookalikes either,,v20260906+55419ffd
font-averia-libre,,0.0,none,missing,no exact/normalized/alias/homepage evidence; no lookalikes either,,v20260906+55419ffd
font-averia-sans-libre,,0.0,none,missing,no exact/normalized/alias/homepage evidence; no lookalikes either,,v20260906+55419ffd
font-averia-serif-libre,,0.0,none,missing,no exact/normalized/alias/homepage evidence; no lookalikes either,,v20260906+55419ffd
font-awesome-terminal-fonts,,0.0,none,missing,no exact/normalized/alias/homepage evidence; no lookalikes either,,v20260906+55419ffd
font-azeret-mono,,0.0,none,missing,no exact/normalized/alias/homepage evidence; no lookalikes either,,v20260906+55419ffd
font-azonix,,0.0,none,missing,no exact/normalized/alias/homepage evidence; no lookalikes either,,v20260906+55419ffd
font-b612,,0.0,none,missing,no exact/normalized/alias/homepage evidence; no lookalikes either,,v20260906+55419ffd
font-b612-mono,,0.0,none,missing,no exact/normalized/alias/homepage evidence; no lookalikes either,,v20260906+55419ffd
font-babylonica,,0.0,none,missing,no exact/normalized/alias/homepage evidence; no lookalikes either,,v20260906+55419ffd
font-bacasime-antique,,0.0,none,missing,no exact/normalized/alias/homepage evidence; no lookalikes either,,v20260906+55419ffd
font-bad-script,,0.0,none,missing,no exact/normalized/alias/homepage evidence; no lookalikes either,,v20260906+55419ffd
font-badeen-display,,0.0,none,missing,no exact/normalized/alias/homepage evidence; no lookalikes either,,v20260906+55419ffd
font-bagel-fat-one,,0.0,none,missing,no exact/normalized/alias/homepage evidence; no lookalikes either,,v20260906+55419ffd
font-bahiana,,0.0,none,missing,no exact/normalized/alias/homepage evidence; no lookalikes either,,v20260906+55419ffd
font-bahianita,,0.0,none,missing,no exact/normalized/alias/homepage evidence; no lookalikes either,,v20260906+55419ffd
font-bai-jamjuree,,0.0,none,missing,no exact/normalized/alias/homepage evidence; no lookalikes either,,v20260906+55419ffd
font-bakbak-one,,0.0,none,missing,no exact/normalized/alias/homepage evidence; no lookalikes either,,v20260906+55419ffd
font-ballet,,0.0,none,missing,no exact/normalized/alias/homepage evidence; no lookalikes either,,v20260906+55419ffd
font-baloo,,0.0,none,missing,no exact/normalized/alias/homepage evidence; no lookalikes either,,v20260906+55419ffd
font-baloo-2,,0.0,none,missing,no exact/normalized/alias/homepage evidence; no lookalikes either,,v20260906+55419ffd
font-baloo-bhai-2,,0.0,none,missing,no exact/normalized/alias/homepage evidence; no lookalikes either,,v20260906+55419ffd
font-baloo-bhaijaan-2,,0.0,none,missing,no exact/normalized/alias/homepage evidence; no lookalikes either,,v20260906+55419ffd
font-baloo-bhaina-2,,0.0,none,missing,no exact/normalized/alias/homepage evidence; no lookalikes either,,v20260906+55419ffd
font-baloo-chettan-2,,0.0,none,missing,no exact/normalized/alias/homepage evidence; no lookalikes either,,v20260906+55419ffd
font-baloo-da-2,,0.0,none,missing,no exact/normalized/alias/homepage evidence; no lookalikes either,,v20260906+55419ffd
font-baloo-paaji-2,,0.0,none,missing,no exact/normalized/alias/homepage evidence; no lookalikes either,,v20260906+55419ffd
font-baloo-tamma-2,,0.0,none,missing,no exact/normalized/alias/homepage evidence; no lookalikes either,,v20260906+55419ffd
font-baloo-tammudu-2,,0.0,none,missing,no exact/normalized/alias/homepage evidence; no lookalikes either,,v20260906+55419ffd
font-baloo-thambi-2,,0.0,none,missing,no exact/normalized/alias/homepage evidence; no lookalikes either,,v20260906+55419ffd
font-balsamiq-sans,,0.0,none,missing,no exact/normalized/alias/homepage evidence; no lookalikes either,,v20260906+55419ffd
font-balthazar,,0.0,none,missing,no exact/normalized/alias/homepage evidence; no lookalikes either,,v20260906+55419ffd
font-bangers,,0.0,none,needs-review,no exact/normalized/alias/homepage evidence; fuzzy suggestions listed for review,font-manager,v20260906+55419ffd
font-barlow,,0.0,none,missing,no exact/normalized/alias/homepage evidence; no lookalikes either,,v20260906+55419ffd
font-barlow-condensed,,0.0,none,missing,no exact/normalized/alias/homepage evidence; no lookalikes either,,v20260906+55419ffd
font-barlow-semi-condensed,,0.0,none,missing,no exact/normalized/alias/homepage evidence; no lookalikes either,,v20260906+55419ffd
font-barriecito,,0.0,none,missing,no exact/normalized/alias/homepage evidence; no lookalikes either,,v20260906+55419ffd
font-barrio,,0.0,none,missing,no exact/normalized/alias/homepage evidence; no lookalikes either,,v20260906+55419ffd
font-basic,,0.0,none,missing,no exact/normalized/alias/homepage evidence; no lookalikes either,,v20260906+55419ffd
font-baskervville,,0.0,none,missing,no exact/normalized/alias/homepage evidence; no lookalikes either,,v20260906+55419ffd
font-baskervville-sc,,0.0,none,missing,no exact/normalized/alias/homepage evidence; no lookalikes either,,v20260906+55419ffd
font-batang,,0.0,none,missing,no exact/normalized/alias/homepage evidence; no lookalikes either,,v20260906+55419ffd
font-batangche,,0.0,none,missing,no exact/normalized/alias/homepage evidence; no lookalikes either,,v20260906+55419ffd
font-battambang,,0.0,none,missing,no exact/normalized/alias/homepage evidence; no lookalikes either,,v20260906+55419ffd
font-baumans,,0.0,none,missing,no exact/normalized/alias/homepage evidence; no lookalikes either,,v20260906+55419ffd
font-bayon,,0.0,none,missing,no exact/normalized/alias/homepage evidence; no lookalikes either,,v20260906+55419ffd
font-bbh-bartle,,0.0,none,missing,no exact/normalized/alias/homepage evidence; no lookalikes either,,v20260906+55419ffd
font-bbh-bogle,,0.0,none,missing,no exact/normalized/alias/homepage evidence; no lookalikes either,,v20260906+55419ffd
font-bbh-hegarty,,0.0,none,missing,no exact/normalized/alias/homepage evidence; no lookalikes either,,v20260906+55419ffd
font-be-vietnam-pro,,0.0,none,missing,no exact/normalized/alias/homepage evidence; no lookalikes either,,v20260906+55419ffd
font-beau-rivage,,0.0,none,missing,no exact/normalized/alias/homepage evidence; no lookalikes either,,v20260906+55419ffd
font-bebas-neue,,0.0,none,missing,no exact/normalized/alias/homepage evidence; no lookalikes either,,v20260906+55419ffd
font-beiruti,,0.0,none,missing,no exact/normalized/alias/homepage evidence; no lookalikes either,,v20260906+55419ffd
font-belanosima,,0.0,none,missing,no exact/normalized/alias/homepage evidence; no lookalikes either,,v20260906+55419ffd
font-belgrano,,0.0,none,missing,no exact/normalized/alias/homepage evidence; no lookalikes either,,v20260906+55419ffd
font-bellefair,,0.0,none,missing,no exact/normalized/alias/homepage evidence; no lookalikes either,,v20260906+55419ffd
font-belleza,,0.0,none,missing,no exact/normalized/alias/homepage evidence; no lookalikes either,,v20260906+55419ffd
font-bellota,,0.0,none,missing,no exact/normalized/alias/homepage evidence; no lookalikes either,,v20260906+55419ffd
font-bellota-text,,0.0,none,missing,no exact/normalized/alias/homepage evidence; no lookalikes either,,v20260906+55419ffd
font-benchnine,,0.0,none,missing,no exact/normalized/alias/homepage evidence; no lookalikes either,,v20260906+55419ffd
font-benne,,0.0,none,missing,no exact/normalized/alias/homepage evidence; no lookalikes either,,v20260906+55419ffd
font-bentham,,0.0,none,missing,no exact/normalized/alias/homepage evidence; no lookalikes either,,v20260906+55419ffd
font-berkshire-swash,,0.0,none,missing,no exact/normalized/alias/homepage evidence; no lookalikes either,,v20260906+55419ffd
font-besley,,0.0,none,missing,no exact/normalized/alias/homepage evidence; no lookalikes either,,v20260906+55419ffd
font-betania-patmos,,0.0,none,missing,no exact/normalized/alias/homepage evidence; no lookalikes either,,v20260906+55419ffd
font-betania-patmos-gdl,,0.0,none,missing,no exact/normalized/alias/homepage evidence; no lookalikes either,,v20260906+55419ffd
font-betania-patmos-guide-line,,0.0,none,missing,no exact/normalized/alias/homepage evidence; no lookalikes either,,v20260906+55419ffd
font-betania-patmos-in,,0.0,none,missing,no exact/normalized/alias/homepage evidence; no lookalikes either,,v20260906+55419ffd
font-betania-patmos-in-gdl,,0.0,none,missing,no exact/normalized/alias/homepage evidence; no lookalikes either,,v20260906+55419ffd
font-beth-ellen,,0.0,none,missing,no exact/normalized/alias/homepage evidence; no lookalikes either,,v20260906+55419ffd
font-bevan,,0.0,none,missing,no exact/normalized/alias/homepage evidence; no lookalikes either,,v20260906+55419ffd
font-bhavuka,,0.0,none,missing,no exact/normalized/alias/homepage evidence; no lookalikes either,,v20260906+55419ffd
font-bhutuka-expanded-one,,0.0,none,missing,no exact/normalized/alias/homepage evidence; no lookalikes either,,v20260906+55419ffd
font-big-shoulders,,0.0,none,missing,no exact/normalized/alias/homepage evidence; no lookalikes either,,v20260906+55419ffd
font-big-shoulders-display,,0.0,none,missing,no exact/normalized/alias/homepage evidence; no lookalikes either,,v20260906+55419ffd
font-big-shoulders-display-sc,,0.0,none,missing,no exact/normalized/alias/homepage evidence; no lookalikes either,,v20260906+55419ffd
font-big-shoulders-inline,,0.0,none,missing,no exact/normalized/alias/homepage evidence; no lookalikes either,,v20260906+55419ffd
font-big-shoulders-inline-display,,0.0,none,missing,no exact/normalized/alias/homepage evidence; no lookalikes either,,v20260906+55419ffd
font-big-shoulders-inline-display-sc,,0.0,none,missing,no exact/normalized/alias/homepage evidence; no lookalikes either,,v20260906+55419ffd
font-big-shoulders-inline-text,,0.0,none,missing,no exact/normalized/alias/homepage evidence; no lookalikes either,,v20260906+55419ffd
font-big-shoulders-inline-text-sc,,0.0,none,missing,no exact/normalized/alias/homepage evidence; no lookalikes either,,v20260906+55419ffd
font-big-shoulders-stencil,,0.0,none,missing,no exact/normalized/alias/homepage evidence; no lookalikes either,,v20260906+55419ffd
font-big-shoulders-stencil-display,,0.0,none,missing,no exact/normalized/alias/homepage evidence; no lookalikes either,,v20260906+55419ffd
font-big-shoulders-stencil-display-sc,,0.0,none,missing,no exact/normalized/alias/homepage evidence; no lookalikes either,,v20260906+55419ffd
font-big-shoulders-stencil-text,,0.0,none,missing,no exact/normalized/alias/homepage evidence; no lookalikes either,,v20260906+55419ffd
font-big-shoulders-stencil-text-sc,,0.0,none,missing,no exact/normalized/alias/homepage evidence; no lookalikes either,,v20260906+55419ffd
font-big-shoulders-text,,0.0,none,missing,no exact/normalized/alias/homepage evidence; no lookalikes either,,v20260906+55419ffd
font-big-shoulders-text-sc,,0.0,none,missing,no exact/normalized/alias/homepage evidence; no lookalikes either,,v20260906+55419ffd
font-bigblue-terminal-nerd-font,,0.0,none,missing,no exact/normalized/alias/homepage evidence; no lookalikes either,,v20260906+55419ffd
font-bigelow-rules,,0.0,none,missing,no exact/normalized/alias/homepage evidence; no lookalikes either,,v20260906+55419ffd
font-bigshot-one,,0.0,none,missing,no exact/normalized/alias/homepage evidence; no lookalikes either,,v20260906+55419ffd
font-bilbo,,0.0,none,missing,no exact/normalized/alias/homepage evidence; no lookalikes either,,v20260906+55419ffd
font-bilbo-swash-caps,,0.0,none,missing,no exact/normalized/alias/homepage evidence; no lookalikes either,,v20260906+55419ffd
font-biorhyme,,0.0,none,missing,no exact/normalized/alias/homepage evidence; no lookalikes either,,v20260906+55419ffd
font-biorhyme-expanded,,0.0,none,missing,no exact/normalized/alias/homepage evidence; no lookalikes either,,v20260906+55419ffd
font-birthstone,,0.0,none,missing,no exact/normalized/alias/homepage evidence; no lookalikes either,,v20260906+55419ffd
font-birthstone-bounce,,0.0,none,missing,no exact/normalized/alias/homepage evidence; no lookalikes either,,v20260906+55419ffd
font-biryani,,0.0,none,missing,no exact/normalized/alias/homepage evidence; no lookalikes either,,v20260906+55419ffd
font-bitcount,,0.0,none,missing,no exact/normalized/alias/homepage evidence; no lookalikes either,,v20260906+55419ffd
font-bitcount-grid-double,,0.0,none,missing,no exact/normalized/alias/homepage evidence; no lookalikes either,,v20260906+55419ffd
font-bitcount-grid-double-ink,,0.0,none,missing,no exact/normalized/alias/homepage evidence; no lookalikes either,,v20260906+55419ffd
font-bitcount-grid-single,,0.0,none,missing,no exact/normalized/alias/homepage evidence; no lookalikes either,,v20260906+55419ffd
font-bitcount-grid-single-ink,,0.0,none,missing,no exact/normalized/alias/homepage evidence; no lookalikes either,,v20260906+55419ffd
font-bitcount-ink,,0.0,none,missing,no exact/normalized/alias/homepage evidence; no lookalikes either,,v20260906+55419ffd
font-bitcount-prop-double,,0.0,none,missing,no exact/normalized/alias/homepage evidence; no lookalikes either,,v20260906+55419ffd
font-bitcount-prop-double-ink,,0.0,none,missing,no exact/normalized/alias/homepage evidence; no lookalikes either,,v20260906+55419ffd
font-bitcount-prop-single,,0.0,none,missing,no exact/normalized/alias/homepage evidence; no lookalikes either,,v20260906+55419ffd
font-bitcount-prop-single-ink,,0.0,none,missing,no exact/normalized/alias/homepage evidence; no lookalikes either,,v20260906+55419ffd
font-bitcount-single,,0.0,none,missing,no exact/normalized/alias/homepage evidence; no lookalikes either,,v20260906+55419ffd
font-bitcount-single-ink,,0.0,none,missing,no exact/normalized/alias/homepage evidence; no lookalikes either,,v20260906+55419ffd
font-bitstream-vera,,0.0,none,needs-review,no exact/normalized/alias/homepage evidence; fuzzy suggestions listed for review,R-fontBitstreamVera; bitstream-vera; font-bitstream-type1,v20260906+55419ffd
font-bitstream-vera-sans-mono-nerd-font,,0.0,none,missing,no exact/normalized/alias/homepage evidence; no lookalikes either,,v20260906+55419ffd
font-bitter,,0.0,none,missing,no exact/normalized/alias/homepage evidence; no lookalikes either,,v20260906+55419ffd
font-bitter-ht,,0.0,none,missing,no exact/normalized/alias/homepage evidence; no lookalikes either,,v20260906+55419ffd
font-biz-udgothic,,0.0,none,missing,no exact/normalized/alias/homepage evidence; no lookalikes either,,v20260906+55419ffd
font-biz-udmincho,,0.0,none,missing,no exact/normalized/alias/homepage evidence; no lookalikes either,,v20260906+55419ffd
font-biz-udpgothic,,0.0,none,missing,no exact/normalized/alias/homepage evidence; no lookalikes either,,v20260906+55419ffd
font-biz-udpmincho,,0.0,none,missing,no exact/normalized/alias/homepage evidence; no lookalikes either,,v20260906+55419ffd
font-bizter,,0.0,none,missing,no exact/normalized/alias/homepage evidence; no lookalikes either,,v20260906+55419ffd
font-bjcree,,0.0,none,missing,no exact/normalized/alias/homepage evidence; no lookalikes either,,v20260906+55419ffd
font-black-and-white-picture,,0.0,none,missing,no exact/normalized/alias/homepage evidence; no lookalikes either,,v20260906+55419ffd
font-black-han-sans,,0.0,none,missing,no exact/normalized/alias/homepage evidence; no lookalikes either,,v20260906+55419ffd
font-black-ops-one,,0.0,none,missing,no exact/normalized/alias/homepage evidence; no lookalikes either,,v20260906+55419ffd
font-blackout,,0.0,none,missing,no exact/normalized/alias/homepage evidence; no lookalikes either,,v20260906+55419ffd
font-blaka,,0.0,none,missing,no exact/normalized/alias/homepage evidence; no lookalikes either,,v20260906+55419ffd
font-blaka-hollow,,0.0,none,missing,no exact/normalized/alias/homepage evidence; no lookalikes either,,v20260906+55419ffd
font-blaka-ink,,0.0,none,missing,no exact/normalized/alias/homepage evidence; no lookalikes either,,v20260906+55419ffd
font-blex-mono-nerd-font,,0.0,none,missing,no exact/normalized/alias/homepage evidence; no lookalikes either,,v20260906+55419ffd
font-blinker,,0.0,none,missing,no exact/normalized/alias/homepage evidence; no lookalikes either,,v20260906+55419ffd
font-blokk-neue,,0.0,none,missing,no exact/normalized/alias/homepage evidence; no lookalikes either,,v20260906+55419ffd
font-bm,,0.0,none,missing,no exact/normalized/alias/homepage evidence; no lookalikes either,,v20260906+55419ffd
font-bodoni-moda,,0.0,none,missing,no exact/normalized/alias/homepage evidence; no lookalikes either,,v20260906+55419ffd
font-bodoni-moda-sc,,0.0,none,missing,no exact/normalized/alias/homepage evidence; no lookalikes either,,v20260906+55419ffd
font-bokor,,0.0,none,missing,no exact/normalized/alias/homepage evidence; no lookalikes either,,v20260906+55419ffd
font-boldonse,,0.0,none,missing,no exact/normalized/alias/homepage evidence; no lookalikes either,,v20260906+55419ffd
font-bona-nova,,0.0,none,missing,no exact/normalized/alias/homepage evidence; no lookalikes either,,v20260906+55419ffd
font-bona-nova-sc,,0.0,none,missing,no exact/normalized/alias/homepage evidence; no lookalikes either,,v20260906+55419ffd
font-bonbon,,0.0,none,missing,no exact/normalized/alias/homepage evidence; no lookalikes either,,v20260906+55419ffd
font-bonheur-royale,,0.0,none,missing,no exact/normalized/alias/homepage evidence; no lookalikes either,,v20260906+55419ffd
font-boogaloo,,0.0,none,missing,no exact/normalized/alias/homepage evidence; no lookalikes either,,v20260906+55419ffd
font-borel,,0.0,none,missing,no exact/normalized/alias/homepage evidence; no lookalikes either,,v20260906+55419ffd
font-bowlby-one,,0.0,none,missing,no exact/normalized/alias/homepage evidence; no lookalikes either,,v20260906+55419ffd
font-bowlby-one-sc,,0.0,none,missing,no exact/normalized/alias/homepage evidence; no lookalikes either,,v20260906+55419ffd
font-bpmf-huninn,,0.0,none,missing,no exact/normalized/alias/homepage evidence; no lookalikes either,,v20260906+55419ffd
font-bpmf-iansui,,0.0,none,missing,no exact/normalized/alias/homepage evidence; no lookalikes either,,v20260906+55419ffd
font-bpmf-zihi-kai-std,,0.0,none,missing,no exact/normalized/alias/homepage evidence; no lookalikes either,,v20260906+55419ffd
font-braah-one,,0.0,none,missing,no exact/normalized/alias/homepage evidence; no lookalikes either,,v20260906+55419ffd
font-brass-mono,,0.0,none,missing,no exact/normalized/alias/homepage evidence; no lookalikes either,,v20260906+55419ffd
font-bravura,,0.0,none,missing,no exact/normalized/alias/homepage evidence; no lookalikes either,,v20260906+55419ffd
font-brawler,,0.0,none,missing,no exact/normalized/alias/homepage evidence; no lookalikes either,,v20260906+55419ffd
font-bree-serif,,0.0,none,missing,no exact/normalized/alias/homepage evidence; no lookalikes either,,v20260906+55419ffd
font-bricolage-grotesque,,0.0,none,missing,no exact/normalized/alias/homepage evidence; no lookalikes either,,v20260906+55419ffd
font-briem-hand,,0.0,none,missing,no exact/normalized/alias/homepage evidence; no lookalikes either,,v20260906+55419ffd
font-brill,,0.0,none,missing,no exact/normalized/alias/homepage evidence; no lookalikes either,,v20260906+55419ffd
font-bruno-ace,,0.0,none,missing,no exact/normalized/alias/homepage evidence; no lookalikes either,,v20260906+55419ffd
font-bruno-ace-sc,,0.0,none,missing,no exact/normalized/alias/homepage evidence; no lookalikes either,,v20260906+55419ffd
font-brygada-1918,,0.0,none,missing,no exact/normalized/alias/homepage evidence; no lookalikes either,,v20260906+55419ffd
font-bubblegum-sans,,0.0,none,missing,no exact/normalized/alias/homepage evidence; no lookalikes either,,v20260906+55419ffd
font-bubbler-one,,0.0,none,missing,no exact/normalized/alias/homepage evidence; no lookalikes either,,v20260906+55419ffd
font-buda,,0.0,none,missing,no exact/normalized/alias/homepage evidence; no lookalikes either,,v20260906+55419ffd
font-buenard,,0.0,none,missing,no exact/normalized/alias/homepage evidence; no lookalikes either,,v20260906+55419ffd
font-bukyvede-bold,,0.0,none,missing,no exact/normalized/alias/homepage evidence; no lookalikes either,,v20260906+55419ffd
font-bukyvede-italic,,0.0,none,missing,no exact/normalized/alias/homepage evidence; no lookalikes either,,v20260906+55419ffd
font-bukyvede-regular,,0.0,none,missing,no exact/normalized/alias/homepage evidence; no lookalikes either,,v20260906+55419ffd
font-bungee,,0.0,none,missing,no exact/normalized/alias/homepage evidence; no lookalikes either,,v20260906+55419ffd
font-bungee-color,,0.0,none,missing,no exact/normalized/alias/homepage evidence; no lookalikes either,,v20260906+55419ffd
font-bungee-hairline,,0.0,none,missing,no exact/normalized/alias/homepage evidence; no lookalikes either,,v20260906+55419ffd
font-bungee-inline,,0.0,none,missing,no exact/normalized/alias/homepage evidence; no lookalikes either,,v20260906+55419ffd
font-bungee-outline,,0.0,none,missing,no exact/normalized/alias/homepage evidence; no lookalikes either,,v20260906+55419ffd
font-bungee-shade,,0.0,none,missing,no exact/normalized/alias/homepage evidence; no lookalikes either,,v20260906+55419ffd
font-bungee-spice,,0.0,none,missing,no exact/normalized/alias/homepage evidence; no lookalikes either,,v20260906+55419ffd
font-bungee-tint,,0.0,none,missing,no exact/normalized/alias/homepage evidence; no lookalikes either,,v20260906+55419ffd
font-butcherman,,0.0,none,missing,no exact/normalized/alias/homepage evidence; no lookalikes either,,v20260906+55419ffd
font-butterfly-kids,,0.0,none,missing,no exact/normalized/alias/homepage evidence; no lookalikes either,,v20260906+55419ffd
font-bytesized,,0.0,none,missing,no exact/normalized/alias/homepage evidence; no lookalikes either,,v20260906+55419ffd
font-caacupe-one,,0.0,none,missing,no exact/normalized/alias/homepage evidence; no lookalikes either,,v20260906+55419ffd
font-cabin,,0.0,none,missing,no exact/normalized/alias/homepage evidence; no lookalikes either,,v20260906+55419ffd
font-cabin-condensed,,0.0,none,missing,no exact/normalized/alias/homepage evidence; no lookalikes either,,v20260906+55419ffd
font-cabin-sketch,,0.0,none,missing,no exact/normalized/alias/homepage evidence; no lookalikes either,,v20260906+55419ffd
font-cactus-classical-serif,,0.0,none,missing,no exact/normalized/alias/homepage evidence; no lookalikes either,,v20260906+55419ffd
font-caesar-dressing,,0.0,none,missing,no exact/normalized/alias/homepage evidence; no lookalikes either,,v20260906+55419ffd
font-cagliostro,,0.0,none,missing,no exact/normalized/alias/homepage evidence; no lookalikes either,,v20260906+55419ffd
font-cairo,,0.0,none,missing,no exact/normalized/alias/homepage evidence; no lookalikes either,,v20260906+55419ffd
font-cairo-play,,0.0,none,missing,no exact/normalized/alias/homepage evidence; no lookalikes either,,v20260906+55419ffd
font-cal-sans,,0.0,none,missing,no exact/normalized/alias/homepage evidence; no lookalikes either,,v20260906+55419ffd
font-caladea,,0.0,none,missing,no exact/normalized/alias/homepage evidence; no lookalikes either,,v20260906+55419ffd
font-calistoga,,0.0,none,missing,no exact/normalized/alias/homepage evidence; no lookalikes either,,v20260906+55419ffd
font-calligraffitti,,0.0,none,missing,no exact/normalized/alias/homepage evidence; no lookalikes either,,v20260906+55419ffd
font-cambay,,0.0,none,missing,no exact/normalized/alias/homepage evidence; no lookalikes either,,v20260906+55419ffd
font-cambo,,0.0,none,missing,no exact/normalized/alias/homepage evidence; no lookalikes either,,v20260906+55419ffd
font-camingocode,,0.0,none,missing,no exact/normalized/alias/homepage evidence; no lookalikes either,,v20260906+55419ffd
font-candal,,0.0,none,missing,no exact/normalized/alias/homepage evidence; no lookalikes either,,v20260906+55419ffd
font-cantarell,,0.0,none,missing,no exact/normalized/alias/homepage evidence; no lookalikes either,,v20260906+55419ffd
font-cantata-one,,0.0,none,missing,no exact/normalized/alias/homepage evidence; no lookalikes either,,v20260906+55419ffd
font-cantora-one,,0.0,none,missing,no exact/normalized/alias/homepage evidence; no lookalikes either,,v20260906+55419ffd
font-caprasimo,,0.0,none,missing,no exact/normalized/alias/homepage evidence; no lookalikes either,,v20260906+55419ffd
font-capriola,,0.0,none,missing,no exact/normalized/alias/homepage evidence; no lookalikes either,,v20260906+55419ffd
font-caramel,,0.0,none,missing,no exact/normalized/alias/homepage evidence; no lookalikes either,,v20260906+55419ffd
font-carattere,,0.0,none,missing,no exact/normalized/alias/homepage evidence; no lookalikes either,,v20260906+55419ffd
font-cardo,,0.0,none,missing,no exact/normalized/alias/homepage evidence; no lookalikes either,,v20260906+55419ffd
font-carlito,,0.0,none,missing,no exact/normalized/alias/homepage evidence; no lookalikes either,,v20260906+55419ffd
font-carme,,0.0,none,missing,no exact/normalized/alias/homepage evidence; no lookalikes either,,v20260906+55419ffd
font-carrois-gothic,,0.0,none,missing,no exact/normalized/alias/homepage evidence; no lookalikes either,,v20260906+55419ffd
font-carrois-gothic-sc,,0.0,none,missing,no exact/normalized/alias/homepage evidence; no lookalikes either,,v20260906+55419ffd
font-carter-one,,0.0,none,missing,no exact/normalized/alias/homepage evidence; no lookalikes either,,v20260906+55419ffd
font-cascadia-code,,0.0,none,missing,no exact/normalized/alias/homepage evidence; no lookalikes either,,v20260906+55419ffd
font-cascadia-code-nf,,0.0,none,missing,no exact/normalized/alias/homepage evidence; no lookalikes either,,v20260906+55419ffd
font-cascadia-code-pl,,0.0,none,missing,no exact/normalized/alias/homepage evidence; no lookalikes either,,v20260906+55419ffd
font-cascadia-mono,,0.0,none,missing,no exact/normalized/alias/homepage evidence; no lookalikes either,,v20260906+55419ffd
font-cascadia-mono-nf,,0.0,none,missing,no exact/normalized/alias/homepage evidence; no lookalikes either,,v20260906+55419ffd
font-cascadia-mono-pl,,0.0,none,missing,no exact/normalized/alias/homepage evidence; no lookalikes either,,v20260906+55419ffd
font-caskaydia-cove-nerd-font,,0.0,none,missing,no exact/normalized/alias/homepage evidence; no lookalikes either,,v20260906+55419ffd
font-caskaydia-mono-nerd-font,,0.0,none,missing,no exact/normalized/alias/homepage evidence; no lookalikes either,,v20260906+55419ffd
font-castoro,,0.0,none,missing,no exact/normalized/alias/homepage evidence; no lookalikes either,,v20260906+55419ffd
font-castoro-titling,,0.0,none,missing,no exact/normalized/alias/homepage evidence; no lookalikes either,,v20260906+55419ffd
font-catamaran,,0.0,none,missing,no exact/normalized/alias/homepage evidence; no lookalikes either,,v20260906+55419ffd
font-caudex,,0.0,none,missing,no exact/normalized/alias/homepage evidence; no lookalikes either,,v20260906+55419ffd
font-cause,,0.0,none,missing,no exact/normalized/alias/homepage evidence; no lookalikes either,,v20260906+55419ffd
font-caveat,,0.0,none,missing,no exact/normalized/alias/homepage evidence; no lookalikes either,,v20260906+55419ffd
font-caveat-brush,,0.0,none,missing,no exact/normalized/alias/homepage evidence; no lookalikes either,,v20260906+55419ffd
font-cedarville-cursive,,0.0,none,missing,no exact/normalized/alias/homepage evidence; no lookalikes either,,v20260906+55419ffd
font-ceviche-one,,0.0,none,missing,no exact/normalized/alias/homepage evidence; no lookalikes either,,v20260906+55419ffd
font-chakra-petch,,0.0,none,missing,no exact/normalized/alias/homepage evidence; no lookalikes either,,v20260906+55419ffd
font-changa,,0.0,none,missing,no exact/normalized/alias/homepage evidence; no lookalikes either,,v20260906+55419ffd
font-changa-one,,0.0,none,missing,no exact/normalized/alias/homepage evidence; no lookalikes either,,v20260906+55419ffd
font-chango,,0.0,none,missing,no exact/normalized/alias/homepage evidence; no lookalikes either,,v20260906+55419ffd
font-chapbook,,0.0,none,missing,no exact/normalized/alias/homepage evidence; no lookalikes either,,v20260906+55419ffd
font-charis,,0.0,none,missing,no exact/normalized/alias/homepage evidence; no lookalikes either,,v20260906+55419ffd
font-charis-sil,,0.0,none,missing,no exact/normalized/alias/homepage evidence; no lookalikes either,,v20260906+55419ffd
font-charm,,0.0,none,missing,no exact/normalized/alias/homepage evidence; no lookalikes either,,v20260906+55419ffd
font-charmonman,,0.0,none,missing,no exact/normalized/alias/homepage evidence; no lookalikes either,,v20260906+55419ffd
font-charter,,0.0,none,missing,no exact/normalized/alias/homepage evidence; no lookalikes either,,v20260906+55419ffd
font-chathura,,0.0,none,missing,no exact/normalized/alias/homepage evidence; no lookalikes either,,v20260906+55419ffd
font-chau-philomene-one,,0.0,none,missing,no exact/normalized/alias/homepage evidence; no lookalikes either,,v20260906+55419ffd
font-chela-one,,0.0,none,missing,no exact/normalized/alias/homepage evidence; no lookalikes either,,v20260906+55419ffd
font-chelsea-market,,0.0,none,missing,no exact/normalized/alias/homepage evidence; no lookalikes either,,v20260906+55419ffd
font-chenla,,0.0,none,missing,no exact/normalized/alias/homepage evidence; no lookalikes either,,v20260906+55419ffd
font-chenyuluoyan,,0.0,none,missing,no exact/normalized/alias/homepage evidence; no lookalikes either,,v20260906+55419ffd
font-cherish,,0.0,none,missing,no exact/normalized/alias/homepage evidence; no lookalikes either,,v20260906+55419ffd
font-cherry-bomb-one,,0.0,none,missing,no exact/normalized/alias/homepage evidence; no lookalikes either,,v20260906+55419ffd
font-cherry-cream-soda,,0.0,none,missing,no exact/normalized/alias/homepage evidence; no lookalikes either,,v20260906+55419ffd
font-cherry-swash,,0.0,none,missing,no exact/normalized/alias/homepage evidence; no lookalikes either,,v20260906+55419ffd
font-chewy,,0.0,none,missing,no exact/normalized/alias/homepage evidence; no lookalikes either,,v20260906+55419ffd
font-chiayi-city,,0.0,none,missing,no exact/normalized/alias/homepage evidence; no lookalikes either,,v20260906+55419ffd
font-chicle,,0.0,none,missing,no exact/normalized/alias/homepage evidence; no lookalikes either,,v20260906+55419ffd
font-chilanka,,0.0,none,missing,no exact/normalized/alias/homepage evidence; no lookalikes either,,v20260906+55419ffd
font-chiron-goround-tc,,0.0,none,missing,no exact/normalized/alias/homepage evidence; no lookalikes either,,v20260906+55419ffd
font-chiron-hei-hk,,0.0,none,missing,no exact/normalized/alias/homepage evidence; no lookalikes either,,v20260906+55419ffd
font-chiron-sung-hk,,0.0,none,missing,no exact/normalized/alias/homepage evidence; no lookalikes either,,v20260906+55419ffd
font-chivo,,0.0,none,missing,no exact/normalized/alias/homepage evidence; no lookalikes either,,v20260906+55419ffd
font-chivo-mono,,0.0,none,missing,no exact/normalized/alias/homepage evidence; no lookalikes either,,v20260906+55419ffd
font-chocolate-classical-sans,,0.0,none,missing,no exact/normalized/alias/homepage evidence; no lookalikes either,,v20260906+55419ffd
font-chokokutai,,0.0,none,missing,no exact/normalized/alias/homepage evidence; no lookalikes either,,v20260906+55419ffd
font-chomsky,,0.0,none,missing,no exact/normalized/alias/homepage evidence; no lookalikes either,,v20260906+55419ffd
font-chonburi,,0.0,none,missing,no exact/normalized/alias/homepage evidence; no lookalikes either,,v20260906+55419ffd
font-church-slavonic,,0.0,none,missing,no exact/normalized/alias/homepage evidence; no lookalikes either,,v20260906+55419ffd
font-cica,,0.0,none,missing,no exact/normalized/alias/homepage evidence; no lookalikes either,,v20260906+55419ffd
font-cica-without-emoji,,0.0,none,missing,no exact/normalized/alias/homepage evidence; no lookalikes either,,v20260906+55419ffd
font-cinzel,,0.0,none,missing,no exact/normalized/alias/homepage evidence; no lookalikes either,,v20260906+55419ffd
font-cinzel-decorative,,0.0,none,missing,no exact/normalized/alias/homepage evidence; no lookalikes either,,v20260906+55419ffd
font-clarity-city,,0.0,none,missing,no exact/normalized/alias/homepage evidence; no lookalikes either,,v20260906+55419ffd
font-clicker-script,,0.0,none,missing,no exact/normalized/alias/homepage evidence; no lookalikes either,,v20260906+55419ffd
font-climate-crisis,,0.0,none,missing,no exact/normalized/alias/homepage evidence; no lookalikes either,,v20260906+55419ffd
font-cochineal,,0.0,none,missing,no exact/normalized/alias/homepage evidence; no lookalikes either,,v20260906+55419ffd
font-coda,,0.0,none,missing,no exact/normalized/alias/homepage evidence; no lookalikes either,,v20260906+55419ffd
font-code-new-roman-nerd-font,,0.0,none,missing,no exact/normalized/alias/homepage evidence; no lookalikes either,,v20260906+55419ffd
font-code2002,,0.0,none,missing,no exact/normalized/alias/homepage evidence; no lookalikes either,,v20260906+55419ffd
font-codicon,,0.0,none,missing,no exact/normalized/alias/homepage evidence; no lookalikes either,,v20260906+55419ffd
font-codystar,,0.0,none,missing,no exact/normalized/alias/homepage evidence; no lookalikes either,,v20260906+55419ffd
font-coelacanth,,0.0,none,missing,no exact/normalized/alias/homepage evidence; no lookalikes either,,v20260906+55419ffd
font-coiny,,0.0,none,missing,no exact/normalized/alias/homepage evidence; no lookalikes either,,v20260906+55419ffd
font-combo,,0.0,none,missing,no exact/normalized/alias/homepage evidence; no lookalikes either,,v20260906+55419ffd
font-comfortaa,,0.0,none,missing,no exact/normalized/alias/homepage evidence; no lookalikes either,,v20260906+55419ffd
font-comforter,,0.0,none,missing,no exact/normalized/alias/homepage evidence; no lookalikes either,,v20260906+55419ffd
font-comforter-brush,,0.0,none,missing,no exact/normalized/alias/homepage evidence; no lookalikes either,,v20260906+55419ffd
font-comic-mono,,0.0,none,missing,no exact/normalized/alias/homepage evidence; no lookalikes either,,v20260906+55419ffd
font-comic-neue,,0.0,none,missing,no exact/normalized/alias/homepage evidence; no lookalikes either,,v20260906+55419ffd
font-comic-relief,,0.0,none,missing,no exact/normalized/alias/homepage evidence; no lookalikes either,,v20260906+55419ffd
font-comic-sans-ms,,0.0,none,missing,no exact/normalized/alias/homepage evidence; no lookalikes either,,v20260906+55419ffd
font-comic-shanns-mono-nerd-font,,0.0,none,missing,no exact/normalized/alias/homepage evidence; no lookalikes either,,v20260906+55419ffd
font-coming-soon,,0.0,none,missing,no exact/normalized/alias/homepage evidence; no lookalikes either,,v20260906+55419ffd
font-comme,,0.0,none,missing,no exact/normalized/alias/homepage evidence; no lookalikes either,,v20260906+55419ffd
font-commissioner,,0.0,none,missing,no exact/normalized/alias/homepage evidence; no lookalikes either,,v20260906+55419ffd
font-commit-mono,,0.0,none,missing,no exact/normalized/alias/homepage evidence; no lookalikes either,,v20260906+55419ffd
font-commit-mono-nerd-font,,0.0,none,missing,no exact/normalized/alias/homepage evidence; no lookalikes either,,v20260906+55419ffd
font-computer-modern,,0.0,none,missing,no exact/normalized/alias/homepage evidence; no lookalikes either,,v20260906+55419ffd
font-conakry,,0.0,none,missing,no exact/normalized/alias/homepage evidence; no lookalikes either,,v20260906+55419ffd
font-concert-one,,0.0,none,missing,no exact/normalized/alias/homepage evidence; no lookalikes either,,v20260906+55419ffd
font-condiment,,0.0,none,missing,no exact/normalized/alias/homepage evidence; no lookalikes either,,v20260906+55419ffd
font-consolas-for-powerline,,0.0,none,missing,no exact/normalized/alias/homepage evidence; no lookalikes either,,v20260906+55419ffd
font-constructium,,0.0,none,missing,no exact/normalized/alias/homepage evidence; no lookalikes either,,v20260906+55419ffd
font-content,,0.0,none,missing,no exact/normalized/alias/homepage evidence; no lookalikes either,,v20260906+55419ffd
font-contrail-one,,0.0,none,missing,no exact/normalized/alias/homepage evidence; no lookalikes either,,v20260906+55419ffd
font-convergence,,0.0,none,missing,no exact/normalized/alias/homepage evidence; no lookalikes either,,v20260906+55419ffd
font-cookie,,0.0,none,missing,no exact/normalized/alias/homepage evidence; no lookalikes either,,v20260906+55419ffd
font-cooper-hewitt,,0.0,none,missing,no exact/normalized/alias/homepage evidence; no lookalikes either,,v20260906+55419ffd
font-copse,,0.0,none,missing,no exact/normalized/alias/homepage evidence; no lookalikes either,,v20260906+55419ffd
font-coral-pixels,,0.0,none,missing,no exact/normalized/alias/homepage evidence; no lookalikes either,,v20260906+55419ffd
font-corben,,0.0,none,missing,no exact/normalized/alias/homepage evidence; no lookalikes either,,v20260906+55419ffd
font-corinthia,,0.0,none,missing,no exact/normalized/alias/homepage evidence; no lookalikes either,,v20260906+55419ffd
font-cormorant,,0.0,none,missing,no exact/normalized/alias/homepage evidence; no lookalikes either,,v20260906+55419ffd
font-cormorant-garamond,,0.0,none,missing,no exact/normalized/alias/homepage evidence; no lookalikes either,,v20260906+55419ffd
font-cormorant-infant,,0.0,none,missing,no exact/normalized/alias/homepage evidence; no lookalikes either,,v20260906+55419ffd
font-cormorant-sc,,0.0,none,missing,no exact/normalized/alias/homepage evidence; no lookalikes either,,v20260906+55419ffd
font-cormorant-unicase,,0.0,none,missing,no exact/normalized/alias/homepage evidence; no lookalikes either,,v20260906+55419ffd
font-cormorant-upright,,0.0,none,missing,no exact/normalized/alias/homepage evidence; no lookalikes either,,v20260906+55419ffd
font-cossette-texte,,0.0,none,missing,no exact/normalized/alias/homepage evidence; no lookalikes either,,v20260906+55419ffd
font-cossette-titre,,0.0,none,missing,no exact/normalized/alias/homepage evidence; no lookalikes either,,v20260906+55419ffd
font-courgette,,0.0,none,missing,no exact/normalized/alias/homepage evidence; no lookalikes either,,v20260906+55419ffd
font-courier-new,,0.0,none,missing,no exact/normalized/alias/homepage evidence; no lookalikes either,,v20260906+55419ffd
font-courier-prime,,0.0,none,missing,no exact/normalized/alias/homepage evidence; no lookalikes either,,v20260906+55419ffd
font-courier-prime-code,,0.0,none,missing,no exact/normalized/alias/homepage evidence; no lookalikes either,,v20260906+55419ffd
font-courier-prime-medium-and-semi-bold,,0.0,none,missing,no exact/normalized/alias/homepage evidence; no lookalikes either,,v20260906+55419ffd
font-courier-prime-sans,,0.0,none,missing,no exact/normalized/alias/homepage evidence; no lookalikes either,,v20260906+55419ffd
font-cousine,,0.0,none,missing,no exact/normalized/alias/homepage evidence; no lookalikes either,,v20260906+55419ffd
font-cousine-nerd-font,,0.0,none,missing,no exact/normalized/alias/homepage evidence; no lookalikes either,,v20260906+55419ffd
font-coustard,,0.0,none,missing,no exact/normalized/alias/homepage evidence; no lookalikes either,,v20260906+55419ffd
font-covered-by-your-grace,,0.0,none,missing,no exact/normalized/alias/homepage evidence; no lookalikes either,,v20260906+55419ffd
font-cozette,,0.0,none,missing,no exact/normalized/alias/homepage evidence; no lookalikes either,,v20260906+55419ffd
font-crafty-girls,,0.0,none,missing,no exact/normalized/alias/homepage evidence; no lookalikes either,,v20260906+55419ffd
font-creepster,,0.0,none,missing,no exact/normalized/alias/homepage evidence; no lookalikes either,,v20260906+55419ffd
font-creepster-caps,,0.0,none,missing,no exact/normalized/alias/homepage evidence; no lookalikes either,,v20260906+55419ffd
font-crete-round,,0.0,none,missing,no exact/normalized/alias/homepage evidence; no lookalikes either,,v20260906+55419ffd
font-crimson-pro,,0.0,none,missing,no exact/normalized/alias/homepage evidence; no lookalikes either,,v20260906+55419ffd
font-crimson-text,,0.0,none,missing,no exact/normalized/alias/homepage evidence; no lookalikes either,,v20260906+55419ffd
font-croissant-one,,0.0,none,missing,no exact/normalized/alias/homepage evidence; no lookalikes either,,v20260906+55419ffd
font-crushed,,0.0,none,missing,no exact/normalized/alias/homepage evidence; no lookalikes either,,v20260906+55419ffd
font-cubic-11,,0.0,none,missing,no exact/normalized/alias/homepage evidence; no lookalikes either,,v20260906+55419ffd
font-cuprum,,0.0,none,missing,no exact/normalized/alias/homepage evidence; no lookalikes either,,v20260906+55419ffd
font-cute-font,,0.0,none,missing,no exact/normalized/alias/homepage evidence; no lookalikes either,,v20260906+55419ffd
font-cutive,,0.0,none,missing,no exact/normalized/alias/homepage evidence; no lookalikes either,,v20260906+55419ffd
font-cutive-mono,,0.0,none,missing,no exact/normalized/alias/homepage evidence; no lookalikes either,,v20260906+55419ffd
font-d2coding,,0.0,none,missing,no exact/normalized/alias/homepage evidence; no lookalikes either,,v20260906+55419ffd
font-d2coding-nerd-font,,0.0,none,missing,no exact/normalized/alias/homepage evidence; no lookalikes either,,v20260906+55419ffd
font-daddy-time-mono-nerd-font,,0.0,none,missing,no exact/normalized/alias/homepage evidence; no lookalikes either,,v20260906+55419ffd
font-dai-banna-sil,,0.0,none,missing,no exact/normalized/alias/homepage evidence; no lookalikes either,,v20260906+55419ffd
font-damion,,0.0,none,missing,no exact/normalized/alias/homepage evidence; no lookalikes either,,v20260906+55419ffd
font-dancing-script,,0.0,none,missing,no exact/normalized/alias/homepage evidence; no lookalikes either,,v20260906+55419ffd
font-danfo,,0.0,none,missing,no exact/normalized/alias/homepage evidence; no lookalikes either,,v20260906+55419ffd
font-dangrek,,0.0,none,missing,no exact/normalized/alias/homepage evidence; no lookalikes either,,v20260906+55419ffd
font-darker-grotesque,,0.0,none,missing,no exact/normalized/alias/homepage evidence; no lookalikes either,,v20260906+55419ffd
font-darumadrop-one,,0.0,none,missing,no exact/normalized/alias/homepage evidence; no lookalikes either,,v20260906+55419ffd
font-datatype,,0.0,none,missing,no exact/normalized/alias/homepage evidence; no lookalikes either,,v20260906+55419ffd
font-david-clm,,0.0,none,missing,no exact/normalized/alias/homepage evidence; no lookalikes either,,v20260906+55419ffd
font-david-libre,,0.0,none,missing,no exact/normalized/alias/homepage evidence; no lookalikes either,,v20260906+55419ffd
font-dawning-of-a-new-day,,0.0,none,missing,no exact/normalized/alias/homepage evidence; no lookalikes either,,v20260906+55419ffd
font-days-one,,0.0,none,missing,no exact/normalized/alias/homepage evidence; no lookalikes either,,v20260906+55419ffd
font-decovar-alpha,,0.0,none,missing,no exact/normalized/alias/homepage evidence; no lookalikes either,,v20260906+55419ffd
font-dejavu,,0.0,none,missing,no exact/normalized/alias/homepage evidence; no lookalikes either,,v20260906+55419ffd
font-dejavu-sans,,0.0,none,missing,no exact/normalized/alias/homepage evidence; no lookalikes either,,v20260906+55419ffd
font-dejavu-sans-mono-for-powerline,,0.0,none,missing,no exact/normalized/alias/homepage evidence; no lookalikes either,,v20260906+55419ffd
font-dejavu-sans-mono-nerd-font,,0.0,none,missing,no exact/normalized/alias/homepage evidence; no lookalikes either,,v20260906+55419ffd
font-dekko,,0.0,none,missing,no exact/normalized/alias/homepage evidence; no lookalikes either,,v20260906+55419ffd
font-dela-gothic-one,,0.0,none,missing,no exact/normalized/alias/homepage evidence; no lookalikes either,,v20260906+55419ffd
font-delicious-handrawn,,0.0,none,missing,no exact/normalized/alias/homepage evidence; no lookalikes either,,v20260906+55419ffd
font-delius,,0.0,none,missing,no exact/normalized/alias/homepage evidence; no lookalikes either,,v20260906+55419ffd
font-delius-swash-caps,,0.0,none,missing,no exact/normalized/alias/homepage evidence; no lookalikes either,,v20260906+55419ffd
font-delius-unicase,,0.0,none,missing,no exact/normalized/alias/homepage evidence; no lookalikes either,,v20260906+55419ffd
font-della-respira,,0.0,none,missing,no exact/normalized/alias/homepage evidence; no lookalikes either,,v20260906+55419ffd
font-delugia-book,,0.0,none,missing,no exact/normalized/alias/homepage evidence; no lookalikes either,,v20260906+55419ffd
font-delugia-complete,,0.0,none,missing,no exact/normalized/alias/homepage evidence; no lookalikes either,,v20260906+55419ffd
font-delugia-mono-complete,,0.0,none,missing,no exact/normalized/alias/homepage evidence; no lookalikes either,,v20260906+55419ffd
font-delugia-mono-powerline,,0.0,none,missing,no exact/normalized/alias/homepage evidence; no lookalikes either,,v20260906+55419ffd
font-delugia-powerline,,0.0,none,missing,no exact/normalized/alias/homepage evidence; no lookalikes either,,v20260906+55419ffd
font-denk-one,,0.0,none,missing,no exact/normalized/alias/homepage evidence; no lookalikes either,,v20260906+55419ffd
font-departure-mono,,0.0,none,missing,no exact/normalized/alias/homepage evidence; no lookalikes either,,v20260906+55419ffd
font-departure-mono-nerd-font,,0.0,none,missing,no exact/normalized/alias/homepage evidence; no lookalikes either,,v20260906+55419ffd
font-devicons,,0.0,none,missing,no exact/normalized/alias/homepage evidence; no lookalikes either,,v20260906+55419ffd
font-devonshire,,0.0,none,missing,no exact/normalized/alias/homepage evidence; no lookalikes either,,v20260906+55419ffd
font-dhurjati,,0.0,none,missing,no exact/normalized/alias/homepage evidence; no lookalikes either,,v20260906+55419ffd
font-dhyana,,0.0,none,missing,no exact/normalized/alias/homepage evidence; no lookalikes either,,v20260906+55419ffd
font-didact-gothic,,0.0,none,missing,no exact/normalized/alias/homepage evidence; no lookalikes either,,v20260906+55419ffd
font-digital-numbers,,0.0,none,missing,no exact/normalized/alias/homepage evidence; no lookalikes either,,v20260906+55419ffd
font-digohweli-old-do,,0.0,none,missing,no exact/normalized/alias/homepage evidence; no lookalikes either,,v20260906+55419ffd
font-diphylleia,,0.0,none,missing,no exact/normalized/alias/homepage evidence; no lookalikes either,,v20260906+55419ffd
font-diplomata,,0.0,none,missing,no exact/normalized/alias/homepage evidence; no lookalikes either,,v20260906+55419ffd
font-diplomata-sc,,0.0,none,missing,no exact/normalized/alias/homepage evidence; no lookalikes either,,v20260906+55419ffd
font-dm-mono,,0.0,none,missing,no exact/normalized/alias/homepage evidence; no lookalikes either,,v20260906+55419ffd
font-dm-sans,,0.0,none,missing,no exact/normalized/alias/homepage evidence; no lookalikes either,,v20260906+55419ffd
font-dm-serif-display,,0.0,none,missing,no exact/normalized/alias/homepage evidence; no lookalikes either,,v20260906+55419ffd
font-dm-serif-text,,0.0,none,missing,no exact/normalized/alias/homepage evidence; no lookalikes either,,v20260906+55419ffd
font-do-hyeon,,0.0,none,missing,no exact/normalized/alias/homepage evidence; no lookalikes either,,v20260906+55419ffd
font-dokdo,,0.0,none,missing,no exact/normalized/alias/homepage evidence; no lookalikes either,,v20260906+55419ffd
font-domine,,0.0,none,missing,no exact/normalized/alias/homepage evidence; no lookalikes either,,v20260906+55419ffd
font-donegal-one,,0.0,none,missing,no exact/normalized/alias/homepage evidence; no lookalikes either,,v20260906+55419ffd
font-dongle,,0.0,none,missing,no exact/normalized/alias/homepage evidence; no lookalikes either,,v20260906+55419ffd
font-doppio-one,,0.0,none,missing,no exact/normalized/alias/homepage evidence; no lookalikes either,,v20260906+55419ffd
font-dorsa,,0.0,none,missing,no exact/normalized/alias/homepage evidence; no lookalikes either,,v20260906+55419ffd
font-dosis,,0.0,none,missing,no exact/normalized/alias/homepage evidence; no lookalikes either,,v20260906+55419ffd
font-dotgothic16,,0.0,none,missing,no exact/normalized/alias/homepage evidence; no lookalikes either,,v20260906+55419ffd
font-doto,,0.0,none,missing,no exact/normalized/alias/homepage evidence; no lookalikes either,,v20260906+55419ffd
font-dotum,,0.0,none,missing,no exact/normalized/alias/homepage evidence; no lookalikes either,,v20260906+55419ffd
font-dotumche,,0.0,none,missing,no exact/normalized/alias/homepage evidence; no lookalikes either,,v20260906+55419ffd
font-doulos-sil,,0.0,none,missing,no exact/normalized/alias/homepage evidence; no lookalikes either,,v20260906+55419ffd
font-dr-sugiyama,,0.0,none,missing,no exact/normalized/alias/homepage evidence; no lookalikes either,,v20260906+55419ffd
font-dream-han-sans,,0.0,none,missing,no exact/normalized/alias/homepage evidence; no lookalikes either,,v20260906+55419ffd
font-droid-sans-mono-for-powerline,,0.0,none,missing,no exact/normalized/alias/homepage evidence; no lookalikes either,,v20260906+55419ffd
font-droid-sans-mono-nerd-font,,0.0,none,missing,no exact/normalized/alias/homepage evidence; no lookalikes either,,v20260906+55419ffd
font-duru-sans,,0.0,none,missing,no exact/normalized/alias/homepage evidence; no lookalikes either,,v20260906+55419ffd
font-dynalight,,0.0,none,missing,no exact/normalized/alias/homepage evidence; no lookalikes either,,v20260906+55419ffd
font-dynapuff,,0.0,none,missing,no exact/normalized/alias/homepage evidence; no lookalikes either,,v20260906+55419ffd
font-eagle-lake,,0.0,none,missing,no exact/normalized/alias/homepage evidence; no lookalikes either,,v20260906+55419ffd
font-east-sea-dokdo,,0.0,none,missing,no exact/normalized/alias/homepage evidence; no lookalikes either,,v20260906+55419ffd
font-eater,,0.0,none,missing,no exact/normalized/alias/homepage evidence; no lookalikes either,,v20260906+55419ffd
font-eb-garamond,,0.0,none,missing,no exact/normalized/alias/homepage evidence; no lookalikes either,,v20260906+55419ffd
font-ebh,,0.0,none,missing,no exact/normalized/alias/homepage evidence; no lookalikes either,,v20260906+55419ffd
font-economica,,0.0,none,missing,no exact/normalized/alias/homepage evidence; no lookalikes either,,v20260906+55419ffd
font-eczar,,0.0,none,missing,no exact/normalized/alias/homepage evidence; no lookalikes either,,v20260906+55419ffd
font-edlo,,0.0,none,missing,no exact/normalized/alias/homepage evidence; no lookalikes either,,v20260906+55419ffd
font-edu-au-vic-wa-nt-arrows,,0.0,none,missing,no exact/normalized/alias/homepage evidence; no lookalikes either,,v20260906+55419ffd
font-edu-au-vic-wa-nt-dots,,0.0,none,missing,no exact/normalized/alias/homepage evidence; no lookalikes either,,v20260906+55419ffd
font-edu-au-vic-wa-nt-guides,,0.0,none,missing,no exact/normalized/alias/homepage evidence; no lookalikes either,,v20260906+55419ffd
font-edu-au-vic-wa-nt-hand,,0.0,none,missing,no exact/normalized/alias/homepage evidence; no lookalikes either,,v20260906+55419ffd
font-edu-au-vic-wa-nt-pre,,0.0,none,missing,no exact/normalized/alias/homepage evidence; no lookalikes either,,v20260906+55419ffd
font-edu-nsw-act-foundation,,0.0,none,missing,no exact/normalized/alias/homepage evidence; no lookalikes either,,v20260906+55419ffd
font-edu-qld-beginner,,0.0,none,missing,no exact/normalized/alias/homepage evidence; no lookalikes either,,v20260906+55419ffd
font-edu-sa-beginner,,0.0,none,missing,no exact/normalized/alias/homepage evidence; no lookalikes either,,v20260906+55419ffd
font-edu-tas-beginner,,0.0,none,missing,no exact/normalized/alias/homepage evidence; no lookalikes either,,v20260906+55419ffd
font-edu-vic-wa-nt-beginner,,0.0,none,missing,no exact/normalized/alias/homepage evidence; no lookalikes either,,v20260906+55419ffd
font-edwin,,0.0,none,missing,no exact/normalized/alias/homepage evidence; no lookalikes either,,v20260906+55419ffd
font-el-messiri,,0.0,none,missing,no exact/normalized/alias/homepage evidence; no lookalikes either,,v20260906+55419ffd
font-eldur,,0.0,none,missing,no exact/normalized/alias/homepage evidence; no lookalikes either,,v20260906+55419ffd
font-electrolize,,0.0,none,missing,no exact/normalized/alias/homepage evidence; no lookalikes either,,v20260906+55419ffd
font-elice-digital-baeum,,0.0,none,missing,no exact/normalized/alias/homepage evidence; no lookalikes either,,v20260906+55419ffd
font-elms-sans,,0.0,none,missing,no exact/normalized/alias/homepage evidence; no lookalikes either,,v20260906+55419ffd
font-elsie,,0.0,none,missing,no exact/normalized/alias/homepage evidence; no lookalikes either,,v20260906+55419ffd
font-elsie-swash-caps,,0.0,none,missing,no exact/normalized/alias/homepage evidence; no lookalikes either,,v20260906+55419ffd
font-elstobd,,0.0,none,missing,no exact/normalized/alias/homepage evidence; no lookalikes either,,v20260906+55419ffd
font-emblema-one,,0.0,none,missing,no exact/normalized/alias/homepage evidence; no lookalikes either,,v20260906+55419ffd
font-emilys-candy,,0.0,none,missing,no exact/normalized/alias/homepage evidence; no lookalikes either,,v20260906+55419ffd
font-encode-sans,,0.0,none,missing,no exact/normalized/alias/homepage evidence; no lookalikes either,,v20260906+55419ffd
font-encode-sans-condensed,,0.0,none,missing,no exact/normalized/alias/homepage evidence; no lookalikes either,,v20260906+55419ffd
font-encode-sans-expanded,,0.0,none,missing,no exact/normalized/alias/homepage evidence; no lookalikes either,,v20260906+55419ffd
font-encode-sans-sc,,0.0,none,missing,no exact/normalized/alias/homepage evidence; no lookalikes either,,v20260906+55419ffd
font-encode-sans-semi-condensed,,0.0,none,missing,no exact/normalized/alias/homepage evidence; no lookalikes either,,v20260906+55419ffd
font-encode-sans-semi-expanded,,0.0,none,missing,no exact/normalized/alias/homepage evidence; no lookalikes either,,v20260906+55419ffd
font-engagement,,0.0,none,missing,no exact/normalized/alias/homepage evidence; no lookalikes either,,v20260906+55419ffd
font-englebert,,0.0,none,missing,no exact/normalized/alias/homepage evidence; no lookalikes either,,v20260906+55419ffd
font-enriqueta,,0.0,none,missing,no exact/normalized/alias/homepage evidence; no lookalikes either,,v20260906+55419ffd
font-envy-code-r,,0.0,none,missing,no exact/normalized/alias/homepage evidence; no lookalikes either,,v20260906+55419ffd
font-envy-code-r-nerd-font,,0.0,none,missing,no exact/normalized/alias/homepage evidence; no lookalikes either,,v20260906+55419ffd
font-ephesis,,0.0,none,missing,no exact/normalized/alias/homepage evidence; no lookalikes either,,v20260906+55419ffd
font-epilogue,,0.0,none,missing,no exact/normalized/alias/homepage evidence; no lookalikes either,,v20260906+55419ffd
font-epunda-sans,,0.0,none,missing,no exact/normalized/alias/homepage evidence; no lookalikes either,,v20260906+55419ffd
font-epunda-slab,,0.0,none,missing,no exact/normalized/alias/homepage evidence; no lookalikes either,,v20260906+55419ffd
font-erica-one,,0.0,none,missing,no exact/normalized/alias/homepage evidence; no lookalikes either,,v20260906+55419ffd
font-escumasia,,0.0,none,missing,no exact/normalized/alias/homepage evidence; no lookalikes either,,v20260906+55419ffd
font-esteban,,0.0,none,missing,no exact/normalized/alias/homepage evidence; no lookalikes either,,v20260906+55419ffd
font-estedad,,0.0,none,missing,no exact/normalized/alias/homepage evidence; no lookalikes either,,v20260906+55419ffd
font-estonia,,0.0,none,missing,no exact/normalized/alias/homepage evidence; no lookalikes either,,v20260906+55419ffd
font-et-book,,0.0,none,missing,no exact/normalized/alias/homepage evidence; no lookalikes either,,v20260906+55419ffd
font-euphoria-script,,0.0,none,missing,no exact/normalized/alias/homepage evidence; no lookalikes either,,v20260906+55419ffd
font-everson-mono,,0.0,none,missing,no exact/normalized/alias/homepage evidence; no lookalikes either,,v20260906+55419ffd
font-ewert,,0.0,none,missing,no exact/normalized/alias/homepage evidence; no lookalikes either,,v20260906+55419ffd
font-exile,,0.0,none,missing,no exact/normalized/alias/homepage evidence; no lookalikes either,,v20260906+55419ffd
font-exo,,0.0,none,missing,no exact/normalized/alias/homepage evidence; no lookalikes either,,v20260906+55419ffd
font-exo-2,,0.0,none,missing,no exact/normalized/alias/homepage evidence; no lookalikes either,,v20260906+55419ffd
font-expletus-sans,,0.0,none,missing,no exact/normalized/alias/homepage evidence; no lookalikes either,,v20260906+55419ffd
font-explora,,0.0,none,missing,no exact/normalized/alias/homepage evidence; no lookalikes either,,v20260906+55419ffd
font-ezra-sil,,0.0,none,missing,no exact/normalized/alias/homepage evidence; no lookalikes either,,v20260906+55419ffd
font-faculty-glyphic,,0.0,none,missing,no exact/normalized/alias/homepage evidence; no lookalikes either,,v20260906+55419ffd
font-fahkwang,,0.0,none,missing,no exact/normalized/alias/homepage evidence; no lookalikes either,,v20260906+55419ffd
font-fairfax,,0.0,none,missing,no exact/normalized/alias/homepage evidence; no lookalikes either,,v20260906+55419ffd
font-fairfax-hd,,0.0,none,missing,no exact/normalized/alias/homepage evidence; no lookalikes either,,v20260906+55419ffd
font-familjen-grotesk,,0.0,none,missing,no exact/normalized/alias/homepage evidence; no lookalikes either,,v20260906+55419ffd
font-fandol,,0.0,none,missing,no exact/normalized/alias/homepage evidence; no lookalikes either,,v20260906+55419ffd
font-fantasque-sans-mono,,0.0,none,missing,no exact/normalized/alias/homepage evidence; no lookalikes either,,v20260906+55419ffd
font-fantasque-sans-mono-nerd-font,,0.0,none,missing,no exact/normalized/alias/homepage evidence; no lookalikes either,,v20260906+55419ffd
font-fantasque-sans-mono-noloopk,,0.0,none,missing,no exact/normalized/alias/homepage evidence; no lookalikes either,,v20260906+55419ffd
font-fanwood-text,,0.0,none,missing,no exact/normalized/alias/homepage evidence; no lookalikes either,,v20260906+55419ffd
font-farro,,0.0,none,missing,no exact/normalized/alias/homepage evidence; no lookalikes either,,v20260906+55419ffd
font-farsan,,0.0,none,missing,no exact/normalized/alias/homepage evidence; no lookalikes either,,v20260906+55419ffd
font-fascinate,,0.0,none,missing,no exact/normalized/alias/homepage evidence; no lookalikes either,,v20260906+55419ffd
font-fascinate-inline,,0.0,none,missing,no exact/normalized/alias/homepage evidence; no lookalikes either,,v20260906+55419ffd
font-faster-one,,0.0,none,missing,no exact/normalized/alias/homepage evidence; no lookalikes either,,v20260906+55419ffd
font-fasthand,,0.0,none,missing,no exact/normalized/alias/homepage evidence; no lookalikes either,,v20260906+55419ffd
font-fauna-one,,0.0,none,missing,no exact/normalized/alias/homepage evidence; no lookalikes either,,v20260906+55419ffd
font-faune,,0.0,none,missing,no exact/normalized/alias/homepage evidence; no lookalikes either,,v20260906+55419ffd
font-faustina,,0.0,none,missing,no exact/normalized/alias/homepage evidence; no lookalikes either,,v20260906+55419ffd
font-federant,,0.0,none,missing,no exact/normalized/alias/homepage evidence; no lookalikes either,,v20260906+55419ffd
font-federo,,0.0,none,missing,no exact/normalized/alias/homepage evidence; no lookalikes either,,v20260906+55419ffd
font-felipa,,0.0,none,missing,no exact/normalized/alias/homepage evidence; no lookalikes either,,v20260906+55419ffd
font-fenix,,0.0,none,missing,no exact/normalized/alias/homepage evidence; no lookalikes either,,v20260906+55419ffd
font-festive,,0.0,none,missing,no exact/normalized/alias/homepage evidence; no lookalikes either,,v20260906+55419ffd
font-figtree,,0.0,none,missing,no exact/normalized/alias/homepage evidence; no lookalikes either,,v20260906+55419ffd
font-finger-paint,,0.0,none,missing,no exact/normalized/alias/homepage evidence; no lookalikes either,,v20260906+55419ffd
font-finlandica,,0.0,none,missing,no exact/normalized/alias/homepage evidence; no lookalikes either,,v20260906+55419ffd
font-finlandica-headline,,0.0,none,missing,no exact/normalized/alias/homepage evidence; no lookalikes either,,v20260906+55419ffd
font-finlandica-text,,0.0,none,missing,no exact/normalized/alias/homepage evidence; no lookalikes either,,v20260906+55419ffd
font-fira-code,,0.0,none,missing,no exact/normalized/alias/homepage evidence; no lookalikes either,,v20260906+55419ffd
font-fira-code-nerd-font,,0.0,none,missing,no exact/normalized/alias/homepage evidence; no lookalikes either,,v20260906+55419ffd
font-fira-mono,,0.0,none,missing,no exact/normalized/alias/homepage evidence; no lookalikes either,,v20260906+55419ffd
font-fira-mono-for-powerline,,0.0,none,missing,no exact/normalized/alias/homepage evidence; no lookalikes either,,v20260906+55419ffd
font-fira-mono-nerd-font,,0.0,none,missing,no exact/normalized/alias/homepage evidence; no lookalikes either,,v20260906+55419ffd
font-fira-sans,,0.0,none,missing,no exact/normalized/alias/homepage evidence; no lookalikes either,,v20260906+55419ffd
font-fira-sans-condensed,,0.0,none,missing,no exact/normalized/alias/homepage evidence; no lookalikes either,,v20260906+55419ffd
font-fira-sans-extra-condensed,,0.0,none,missing,no exact/normalized/alias/homepage evidence; no lookalikes either,,v20260906+55419ffd
font-firago,,0.0,none,missing,no exact/normalized/alias/homepage evidence; no lookalikes either,,v20260906+55419ffd
font-firge,,0.0,none,needs-review,no exact/normalized/alias/homepage evidence; fuzzy suggestions listed for review,fontforge,v20260906+55419ffd
font-firgenerd,,0.0,none,missing,no exact/normalized/alias/homepage evidence; no lookalikes either,,v20260906+55419ffd
font-fjalla-one,,0.0,none,missing,no exact/normalized/alias/homepage evidence; no lookalikes either,,v20260906+55419ffd
font-fjord-one,,0.0,none,missing,no exact/normalized/alias/homepage evidence; no lookalikes either,,v20260906+55419ffd
font-flamenco,,0.0,none,missing,no exact/normalized/alias/homepage evidence; no lookalikes either,,v20260906+55419ffd
font-flavors,,0.0,none,missing,no exact/normalized/alias/homepage evidence; no lookalikes either,,v20260906+55419ffd
font-fleur-de-leah,,0.0,none,missing,no exact/normalized/alias/homepage evidence; no lookalikes either,,v20260906+55419ffd
font-flow-block,,0.0,none,missing,no exact/normalized/alias/homepage evidence; no lookalikes either,,v20260906+55419ffd
font-flow-circular,,0.0,none,missing,no exact/normalized/alias/homepage evidence; no lookalikes either,,v20260906+55419ffd
font-flow-rounded,,0.0,none,missing,no exact/normalized/alias/homepage evidence; no lookalikes either,,v20260906+55419ffd
font-foldit,,0.0,none,missing,no exact/normalized/alias/homepage evidence; no lookalikes either,,v20260906+55419ffd
font-fondamento,,0.0,none,missing,no exact/normalized/alias/homepage evidence; no lookalikes either,,v20260906+55419ffd
font-fontawesome,,0.0,none,needs-review,no exact/normalized/alias/homepage evidence; fuzzy suggestions listed for review,R-fontawesome,v20260906+55419ffd
font-fontdiner-swanky,,0.0,none,missing,no exact/normalized/alias/homepage evidence; no lookalikes either,,v20260906+55419ffd
font-formudpgothic,,0.0,none,missing,no exact/normalized/alias/homepage evidence; no lookalikes either,,v20260906+55419ffd
font-forum,,0.0,none,missing,no exact/normalized/alias/homepage evidence; no lookalikes either,,v20260906+55419ffd
font-foundation-icons,,0.0,none,missing,no exact/normalized/alias/homepage evidence; no lookalikes either,,v20260906+55419ffd
font-foundry-sterling,,0.0,none,missing,no exact/normalized/alias/homepage evidence; no lookalikes either,,v20260906+55419ffd
font-fragment-mono,,0.0,none,missing,no exact/normalized/alias/homepage evidence; no lookalikes either,,v20260906+55419ffd
font-fragment-mono-sc,,0.0,none,missing,no exact/normalized/alias/homepage evidence; no lookalikes either,,v20260906+55419ffd
font-francois-one,,0.0,none,missing,no exact/normalized/alias/homepage evidence; no lookalikes either,,v20260906+55419ffd
font-frank-ruhl-libre,,0.0,none,missing,no exact/normalized/alias/homepage evidence; no lookalikes either,,v20260906+55419ffd
font-fraunces,,0.0,none,missing,no exact/normalized/alias/homepage evidence; no lookalikes either,,v20260906+55419ffd
font-freckle-face,,0.0,none,missing,no exact/normalized/alias/homepage evidence; no lookalikes either,,v20260906+55419ffd
font-fredericka-the-great,,0.0,none,missing,no exact/normalized/alias/homepage evidence; no lookalikes either,,v20260906+55419ffd
font-fredoka,,0.0,none,missing,no exact/normalized/alias/homepage evidence; no lookalikes either,,v20260906+55419ffd
font-free-mono-tengwar,,0.0,none,missing,no exact/normalized/alias/homepage evidence; no lookalikes either,,v20260906+55419ffd
font-freefont,,0.0,none,needs-review,no exact/normalized/alias/homepage evidence; same homepage 'https://www.gnu.org/software/freefont/' as 'freefont-ttf' but desc overlap only 0.00; no lookalikes either,,v20260906+55419ffd
font-freehand,,0.0,none,missing,no exact/normalized/alias/homepage evidence; no lookalikes either,,v20260906+55419ffd
font-freeman,,0.0,none,missing,no exact/normalized/alias/homepage evidence; no lookalikes either,,v20260906+55419ffd
font-fresca,,0.0,none,missing,no exact/normalized/alias/homepage evidence; no lookalikes either,,v20260906+55419ffd
font-frijole,,0.0,none,missing,no exact/normalized/alias/homepage evidence; no lookalikes either,,v20260906+55419ffd
font-fruktur,,0.0,none,missing,no exact/normalized/alias/homepage evidence; no lookalikes either,,v20260906+55419ffd
font-fugaz-one,,0.0,none,missing,no exact/normalized/alias/homepage evidence; no lookalikes either,,v20260906+55419ffd
font-fuggles,,0.0,none,missing,no exact/normalized/alias/homepage evidence; no lookalikes either,,v20260906+55419ffd
font-funnel-display,,0.0,none,missing,no exact/normalized/alias/homepage evidence; no lookalikes either,,v20260906+55419ffd
font-funnel-sans,,0.0,none,missing,no exact/normalized/alias/homepage evidence; no lookalikes either,,v20260906+55419ffd
font-fustat,,0.0,none,missing,no exact/normalized/alias/homepage evidence; no lookalikes either,,v20260906+55419ffd
font-fuzzy-bubbles,,0.0,none,missing,no exact/normalized/alias/homepage evidence; no lookalikes either,,v20260906+55419ffd
font-ga-maamli,,0.0,none,missing,no exact/normalized/alias/homepage evidence; no lookalikes either,,v20260906+55419ffd
font-gabarito,,0.0,none,missing,no exact/normalized/alias/homepage evidence; no lookalikes either,,v20260906+55419ffd
font-gabriela,,0.0,none,missing,no exact/normalized/alias/homepage evidence; no lookalikes either,,v20260906+55419ffd
font-gaegu,,0.0,none,missing,no exact/normalized/alias/homepage evidence; no lookalikes either,,v20260906+55419ffd
font-gafata,,0.0,none,missing,no exact/normalized/alias/homepage evidence; no lookalikes either,,v20260906+55419ffd
font-gajraj-one,,0.0,none,missing,no exact/normalized/alias/homepage evidence; no lookalikes either,,v20260906+55419ffd
font-galada,,0.0,none,missing,no exact/normalized/alias/homepage evidence; no lookalikes either,,v20260906+55419ffd
font-galdeano,,0.0,none,missing,no exact/normalized/alias/homepage evidence; no lookalikes either,,v20260906+55419ffd
font-galindo,,0.0,none,missing,no exact/normalized/alias/homepage evidence; no lookalikes either,,v20260906+55419ffd
font-gamja-flower,,0.0,none,missing,no exact/normalized/alias/homepage evidence; no lookalikes either,,v20260906+55419ffd
font-gandhi-sans,,0.0,none,missing,no exact/normalized/alias/homepage evidence; no lookalikes either,,v20260906+55419ffd
font-gantari,,0.0,none,missing,no exact/normalized/alias/homepage evidence; no lookalikes either,,v20260906+55419ffd
font-gasoek-one,,0.0,none,missing,no exact/normalized/alias/homepage evidence; no lookalikes either,,v20260906+55419ffd
font-gayathri,,0.0,none,missing,no exact/normalized/alias/homepage evidence; no lookalikes either,,v20260906+55419ffd
font-gd-highwaygothicja,,0.0,none,missing,no exact/normalized/alias/homepage evidence; no lookalikes either,,v20260906+55419ffd
font-geist,,0.0,none,missing,no exact/normalized/alias/homepage evidence; no lookalikes either,,v20260906+55419ffd
font-geist-mono,,0.0,none,missing,no exact/normalized/alias/homepage evidence; no lookalikes either,,v20260906+55419ffd
font-geist-mono-nerd-font,,0.0,none,missing,no exact/normalized/alias/homepage evidence; no lookalikes either,,v20260906+55419ffd
font-geist-pixel,,0.0,none,missing,no exact/normalized/alias/homepage evidence; no lookalikes either,,v20260906+55419ffd
font-gelasio,,0.0,none,missing,no exact/normalized/alias/homepage evidence; no lookalikes either,,v20260906+55419ffd
font-gemunu-libre,,0.0,none,missing,no exact/normalized/alias/homepage evidence; no lookalikes either,,v20260906+55419ffd
font-genjyuugothic,,0.0,none,missing,no exact/normalized/alias/homepage evidence; no lookalikes either,,v20260906+55419ffd
font-genjyuugothic-l,,0.0,none,missing,no exact/normalized/alias/homepage evidence; no lookalikes either,,v20260906+55419ffd
font-genjyuugothic-x,,0.0,none,missing,no exact/normalized/alias/homepage evidence; no lookalikes either,,v20260906+55419ffd
font-genkigothic,,0.0,none,missing,no exact/normalized/alias/homepage evidence; no lookalikes either,,v20260906+55419ffd
font-genos,,0.0,none,missing,no exact/normalized/alias/homepage evidence; no lookalikes either,,v20260906+55419ffd
font-genryumin,,0.0,none,missing,no exact/normalized/alias/homepage evidence; no lookalikes either,,v20260906+55419ffd
font-gensekigothic,,0.0,none,missing,no exact/normalized/alias/homepage evidence; no lookalikes either,,v20260906+55419ffd
font-gensenrounded,,0.0,none,missing,no exact/normalized/alias/homepage evidence; no lookalikes either,,v20260906+55419ffd
font-genshingothic,,0.0,none,missing,no exact/normalized/alias/homepage evidence; no lookalikes either,,v20260906+55419ffd
font-gentium,,0.0,none,missing,no exact/normalized/alias/homepage evidence; no lookalikes either,,v20260906+55419ffd
font-gentium-basic,,0.0,none,missing,no exact/normalized/alias/homepage evidence; no lookalikes either,,v20260906+55419ffd
font-gentium-book,,0.0,none,missing,no exact/normalized/alias/homepage evidence; no lookalikes either,,v20260906+55419ffd
font-gentium-book-basic,,0.0,none,missing,no exact/normalized/alias/homepage evidence; no lookalikes either,,v20260906+55419ffd
font-gentium-book-plus,,0.0,none,missing,no exact/normalized/alias/homepage evidence; no lookalikes either,,v20260906+55419ffd
font-gentium-plus,,0.0,none,missing,no exact/normalized/alias/homepage evidence; no lookalikes either,,v20260906+55419ffd
font-genwanmin,,0.0,none,missing,no exact/normalized/alias/homepage evidence; no lookalikes either,,v20260906+55419ffd
font-genyogothic,,0.0,none,missing,no exact/normalized/alias/homepage evidence; no lookalikes either,,v20260906+55419ffd
font-genyomin,,0.0,none,missing,no exact/normalized/alias/homepage evidence; no lookalikes either,,v20260906+55419ffd
font-geo,,0.0,none,missing,no exact/normalized/alias/homepage evidence; no lookalikes either,,v20260906+55419ffd
font-geologica,,0.0,none,missing,no exact/normalized/alias/homepage evidence; no lookalikes either,,v20260906+55419ffd
font-geom,,0.0,none,missing,no exact/normalized/alias/homepage evidence; no lookalikes either,,v20260906+55419ffd
font-geomini,,0.0,none,missing,no exact/normalized/alias/homepage evidence; no lookalikes either,,v20260906+55419ffd
font-georama,,0.0,none,missing,no exact/normalized/alias/homepage evidence; no lookalikes either,,v20260906+55419ffd
font-georgia,,0.0,none,missing,no exact/normalized/alias/homepage evidence; no lookalikes either,,v20260906+55419ffd
font-geostar,,0.0,none,missing,no exact/normalized/alias/homepage evidence; no lookalikes either,,v20260906+55419ffd
font-geostar-fill,,0.0,none,missing,no exact/normalized/alias/homepage evidence; no lookalikes either,,v20260906+55419ffd
font-germania-one,,0.0,none,missing,no exact/normalized/alias/homepage evidence; no lookalikes either,,v20260906+55419ffd
font-gfs-didot,,0.0,none,missing,no exact/normalized/alias/homepage evidence; no lookalikes either,,v20260906+55419ffd
font-gfs-neohellenic,,0.0,none,missing,no exact/normalized/alias/homepage evidence; no lookalikes either,,v20260906+55419ffd
font-ghanachocolate,,0.0,none,missing,no exact/normalized/alias/homepage evidence; no lookalikes either,,v20260906+55419ffd
font-gideon-roman,,0.0,none,missing,no exact/normalized/alias/homepage evidence; no lookalikes either,,v20260906+55419ffd
font-gidole,,0.0,none,missing,no exact/normalized/alias/homepage evidence; no lookalikes either,,v20260906+55419ffd
font-gidugu,,0.0,none,missing,no exact/normalized/alias/homepage evidence; no lookalikes either,,v20260906+55419ffd
font-gilbert,,0.0,none,missing,no exact/normalized/alias/homepage evidence; no lookalikes either,,v20260906+55419ffd
font-gilda-display,,0.0,none,missing,no exact/normalized/alias/homepage evidence; no lookalikes either,,v20260906+55419ffd
font-girassol,,0.0,none,missing,no exact/normalized/alias/homepage evidence; no lookalikes either,,v20260906+55419ffd
font-give-you-glory,,0.0,none,missing,no exact/normalized/alias/homepage evidence; no lookalikes either,,v20260906+55419ffd
font-glass-antiqua,,0.0,none,missing,no exact/normalized/alias/homepage evidence; no lookalikes either,,v20260906+55419ffd
font-glegoo,,0.0,none,missing,no exact/normalized/alias/homepage evidence; no lookalikes either,,v20260906+55419ffd
font-gloock,,0.0,none,missing,no exact/normalized/alias/homepage evidence; no lookalikes either,,v20260906+55419ffd
font-gloria-hallelujah,,0.0,none,missing,no exact/normalized/alias/homepage evidence; no lookalikes either,,v20260906+55419ffd
font-glory,,0.0,none,missing,no exact/normalized/alias/homepage evidence; no lookalikes either,,v20260906+55419ffd
font-gluten,,0.0,none,missing,no exact/normalized/alias/homepage evidence; no lookalikes either,,v20260906+55419ffd
font-gmarket-sans,,0.0,none,missing,no exact/normalized/alias/homepage evidence; no lookalikes either,,v20260906+55419ffd
font-gnu-unifont,,0.0,none,missing,no exact/normalized/alias/homepage evidence; no lookalikes either,,v20260906+55419ffd
font-go,,0.0,none,missing,no exact/normalized/alias/homepage evidence; no lookalikes either,,v20260906+55419ffd
font-go-mono-nerd-font,,0.0,none,missing,no exact/normalized/alias/homepage evidence; no lookalikes either,,v20260906+55419ffd
font-goblin-one,,0.0,none,missing,no exact/normalized/alias/homepage evidence; no lookalikes either,,v20260906+55419ffd
font-gochi-hand,,0.0,none,missing,no exact/normalized/alias/homepage evidence; no lookalikes either,,v20260906+55419ffd
font-gohufont-nerd-font,,0.0,none,missing,no exact/normalized/alias/homepage evidence; no lookalikes either,,v20260906+55419ffd
font-goldman,,0.0,none,missing,no exact/normalized/alias/homepage evidence; no lookalikes either,,v20260906+55419ffd
font-golos-text,,0.0,none,missing,no exact/normalized/alias/homepage evidence; no lookalikes either,,v20260906+55419ffd
font-golos-ui,,0.0,none,missing,no exact/normalized/alias/homepage evidence; no lookalikes either,,v20260906+55419ffd
font-google-sans-code,,0.0,none,missing,no exact/normalized/alias/homepage evidence; no lookalikes either,,v20260906+55419ffd
font-googlesanscode-nerd-font,,0.0,none,missing,no exact/normalized/alias/homepage evidence; no lookalikes either,,v20260906+55419ffd
font-goorm-sans,,0.0,none,missing,no exact/normalized/alias/homepage evidence; no lookalikes either,,v20260906+55419ffd
font-goorm-sans-code,,0.0,none,missing,no exact/normalized/alias/homepage evidence; no lookalikes either,,v20260906+55419ffd
font-gorditas,,0.0,none,missing,no exact/normalized/alias/homepage evidence; no lookalikes either,,v20260906+55419ffd
font-gothic-a1,,0.0,none,missing,no exact/normalized/alias/homepage evidence; no lookalikes either,,v20260906+55419ffd
font-gotu,,0.0,none,missing,no exact/normalized/alias/homepage evidence; no lookalikes either,,v20260906+55419ffd
font-goudy-bookletter-1911,,0.0,none,missing,no exact/normalized/alias/homepage evidence; no lookalikes either,,v20260906+55419ffd
font-gowun-batang,,0.0,none,missing,no exact/normalized/alias/homepage evidence; no lookalikes either,,v20260906+55419ffd
font-gowun-dodum,,0.0,none,missing,no exact/normalized/alias/homepage evidence; no lookalikes either,,v20260906+55419ffd
font-graduate,,0.0,none,missing,no exact/normalized/alias/homepage evidence; no lookalikes either,,v20260906+55419ffd
font-grand-hotel,,0.0,none,missing,no exact/normalized/alias/homepage evidence; no lookalikes either,,v20260906+55419ffd
font-grandiflora-one,,0.0,none,missing,no exact/normalized/alias/homepage evidence; no lookalikes either,,v20260906+55419ffd
font-grandstander,,0.0,none,missing,no exact/normalized/alias/homepage evidence; no lookalikes either,,v20260906+55419ffd
font-grape-nuts,,0.0,none,missing,no exact/normalized/alias/homepage evidence; no lookalikes either,,v20260906+55419ffd
font-gravitas-one,,0.0,none,missing,no exact/normalized/alias/homepage evidence; no lookalikes either,,v20260906+55419ffd
font-great-vibes,,0.0,none,missing,no exact/normalized/alias/homepage evidence; no lookalikes either,,v20260906+55419ffd
font-grechen-fuemen,,0.0,none,missing,no exact/normalized/alias/homepage evidence; no lookalikes either,,v20260906+55419ffd
font-grenze,,0.0,none,missing,no exact/normalized/alias/homepage evidence; no lookalikes either,,v20260906+55419ffd
font-grenze-gotisch,,0.0,none,missing,no exact/normalized/alias/homepage evidence; no lookalikes either,,v20260906+55419ffd
font-grey-qo,,0.0,none,missing,no exact/normalized/alias/homepage evidence; no lookalikes either,,v20260906+55419ffd
font-greybeard,,0.0,none,missing,no exact/normalized/alias/homepage evidence; no lookalikes either,,v20260906+55419ffd
font-griffy,,0.0,none,missing,no exact/normalized/alias/homepage evidence; no lookalikes either,,v20260906+55419ffd
font-gruppo,,0.0,none,missing,no exact/normalized/alias/homepage evidence; no lookalikes either,,v20260906+55419ffd
font-gudea,,0.0,none,missing,no exact/normalized/alias/homepage evidence; no lookalikes either,,v20260906+55419ffd
font-gugi,,0.0,none,missing,no exact/normalized/alias/homepage evidence; no lookalikes either,,v20260906+55419ffd
font-guguru-sans-code,,0.0,none,missing,no exact/normalized/alias/homepage evidence; no lookalikes either,,v20260906+55419ffd
font-guguru-sans-code-nf,,0.0,none,missing,no exact/normalized/alias/homepage evidence; no lookalikes either,,v20260906+55419ffd
font-gulim,,0.0,none,missing,no exact/normalized/alias/homepage evidence; no lookalikes either,,v20260906+55419ffd
font-gulimche,,0.0,none,missing,no exact/normalized/alias/homepage evidence; no lookalikes either,,v20260906+55419ffd
font-gulzar,,0.0,none,missing,no exact/normalized/alias/homepage evidence; no lookalikes either,,v20260906+55419ffd
font-gungsuh,,0.0,none,missing,no exact/normalized/alias/homepage evidence; no lookalikes either,,v20260906+55419ffd
font-gungsuhche,,0.0,none,missing,no exact/normalized/alias/homepage evidence; no lookalikes either,,v20260906+55419ffd
font-gupter,,0.0,none,missing,no exact/normalized/alias/homepage evidence; no lookalikes either,,v20260906+55419ffd
font-gurajada,,0.0,none,missing,no exact/normalized/alias/homepage evidence; no lookalikes either,,v20260906+55419ffd
font-gveret-levin,,0.0,none,missing,no exact/normalized/alias/homepage evidence; no lookalikes either,,v20260906+55419ffd
font-gwendolyn,,0.0,none,missing,no exact/normalized/alias/homepage evidence; no lookalikes either,,v20260906+55419ffd
font-habibi,,0.0,none,missing,no exact/normalized/alias/homepage evidence; no lookalikes either,,v20260906+55419ffd
font-hachi-maru-pop,,0.0,none,missing,no exact/normalized/alias/homepage evidence; no lookalikes either,,v20260906+55419ffd
font-hack,,0.0,none,needs-review,no exact/normalized/alias/homepage evidence; fuzzy suggestions listed for review,nethack,v20260906+55419ffd
font-hack-nerd-font,,0.0,none,missing,no exact/normalized/alias/homepage evidence; no lookalikes either,,v20260906+55419ffd
font-hackgen,,0.0,none,missing,no exact/normalized/alias/homepage evidence; no lookalikes either,,v20260906+55419ffd
font-hackgen-nerd,,0.0,none,missing,no exact/normalized/alias/homepage evidence; no lookalikes either,,v20260906+55419ffd
font-hahmlet,,0.0,none,missing,no exact/normalized/alias/homepage evidence; no lookalikes either,,v20260906+55419ffd
font-halant,,0.0,none,missing,no exact/normalized/alias/homepage evidence; no lookalikes either,,v20260906+55419ffd
font-hammersmith-one,,0.0,none,missing,no exact/normalized/alias/homepage evidence; no lookalikes either,,v20260906+55419ffd
font-han-nom-a,,0.0,none,missing,no exact/normalized/alias/homepage evidence; no lookalikes either,,v20260906+55419ffd
font-hanalei,,0.0,none,missing,no exact/normalized/alias/homepage evidence; no lookalikes either,,v20260906+55419ffd
font-hanalei-fill,,0.0,none,missing,no exact/normalized/alias/homepage evidence; no lookalikes either,,v20260906+55419ffd
font-hanamin,,0.0,none,missing,no exact/normalized/alias/homepage evidence; no lookalikes either,,v20260906+55419ffd
font-handjet,,0.0,none,missing,no exact/normalized/alias/homepage evidence; no lookalikes either,,v20260906+55419ffd
font-handlee,,0.0,none,missing,no exact/normalized/alias/homepage evidence; no lookalikes either,,v20260906+55419ffd
font-hanken-grotesk,,0.0,none,missing,no exact/normalized/alias/homepage evidence; no lookalikes either,,v20260906+55419ffd
font-hannari,,0.0,none,missing,no exact/normalized/alias/homepage evidence; no lookalikes either,,v20260906+55419ffd
font-hanuman,,0.0,none,missing,no exact/normalized/alias/homepage evidence; no lookalikes either,,v20260906+55419ffd
font-happy-monkey,,0.0,none,missing,no exact/normalized/alias/homepage evidence; no lookalikes either,,v20260906+55419ffd
font-harano-aji,,0.0,none,missing,no exact/normalized/alias/homepage evidence; no lookalikes either,,v20260906+55419ffd
font-harmattan,,0.0,none,missing,no exact/normalized/alias/homepage evidence; no lookalikes either,,v20260906+55419ffd
font-harmonyos-sans,,0.0,none,missing,no exact/normalized/alias/homepage evidence; no lookalikes either,,v20260906+55419ffd
font-harmonyos-sans-naskh-arabic,,0.0,none,missing,no exact/normalized/alias/homepage evidence; no lookalikes either,,v20260906+55419ffd
font-harmonyos-sans-sc,,0.0,none,missing,no exact/normalized/alias/homepage evidence; no lookalikes either,,v20260906+55419ffd
font-harmonyos-sans-tc,,0.0,none,missing,no exact/normalized/alias/homepage evidence; no lookalikes either,,v20260906+55419ffd
font-hasklig,,0.0,none,missing,no exact/normalized/alias/homepage evidence; no lookalikes either,,v20260906+55419ffd
font-hasklug-nerd-font,,0.0,none,missing,no exact/normalized/alias/homepage evidence; no lookalikes either,,v20260906+55419ffd
font-headland-one,,0.0,none,missing,no exact/normalized/alias/homepage evidence; no lookalikes either,,v20260906+55419ffd
font-heavy-data-nerd-font,,0.0,none,missing,no exact/normalized/alias/homepage evidence; no lookalikes either,,v20260906+55419ffd
font-hedvig-letters-sans,,0.0,none,missing,no exact/normalized/alias/homepage evidence; no lookalikes either,,v20260906+55419ffd
font-hedvig-letters-serif,,0.0,none,missing,no exact/normalized/alias/homepage evidence; no lookalikes either,,v20260906+55419ffd
font-heebo,,0.0,none,missing,no exact/normalized/alias/homepage evidence; no lookalikes either,,v20260906+55419ffd
font-henny-penny,,0.0,none,missing,no exact/normalized/alias/homepage evidence; no lookalikes either,,v20260906+55419ffd
font-hepta-slab,,0.0,none,missing,no exact/normalized/alias/homepage evidence; no lookalikes either,,v20260906+55419ffd
font-hermeneus-one,,0.0,none,missing,no exact/normalized/alias/homepage evidence; no lookalikes either,,v20260906+55419ffd
font-hermit,,0.0,none,missing,no exact/normalized/alias/homepage evidence; no lookalikes either,,v20260906+55419ffd
font-herr-von-muellerhoff,,0.0,none,missing,no exact/normalized/alias/homepage evidence; no lookalikes either,,v20260906+55419ffd
font-hi-melody,,0.0,none,missing,no exact/normalized/alias/homepage evidence; no lookalikes either,,v20260906+55419ffd
font-hibur-mono,,0.0,none,missing,no exact/normalized/alias/homepage evidence; no lookalikes either,,v20260906+55419ffd
font-hina-mincho,,0.0,none,missing,no exact/normalized/alias/homepage evidence; no lookalikes either,,v20260906+55419ffd
font-hind,,0.0,none,missing,no exact/normalized/alias/homepage evidence; no lookalikes either,,v20260906+55419ffd
font-hind-colombo,,0.0,none,missing,no exact/normalized/alias/homepage evidence; no lookalikes either,,v20260906+55419ffd
font-hind-guntur,,0.0,none,missing,no exact/normalized/alias/homepage evidence; no lookalikes either,,v20260906+55419ffd
font-hind-jalandhar,,0.0,none,missing,no exact/normalized/alias/homepage evidence; no lookalikes either,,v20260906+55419ffd
font-hind-kochi,,0.0,none,missing,no exact/normalized/alias/homepage evidence; no lookalikes either,,v20260906+55419ffd
font-hind-madurai,,0.0,none,missing,no exact/normalized/alias/homepage evidence; no lookalikes either,,v20260906+55419ffd
font-hind-mysuru,,0.0,none,missing,no exact/normalized/alias/homepage evidence; no lookalikes either,,v20260906+55419ffd
font-hind-siliguri,,0.0,none,missing,no exact/normalized/alias/homepage evidence; no lookalikes either,,v20260906+55419ffd
font-hind-vadodara,,0.0,none,missing,no exact/normalized/alias/homepage evidence; no lookalikes either,,v20260906+55419ffd
font-holtwood-one-sc,,0.0,none,missing,no exact/normalized/alias/homepage evidence; no lookalikes either,,v20260906+55419ffd
font-homemade-apple,,0.0,none,missing,no exact/normalized/alias/homepage evidence; no lookalikes either,,v20260906+55419ffd
font-homenaje,,0.0,none,missing,no exact/normalized/alias/homepage evidence; no lookalikes either,,v20260906+55419ffd
font-honk,,0.0,none,missing,no exact/normalized/alias/homepage evidence; no lookalikes either,,v20260906+55419ffd
font-host-grotesk,,0.0,none,missing,no exact/normalized/alias/homepage evidence; no lookalikes either,,v20260906+55419ffd
font-hubballi,,0.0,none,missing,no exact/normalized/alias/homepage evidence; no lookalikes either,,v20260906+55419ffd
font-hubot-sans,,0.0,none,missing,no exact/normalized/alias/homepage evidence; no lookalikes either,,v20260906+55419ffd
font-humor-sans,,0.0,none,missing,no exact/normalized/alias/homepage evidence; no lookalikes either,,v20260906+55419ffd
font-hundar,,0.0,none,missing,no exact/normalized/alias/homepage evidence; no lookalikes either,,v20260906+55419ffd
font-huninn,,0.0,none,missing,no exact/normalized/alias/homepage evidence; no lookalikes either,,v20260906+55419ffd
font-hurmit-nerd-font,,0.0,none,missing,no exact/normalized/alias/homepage evidence; no lookalikes either,,v20260906+55419ffd
font-hurricane,,0.0,none,missing,no exact/normalized/alias/homepage evidence; no lookalikes either,,v20260906+55419ffd
font-hyppolit,,0.0,none,missing,no exact/normalized/alias/homepage evidence; no lookalikes either,,v20260906+55419ffd
font-ia-writer-duo,,0.0,none,missing,no exact/normalized/alias/homepage evidence; no lookalikes either,,v20260906+55419ffd
font-ia-writer-mono,,0.0,none,missing,no exact/normalized/alias/homepage evidence; no lookalikes either,,v20260906+55419ffd
font-ia-writer-quattro,,0.0,none,missing,no exact/normalized/alias/homepage evidence; no lookalikes either,,v20260906+55419ffd
font-iansui,,0.0,none,missing,no exact/normalized/alias/homepage evidence; no lookalikes either,,v20260906+55419ffd
font-ibarra-real-nova,,0.0,none,missing,no exact/normalized/alias/homepage evidence; no lookalikes either,,v20260906+55419ffd
font-ibm-plex-math,,0.0,none,missing,no exact/normalized/alias/homepage evidence; no lookalikes either,,v20260906+55419ffd
font-ibm-plex-mono,,0.0,none,missing,no exact/normalized/alias/homepage evidence; no lookalikes either,,v20260906+55419ffd
font-ibm-plex-sans,,0.0,none,missing,no exact/normalized/alias/homepage evidence; no lookalikes either,,v20260906+55419ffd
font-ibm-plex-sans-arabic,,0.0,none,missing,no exact/normalized/alias/homepage evidence; no lookalikes either,,v20260906+55419ffd
font-ibm-plex-sans-condensed,,0.0,none,missing,no exact/normalized/alias/homepage evidence; no lookalikes either,,v20260906+55419ffd
font-ibm-plex-sans-devanagari,,0.0,none,missing,no exact/normalized/alias/homepage evidence; no lookalikes either,,v20260906+55419ffd
font-ibm-plex-sans-hebrew,,0.0,none,missing,no exact/normalized/alias/homepage evidence; no lookalikes either,,v20260906+55419ffd
font-ibm-plex-sans-jp,,0.0,none,missing,no exact/normalized/alias/homepage evidence; no lookalikes either,,v20260906+55419ffd
font-ibm-plex-sans-kr,,0.0,none,missing,no exact/normalized/alias/homepage evidence; no lookalikes either,,v20260906+55419ffd
font-ibm-plex-sans-sc,,0.0,none,missing,no exact/normalized/alias/homepage evidence; no lookalikes either,,v20260906+55419ffd
font-ibm-plex-sans-tc,,0.0,none,missing,no exact/normalized/alias/homepage evidence; no lookalikes either,,v20260906+55419ffd
font-ibm-plex-sans-thai,,0.0,none,missing,no exact/normalized/alias/homepage evidence; no lookalikes either,,v20260906+55419ffd
font-ibm-plex-sans-thai-looped,,0.0,none,missing,no exact/normalized/alias/homepage evidence; no lookalikes either,,v20260906+55419ffd
font-ibm-plex-serif,,0.0,none,missing,no exact/normalized/alias/homepage evidence; no lookalikes either,,v20260906+55419ffd
font-iceberg,,0.0,none,missing,no exact/normalized/alias/homepage evidence; no lookalikes either,,v20260906+55419ffd
font-iceland,,0.0,none,missing,no exact/normalized/alias/homepage evidence; no lookalikes either,,v20260906+55419ffd
font-icomoon,,0.0,none,missing,no exact/normalized/alias/homepage evidence; no lookalikes either,,v20260906+55419ffd
font-idiqlat,,0.0,none,missing,no exact/normalized/alias/homepage evidence; no lookalikes either,,v20260906+55419ffd
font-im-fell-double-pica,,0.0,none,missing,no exact/normalized/alias/homepage evidence; no lookalikes either,,v20260906+55419ffd
font-im-fell-double-pica-sc,,0.0,none,missing,no exact/normalized/alias/homepage evidence; no lookalikes either,,v20260906+55419ffd
font-im-fell-dw-pica,,0.0,none,missing,no exact/normalized/alias/homepage evidence; no lookalikes either,,v20260906+55419ffd
font-im-fell-dw-pica-sc,,0.0,none,missing,no exact/normalized/alias/homepage evidence; no lookalikes either,,v20260906+55419ffd
font-im-fell-english,,0.0,none,missing,no exact/normalized/alias/homepage evidence; no lookalikes either,,v20260906+55419ffd
font-im-fell-english-sc,,0.0,none,missing,no exact/normalized/alias/homepage evidence; no lookalikes either,,v20260906+55419ffd
font-im-fell-french-canon,,0.0,none,missing,no exact/normalized/alias/homepage evidence; no lookalikes either,,v20260906+55419ffd
font-im-fell-french-canon-sc,,0.0,none,missing,no exact/normalized/alias/homepage evidence; no lookalikes either,,v20260906+55419ffd
font-im-fell-great-primer,,0.0,none,missing,no exact/normalized/alias/homepage evidence; no lookalikes either,,v20260906+55419ffd
font-im-fell-great-primer-sc,,0.0,none,missing,no exact/normalized/alias/homepage evidence; no lookalikes either,,v20260906+55419ffd
font-im-writing-nerd-font,,0.0,none,missing,no exact/normalized/alias/homepage evidence; no lookalikes either,,v20260906+55419ffd
font-imbue,,0.0,none,missing,no exact/normalized/alias/homepage evidence; no lookalikes either,,v20260906+55419ffd
font-iming,,0.0,none,missing,no exact/normalized/alias/homepage evidence; no lookalikes either,,v20260906+55419ffd
font-impact,,0.0,none,missing,no exact/normalized/alias/homepage evidence; no lookalikes either,,v20260906+55419ffd
font-imperial-script,,0.0,none,missing,no exact/normalized/alias/homepage evidence; no lookalikes either,,v20260906+55419ffd
font-imprima,,0.0,none,missing,no exact/normalized/alias/homepage evidence; no lookalikes either,,v20260906+55419ffd
font-inclusive-sans,,0.0,none,missing,no exact/normalized/alias/homepage evidence; no lookalikes either,,v20260906+55419ffd
font-inconsolata,,0.0,none,missing,no exact/normalized/alias/homepage evidence; no lookalikes either,,v20260906+55419ffd
font-inconsolata-dz-for-powerline,,0.0,none,missing,no exact/normalized/alias/homepage evidence; no lookalikes either,,v20260906+55419ffd
font-inconsolata-for-powerline,,0.0,none,missing,no exact/normalized/alias/homepage evidence; no lookalikes either,,v20260906+55419ffd
font-inconsolata-for-powerline-bold,,0.0,none,missing,no exact/normalized/alias/homepage evidence; no lookalikes either,,v20260906+55419ffd
font-inconsolata-g-for-powerline,,0.0,none,missing,no exact/normalized/alias/homepage evidence; no lookalikes either,,v20260906+55419ffd
font-inconsolata-go-nerd-font,,0.0,none,missing,no exact/normalized/alias/homepage evidence; no lookalikes either,,v20260906+55419ffd
font-inconsolata-lgc,,0.0,none,missing,no exact/normalized/alias/homepage evidence; no lookalikes either,,v20260906+55419ffd
font-inconsolata-lgc-nerd-font,,0.0,none,missing,no exact/normalized/alias/homepage evidence; no lookalikes either,,v20260906+55419ffd
font-inconsolata-nerd-font,,0.0,none,missing,no exact/normalized/alias/homepage evidence; no lookalikes either,,v20260906+55419ffd
font-inder,,0.0,none,missing,no exact/normalized/alias/homepage evidence; no lookalikes either,,v20260906+55419ffd
font-indie-flower,,0.0,none,missing,no exact/normalized/alias/homepage evidence; no lookalikes either,,v20260906+55419ffd
font-infini,,0.0,none,missing,no exact/normalized/alias/homepage evidence; no lookalikes either,,v20260906+55419ffd
font-ingrid-darling,,0.0,none,missing,no exact/normalized/alias/homepage evidence; no lookalikes either,,v20260906+55419ffd
font-inika,,0.0,none,missing,no exact/normalized/alias/homepage evidence; no lookalikes either,,v20260906+55419ffd
font-inknut-antiqua,,0.0,none,missing,no exact/normalized/alias/homepage evidence; no lookalikes either,,v20260906+55419ffd
font-input,,0.0,none,missing,no exact/normalized/alias/homepage evidence; no lookalikes either,,v20260906+55419ffd
font-inria,,0.0,none,missing,no exact/normalized/alias/homepage evidence; no lookalikes either,,v20260906+55419ffd
font-inria-sans,,0.0,none,missing,no exact/normalized/alias/homepage evidence; no lookalikes either,,v20260906+55419ffd
font-inria-serif,,0.0,none,missing,no exact/normalized/alias/homepage evidence; no lookalikes either,,v20260906+55419ffd
font-inspiration,,0.0,none,missing,no exact/normalized/alias/homepage evidence; no lookalikes either,,v20260906+55419ffd
font-instrument-sans,,0.0,none,missing,no exact/normalized/alias/homepage evidence; no lookalikes either,,v20260906+55419ffd
font-instrument-serif,,0.0,none,missing,no exact/normalized/alias/homepage evidence; no lookalikes either,,v20260906+55419ffd
font-intel-one-mono,,0.0,none,missing,no exact/normalized/alias/homepage evidence; no lookalikes either,,v20260906+55419ffd
font-inter,,0.0,none,missing,no exact/normalized/alias/homepage evidence; no lookalikes either,,v20260906+55419ffd
font-inter-tight,,0.0,none,missing,no exact/normalized/alias/homepage evidence; no lookalikes either,,v20260906+55419ffd
font-intone-mono-nerd-font,,0.0,none,missing,no exact/normalized/alias/homepage evidence; no lookalikes either,,v20260906+55419ffd
font-iosevka,,0.0,none,missing,no exact/normalized/alias/homepage evidence; no lookalikes either,,v20260906+55419ffd
font-iosevka-aile,,0.0,none,missing,no exact/normalized/alias/homepage evidence; no lookalikes either,,v20260906+55419ffd
font-iosevka-charon,,0.0,none,missing,no exact/normalized/alias/homepage evidence; no lookalikes either,,v20260906+55419ffd
font-iosevka-charon-mono,,0.0,none,missing,no exact/normalized/alias/homepage evidence; no lookalikes either,,v20260906+55419ffd
font-iosevka-comfy,,0.0,none,missing,no exact/normalized/alias/homepage evidence; no lookalikes either,,v20260906+55419ffd
font-iosevka-curly,,0.0,none,missing,no exact/normalized/alias/homepage evidence; no lookalikes either,,v20260906+55419ffd
font-iosevka-curly-slab,,0.0,none,missing,no exact/normalized/alias/homepage evidence; no lookalikes either,,v20260906+55419ffd
font-iosevka-etoile,,0.0,none,missing,no exact/normalized/alias/homepage evidence; no lookalikes either,,v20260906+55419ffd
font-iosevka-nerd-font,,0.0,none,missing,no exact/normalized/alias/homepage evidence; no lookalikes either,,v20260906+55419ffd
font-iosevka-slab,,0.0,none,missing,no exact/normalized/alias/homepage evidence; no lookalikes either,,v20260906+55419ffd
font-iosevka-ss01,,0.0,none,missing,no exact/normalized/alias/homepage evidence; no lookalikes either,,v20260906+55419ffd
font-iosevka-ss02,,0.0,none,missing,no exact/normalized/alias/homepage evidence; no lookalikes either,,v20260906+55419ffd
font-iosevka-ss03,,0.0,none,missing,no exact/normalized/alias/homepage evidence; no lookalikes either,,v20260906+55419ffd
font-iosevka-ss04,,0.0,none,missing,no exact/normalized/alias/homepage evidence; no lookalikes either,,v20260906+55419ffd
font-iosevka-ss05,,0.0,none,missing,no exact/normalized/alias/homepage evidence; no lookalikes either,,v20260906+55419ffd
font-iosevka-ss06,,0.0,none,missing,no exact/normalized/alias/homepage evidence; no lookalikes either,,v20260906+55419ffd
font-iosevka-ss07,,0.0,none,missing,no exact/normalized/alias/homepage evidence; no lookalikes either,,v20260906+55419ffd
font-iosevka-ss08,,0.0,none,missing,no exact/normalized/alias/homepage evidence; no lookalikes either,,v20260906+55419ffd
font-iosevka-ss09,,0.0,none,missing,no exact/normalized/alias/homepage evidence; no lookalikes either,,v20260906+55419ffd
font-iosevka-ss10,,0.0,none,missing,no exact/normalized/alias/homepage evidence; no lookalikes either,,v20260906+55419ffd
font-iosevka-ss11,,0.0,none,missing,no exact/normalized/alias/homepage evidence; no lookalikes either,,v20260906+55419ffd
font-iosevka-ss12,,0.0,none,missing,no exact/normalized/alias/homepage evidence; no lookalikes either,,v20260906+55419ffd
font-iosevka-ss13,,0.0,none,missing,no exact/normalized/alias/homepage evidence; no lookalikes either,,v20260906+55419ffd
font-iosevka-ss14,,0.0,none,missing,no exact/normalized/alias/homepage evidence; no lookalikes either,,v20260906+55419ffd
font-iosevka-ss15,,0.0,none,missing,no exact/normalized/alias/homepage evidence; no lookalikes either,,v20260906+55419ffd
font-iosevka-ss16,,0.0,none,missing,no exact/normalized/alias/homepage evidence; no lookalikes either,,v20260906+55419ffd
font-iosevka-ss17,,0.0,none,missing,no exact/normalized/alias/homepage evidence; no lookalikes either,,v20260906+55419ffd
font-iosevka-ss18,,0.0,none,missing,no exact/normalized/alias/homepage evidence; no lookalikes either,,v20260906+55419ffd
font-iosevka-term-nerd-font,,0.0,none,missing,no exact/normalized/alias/homepage evidence; no lookalikes either,,v20260906+55419ffd
font-iosevka-term-slab-nerd-font,,0.0,none,missing,no exact/normalized/alias/homepage evidence; no lookalikes either,,v20260906+55419ffd
font-ioskeley-mono,,0.0,none,missing,no exact/normalized/alias/homepage evidence; no lookalikes either,,v20260906+55419ffd
font-ipaexfont,,0.0,none,missing,no exact/normalized/alias/homepage evidence; no lookalikes either,,v20260906+55419ffd
font-ipafont,,0.0,none,missing,no exact/normalized/alias/homepage evidence; no lookalikes either,,v20260906+55419ffd
font-ipamjmincho,,0.0,none,missing,no exact/normalized/alias/homepage evidence; no lookalikes either,,v20260906+55419ffd
font-iranian-sans,,0.0,none,missing,no exact/normalized/alias/homepage evidence; no lookalikes either,,v20260906+55419ffd
font-iranian-serif,,0.0,none,missing,no exact/normalized/alias/homepage evidence; no lookalikes either,,v20260906+55419ffd
font-irish-grover,,0.0,none,missing,no exact/normalized/alias/homepage evidence; no lookalikes either,,v20260906+55419ffd
font-island-moments,,0.0,none,missing,no exact/normalized/alias/homepage evidence; no lookalikes either,,v20260906+55419ffd
font-isometra,,0.0,none,missing,no exact/normalized/alias/homepage evidence; no lookalikes either,,v20260906+55419ffd
font-istok-web,,0.0,none,missing,no exact/normalized/alias/homepage evidence; no lookalikes either,,v20260906+55419ffd
font-italiana,,0.0,none,missing,no exact/normalized/alias/homepage evidence; no lookalikes either,,v20260906+55419ffd
font-italianno,,0.0,none,missing,no exact/normalized/alias/homepage evidence; no lookalikes either,,v20260906+55419ffd
font-itim,,0.0,none,missing,no exact/normalized/alias/homepage evidence; no lookalikes either,,v20260906+55419ffd
font-jaapokki,,0.0,none,missing,no exact/normalized/alias/homepage evidence; no lookalikes either,,v20260906+55419ffd
font-jacquard-12,,0.0,none,missing,no exact/normalized/alias/homepage evidence; no lookalikes either,,v20260906+55419ffd
font-jacquard-12-charted,,0.0,none,missing,no exact/normalized/alias/homepage evidence; no lookalikes either,,v20260906+55419ffd
font-jacquard-24,,0.0,none,missing,no exact/normalized/alias/homepage evidence; no lookalikes either,,v20260906+55419ffd
font-jacquard-24-charted,,0.0,none,missing,no exact/normalized/alias/homepage evidence; no lookalikes either,,v20260906+55419ffd
font-jacquarda-bastarda-9,,0.0,none,missing,no exact/normalized/alias/homepage evidence; no lookalikes either,,v20260906+55419ffd
font-jacquarda-bastarda-9-charted,,0.0,none,missing,no exact/normalized/alias/homepage evidence; no lookalikes either,,v20260906+55419ffd
font-jacques-francois,,0.0,none,missing,no exact/normalized/alias/homepage evidence; no lookalikes either,,v20260906+55419ffd
font-jacques-francois-shadow,,0.0,none,missing,no exact/normalized/alias/homepage evidence; no lookalikes either,,v20260906+55419ffd
font-jaini,,0.0,none,missing,no exact/normalized/alias/homepage evidence; no lookalikes either,,v20260906+55419ffd
font-jaini-purva,,0.0,none,missing,no exact/normalized/alias/homepage evidence; no lookalikes either,,v20260906+55419ffd
font-jaldi,,0.0,none,missing,no exact/normalized/alias/homepage evidence; no lookalikes either,,v20260906+55419ffd
font-jaro,,0.0,none,missing,no exact/normalized/alias/homepage evidence; no lookalikes either,,v20260906+55419ffd
font-jeju-gothic,,0.0,none,missing,no exact/normalized/alias/homepage evidence; no lookalikes either,,v20260906+55419ffd
font-jeju-hallasan,,0.0,none,missing,no exact/normalized/alias/homepage evidence; no lookalikes either,,v20260906+55419ffd
font-jeju-myeongjo,,0.0,none,missing,no exact/normalized/alias/homepage evidence; no lookalikes either,,v20260906+55419ffd
font-jersey-10,,0.0,none,missing,no exact/normalized/alias/homepage evidence; no lookalikes either,,v20260906+55419ffd
font-jersey-10-charted,,0.0,none,missing,no exact/normalized/alias/homepage evidence; no lookalikes either,,v20260906+55419ffd
font-jersey-15,,0.0,none,missing,no exact/normalized/alias/homepage evidence; no lookalikes either,,v20260906+55419ffd
font-jersey-15-charted,,0.0,none,missing,no exact/normalized/alias/homepage evidence; no lookalikes either,,v20260906+55419ffd
font-jersey-20,,0.0,none,missing,no exact/normalized/alias/homepage evidence; no lookalikes either,,v20260906+55419ffd
font-jersey-20-charted,,0.0,none,missing,no exact/normalized/alias/homepage evidence; no lookalikes either,,v20260906+55419ffd
font-jersey-25,,0.0,none,missing,no exact/normalized/alias/homepage evidence; no lookalikes either,,v20260906+55419ffd
font-jersey-25-charted,,0.0,none,missing,no exact/normalized/alias/homepage evidence; no lookalikes either,,v20260906+55419ffd
font-jetbrains-maple-mono,,0.0,none,missing,no exact/normalized/alias/homepage evidence; no lookalikes either,,v20260906+55419ffd
font-jetbrains-maple-mono-nf,,0.0,none,missing,no exact/normalized/alias/homepage evidence; no lookalikes either,,v20260906+55419ffd
font-jetbrains-mono,,0.0,none,missing,no exact/normalized/alias/homepage evidence; no lookalikes either,,v20260906+55419ffd
font-jetbrains-mono-nerd-font,,0.0,none,missing,no exact/normalized/alias/homepage evidence; no lookalikes either,,v20260906+55419ffd
font-jetendard,,0.0,none,missing,no exact/normalized/alias/homepage evidence; no lookalikes either,,v20260906+55419ffd
font-jf-open-huninn,,0.0,none,missing,no exact/normalized/alias/homepage evidence; no lookalikes either,,v20260906+55419ffd
font-jim-nightshade,,0.0,none,missing,no exact/normalized/alias/homepage evidence; no lookalikes either,,v20260906+55419ffd
font-joan,,0.0,none,missing,no exact/normalized/alias/homepage evidence; no lookalikes either,,v20260906+55419ffd
font-jockey-one,,0.0,none,missing,no exact/normalized/alias/homepage evidence; no lookalikes either,,v20260906+55419ffd
font-jolly-lodger,,0.0,none,missing,no exact/normalized/alias/homepage evidence; no lookalikes either,,v20260906+55419ffd
font-jomhuria,,0.0,none,missing,no exact/normalized/alias/homepage evidence; no lookalikes either,,v20260906+55419ffd
font-jomolhari,,0.0,none,missing,no exact/normalized/alias/homepage evidence; no lookalikes either,,v20260906+55419ffd
font-joscelyn,,0.0,none,missing,no exact/normalized/alias/homepage evidence; no lookalikes either,,v20260906+55419ffd
font-josefin-sans,,0.0,none,missing,no exact/normalized/alias/homepage evidence; no lookalikes either,,v20260906+55419ffd
font-josefin-slab,,0.0,none,missing,no exact/normalized/alias/homepage evidence; no lookalikes either,,v20260906+55419ffd
font-jost,,0.0,none,missing,no exact/normalized/alias/homepage evidence; no lookalikes either,,v20260906+55419ffd
font-joti-one,,0.0,none,missing,no exact/normalized/alias/homepage evidence; no lookalikes either,,v20260906+55419ffd
font-jsmath-cmbx10,,0.0,none,missing,no exact/normalized/alias/homepage evidence; no lookalikes either,,v20260906+55419ffd
font-jsmath-cmex10,,0.0,none,missing,no exact/normalized/alias/homepage evidence; no lookalikes either,,v20260906+55419ffd
font-jsmath-cmmi10,,0.0,none,missing,no exact/normalized/alias/homepage evidence; no lookalikes either,,v20260906+55419ffd
font-jsmath-cmr10,,0.0,none,missing,no exact/normalized/alias/homepage evidence; no lookalikes either,,v20260906+55419ffd
font-jsmath-cmsy10,,0.0,none,missing,no exact/normalized/alias/homepage evidence; no lookalikes either,,v20260906+55419ffd
font-jsmath-cmti10,,0.0,none,missing,no exact/normalized/alias/homepage evidence; no lookalikes either,,v20260906+55419ffd
font-jua,,0.0,none,missing,no exact/normalized/alias/homepage evidence; no lookalikes either,,v20260906+55419ffd
font-judson,,0.0,none,missing,no exact/normalized/alias/homepage evidence; no lookalikes either,,v20260906+55419ffd
font-juisee,,0.0,none,missing,no exact/normalized/alias/homepage evidence; no lookalikes either,,v20260906+55419ffd
font-juisee-nf,,0.0,none,missing,no exact/normalized/alias/homepage evidence; no lookalikes either,,v20260906+55419ffd
font-julee,,0.0,none,missing,no exact/normalized/alias/homepage evidence; no lookalikes either,,v20260906+55419ffd
font-juliamono,,0.0,none,missing,no exact/normalized/alias/homepage evidence; no lookalikes either,,v20260906+55419ffd
font-julius-sans-one,,0.0,none,missing,no exact/normalized/alias/homepage evidence; no lookalikes either,,v20260906+55419ffd
font-junction,,0.0,none,missing,no exact/normalized/alias/homepage evidence; no lookalikes either,,v20260906+55419ffd
font-junge,,0.0,none,missing,no exact/normalized/alias/homepage evidence; no lookalikes either,,v20260906+55419ffd
font-junicode,,0.0,none,needs-review,no exact/normalized/alias/homepage evidence; fuzzy suggestions listed for review,efont-unicode,v20260906+55419ffd
font-jura,,0.0,none,missing,no exact/normalized/alias/homepage evidence; no lookalikes either,,v20260906+55419ffd
font-just-another-hand,,0.0,none,missing,no exact/normalized/alias/homepage evidence; no lookalikes either,,v20260906+55419ffd
font-just-me-again-down-here,,0.0,none,missing,no exact/normalized/alias/homepage evidence; no lookalikes either,,v20260906+55419ffd
font-k2d,,0.0,none,missing,no exact/normalized/alias/homepage evidence; no lookalikes either,,v20260906+55419ffd
font-kablammo,,0.0,none,missing,no exact/normalized/alias/homepage evidence; no lookalikes either,,v20260906+55419ffd
font-kadwa,,0.0,none,missing,no exact/normalized/alias/homepage evidence; no lookalikes either,,v20260906+55419ffd
font-kaisei-decol,,0.0,none,missing,no exact/normalized/alias/homepage evidence; no lookalikes either,,v20260906+55419ffd
font-kaisei-harunoumi,,0.0,none,missing,no exact/normalized/alias/homepage evidence; no lookalikes either,,v20260906+55419ffd
font-kaisei-opti,,0.0,none,missing,no exact/normalized/alias/homepage evidence; no lookalikes either,,v20260906+55419ffd
font-kaisei-tokumin,,0.0,none,missing,no exact/normalized/alias/homepage evidence; no lookalikes either,,v20260906+55419ffd
font-kaiso,,0.0,none,missing,no exact/normalized/alias/homepage evidence; no lookalikes either,,v20260906+55419ffd
font-kalam,,0.0,none,missing,no exact/normalized/alias/homepage evidence; no lookalikes either,,v20260906+55419ffd
font-kalnia,,0.0,none,needs-review,no exact/normalized/alias/homepage evidence; fuzzy suggestions listed for review,font-alias,v20260906+55419ffd
font-kalnia-glaze,,0.0,none,missing,no exact/normalized/alias/homepage evidence; no lookalikes either,,v20260906+55419ffd
font-kameron,,0.0,none,missing,no exact/normalized/alias/homepage evidence; no lookalikes either,,v20260906+55419ffd
font-kanchenjunga,,0.0,none,missing,no exact/normalized/alias/homepage evidence; no lookalikes either,,v20260906+55419ffd
font-kanit,,0.0,none,missing,no exact/normalized/alias/homepage evidence; no lookalikes either,,v20260906+55419ffd
font-kanjistrokeorders,,0.0,none,missing,no exact/normalized/alias/homepage evidence; no lookalikes either,,v20260906+55419ffd
font-kantumruy-pro,,0.0,none,missing,no exact/normalized/alias/homepage evidence; no lookalikes either,,v20260906+55419ffd
font-kapakana,,0.0,none,missing,no exact/normalized/alias/homepage evidence; no lookalikes either,,v20260906+55419ffd
font-karantina,,0.0,none,missing,no exact/normalized/alias/homepage evidence; no lookalikes either,,v20260906+55419ffd
font-karla,,0.0,none,missing,no exact/normalized/alias/homepage evidence; no lookalikes either,,v20260906+55419ffd
font-karla-tamil-inclined,,0.0,none,missing,no exact/normalized/alias/homepage evidence; no lookalikes either,,v20260906+55419ffd
font-karla-tamil-upright,,0.0,none,missing,no exact/normalized/alias/homepage evidence; no lookalikes either,,v20260906+55419ffd
font-karma,,0.0,none,missing,no exact/normalized/alias/homepage evidence; no lookalikes either,,v20260906+55419ffd
font-katibeh,,0.0,none,missing,no exact/normalized/alias/homepage evidence; no lookalikes either,,v20260906+55419ffd
font-kaushan-script,,0.0,none,missing,no exact/normalized/alias/homepage evidence; no lookalikes either,,v20260906+55419ffd
font-kavivanar,,0.0,none,missing,no exact/normalized/alias/homepage evidence; no lookalikes either,,v20260906+55419ffd
font-kavoon,,0.0,none,missing,no exact/normalized/alias/homepage evidence; no lookalikes either,,v20260906+55419ffd
font-kawkab-mono,,0.0,none,missing,no exact/normalized/alias/homepage evidence; no lookalikes either,,v20260906+55419ffd
font-kay-pho-du,,0.0,none,missing,no exact/normalized/alias/homepage evidence; no lookalikes either,,v20260906+55419ffd
font-kdam-thmor-pro,,0.0,none,missing,no exact/normalized/alias/homepage evidence; no lookalikes either,,v20260906+55419ffd
font-keania-one,,0.0,none,missing,no exact/normalized/alias/homepage evidence; no lookalikes either,,v20260906+55419ffd
font-kedebideri,,0.0,none,missing,no exact/normalized/alias/homepage evidence; no lookalikes either,,v20260906+55419ffd
font-kelly-slab,,0.0,none,missing,no exact/normalized/alias/homepage evidence; no lookalikes either,,v20260906+55419ffd
font-kenia,,0.0,none,missing,no exact/normalized/alias/homepage evidence; no lookalikes either,,v20260906+55419ffd
font-khand,,0.0,none,missing,no exact/normalized/alias/homepage evidence; no lookalikes either,,v20260906+55419ffd
font-khmer,,0.0,none,missing,no exact/normalized/alias/homepage evidence; no lookalikes either,,v20260906+55419ffd
font-khula,,0.0,none,missing,no exact/normalized/alias/homepage evidence; no lookalikes either,,v20260906+55419ffd
font-khyay,,0.0,none,missing,no exact/normalized/alias/homepage evidence; no lookalikes either,,v20260906+55419ffd
font-kikai-chokoku-jis,,0.0,none,missing,no exact/normalized/alias/homepage evidence; no lookalikes either,,v20260906+55419ffd
font-kimberella,,0.0,none,missing,no exact/normalized/alias/homepage evidence; no lookalikes either,,v20260906+55419ffd
font-kings,,0.0,none,missing,no exact/normalized/alias/homepage evidence; no lookalikes either,,v20260906+55419ffd
font-kirang-haerang,,0.0,none,missing,no exact/normalized/alias/homepage evidence; no lookalikes either,,v20260906+55419ffd
font-kite-one,,0.0,none,missing,no exact/normalized/alias/homepage evidence; no lookalikes either,,v20260906+55419ffd
font-kiwi-maru,,0.0,none,missing,no exact/normalized/alias/homepage evidence; no lookalikes either,,v20260906+55419ffd
font-klee-one,,0.0,none,missing,no exact/normalized/alias/homepage evidence; no lookalikes either,,v20260906+55419ffd
font-knewave,,0.0,none,missing,no exact/normalized/alias/homepage evidence; no lookalikes either,,v20260906+55419ffd
font-ko-pub-batang,,0.0,none,missing,no exact/normalized/alias/homepage evidence; no lookalikes either,,v20260906+55419ffd
font-kodchasan,,0.0,none,missing,no exact/normalized/alias/homepage evidence; no lookalikes either,,v20260906+55419ffd
font-kode-mono,,0.0,none,missing,no exact/normalized/alias/homepage evidence; no lookalikes either,,v20260906+55419ffd
font-koh-santepheap,,0.0,none,missing,no exact/normalized/alias/homepage evidence; no lookalikes either,,v20260906+55419ffd
font-koho,,0.0,none,missing,no exact/normalized/alias/homepage evidence; no lookalikes either,,v20260906+55419ffd
font-kokoro,,0.0,none,missing,no exact/normalized/alias/homepage evidence; no lookalikes either,,v20260906+55419ffd
font-kolker-brush,,0.0,none,missing,no exact/normalized/alias/homepage evidence; no lookalikes either,,v20260906+55419ffd
font-konkhmer-sleokchher,,0.0,none,missing,no exact/normalized/alias/homepage evidence; no lookalikes either,,v20260906+55419ffd
font-kosugi,,0.0,none,missing,no exact/normalized/alias/homepage evidence; no lookalikes either,,v20260906+55419ffd
font-kosugi-maru,,0.0,none,missing,no exact/normalized/alias/homepage evidence; no lookalikes either,,v20260906+55419ffd
font-kotta-one,,0.0,none,missing,no exact/normalized/alias/homepage evidence; no lookalikes either,,v20260906+55419ffd
font-koulen,,0.0,none,missing,no exact/normalized/alias/homepage evidence; no lookalikes either,,v20260906+55419ffd
font-kranky,,0.0,none,missing,no exact/normalized/alias/homepage evidence; no lookalikes either,,v20260906+55419ffd
font-kreative-square,,0.0,none,missing,no exact/normalized/alias/homepage evidence; no lookalikes either,,v20260906+55419ffd
font-kreon,,0.0,none,missing,no exact/normalized/alias/homepage evidence; no lookalikes either,,v20260906+55419ffd
font-kripa,,0.0,none,missing,no exact/normalized/alias/homepage evidence; no lookalikes either,,v20260906+55419ffd
font-kristi,,0.0,none,missing,no exact/normalized/alias/homepage evidence; no lookalikes either,,v20260906+55419ffd
font-krona-one,,0.0,none,missing,no exact/normalized/alias/homepage evidence; no lookalikes either,,v20260906+55419ffd
font-krub,,0.0,none,missing,no exact/normalized/alias/homepage evidence; no lookalikes either,,v20260906+55419ffd
font-kufam,,0.0,none,missing,no exact/normalized/alias/homepage evidence; no lookalikes either,,v20260906+55419ffd
font-kulim-park,,0.0,none,missing,no exact/normalized/alias/homepage evidence; no lookalikes either,,v20260906+55419ffd
font-kumar-one,,0.0,none,missing,no exact/normalized/alias/homepage evidence; no lookalikes either,,v20260906+55419ffd
font-kumar-one-outline,,0.0,none,missing,no exact/normalized/alias/homepage evidence; no lookalikes either,,v20260906+55419ffd
font-kumbh-sans,,0.0,none,missing,no exact/normalized/alias/homepage evidence; no lookalikes either,,v20260906+55419ffd
font-kurale,,0.0,none,missing,no exact/normalized/alias/homepage evidence; no lookalikes either,,v20260906+55419ffd
font-la-belle-aurore,,0.0,none,missing,no exact/normalized/alias/homepage evidence; no lookalikes either,,v20260906+55419ffd
font-labrada,,0.0,none,missing,no exact/normalized/alias/homepage evidence; no lookalikes either,,v20260906+55419ffd
font-lacquer,,0.0,none,missing,no exact/normalized/alias/homepage evidence; no lookalikes either,,v20260906+55419ffd
font-laila,,0.0,none,missing,no exact/normalized/alias/homepage evidence; no lookalikes either,,v20260906+55419ffd
font-lakki-reddy,,0.0,none,missing,no exact/normalized/alias/homepage evidence; no lookalikes either,,v20260906+55419ffd
font-lalezar,,0.0,none,missing,no exact/normalized/alias/homepage evidence; no lookalikes either,,v20260906+55419ffd
font-lancelot,,0.0,none,missing,no exact/normalized/alias/homepage evidence; no lookalikes either,,v20260906+55419ffd
font-langar,,0.0,none,missing,no exact/normalized/alias/homepage evidence; no lookalikes either,,v20260906+55419ffd
font-langdon,,0.0,none,missing,no exact/normalized/alias/homepage evidence; no lookalikes either,,v20260906+55419ffd
font-last-resort,,0.0,none,missing,no exact/normalized/alias/homepage evidence; no lookalikes either,,v20260906+55419ffd
font-last-resort-high-efficiency,,0.0,none,missing,no exact/normalized/alias/homepage evidence; no lookalikes either,,v20260906+55419ffd
font-lateef,,0.0,none,missing,no exact/normalized/alias/homepage evidence; no lookalikes either,,v20260906+55419ffd
font-latin-modern,,0.0,none,missing,no exact/normalized/alias/homepage evidence; no lookalikes either,,v20260906+55419ffd
font-latin-modern-math,,0.0,none,missing,no exact/normalized/alias/homepage evidence; no lookalikes either,,v20260906+55419ffd
font-lato,,0.0,none,missing,no exact/normalized/alias/homepage evidence; no lookalikes either,,v20260906+55419ffd
font-lavishly-yours,,0.0,none,missing,no exact/normalized/alias/homepage evidence; no lookalikes either,,v20260906+55419ffd
font-league-gothic,,0.0,none,missing,no exact/normalized/alias/homepage evidence; no lookalikes either,,v20260906+55419ffd
font-league-mono,,0.0,none,missing,no exact/normalized/alias/homepage evidence; no lookalikes either,,v20260906+55419ffd
font-league-script,,0.0,none,missing,no exact/normalized/alias/homepage evidence; no lookalikes either,,v20260906+55419ffd
font-league-spartan,,0.0,none,missing,no exact/normalized/alias/homepage evidence; no lookalikes either,,v20260906+55419ffd
font-leckerli-one,,0.0,none,missing,no exact/normalized/alias/homepage evidence; no lookalikes either,,v20260906+55419ffd
font-ledger,,0.0,none,missing,no exact/normalized/alias/homepage evidence; no lookalikes either,,v20260906+55419ffd
font-lekton,,0.0,none,missing,no exact/normalized/alias/homepage evidence; no lookalikes either,,v20260906+55419ffd
font-lekton-nerd-font,,0.0,none,missing,no exact/normalized/alias/homepage evidence; no lookalikes either,,v20260906+55419ffd
font-leland,,0.0,none,missing,no exact/normalized/alias/homepage evidence; no lookalikes either,,v20260906+55419ffd
font-lemon,,0.0,none,missing,no exact/normalized/alias/homepage evidence; no lookalikes either,,v20260906+55419ffd
font-lemonada,,0.0,none,missing,no exact/normalized/alias/homepage evidence; no lookalikes either,,v20260906+55419ffd
font-lemonada-vf-beta,,0.0,none,missing,no exact/normalized/alias/homepage evidence; no lookalikes either,,v20260906+55419ffd
font-lexend,,0.0,none,needs-review,no exact/normalized/alias/homepage evidence; fuzzy suggestions listed for review,font-spleen,v20260906+55419ffd
font-lexend-deca,,0.0,none,missing,no exact/normalized/alias/homepage evidence; no lookalikes either,,v20260906+55419ffd
font-lexend-exa,,0.0,none,missing,no exact/normalized/alias/homepage evidence; no lookalikes either,,v20260906+55419ffd
font-lexend-giga,,0.0,none,missing,no exact/normalized/alias/homepage evidence; no lookalikes either,,v20260906+55419ffd
font-lexend-mega,,0.0,none,missing,no exact/normalized/alias/homepage evidence; no lookalikes either,,v20260906+55419ffd
font-lexend-peta,,0.0,none,missing,no exact/normalized/alias/homepage evidence; no lookalikes either,,v20260906+55419ffd
font-lexend-tera,,0.0,none,missing,no exact/normalized/alias/homepage evidence; no lookalikes either,,v20260906+55419ffd
font-lexend-zetta,,0.0,none,missing,no exact/normalized/alias/homepage evidence; no lookalikes either,,v20260906+55419ffd
font-liberation,,0.0,none,needs-review,no exact/normalized/alias/homepage evidence; same homepage 'https://github.com/liberationfonts/liberation-fonts' as 'liberation-fonts' but desc overlap only 0.00; fuzzy suggestions listed for review,R-fontLiberation,v20260906+55419ffd
font-liberation-mono-for-powerline,,0.0,none,missing,no exact/normalized/alias/homepage evidence; no lookalikes either,,v20260906+55419ffd
font-liberation-nerd-font,,0.0,none,missing,no exact/normalized/alias/homepage evidence; no lookalikes either,,v20260906+55419ffd
font-libertinus,,0.0,none,needs-review,no exact/normalized/alias/homepage evidence; fuzzy suggestions listed for review,R-fontLiberation,v20260906+55419ffd
font-libertinus-keyboard,,0.0,none,missing,no exact/normalized/alias/homepage evidence; no lookalikes either,,v20260906+55419ffd
font-libertinus-math,,0.0,none,missing,no exact/normalized/alias/homepage evidence; no lookalikes either,,v20260906+55419ffd
font-libertinus-mono,,0.0,none,missing,no exact/normalized/alias/homepage evidence; no lookalikes either,,v20260906+55419ffd
font-libertinus-sans,,0.0,none,missing,no exact/normalized/alias/homepage evidence; no lookalikes either,,v20260906+55419ffd
font-libertinus-serif,,0.0,none,missing,no exact/normalized/alias/homepage evidence; no lookalikes either,,v20260906+55419ffd
font-libertinus-serif-display,,0.0,none,missing,no exact/normalized/alias/homepage evidence; no lookalikes either,,v20260906+55419ffd
font-libre-barcode-128,,0.0,none,missing,no exact/normalized/alias/homepage evidence; no lookalikes either,,v20260906+55419ffd
font-libre-barcode-128-text,,0.0,none,missing,no exact/normalized/alias/homepage evidence; no lookalikes either,,v20260906+55419ffd
font-libre-barcode-39,,0.0,none,missing,no exact/normalized/alias/homepage evidence; no lookalikes either,,v20260906+55419ffd
font-libre-barcode-39-extended,,0.0,none,missing,no exact/normalized/alias/homepage evidence; no lookalikes either,,v20260906+55419ffd
font-libre-barcode-39-extended-text,,0.0,none,missing,no exact/normalized/alias/homepage evidence; no lookalikes either,,v20260906+55419ffd
font-libre-barcode-39-text,,0.0,none,missing,no exact/normalized/alias/homepage evidence; no lookalikes either,,v20260906+55419ffd
font-libre-barcode-ean13-text,,0.0,none,missing,no exact/normalized/alias/homepage evidence; no lookalikes either,,v20260906+55419ffd
font-libre-baskerville,,0.0,none,missing,no exact/normalized/alias/homepage evidence; no lookalikes either,,v20260906+55419ffd
font-libre-bodoni,,0.0,none,missing,no exact/normalized/alias/homepage evidence; no lookalikes either,,v20260906+55419ffd
font-libre-caslon-condensed,,0.0,none,missing,no exact/normalized/alias/homepage evidence; no lookalikes either,,v20260906+55419ffd
font-libre-caslon-display,,0.0,none,missing,no exact/normalized/alias/homepage evidence; no lookalikes either,,v20260906+55419ffd
font-libre-caslon-text,,0.0,none,missing,no exact/normalized/alias/homepage evidence; no lookalikes either,,v20260906+55419ffd
font-libre-franklin,,0.0,none,missing,no exact/normalized/alias/homepage evidence; no lookalikes either,,v20260906+55419ffd
font-licorice,,0.0,none,missing,no exact/normalized/alias/homepage evidence; no lookalikes either,,v20260906+55419ffd
font-life-savers,,0.0,none,missing,no exact/normalized/alias/homepage evidence; no lookalikes either,,v20260906+55419ffd
font-liga-comic-mono,,0.0,none,missing,no exact/normalized/alias/homepage evidence; no lookalikes either,,v20260906+55419ffd
font-ligature-symbols,,0.0,none,missing,no exact/normalized/alias/homepage evidence; no lookalikes either,,v20260906+55419ffd
font-lilex,,0.0,none,missing,no exact/normalized/alias/homepage evidence; no lookalikes either,,v20260906+55419ffd
font-lilex-nerd-font,,0.0,none,missing,no exact/normalized/alias/homepage evidence; no lookalikes either,,v20260906+55419ffd
font-lilita-one,,0.0,none,missing,no exact/normalized/alias/homepage evidence; no lookalikes either,,v20260906+55419ffd
font-lily-script-one,,0.0,none,missing,no exact/normalized/alias/homepage evidence; no lookalikes either,,v20260906+55419ffd
font-limelight,,0.0,none,missing,no exact/normalized/alias/homepage evidence; no lookalikes either,,v20260906+55419ffd
font-linden-hill,,0.0,none,missing,no exact/normalized/alias/homepage evidence; no lookalikes either,,v20260906+55419ffd
font-line-seed-jp,,0.0,none,missing,no exact/normalized/alias/homepage evidence; no lookalikes either,,v20260906+55419ffd
font-linefont,,0.0,none,missing,no exact/normalized/alias/homepage evidence; no lookalikes either,,v20260906+55419ffd
font-linux-biolinum,,0.0,none,missing,no exact/normalized/alias/homepage evidence; no lookalikes either,,v20260906+55419ffd
font-linux-libertine,,0.0,none,missing,no exact/normalized/alias/homepage evidence; no lookalikes either,,v20260906+55419ffd
font-lisu-bosa,,0.0,none,missing,no exact/normalized/alias/homepage evidence; no lookalikes either,,v20260906+55419ffd
font-liter,,0.0,none,missing,no exact/normalized/alias/homepage evidence; no lookalikes either,,v20260906+55419ffd
font-literata,,0.0,none,missing,no exact/normalized/alias/homepage evidence; no lookalikes either,,v20260906+55419ffd
font-liu-jian-mao-cao,,0.0,none,missing,no exact/normalized/alias/homepage evidence; no lookalikes either,,v20260906+55419ffd
font-livvic,,0.0,none,missing,no exact/normalized/alias/homepage evidence; no lookalikes either,,v20260906+55419ffd
font-lobster,,0.0,none,missing,no exact/normalized/alias/homepage evidence; no lookalikes either,,v20260906+55419ffd
font-lobster-two,,0.0,none,missing,no exact/normalized/alias/homepage evidence; no lookalikes either,,v20260906+55419ffd
font-lohit,,0.0,none,missing,no exact/normalized/alias/homepage evidence; no lookalikes either,,v20260906+55419ffd
font-lohit-bengali,,0.0,none,missing,no exact/normalized/alias/homepage evidence; no lookalikes either,,v20260906+55419ffd
font-lohit-tamil,,0.0,none,missing,no exact/normalized/alias/homepage evidence; no lookalikes either,,v20260906+55419ffd
font-londrina-outline,,0.0,none,missing,no exact/normalized/alias/homepage evidence; no lookalikes either,,v20260906+55419ffd
font-londrina-shadow,,0.0,none,missing,no exact/normalized/alias/homepage evidence; no lookalikes either,,v20260906+55419ffd
font-londrina-sketch,,0.0,none,missing,no exact/normalized/alias/homepage evidence; no lookalikes either,,v20260906+55419ffd
font-londrina-solid,,0.0,none,missing,no exact/normalized/alias/homepage evidence; no lookalikes either,,v20260906+55419ffd
font-long-cang,,0.0,none,missing,no exact/normalized/alias/homepage evidence; no lookalikes either,,v20260906+55419ffd
font-lora,,0.0,none,missing,no exact/normalized/alias/homepage evidence; no lookalikes either,,v20260906+55419ffd
font-love-light,,0.0,none,missing,no exact/normalized/alias/homepage evidence; no lookalikes either,,v20260906+55419ffd
font-love-ya-like-a-sister,,0.0,none,missing,no exact/normalized/alias/homepage evidence; no lookalikes either,,v20260906+55419ffd
font-loved-by-the-king,,0.0,none,missing,no exact/normalized/alias/homepage evidence; no lookalikes either,,v20260906+55419ffd
font-lovers-quarrel,,0.0,none,missing,no exact/normalized/alias/homepage evidence; no lookalikes either,,v20260906+55419ffd
font-luciole,,0.0,none,missing,no exact/normalized/alias/homepage evidence; no lookalikes either,,v20260906+55419ffd
font-luckiest-guy,,0.0,none,missing,no exact/normalized/alias/homepage evidence; no lookalikes either,,v20260906+55419ffd
font-luculent,,0.0,none,missing,no exact/normalized/alias/homepage evidence; no lookalikes either,,v20260906+55419ffd
font-lugrasimo,,0.0,none,missing,no exact/normalized/alias/homepage evidence; no lookalikes either,,v20260906+55419ffd
font-lumanosimo,,0.0,none,missing,no exact/normalized/alias/homepage evidence; no lookalikes either,,v20260906+55419ffd
font-lunasima,,0.0,none,missing,no exact/normalized/alias/homepage evidence; no lookalikes either,,v20260906+55419ffd
font-lusitana,,0.0,none,missing,no exact/normalized/alias/homepage evidence; no lookalikes either,,v20260906+55419ffd
font-lustria,,0.0,none,missing,no exact/normalized/alias/homepage evidence; no lookalikes either,,v20260906+55419ffd
font-luxurious-roman,,0.0,none,missing,no exact/normalized/alias/homepage evidence; no lookalikes either,,v20260906+55419ffd
font-luxurious-script,,0.0,none,missing,no exact/normalized/alias/homepage evidence; no lookalikes either,,v20260906+55419ffd
font-lxgw-bright,,0.0,none,missing,no exact/normalized/alias/homepage evidence; no lookalikes either,,v20260906+55419ffd
font-lxgw-bright-gb,,0.0,none,missing,no exact/normalized/alias/homepage evidence; no lookalikes either,,v20260906+55419ffd
font-lxgw-bright-tc,,0.0,none,missing,no exact/normalized/alias/homepage evidence; no lookalikes either,,v20260906+55419ffd
font-lxgw-fasmartgothic,,0.0,none,missing,no exact/normalized/alias/homepage evidence; no lookalikes either,,v20260906+55419ffd
font-lxgw-heartserif,,0.0,none,missing,no exact/normalized/alias/homepage evidence; no lookalikes either,,v20260906+55419ffd
font-lxgw-marker-gothic,,0.0,none,missing,no exact/normalized/alias/homepage evidence; no lookalikes either,,v20260906+55419ffd
font-lxgw-neoxihei,,0.0,none,missing,no exact/normalized/alias/homepage evidence; no lookalikes either,,v20260906+55419ffd
font-lxgw-neozhisong,,0.0,none,missing,no exact/normalized/alias/homepage evidence; no lookalikes either,,v20260906+55419ffd
font-lxgw-simxihei,,0.0,none,missing,no exact/normalized/alias/homepage evidence; no lookalikes either,,v20260906+55419ffd
font-lxgw-simzhisong,,0.0,none,missing,no exact/normalized/alias/homepage evidence; no lookalikes either,,v20260906+55419ffd
font-lxgw-wenkai,,0.0,none,missing,no exact/normalized/alias/homepage evidence; no lookalikes either,,v20260906+55419ffd
font-lxgw-wenkai-gb,,0.0,none,missing,no exact/normalized/alias/homepage evidence; no lookalikes either,,v20260906+55419ffd
font-lxgw-wenkai-gb-lite,,0.0,none,missing,no exact/normalized/alias/homepage evidence; no lookalikes either,,v20260906+55419ffd
font-lxgw-wenkai-lite,,0.0,none,missing,no exact/normalized/alias/homepage evidence; no lookalikes either,,v20260906+55419ffd
font-lxgw-wenkai-mono-tc,,0.0,none,missing,no exact/normalized/alias/homepage evidence; no lookalikes either,,v20260906+55419ffd
font-lxgw-wenkai-tc,,0.0,none,missing,no exact/normalized/alias/homepage evidence; no lookalikes either,,v20260906+55419ffd
font-m-plus-1,,0.0,none,missing,no exact/normalized/alias/homepage evidence; no lookalikes either,,v20260906+55419ffd
font-m-plus-1-code,,0.0,none,missing,no exact/normalized/alias/homepage evidence; no lookalikes either,,v20260906+55419ffd
font-m-plus-1p,,0.0,none,missing,no exact/normalized/alias/homepage evidence; no lookalikes either,,v20260906+55419ffd
font-m-plus-2,,0.0,none,missing,no exact/normalized/alias/homepage evidence; no lookalikes either,,v20260906+55419ffd
font-m-plus-code-latin,,0.0,none,missing,no exact/normalized/alias/homepage evidence; no lookalikes either,,v20260906+55419ffd
font-m-plus-rounded-1c,,0.0,none,missing,no exact/normalized/alias/homepage evidence; no lookalikes either,,v20260906+55419ffd
font-m-plus-u,,0.0,none,missing,no exact/normalized/alias/homepage evidence; no lookalikes either,,v20260906+55419ffd
font-m+-nerd-font,,0.0,none,missing,no exact/normalized/alias/homepage evidence; no lookalikes either,,v20260906+55419ffd
font-ma-shan-zheng,,0.0,none,missing,no exact/normalized/alias/homepage evidence; no lookalikes either,,v20260906+55419ffd
font-macondo,,0.0,none,missing,no exact/normalized/alias/homepage evidence; no lookalikes either,,v20260906+55419ffd
font-macondo-swash-caps,,0.0,none,missing,no exact/normalized/alias/homepage evidence; no lookalikes either,,v20260906+55419ffd
font-mada,,0.0,none,missing,no exact/normalized/alias/homepage evidence; no lookalikes either,,v20260906+55419ffd
font-madimi-one,,0.0,none,missing,no exact/normalized/alias/homepage evidence; no lookalikes either,,v20260906+55419ffd
font-magra,,0.0,none,needs-review,no exact/normalized/alias/homepage evidence; fuzzy suggestions listed for review,font-manager,v20260906+55419ffd
font-maiden-orange,,0.0,none,missing,no exact/normalized/alias/homepage evidence; no lookalikes either,,v20260906+55419ffd
font-maitree,,0.0,none,missing,no exact/normalized/alias/homepage evidence; no lookalikes either,,v20260906+55419ffd
font-major-mono-display,,0.0,none,missing,no exact/normalized/alias/homepage evidence; no lookalikes either,,v20260906+55419ffd
font-makinas4,,0.0,none,missing,no exact/normalized/alias/homepage evidence; no lookalikes either,,v20260906+55419ffd
font-mako,,0.0,none,missing,no exact/normalized/alias/homepage evidence; no lookalikes either,,v20260906+55419ffd
font-mali,,0.0,none,needs-review,no exact/normalized/alias/homepage evidence; fuzzy suggestions listed for review,font-alias,v20260906+55419ffd
font-mallanna,,0.0,none,missing,no exact/normalized/alias/homepage evidence; no lookalikes either,,v20260906+55419ffd
font-mamelon,,0.0,none,missing,no exact/normalized/alias/homepage evidence; no lookalikes either,,v20260906+55419ffd
font-maname,,0.0,none,needs-review,no exact/normalized/alias/homepage evidence; fuzzy suggestions listed for review,font-manager,v20260906+55419ffd
font-mandali,,0.0,none,missing,no exact/normalized/alias/homepage evidence; no lookalikes either,,v20260906+55419ffd
font-manjari,,0.0,none,needs-review,no exact/normalized/alias/homepage evidence; fuzzy suggestions listed for review,font-manager,v20260906+55419ffd
font-manrope,,0.0,none,missing,no exact/normalized/alias/homepage evidence; no lookalikes either,,v20260906+55419ffd
font-mansalva,,0.0,none,missing,no exact/normalized/alias/homepage evidence; no lookalikes either,,v20260906+55419ffd
font-manuale,,0.0,none,needs-review,no exact/normalized/alias/homepage evidence; fuzzy suggestions listed for review,font-manager,v20260906+55419ffd
font-manufacturing-consent,,0.0,none,missing,no exact/normalized/alias/homepage evidence; no lookalikes either,,v20260906+55419ffd
font-maple-mono,,0.0,none,missing,no exact/normalized/alias/homepage evidence; no lookalikes either,,v20260906+55419ffd
font-maple-mono-cn,,0.0,none,missing,no exact/normalized/alias/homepage evidence; no lookalikes either,,v20260906+55419ffd
font-maple-mono-nf,,0.0,none,missing,no exact/normalized/alias/homepage evidence; no lookalikes either,,v20260906+55419ffd
font-maple-mono-nf-cn,,0.0,none,missing,no exact/normalized/alias/homepage evidence; no lookalikes either,,v20260906+55419ffd
font-maple-mono-nl,,0.0,none,missing,no exact/normalized/alias/homepage evidence; no lookalikes either,,v20260906+55419ffd
font-maple-mono-nl-cn,,0.0,none,missing,no exact/normalized/alias/homepage evidence; no lookalikes either,,v20260906+55419ffd
font-maple-mono-nl-nf,,0.0,none,missing,no exact/normalized/alias/homepage evidence; no lookalikes either,,v20260906+55419ffd
font-maple-mono-nl-nf-cn,,0.0,none,missing,no exact/normalized/alias/homepage evidence; no lookalikes either,,v20260906+55419ffd
font-maple-mono-normal,,0.0,none,missing,no exact/normalized/alias/homepage evidence; no lookalikes either,,v20260906+55419ffd
font-maple-mono-normal-cn,,0.0,none,missing,no exact/normalized/alias/homepage evidence; no lookalikes either,,v20260906+55419ffd
font-maple-mono-normal-nf,,0.0,none,missing,no exact/normalized/alias/homepage evidence; no lookalikes either,,v20260906+55419ffd
font-maple-mono-normal-nf-cn,,0.0,none,missing,no exact/normalized/alias/homepage evidence; no lookalikes either,,v20260906+55419ffd
font-maple-mono-normal-nl,,0.0,none,missing,no exact/normalized/alias/homepage evidence; no lookalikes either,,v20260906+55419ffd
font-maple-mono-normal-nl-cn,,0.0,none,missing,no exact/normalized/alias/homepage evidence; no lookalikes either,,v20260906+55419ffd
font-maple-mono-normal-nl-nf,,0.0,none,missing,no exact/normalized/alias/homepage evidence; no lookalikes either,,v20260906+55419ffd
font-maple-mono-normal-nl-nf-cn,,0.0,none,missing,no exact/normalized/alias/homepage evidence; no lookalikes either,,v20260906+55419ffd
font-marcellus,,0.0,none,missing,no exact/normalized/alias/homepage evidence; no lookalikes either,,v20260906+55419ffd
font-marcellus-sc,,0.0,none,missing,no exact/normalized/alias/homepage evidence; no lookalikes either,,v20260906+55419ffd
font-marck-script,,0.0,none,missing,no exact/normalized/alias/homepage evidence; no lookalikes either,,v20260906+55419ffd
font-margarine,,0.0,none,missing,no exact/normalized/alias/homepage evidence; no lookalikes either,,v20260906+55419ffd
font-marhey,,0.0,none,missing,no exact/normalized/alias/homepage evidence; no lookalikes either,,v20260906+55419ffd
font-markazi-text,,0.0,none,missing,no exact/normalized/alias/homepage evidence; no lookalikes either,,v20260906+55419ffd
font-marko-one,,0.0,none,missing,no exact/normalized/alias/homepage evidence; no lookalikes either,,v20260906+55419ffd
font-marmelad,,0.0,none,missing,no exact/normalized/alias/homepage evidence; no lookalikes either,,v20260906+55419ffd
font-martel,,0.0,none,missing,no exact/normalized/alias/homepage evidence; no lookalikes either,,v20260906+55419ffd
font-martel-sans,,0.0,none,missing,no exact/normalized/alias/homepage evidence; no lookalikes either,,v20260906+55419ffd
font-martian-mono,,0.0,none,missing,no exact/normalized/alias/homepage evidence; no lookalikes either,,v20260906+55419ffd
font-martian-mono-nerd-font,,0.0,none,missing,no exact/normalized/alias/homepage evidence; no lookalikes either,,v20260906+55419ffd
font-marvel,,0.0,none,missing,no exact/normalized/alias/homepage evidence; no lookalikes either,,v20260906+55419ffd
font-masinahikan,,0.0,none,missing,no exact/normalized/alias/homepage evidence; no lookalikes either,,v20260906+55419ffd
font-masinahikan-dene,,0.0,none,missing,no exact/normalized/alias/homepage evidence; no lookalikes either,,v20260906+55419ffd
font-matangi,,0.0,none,missing,no exact/normalized/alias/homepage evidence; no lookalikes either,,v20260906+55419ffd
font-mate,,0.0,none,missing,no exact/normalized/alias/homepage evidence; no lookalikes either,,v20260906+55419ffd
font-mate-sc,,0.0,none,missing,no exact/normalized/alias/homepage evidence; no lookalikes either,,v20260906+55419ffd
font-matemasie,,0.0,none,missing,no exact/normalized/alias/homepage evidence; no lookalikes either,,v20260906+55419ffd
font-material-design-icons-webfont,,0.0,none,missing,no exact/normalized/alias/homepage evidence; no lookalikes either,,v20260906+55419ffd
font-material-icons,,0.0,none,missing,no exact/normalized/alias/homepage evidence; no lookalikes either,,v20260906+55419ffd
font-material-symbols,,0.0,none,missing,no exact/normalized/alias/homepage evidence; no lookalikes either,,v20260906+55419ffd
font-maven-pro,,0.0,none,missing,no exact/normalized/alias/homepage evidence; no lookalikes either,,v20260906+55419ffd
font-maven-pro-vf-beta,,0.0,none,missing,no exact/normalized/alias/homepage evidence; no lookalikes either,,v20260906+55419ffd
font-mclaren,,0.0,none,missing,no exact/normalized/alias/homepage evidence; no lookalikes either,,v20260906+55419ffd
font-mea-culpa,,0.0,none,missing,no exact/normalized/alias/homepage evidence; no lookalikes either,,v20260906+55419ffd
font-meddon,,0.0,none,missing,no exact/normalized/alias/homepage evidence; no lookalikes either,,v20260906+55419ffd
font-medievalsharp,,0.0,none,missing,no exact/normalized/alias/homepage evidence; no lookalikes either,,v20260906+55419ffd
font-medio,,0.0,none,missing,no exact/normalized/alias/homepage evidence; no lookalikes either,,v20260906+55419ffd
font-medula-one,,0.0,none,missing,no exact/normalized/alias/homepage evidence; no lookalikes either,,v20260906+55419ffd
font-meera-inimai,,0.0,none,missing,no exact/normalized/alias/homepage evidence; no lookalikes either,,v20260906+55419ffd
font-megrim,,0.0,none,missing,no exact/normalized/alias/homepage evidence; no lookalikes either,,v20260906+55419ffd
font-meie-script,,0.0,none,missing,no exact/normalized/alias/homepage evidence; no lookalikes either,,v20260906+55419ffd
font-melete,,0.0,none,missing,no exact/normalized/alias/homepage evidence; no lookalikes either,,v20260906+55419ffd
font-meltho,,0.0,none,needs-review,no exact/normalized/alias/homepage evidence; fuzzy suggestions listed for review,font-misc-meltho,v20260906+55419ffd
font-menbere,,0.0,none,missing,no exact/normalized/alias/homepage evidence; no lookalikes either,,v20260906+55419ffd
font-mengshen-regular,,0.0,none,missing,no exact/normalized/alias/homepage evidence; no lookalikes either,,v20260906+55419ffd
font-menlo-for-powerline,,0.0,none,missing,no exact/normalized/alias/homepage evidence; no lookalikes either,,v20260906+55419ffd
font-meow-script,,0.0,none,missing,no exact/normalized/alias/homepage evidence; no lookalikes either,,v20260906+55419ffd
font-merge-one,,0.0,none,missing,no exact/normalized/alias/homepage evidence; no lookalikes either,,v20260906+55419ffd
font-merienda,,0.0,none,missing,no exact/normalized/alias/homepage evidence; no lookalikes either,,v20260906+55419ffd
font-merriweather,,0.0,none,missing,no exact/normalized/alias/homepage evidence; no lookalikes either,,v20260906+55419ffd
font-merriweather-sans,,0.0,none,missing,no exact/normalized/alias/homepage evidence; no lookalikes either,,v20260906+55419ffd
font-mervale-script,,0.0,none,missing,no exact/normalized/alias/homepage evidence; no lookalikes either,,v20260906+55419ffd
font-meslo-for-powerlevel10k,,0.0,none,missing,no exact/normalized/alias/homepage evidence; no lookalikes either,,v20260906+55419ffd
font-meslo-for-powerline,,0.0,none,missing,no exact/normalized/alias/homepage evidence; no lookalikes either,,v20260906+55419ffd
font-meslo-lg,,0.0,none,missing,no exact/normalized/alias/homepage evidence; no lookalikes either,,v20260906+55419ffd
font-meslo-lg-dz,,0.0,none,missing,no exact/normalized/alias/homepage evidence; no lookalikes either,,v20260906+55419ffd
font-meslo-lg-nerd-font,,0.0,none,missing,no exact/normalized/alias/homepage evidence; no lookalikes either,,v20260906+55419ffd
font-metal,,0.0,none,missing,no exact/normalized/alias/homepage evidence; no lookalikes either,,v20260906+55419ffd
font-metal-mania,,0.0,none,missing,no exact/normalized/alias/homepage evidence; no lookalikes either,,v20260906+55419ffd
font-metamorphous,,0.0,none,missing,no exact/normalized/alias/homepage evidence; no lookalikes either,,v20260906+55419ffd
font-metrophobic,,0.0,none,missing,no exact/normalized/alias/homepage evidence; no lookalikes either,,v20260906+55419ffd
font-metropolis,,0.0,none,missing,no exact/normalized/alias/homepage evidence; no lookalikes either,,v20260906+55419ffd
font-miama,,0.0,none,missing,no exact/normalized/alias/homepage evidence; no lookalikes either,,v20260906+55419ffd
font-miao-unicode,,0.0,none,needs-review,no exact/normalized/alias/homepage evidence; fuzzy suggestions listed for review,efont-unicode,v20260906+55419ffd
font-michroma,,0.0,none,needs-review,no exact/normalized/alias/homepage evidence; fuzzy suggestions listed for review,font-micro-misc,v20260906+55419ffd
font-micro-5,,0.0,none,missing,no exact/normalized/alias/homepage evidence; no lookalikes either,,v20260906+55419ffd
font-micro-5-charted,,0.0,none,missing,no exact/normalized/alias/homepage evidence; no lookalikes either,,v20260906+55419ffd
font-migmix-1m,,0.0,none,missing,no exact/normalized/alias/homepage evidence; no lookalikes either,,v20260906+55419ffd
font-migmix-1p,,0.0,none,missing,no exact/normalized/alias/homepage evidence; no lookalikes either,,v20260906+55419ffd
font-migmix-2m,,0.0,none,missing,no exact/normalized/alias/homepage evidence; no lookalikes either,,v20260906+55419ffd
font-migmix-2p,,0.0,none,missing,no exact/normalized/alias/homepage evidence; no lookalikes either,,v20260906+55419ffd
font-migu-1c,,0.0,none,missing,no exact/normalized/alias/homepage evidence; no lookalikes either,,v20260906+55419ffd
font-migu-1m,,0.0,none,missing,no exact/normalized/alias/homepage evidence; no lookalikes either,,v20260906+55419ffd
font-migu-1p,,0.0,none,missing,no exact/normalized/alias/homepage evidence; no lookalikes either,,v20260906+55419ffd
font-migu-2m,,0.0,none,missing,no exact/normalized/alias/homepage evidence; no lookalikes either,,v20260906+55419ffd
font-milonga,,0.0,none,missing,no exact/normalized/alias/homepage evidence; no lookalikes either,,v20260906+55419ffd
font-miltonian,,0.0,none,missing,no exact/normalized/alias/homepage evidence; no lookalikes either,,v20260906+55419ffd
font-miltonian-tattoo,,0.0,none,missing,no exact/normalized/alias/homepage evidence; no lookalikes either,,v20260906+55419ffd
font-mina,,0.0,none,missing,no exact/normalized/alias/homepage evidence; no lookalikes either,,v20260906+55419ffd
font-mingzat,,0.0,none,missing,no exact/normalized/alias/homepage evidence; no lookalikes either,,v20260906+55419ffd
font-miniver,,0.0,none,missing,no exact/normalized/alias/homepage evidence; no lookalikes either,,v20260906+55419ffd
font-miracode,,0.0,none,missing,no exact/normalized/alias/homepage evidence; no lookalikes either,,v20260906+55419ffd
font-miranda-sans,,0.0,none,missing,no exact/normalized/alias/homepage evidence; no lookalikes either,,v20260906+55419ffd
font-miriam-libre,,0.0,none,missing,no exact/normalized/alias/homepage evidence; no lookalikes either,,v20260906+55419ffd
font-miriam-mono-clm,,0.0,none,missing,no exact/normalized/alias/homepage evidence; no lookalikes either,,v20260906+55419ffd
font-mirza,,0.0,none,missing,no exact/normalized/alias/homepage evidence; no lookalikes either,,v20260906+55419ffd
font-miss-fajardose,,0.0,none,missing,no exact/normalized/alias/homepage evidence; no lookalikes either,,v20260906+55419ffd
font-mitr,,0.0,none,missing,no exact/normalized/alias/homepage evidence; no lookalikes either,,v20260906+55419ffd
font-mochiy-pop-one,,0.0,none,missing,no exact/normalized/alias/homepage evidence; no lookalikes either,,v20260906+55419ffd
font-mochiy-pop-p-one,,0.0,none,missing,no exact/normalized/alias/homepage evidence; no lookalikes either,,v20260906+55419ffd
font-modak,,0.0,none,missing,no exact/normalized/alias/homepage evidence; no lookalikes either,,v20260906+55419ffd
font-modern-antiqua,,0.0,none,missing,no exact/normalized/alias/homepage evidence; no lookalikes either,,v20260906+55419ffd
font-moderustic,,0.0,none,missing,no exact/normalized/alias/homepage evidence; no lookalikes either,,v20260906+55419ffd
font-mogra,,0.0,none,missing,no exact/normalized/alias/homepage evidence; no lookalikes either,,v20260906+55419ffd
font-mohave,,0.0,none,missing,no exact/normalized/alias/homepage evidence; no lookalikes either,,v20260906+55419ffd
font-moirai-one,,0.0,none,missing,no exact/normalized/alias/homepage evidence; no lookalikes either,,v20260906+55419ffd
font-molengo,,0.0,none,missing,no exact/normalized/alias/homepage evidence; no lookalikes either,,v20260906+55419ffd
font-molle,,0.0,none,missing,no exact/normalized/alias/homepage evidence; no lookalikes either,,v20260906+55419ffd
font-momo-signature,,0.0,none,missing,no exact/normalized/alias/homepage evidence; no lookalikes either,,v20260906+55419ffd
font-momo-trust-display,,0.0,none,missing,no exact/normalized/alias/homepage evidence; no lookalikes either,,v20260906+55419ffd
font-momo-trust-sans,,0.0,none,missing,no exact/normalized/alias/homepage evidence; no lookalikes either,,v20260906+55419ffd
font-mona-sans,,0.0,none,missing,no exact/normalized/alias/homepage evidence; no lookalikes either,,v20260906+55419ffd
font-monaspace,,0.0,none,missing,no exact/normalized/alias/homepage evidence; no lookalikes either,,v20260906+55419ffd
font-monaspace-frozen,,0.0,none,missing,no exact/normalized/alias/homepage evidence; no lookalikes either,,v20260906+55419ffd
font-monaspace-nf,,0.0,none,missing,no exact/normalized/alias/homepage evidence; no lookalikes either,,v20260906+55419ffd
font-monaspace-var,,0.0,none,missing,no exact/normalized/alias/homepage evidence; no lookalikes either,,v20260906+55419ffd
font-monaspice-nerd-font,,0.0,none,missing,no exact/normalized/alias/homepage evidence; no lookalikes either,,v20260906+55419ffd
font-monda,,0.0,none,missing,no exact/normalized/alias/homepage evidence; no lookalikes either,,v20260906+55419ffd
font-monocraft,,0.0,none,missing,no exact/normalized/alias/homepage evidence; no lookalikes either,,v20260906+55419ffd
font-monocraft-nerd-font,,0.0,none,missing,no exact/normalized/alias/homepage evidence; no lookalikes either,,v20260906+55419ffd
font-monofett,,0.0,none,missing,no exact/normalized/alias/homepage evidence; no lookalikes either,,v20260906+55419ffd
font-monofur-for-powerline,,0.0,none,missing,no exact/normalized/alias/homepage evidence; no lookalikes either,,v20260906+55419ffd
font-monofur-nerd-font,,0.0,none,missing,no exact/normalized/alias/homepage evidence; no lookalikes either,,v20260906+55419ffd
font-monoid,,0.0,none,missing,no exact/normalized/alias/homepage evidence; no lookalikes either,,v20260906+55419ffd
font-monoid-nerd-font,,0.0,none,missing,no exact/normalized/alias/homepage evidence; no lookalikes either,,v20260906+55419ffd
font-monoisome,,0.0,none,missing,no exact/normalized/alias/homepage evidence; no lookalikes either,,v20260906+55419ffd
font-monomakh,,0.0,none,missing,no exact/normalized/alias/homepage evidence; no lookalikes either,,v20260906+55419ffd
font-monomaniac-one,,0.0,none,missing,no exact/normalized/alias/homepage evidence; no lookalikes either,,v20260906+55419ffd
font-mononoki,,0.0,none,missing,no exact/normalized/alias/homepage evidence; no lookalikes either,,v20260906+55419ffd
font-mononoki-nerd-font,,0.0,none,missing,no exact/normalized/alias/homepage evidence; no lookalikes either,,v20260906+55419ffd
font-monoton,,0.0,none,missing,no exact/normalized/alias/homepage evidence; no lookalikes either,,v20260906+55419ffd
font-monsieur-la-doulaise,,0.0,none,missing,no exact/normalized/alias/homepage evidence; no lookalikes either,,v20260906+55419ffd
font-montaga,,0.0,none,missing,no exact/normalized/alias/homepage evidence; no lookalikes either,,v20260906+55419ffd
font-montagu-slab,,0.0,none,missing,no exact/normalized/alias/homepage evidence; no lookalikes either,,v20260906+55419ffd
font-montecarlo,,0.0,none,missing,no exact/normalized/alias/homepage evidence; no lookalikes either,,v20260906+55419ffd
font-montenegrin-gothic-one,,0.0,none,missing,no exact/normalized/alias/homepage evidence; no lookalikes either,,v20260906+55419ffd
font-montez,,0.0,none,missing,no exact/normalized/alias/homepage evidence; no lookalikes either,,v20260906+55419ffd
font-montserrat,,0.0,none,missing,no exact/normalized/alias/homepage evidence; no lookalikes either,,v20260906+55419ffd
font-montserrat-alternates,,0.0,none,missing,no exact/normalized/alias/homepage evidence; no lookalikes either,,v20260906+55419ffd
font-montserrat-subrayada,,0.0,none,missing,no exact/normalized/alias/homepage evidence; no lookalikes either,,v20260906+55419ffd
font-montserrat-underline,,0.0,none,missing,no exact/normalized/alias/homepage evidence; no lookalikes either,,v20260906+55419ffd
font-moo-lah-lah,,0.0,none,missing,no exact/normalized/alias/homepage evidence; no lookalikes either,,v20260906+55419ffd
font-mooli,,0.0,none,missing,no exact/normalized/alias/homepage evidence; no lookalikes either,,v20260906+55419ffd
font-moon-dance,,0.0,none,missing,no exact/normalized/alias/homepage evidence; no lookalikes either,,v20260906+55419ffd
font-moralerspace,,0.0,none,missing,no exact/normalized/alias/homepage evidence; no lookalikes either,,v20260906+55419ffd
font-moralerspace-hw,,0.0,none,missing,no exact/normalized/alias/homepage evidence; no lookalikes either,,v20260906+55419ffd
font-moralerspace-hw-jpdoc,,0.0,none,missing,no exact/normalized/alias/homepage evidence; no lookalikes either,,v20260906+55419ffd
font-moralerspace-jpdoc,,0.0,none,missing,no exact/normalized/alias/homepage evidence; no lookalikes either,,v20260906+55419ffd
font-moul,,0.0,none,missing,no exact/normalized/alias/homepage evidence; no lookalikes either,,v20260906+55419ffd
font-moulpali,,0.0,none,missing,no exact/normalized/alias/homepage evidence; no lookalikes either,,v20260906+55419ffd
font-mountains-of-christmas,,0.0,none,missing,no exact/normalized/alias/homepage evidence; no lookalikes either,,v20260906+55419ffd
font-mouse-memoirs,,0.0,none,missing,no exact/normalized/alias/homepage evidence; no lookalikes either,,v20260906+55419ffd
font-mozilla-headline,,0.0,none,missing,no exact/normalized/alias/homepage evidence; no lookalikes either,,v20260906+55419ffd
font-mozilla-text,,0.0,none,missing,no exact/normalized/alias/homepage evidence; no lookalikes either,,v20260906+55419ffd
font-mr-bedfort,,0.0,none,missing,no exact/normalized/alias/homepage evidence; no lookalikes either,,v20260906+55419ffd
font-mr-dafoe,,0.0,none,missing,no exact/normalized/alias/homepage evidence; no lookalikes either,,v20260906+55419ffd
font-mr-de-haviland,,0.0,none,missing,no exact/normalized/alias/homepage evidence; no lookalikes either,,v20260906+55419ffd
font-mrs-saint-delafield,,0.0,none,missing,no exact/normalized/alias/homepage evidence; no lookalikes either,,v20260906+55419ffd
font-mrs-sheppards,,0.0,none,missing,no exact/normalized/alias/homepage evidence; no lookalikes either,,v20260906+55419ffd
font-ms-madi,,0.0,none,missing,no exact/normalized/alias/homepage evidence; no lookalikes either,,v20260906+55419ffd
font-mukta,,0.0,none,missing,no exact/normalized/alias/homepage evidence; no lookalikes either,,v20260906+55419ffd
font-mukta-mahee,,0.0,none,missing,no exact/normalized/alias/homepage evidence; no lookalikes either,,v20260906+55419ffd
font-mukta-malar,,0.0,none,missing,no exact/normalized/alias/homepage evidence; no lookalikes either,,v20260906+55419ffd
font-mukta-vaani,,0.0,none,missing,no exact/normalized/alias/homepage evidence; no lookalikes either,,v20260906+55419ffd
font-mukti-narrow,,0.0,none,missing,no exact/normalized/alias/homepage evidence; no lookalikes either,,v20260906+55419ffd
font-mulish,,0.0,none,missing,no exact/normalized/alias/homepage evidence; no lookalikes either,,v20260906+55419ffd
font-murecho,,0.0,none,missing,no exact/normalized/alias/homepage evidence; no lookalikes either,,v20260906+55419ffd
font-museo,,0.0,none,missing,no exact/normalized/alias/homepage evidence; no lookalikes either,,v20260906+55419ffd
font-museomoderno,,0.0,none,missing,no exact/normalized/alias/homepage evidence; no lookalikes either,,v20260906+55419ffd
font-my-soul,,0.0,none,missing,no exact/normalized/alias/homepage evidence; no lookalikes either,,v20260906+55419ffd
font-myanmar-sans-pro,,0.0,none,missing,no exact/normalized/alias/homepage evidence; no lookalikes either,,v20260906+55419ffd
font-myna,,0.0,none,missing,no exact/normalized/alias/homepage evidence; no lookalikes either,,v20260906+55419ffd
font-mynaui-icons,,0.0,none,missing,no exact/normalized/alias/homepage evidence; no lookalikes either,,v20260906+55419ffd
font-mynerve,,0.0,none,missing,no exact/normalized/alias/homepage evidence; no lookalikes either,,v20260906+55419ffd
font-myrica,,0.0,none,missing,no exact/normalized/alias/homepage evidence; no lookalikes either,,v20260906+55419ffd
font-myricam,,0.0,none,missing,no exact/normalized/alias/homepage evidence; no lookalikes either,,v20260906+55419ffd
font-mystery-quest,,0.0,none,missing,no exact/normalized/alias/homepage evidence; no lookalikes either,,v20260906+55419ffd
font-n-gage,,0.0,none,needs-review,no exact/normalized/alias/homepage evidence; fuzzy suggestions listed for review,font-manager,v20260906+55419ffd
font-nabla,,0.0,none,missing,no exact/normalized/alias/homepage evidence; no lookalikes either,,v20260906+55419ffd
font-nacelle,,0.0,none,missing,no exact/normalized/alias/homepage evidence; no lookalikes either,,v20260906+55419ffd
font-namdhinggo,,0.0,none,missing,no exact/normalized/alias/homepage evidence; no lookalikes either,,v20260906+55419ffd
font-nanum-brush-script,,0.0,none,missing,no exact/normalized/alias/homepage evidence; no lookalikes either,,v20260906+55419ffd
font-nanum-gothic,,0.0,none,missing,no exact/normalized/alias/homepage evidence; no lookalikes either,,v20260906+55419ffd
font-nanum-gothic-coding,,0.0,none,missing,no exact/normalized/alias/homepage evidence; no lookalikes either,,v20260906+55419ffd
font-nanum-myeongjo,,0.0,none,missing,no exact/normalized/alias/homepage evidence; no lookalikes either,,v20260906+55419ffd
font-nanum-pen-script,,0.0,none,missing,no exact/normalized/alias/homepage evidence; no lookalikes either,,v20260906+55419ffd
font-nanum-square,,0.0,none,missing,no exact/normalized/alias/homepage evidence; no lookalikes either,,v20260906+55419ffd
font-nanum-square-neo,,0.0,none,missing,no exact/normalized/alias/homepage evidence; no lookalikes either,,v20260906+55419ffd
font-nanum-square-round,,0.0,none,missing,no exact/normalized/alias/homepage evidence; no lookalikes either,,v20260906+55419ffd
font-narnoor,,0.0,none,missing,no exact/normalized/alias/homepage evidence; no lookalikes either,,v20260906+55419ffd
font-nata-sans,,0.0,none,missing,no exact/normalized/alias/homepage evidence; no lookalikes either,,v20260906+55419ffd
font-national-park,,0.0,none,missing,no exact/normalized/alias/homepage evidence; no lookalikes either,,v20260906+55419ffd
font-nats,,0.0,none,missing,no exact/normalized/alias/homepage evidence; no lookalikes either,,v20260906+55419ffd
font-neonderthaw,,0.0,none,missing,no exact/normalized/alias/homepage evidence; no lookalikes either,,v20260906+55419ffd
font-nerko-one,,0.0,none,missing,no exact/normalized/alias/homepage evidence; no lookalikes either,,v20260906+55419ffd
font-neucha,,0.0,none,missing,no exact/normalized/alias/homepage evidence; no lookalikes either,,v20260906+55419ffd
font-neuton,,0.0,none,missing,no exact/normalized/alias/homepage evidence; no lookalikes either,,v20260906+55419ffd
font-nevermind,,0.0,none,missing,no exact/normalized/alias/homepage evidence; no lookalikes either,,v20260906+55419ffd
font-new-amsterdam,,0.0,none,missing,no exact/normalized/alias/homepage evidence; no lookalikes either,,v20260906+55419ffd
font-new-computer-modern,,0.0,none,missing,no exact/normalized/alias/homepage evidence; no lookalikes either,,v20260906+55419ffd
font-new-rocker,,0.0,none,missing,no exact/normalized/alias/homepage evidence; no lookalikes either,,v20260906+55419ffd
font-new-tegomin,,0.0,none,missing,no exact/normalized/alias/homepage evidence; no lookalikes either,,v20260906+55419ffd
font-new-york,,0.0,none,missing,no exact/normalized/alias/homepage evidence; no lookalikes either,,v20260906+55419ffd
font-news-cycle,,0.0,none,missing,no exact/normalized/alias/homepage evidence; no lookalikes either,,v20260906+55419ffd
font-newsreader,,0.0,none,missing,no exact/normalized/alias/homepage evidence; no lookalikes either,,v20260906+55419ffd
font-nexon-bazzi,,0.0,none,missing,no exact/normalized/alias/homepage evidence; no lookalikes either,,v20260906+55419ffd
font-nexon-football-gothic,,0.0,none,missing,no exact/normalized/alias/homepage evidence; no lookalikes either,,v20260906+55419ffd
font-nexon-kart-gothic,,0.0,none,missing,no exact/normalized/alias/homepage evidence; no lookalikes either,,v20260906+55419ffd
font-nexon-lv1-gothic,,0.0,none,missing,no exact/normalized/alias/homepage evidence; no lookalikes either,,v20260906+55419ffd
font-nexon-lv2-gothic,,0.0,none,missing,no exact/normalized/alias/homepage evidence; no lookalikes either,,v20260906+55419ffd
font-nexon-maplestory,,0.0,none,missing,no exact/normalized/alias/homepage evidence; no lookalikes either,,v20260906+55419ffd
font-nico-moji,,0.0,none,missing,no exact/normalized/alias/homepage evidence; no lookalikes either,,v20260906+55419ffd
font-niconne,,0.0,none,missing,no exact/normalized/alias/homepage evidence; no lookalikes either,,v20260906+55419ffd
font-nikukyu,,0.0,none,missing,no exact/normalized/alias/homepage evidence; no lookalikes either,,v20260906+55419ffd
font-nimbus-sans-l,,0.0,none,missing,no exact/normalized/alias/homepage evidence; no lookalikes either,,v20260906+55419ffd
font-niramit,,0.0,none,missing,no exact/normalized/alias/homepage evidence; no lookalikes either,,v20260906+55419ffd
font-nixie-one,,0.0,none,missing,no exact/normalized/alias/homepage evidence; no lookalikes either,,v20260906+55419ffd
font-nobile,,0.0,none,missing,no exact/normalized/alias/homepage evidence; no lookalikes either,,v20260906+55419ffd
font-nokora,,0.0,none,missing,no exact/normalized/alias/homepage evidence; no lookalikes either,,v20260906+55419ffd
font-norican,,0.0,none,missing,no exact/normalized/alias/homepage evidence; no lookalikes either,,v20260906+55419ffd
font-nosifer,,0.0,none,missing,no exact/normalized/alias/homepage evidence; no lookalikes either,,v20260906+55419ffd
font-nosifer-caps,,0.0,none,missing,no exact/normalized/alias/homepage evidence; no lookalikes either,,v20260906+55419ffd
font-notable,,0.0,none,missing,no exact/normalized/alias/homepage evidence; no lookalikes either,,v20260906+55419ffd
font-nothing-you-could-do,,0.0,none,missing,no exact/normalized/alias/homepage evidence; no lookalikes either,,v20260906+55419ffd
font-noticia-text,,0.0,none,missing,no exact/normalized/alias/homepage evidence; no lookalikes either,,v20260906+55419ffd
font-noto-color-emoji,,0.0,none,missing,no exact/normalized/alias/homepage evidence; no lookalikes either,,v20260906+55419ffd
font-noto-color-emoji-compat-test,,0.0,none,missing,no exact/normalized/alias/homepage evidence; no lookalikes either,,v20260906+55419ffd
font-noto-emoji,,0.0,none,missing,no exact/normalized/alias/homepage evidence; no lookalikes either,,v20260906+55419ffd
font-noto-kufi-arabic,,0.0,none,missing,no exact/normalized/alias/homepage evidence; no lookalikes either,,v20260906+55419ffd
font-noto-mono-for-powerline,,0.0,none,missing,no exact/normalized/alias/homepage evidence; no lookalikes either,,v20260906+55419ffd
font-noto-music,,0.0,none,missing,no exact/normalized/alias/homepage evidence; no lookalikes either,,v20260906+55419ffd
font-noto-naskh-arabic,,0.0,none,missing,no exact/normalized/alias/homepage evidence; no lookalikes either,,v20260906+55419ffd
font-noto-naskh-arabic-ui,,0.0,none,missing,no exact/normalized/alias/homepage evidence; no lookalikes either,,v20260906+55419ffd
font-noto-nastaliq-urdu,,0.0,none,missing,no exact/normalized/alias/homepage evidence; no lookalikes either,,v20260906+55419ffd
font-noto-nerd-font,,0.0,none,missing,no exact/normalized/alias/homepage evidence; no lookalikes either,,v20260906+55419ffd
font-noto-rashi-hebrew,,0.0,none,missing,no exact/normalized/alias/homepage evidence; no lookalikes either,,v20260906+55419ffd
font-noto-sans,,0.0,none,missing,no exact/normalized/alias/homepage evidence; no lookalikes either,,v20260906+55419ffd
font-noto-sans-adlam,,0.0,none,missing,no exact/normalized/alias/homepage evidence; no lookalikes either,,v20260906+55419ffd
font-noto-sans-adlam-unjoined,,0.0,none,missing,no exact/normalized/alias/homepage evidence; no lookalikes either,,v20260906+55419ffd
font-noto-sans-anatolian-hieroglyphs,,0.0,none,missing,no exact/normalized/alias/homepage evidence; no lookalikes either,,v20260906+55419ffd
font-noto-sans-arabic,,0.0,none,missing,no exact/normalized/alias/homepage evidence; no lookalikes either,,v20260906+55419ffd
font-noto-sans-arabic-ui,,0.0,none,missing,no exact/normalized/alias/homepage evidence; no lookalikes either,,v20260906+55419ffd
font-noto-sans-armenian,,0.0,none,missing,no exact/normalized/alias/homepage evidence; no lookalikes either,,v20260906+55419ffd
font-noto-sans-avestan,,0.0,none,missing,no exact/normalized/alias/homepage evidence; no lookalikes either,,v20260906+55419ffd
font-noto-sans-balinese,,0.0,none,missing,no exact/normalized/alias/homepage evidence; no lookalikes either,,v20260906+55419ffd
font-noto-sans-bamum,,0.0,none,missing,no exact/normalized/alias/homepage evidence; no lookalikes either,,v20260906+55419ffd
font-noto-sans-bassa-vah,,0.0,none,missing,no exact/normalized/alias/homepage evidence; no lookalikes either,,v20260906+55419ffd
font-noto-sans-batak,,0.0,none,missing,no exact/normalized/alias/homepage evidence; no lookalikes either,,v20260906+55419ffd
font-noto-sans-bengali,,0.0,none,missing,no exact/normalized/alias/homepage evidence; no lookalikes either,,v20260906+55419ffd
font-noto-sans-bengali-ui,,0.0,none,missing,no exact/normalized/alias/homepage evidence; no lookalikes either,,v20260906+55419ffd
font-noto-sans-bhaiksuki,,0.0,none,missing,no exact/normalized/alias/homepage evidence; no lookalikes either,,v20260906+55419ffd
font-noto-sans-brahmi,,0.0,none,missing,no exact/normalized/alias/homepage evidence; no lookalikes either,,v20260906+55419ffd
font-noto-sans-buginese,,0.0,none,missing,no exact/normalized/alias/homepage evidence; no lookalikes either,,v20260906+55419ffd
font-noto-sans-buhid,,0.0,none,missing,no exact/normalized/alias/homepage evidence; no lookalikes either,,v20260906+55419ffd
font-noto-sans-canadian-aboriginal,,0.0,none,missing,no exact/normalized/alias/homepage evidence; no lookalikes either,,v20260906+55419ffd
font-noto-sans-carian,,0.0,none,missing,no exact/normalized/alias/homepage evidence; no lookalikes either,,v20260906+55419ffd
font-noto-sans-caucasian-albanian,,0.0,none,missing,no exact/normalized/alias/homepage evidence; no lookalikes either,,v20260906+55419ffd
font-noto-sans-chakma,,0.0,none,missing,no exact/normalized/alias/homepage evidence; no lookalikes either,,v20260906+55419ffd
font-noto-sans-cham,,0.0,none,missing,no exact/normalized/alias/homepage evidence; no lookalikes either,,v20260906+55419ffd
font-noto-sans-cherokee,,0.0,none,missing,no exact/normalized/alias/homepage evidence; no lookalikes either,,v20260906+55419ffd
font-noto-sans-chorasmian,,0.0,none,missing,no exact/normalized/alias/homepage evidence; no lookalikes either,,v20260906+55419ffd
font-noto-sans-cjk,,0.0,none,missing,no exact/normalized/alias/homepage evidence; no lookalikes either,,v20260906+55419ffd
font-noto-sans-cjk-hk,,0.0,none,missing,no exact/normalized/alias/homepage evidence; no lookalikes either,,v20260906+55419ffd
font-noto-sans-cjk-jp,,0.0,none,missing,no exact/normalized/alias/homepage evidence; no lookalikes either,,v20260906+55419ffd
font-noto-sans-cjk-kr,,0.0,none,missing,no exact/normalized/alias/homepage evidence; no lookalikes either,,v20260906+55419ffd
font-noto-sans-cjk-sc,,0.0,none,missing,no exact/normalized/alias/homepage evidence; no lookalikes either,,v20260906+55419ffd
font-noto-sans-cjk-tc,,0.0,none,missing,no exact/normalized/alias/homepage evidence; no lookalikes either,,v20260906+55419ffd
font-noto-sans-coptic,,0.0,none,missing,no exact/normalized/alias/homepage evidence; no lookalikes either,,v20260906+55419ffd
font-noto-sans-cuneiform,,0.0,none,missing,no exact/normalized/alias/homepage evidence; no lookalikes either,,v20260906+55419ffd
font-noto-sans-cypriot,,0.0,none,missing,no exact/normalized/alias/homepage evidence; no lookalikes either,,v20260906+55419ffd
font-noto-sans-cypro-minoan,,0.0,none,missing,no exact/normalized/alias/homepage evidence; no lookalikes either,,v20260906+55419ffd
font-noto-sans-deseret,,0.0,none,missing,no exact/normalized/alias/homepage evidence; no lookalikes either,,v20260906+55419ffd
font-noto-sans-devanagari,,0.0,none,missing,no exact/normalized/alias/homepage evidence; no lookalikes either,,v20260906+55419ffd
font-noto-sans-devanagari-ui,,0.0,none,missing,no exact/normalized/alias/homepage evidence; no lookalikes either,,v20260906+55419ffd
font-noto-sans-display,,0.0,none,missing,no exact/normalized/alias/homepage evidence; no lookalikes either,,v20260906+55419ffd
font-noto-sans-duployan,,0.0,none,missing,no exact/normalized/alias/homepage evidence; no lookalikes either,,v20260906+55419ffd
font-noto-sans-egyptian-hieroglyphs,,0.0,none,missing,no exact/normalized/alias/homepage evidence; no lookalikes either,,v20260906+55419ffd
font-noto-sans-elbasan,,0.0,none,missing,no exact/normalized/alias/homepage evidence; no lookalikes either,,v20260906+55419ffd
font-noto-sans-elymaic,,0.0,none,missing,no exact/normalized/alias/homepage evidence; no lookalikes either,,v20260906+55419ffd
font-noto-sans-ethiopic,,0.0,none,missing,no exact/normalized/alias/homepage evidence; no lookalikes either,,v20260906+55419ffd
font-noto-sans-georgian,,0.0,none,missing,no exact/normalized/alias/homepage evidence; no lookalikes either,,v20260906+55419ffd
font-noto-sans-glagolitic,,0.0,none,missing,no exact/normalized/alias/homepage evidence; no lookalikes either,,v20260906+55419ffd
font-noto-sans-gothic,,0.0,none,missing,no exact/normalized/alias/homepage evidence; no lookalikes either,,v20260906+55419ffd
font-noto-sans-grantha,,0.0,none,missing,no exact/normalized/alias/homepage evidence; no lookalikes either,,v20260906+55419ffd
font-noto-sans-gujarati,,0.0,none,missing,no exact/normalized/alias/homepage evidence; no lookalikes either,,v20260906+55419ffd
font-noto-sans-gujarati-ui,,0.0,none,missing,no exact/normalized/alias/homepage evidence; no lookalikes either,,v20260906+55419ffd
font-noto-sans-gunjala-gondi,,0.0,none,missing,no exact/normalized/alias/homepage evidence; no lookalikes either,,v20260906+55419ffd
font-noto-sans-gurmukhi,,0.0,none,missing,no exact/normalized/alias/homepage evidence; no lookalikes either,,v20260906+55419ffd
font-noto-sans-gurmukhi-ui,,0.0,none,missing,no exact/normalized/alias/homepage evidence; no lookalikes either,,v20260906+55419ffd
font-noto-sans-hanifi-rohingya,,0.0,none,missing,no exact/normalized/alias/homepage evidence; no lookalikes either,,v20260906+55419ffd
font-noto-sans-hanunoo,,0.0,none,missing,no exact/normalized/alias/homepage evidence; no lookalikes either,,v20260906+55419ffd
font-noto-sans-hatran,,0.0,none,missing,no exact/normalized/alias/homepage evidence; no lookalikes either,,v20260906+55419ffd
font-noto-sans-hebrew,,0.0,none,missing,no exact/normalized/alias/homepage evidence; no lookalikes either,,v20260906+55419ffd
font-noto-sans-hk,,0.0,none,missing,no exact/normalized/alias/homepage evidence; no lookalikes either,,v20260906+55419ffd
font-noto-sans-imperial-aramaic,,0.0,none,missing,no exact/normalized/alias/homepage evidence; no lookalikes either,,v20260906+55419ffd
font-noto-sans-indic-siyaq-numbers,,0.0,none,missing,no exact/normalized/alias/homepage evidence; no lookalikes either,,v20260906+55419ffd
font-noto-sans-inscriptional-pahlavi,,0.0,none,missing,no exact/normalized/alias/homepage evidence; no lookalikes either,,v20260906+55419ffd
font-noto-sans-inscriptional-parthian,,0.0,none,missing,no exact/normalized/alias/homepage evidence; no lookalikes either,,v20260906+55419ffd
font-noto-sans-javanese,,0.0,none,missing,no exact/normalized/alias/homepage evidence; no lookalikes either,,v20260906+55419ffd
font-noto-sans-jp,,0.0,none,missing,no exact/normalized/alias/homepage evidence; no lookalikes either,,v20260906+55419ffd
font-noto-sans-kaithi,,0.0,none,missing,no exact/normalized/alias/homepage evidence; no lookalikes either,,v20260906+55419ffd
font-noto-sans-kannada,,0.0,none,missing,no exact/normalized/alias/homepage evidence; no lookalikes either,,v20260906+55419ffd
font-noto-sans-kannada-ui,,0.0,none,missing,no exact/normalized/alias/homepage evidence; no lookalikes either,,v20260906+55419ffd
font-noto-sans-kawi,,0.0,none,missing,no exact/normalized/alias/homepage evidence; no lookalikes either,,v20260906+55419ffd
font-noto-sans-kayah-li,,0.0,none,missing,no exact/normalized/alias/homepage evidence; no lookalikes either,,v20260906+55419ffd
font-noto-sans-kharoshthi,,0.0,none,missing,no exact/normalized/alias/homepage evidence; no lookalikes either,,v20260906+55419ffd
font-noto-sans-khmer,,0.0,none,missing,no exact/normalized/alias/homepage evidence; no lookalikes either,,v20260906+55419ffd
font-noto-sans-khmer-ui,,0.0,none,missing,no exact/normalized/alias/homepage evidence; no lookalikes either,,v20260906+55419ffd
font-noto-sans-khojki,,0.0,none,missing,no exact/normalized/alias/homepage evidence; no lookalikes either,,v20260906+55419ffd
font-noto-sans-khudawadi,,0.0,none,missing,no exact/normalized/alias/homepage evidence; no lookalikes either,,v20260906+55419ffd
font-noto-sans-kr,,0.0,none,missing,no exact/normalized/alias/homepage evidence; no lookalikes either,,v20260906+55419ffd
font-noto-sans-lao,,0.0,none,missing,no exact/normalized/alias/homepage evidence; no lookalikes either,,v20260906+55419ffd
font-noto-sans-lao-looped,,0.0,none,missing,no exact/normalized/alias/homepage evidence; no lookalikes either,,v20260906+55419ffd
font-noto-sans-lao-ui,,0.0,none,missing,no exact/normalized/alias/homepage evidence; no lookalikes either,,v20260906+55419ffd
font-noto-sans-lepcha,,0.0,none,missing,no exact/normalized/alias/homepage evidence; no lookalikes either,,v20260906+55419ffd
font-noto-sans-limbu,,0.0,none,missing,no exact/normalized/alias/homepage evidence; no lookalikes either,,v20260906+55419ffd
font-noto-sans-linear-a,,0.0,none,missing,no exact/normalized/alias/homepage evidence; no lookalikes either,,v20260906+55419ffd
font-noto-sans-linear-b,,0.0,none,missing,no exact/normalized/alias/homepage evidence; no lookalikes either,,v20260906+55419ffd
font-noto-sans-lisu,,0.0,none,missing,no exact/normalized/alias/homepage evidence; no lookalikes either,,v20260906+55419ffd
font-noto-sans-lycian,,0.0,none,missing,no exact/normalized/alias/homepage evidence; no lookalikes either,,v20260906+55419ffd
font-noto-sans-lydian,,0.0,none,missing,no exact/normalized/alias/homepage evidence; no lookalikes either,,v20260906+55419ffd
font-noto-sans-mahajani,,0.0,none,missing,no exact/normalized/alias/homepage evidence; no lookalikes either,,v20260906+55419ffd
font-noto-sans-malayalam,,0.0,none,missing,no exact/normalized/alias/homepage evidence; no lookalikes either,,v20260906+55419ffd
font-noto-sans-malayalam-ui,,0.0,none,missing,no exact/normalized/alias/homepage evidence; no lookalikes either,,v20260906+55419ffd
font-noto-sans-mandaic,,0.0,none,missing,no exact/normalized/alias/homepage evidence; no lookalikes either,,v20260906+55419ffd
font-noto-sans-manichaean,,0.0,none,missing,no exact/normalized/alias/homepage evidence; no lookalikes either,,v20260906+55419ffd
font-noto-sans-marchen,,0.0,none,missing,no exact/normalized/alias/homepage evidence; no lookalikes either,,v20260906+55419ffd
font-noto-sans-masaram-gondi,,0.0,none,missing,no exact/normalized/alias/homepage evidence; no lookalikes either,,v20260906+55419ffd
font-noto-sans-math,,0.0,none,missing,no exact/normalized/alias/homepage evidence; no lookalikes either,,v20260906+55419ffd
font-noto-sans-mayan-numerals,,0.0,none,missing,no exact/normalized/alias/homepage evidence; no lookalikes either,,v20260906+55419ffd
font-noto-sans-medefaidrin,,0.0,none,missing,no exact/normalized/alias/homepage evidence; no lookalikes either,,v20260906+55419ffd
font-noto-sans-meetei-mayek,,0.0,none,missing,no exact/normalized/alias/homepage evidence; no lookalikes either,,v20260906+55419ffd
font-noto-sans-mende-kikakui,,0.0,none,missing,no exact/normalized/alias/homepage evidence; no lookalikes either,,v20260906+55419ffd
font-noto-sans-meroitic,,0.0,none,missing,no exact/normalized/alias/homepage evidence; no lookalikes either,,v20260906+55419ffd
font-noto-sans-miao,,0.0,none,missing,no exact/normalized/alias/homepage evidence; no lookalikes either,,v20260906+55419ffd
font-noto-sans-modi,,0.0,none,missing,no exact/normalized/alias/homepage evidence; no lookalikes either,,v20260906+55419ffd
font-noto-sans-mongolian,,0.0,none,missing,no exact/normalized/alias/homepage evidence; no lookalikes either,,v20260906+55419ffd
font-noto-sans-mono,,0.0,none,missing,no exact/normalized/alias/homepage evidence; no lookalikes either,,v20260906+55419ffd
font-noto-sans-mono-cjk-hk,,0.0,none,missing,no exact/normalized/alias/homepage evidence; no lookalikes either,,v20260906+55419ffd
font-noto-sans-mono-cjk-jp,,0.0,none,missing,no exact/normalized/alias/homepage evidence; no lookalikes either,,v20260906+55419ffd
font-noto-sans-mono-cjk-kr,,0.0,none,missing,no exact/normalized/alias/homepage evidence; no lookalikes either,,v20260906+55419ffd
font-noto-sans-mono-cjk-sc,,0.0,none,missing,no exact/normalized/alias/homepage evidence; no lookalikes either,,v20260906+55419ffd
font-noto-sans-mono-cjk-tc,,0.0,none,missing,no exact/normalized/alias/homepage evidence; no lookalikes either,,v20260906+55419ffd
font-noto-sans-mro,,0.0,none,missing,no exact/normalized/alias/homepage evidence; no lookalikes either,,v20260906+55419ffd
font-noto-sans-multani,,0.0,none,missing,no exact/normalized/alias/homepage evidence; no lookalikes either,,v20260906+55419ffd
font-noto-sans-myanmar,,0.0,none,missing,no exact/normalized/alias/homepage evidence; no lookalikes either,,v20260906+55419ffd
font-noto-sans-myanmar-ui,,0.0,none,missing,no exact/normalized/alias/homepage evidence; no lookalikes either,,v20260906+55419ffd
font-noto-sans-nabataean,,0.0,none,missing,no exact/normalized/alias/homepage evidence; no lookalikes either,,v20260906+55419ffd
font-noto-sans-nag-mundari,,0.0,none,missing,no exact/normalized/alias/homepage evidence; no lookalikes either,,v20260906+55419ffd
font-noto-sans-nandinagari,,0.0,none,missing,no exact/normalized/alias/homepage evidence; no lookalikes either,,v20260906+55419ffd
font-noto-sans-new-tai-lue,,0.0,none,missing,no exact/normalized/alias/homepage evidence; no lookalikes either,,v20260906+55419ffd
font-noto-sans-newa,,0.0,none,missing,no exact/normalized/alias/homepage evidence; no lookalikes either,,v20260906+55419ffd
font-noto-sans-nko,,0.0,none,missing,no exact/normalized/alias/homepage evidence; no lookalikes either,,v20260906+55419ffd
font-noto-sans-nko-unjoined,,0.0,none,missing,no exact/normalized/alias/homepage evidence; no lookalikes either,,v20260906+55419ffd
font-noto-sans-nushu,,0.0,none,missing,no exact/normalized/alias/homepage evidence; no lookalikes either,,v20260906+55419ffd
font-noto-sans-ogham,,0.0,none,missing,no exact/normalized/alias/homepage evidence; no lookalikes either,,v20260906+55419ffd
font-noto-sans-ol-chiki,,0.0,none,missing,no exact/normalized/alias/homepage evidence; no lookalikes either,,v20260906+55419ffd
font-noto-sans-old-hungarian,,0.0,none,missing,no exact/normalized/alias/homepage evidence; no lookalikes either,,v20260906+55419ffd
font-noto-sans-old-italic,,0.0,none,missing,no exact/normalized/alias/homepage evidence; no lookalikes either,,v20260906+55419ffd
font-noto-sans-old-north-arabian,,0.0,none,missing,no exact/normalized/alias/homepage evidence; no lookalikes either,,v20260906+55419ffd
font-noto-sans-old-permic,,0.0,none,missing,no exact/normalized/alias/homepage evidence; no lookalikes either,,v20260906+55419ffd
font-noto-sans-old-persian,,0.0,none,missing,no exact/normalized/alias/homepage evidence; no lookalikes either,,v20260906+55419ffd
font-noto-sans-old-sogdian,,0.0,none,missing,no exact/normalized/alias/homepage evidence; no lookalikes either,,v20260906+55419ffd
font-noto-sans-old-south-arabian,,0.0,none,missing,no exact/normalized/alias/homepage evidence; no lookalikes either,,v20260906+55419ffd
font-noto-sans-old-turkic,,0.0,none,missing,no exact/normalized/alias/homepage evidence; no lookalikes either,,v20260906+55419ffd
font-noto-sans-oriya,,0.0,none,missing,no exact/normalized/alias/homepage evidence; no lookalikes either,,v20260906+55419ffd
font-noto-sans-oriya-ui,,0.0,none,missing,no exact/normalized/alias/homepage evidence; no lookalikes either,,v20260906+55419ffd
font-noto-sans-osage,,0.0,none,missing,no exact/normalized/alias/homepage evidence; no lookalikes either,,v20260906+55419ffd
font-noto-sans-osmanya,,0.0,none,missing,no exact/normalized/alias/homepage evidence; no lookalikes either,,v20260906+55419ffd
font-noto-sans-pahawh-hmong,,0.0,none,missing,no exact/normalized/alias/homepage evidence; no lookalikes either,,v20260906+55419ffd
font-noto-sans-palmyrene,,0.0,none,missing,no exact/normalized/alias/homepage evidence; no lookalikes either,,v20260906+55419ffd
font-noto-sans-pau-cin-hau,,0.0,none,missing,no exact/normalized/alias/homepage evidence; no lookalikes either,,v20260906+55419ffd
font-noto-sans-phagspa,,0.0,none,missing,no exact/normalized/alias/homepage evidence; no lookalikes either,,v20260906+55419ffd
font-noto-sans-phoenician,,0.0,none,missing,no exact/normalized/alias/homepage evidence; no lookalikes either,,v20260906+55419ffd
font-noto-sans-psalter-pahlavi,,0.0,none,missing,no exact/normalized/alias/homepage evidence; no lookalikes either,,v20260906+55419ffd
font-noto-sans-rejang,,0.0,none,missing,no exact/normalized/alias/homepage evidence; no lookalikes either,,v20260906+55419ffd
font-noto-sans-runic,,0.0,none,missing,no exact/normalized/alias/homepage evidence; no lookalikes either,,v20260906+55419ffd
font-noto-sans-samaritan,,0.0,none,missing,no exact/normalized/alias/homepage evidence; no lookalikes either,,v20260906+55419ffd
font-noto-sans-saurashtra,,0.0,none,missing,no exact/normalized/alias/homepage evidence; no lookalikes either,,v20260906+55419ffd
font-noto-sans-sc,,0.0,none,missing,no exact/normalized/alias/homepage evidence; no lookalikes either,,v20260906+55419ffd
font-noto-sans-sharada,,0.0,none,missing,no exact/normalized/alias/homepage evidence; no lookalikes either,,v20260906+55419ffd
font-noto-sans-shavian,,0.0,none,missing,no exact/normalized/alias/homepage evidence; no lookalikes either,,v20260906+55419ffd
font-noto-sans-siddham,,0.0,none,missing,no exact/normalized/alias/homepage evidence; no lookalikes either,,v20260906+55419ffd
font-noto-sans-signwriting,,0.0,none,missing,no exact/normalized/alias/homepage evidence; no lookalikes either,,v20260906+55419ffd
font-noto-sans-sinhala,,0.0,none,missing,no exact/normalized/alias/homepage evidence; no lookalikes either,,v20260906+55419ffd
font-noto-sans-sinhala-ui,,0.0,none,missing,no exact/normalized/alias/homepage evidence; no lookalikes either,,v20260906+55419ffd
font-noto-sans-sogdian,,0.0,none,missing,no exact/normalized/alias/homepage evidence; no lookalikes either,,v20260906+55419ffd
font-noto-sans-sora-sompeng,,0.0,none,missing,no exact/normalized/alias/homepage evidence; no lookalikes either,,v20260906+55419ffd
font-noto-sans-soyombo,,0.0,none,missing,no exact/normalized/alias/homepage evidence; no lookalikes either,,v20260906+55419ffd
font-noto-sans-sundanese,,0.0,none,missing,no exact/normalized/alias/homepage evidence; no lookalikes either,,v20260906+55419ffd
font-noto-sans-sunuwar,,0.0,none,missing,no exact/normalized/alias/homepage evidence; no lookalikes either,,v20260906+55419ffd
font-noto-sans-syloti-nagri,,0.0,none,missing,no exact/normalized/alias/homepage evidence; no lookalikes either,,v20260906+55419ffd
font-noto-sans-symbols,,0.0,none,missing,no exact/normalized/alias/homepage evidence; no lookalikes either,,v20260906+55419ffd
font-noto-sans-symbols-2,,0.0,none,missing,no exact/normalized/alias/homepage evidence; no lookalikes either,,v20260906+55419ffd
font-noto-sans-syriac,,0.0,none,missing,no exact/normalized/alias/homepage evidence; no lookalikes either,,v20260906+55419ffd
font-noto-sans-syriac-eastern,,0.0,none,missing,no exact/normalized/alias/homepage evidence; no lookalikes either,,v20260906+55419ffd
font-noto-sans-syriac-western,,0.0,none,missing,no exact/normalized/alias/homepage evidence; no lookalikes either,,v20260906+55419ffd
font-noto-sans-tagalog,,0.0,none,missing,no exact/normalized/alias/homepage evidence; no lookalikes either,,v20260906+55419ffd
font-noto-sans-tagbanwa,,0.0,none,missing,no exact/normalized/alias/homepage evidence; no lookalikes either,,v20260906+55419ffd
font-noto-sans-tai-le,,0.0,none,missing,no exact/normalized/alias/homepage evidence; no lookalikes either,,v20260906+55419ffd
font-noto-sans-tai-tham,,0.0,none,missing,no exact/normalized/alias/homepage evidence; no lookalikes either,,v20260906+55419ffd
font-noto-sans-tai-viet,,0.0,none,missing,no exact/normalized/alias/homepage evidence; no lookalikes either,,v20260906+55419ffd
font-noto-sans-takri,,0.0,none,missing,no exact/normalized/alias/homepage evidence; no lookalikes either,,v20260906+55419ffd
font-noto-sans-tamil,,0.0,none,missing,no exact/normalized/alias/homepage evidence; no lookalikes either,,v20260906+55419ffd
font-noto-sans-tamil-supplement,,0.0,none,missing,no exact/normalized/alias/homepage evidence; no lookalikes either,,v20260906+55419ffd
font-noto-sans-tamil-ui,,0.0,none,missing,no exact/normalized/alias/homepage evidence; no lookalikes either,,v20260906+55419ffd
font-noto-sans-tangsa,,0.0,none,missing,no exact/normalized/alias/homepage evidence; no lookalikes either,,v20260906+55419ffd
font-noto-sans-tc,,0.0,none,missing,no exact/normalized/alias/homepage evidence; no lookalikes either,,v20260906+55419ffd
font-noto-sans-telugu,,0.0,none,missing,no exact/normalized/alias/homepage evidence; no lookalikes either,,v20260906+55419ffd
font-noto-sans-telugu-ui,,0.0,none,missing,no exact/normalized/alias/homepage evidence; no lookalikes either,,v20260906+55419ffd
font-noto-sans-thaana,,0.0,none,missing,no exact/normalized/alias/homepage evidence; no lookalikes either,,v20260906+55419ffd
font-noto-sans-thai,,0.0,none,missing,no exact/normalized/alias/homepage evidence; no lookalikes either,,v20260906+55419ffd
font-noto-sans-thai-looped,,0.0,none,missing,no exact/normalized/alias/homepage evidence; no lookalikes either,,v20260906+55419ffd
font-noto-sans-thai-ui,,0.0,none,missing,no exact/normalized/alias/homepage evidence; no lookalikes either,,v20260906+55419ffd
font-noto-sans-tifinagh,,0.0,none,missing,no exact/normalized/alias/homepage evidence; no lookalikes either,,v20260906+55419ffd
font-noto-sans-tirhuta,,0.0,none,missing,no exact/normalized/alias/homepage evidence; no lookalikes either,,v20260906+55419ffd
font-noto-sans-ugaritic,,0.0,none,missing,no exact/normalized/alias/homepage evidence; no lookalikes either,,v20260906+55419ffd
font-noto-sans-vai,,0.0,none,missing,no exact/normalized/alias/homepage evidence; no lookalikes either,,v20260906+55419ffd
font-noto-sans-vithkuqi,,0.0,none,missing,no exact/normalized/alias/homepage evidence; no lookalikes either,,v20260906+55419ffd
font-noto-sans-wancho,,0.0,none,missing,no exact/normalized/alias/homepage evidence; no lookalikes either,,v20260906+55419ffd
font-noto-sans-warang-citi,,0.0,none,missing,no exact/normalized/alias/homepage evidence; no lookalikes either,,v20260906+55419ffd
font-noto-sans-yi,,0.0,none,missing,no exact/normalized/alias/homepage evidence; no lookalikes either,,v20260906+55419ffd
font-noto-sans-zanabazar-square,,0.0,none,missing,no exact/normalized/alias/homepage evidence; no lookalikes either,,v20260906+55419ffd
font-noto-serif,,0.0,none,missing,no exact/normalized/alias/homepage evidence; no lookalikes either,,v20260906+55419ffd
font-noto-serif-ahom,,0.0,none,missing,no exact/normalized/alias/homepage evidence; no lookalikes either,,v20260906+55419ffd
font-noto-serif-armenian,,0.0,none,missing,no exact/normalized/alias/homepage evidence; no lookalikes either,,v20260906+55419ffd
font-noto-serif-balinese,,0.0,none,missing,no exact/normalized/alias/homepage evidence; no lookalikes either,,v20260906+55419ffd
font-noto-serif-bengali,,0.0,none,missing,no exact/normalized/alias/homepage evidence; no lookalikes either,,v20260906+55419ffd
font-noto-serif-cjk,,0.0,none,missing,no exact/normalized/alias/homepage evidence; no lookalikes either,,v20260906+55419ffd
font-noto-serif-cjk-hk,,0.0,none,missing,no exact/normalized/alias/homepage evidence; no lookalikes either,,v20260906+55419ffd
font-noto-serif-cjk-jp,,0.0,none,missing,no exact/normalized/alias/homepage evidence; no lookalikes either,,v20260906+55419ffd
font-noto-serif-cjk-kr,,0.0,none,missing,no exact/normalized/alias/homepage evidence; no lookalikes either,,v20260906+55419ffd
font-noto-serif-cjk-sc,,0.0,none,missing,no exact/normalized/alias/homepage evidence; no lookalikes either,,v20260906+55419ffd
font-noto-serif-cjk-tc,,0.0,none,missing,no exact/normalized/alias/homepage evidence; no lookalikes either,,v20260906+55419ffd
font-noto-serif-devanagari,,0.0,none,missing,no exact/normalized/alias/homepage evidence; no lookalikes either,,v20260906+55419ffd
font-noto-serif-display,,0.0,none,missing,no exact/normalized/alias/homepage evidence; no lookalikes either,,v20260906+55419ffd
font-noto-serif-dives-akuru,,0.0,none,missing,no exact/normalized/alias/homepage evidence; no lookalikes either,,v20260906+55419ffd
font-noto-serif-dogra,,0.0,none,missing,no exact/normalized/alias/homepage evidence; no lookalikes either,,v20260906+55419ffd
font-noto-serif-ethiopic,,0.0,none,missing,no exact/normalized/alias/homepage evidence; no lookalikes either,,v20260906+55419ffd
font-noto-serif-georgian,,0.0,none,missing,no exact/normalized/alias/homepage evidence; no lookalikes either,,v20260906+55419ffd
font-noto-serif-grantha,,0.0,none,missing,no exact/normalized/alias/homepage evidence; no lookalikes either,,v20260906+55419ffd
font-noto-serif-gujarati,,0.0,none,missing,no exact/normalized/alias/homepage evidence; no lookalikes either,,v20260906+55419ffd
font-noto-serif-gurmukhi,,0.0,none,missing,no exact/normalized/alias/homepage evidence; no lookalikes either,,v20260906+55419ffd
font-noto-serif-hebrew,,0.0,none,missing,no exact/normalized/alias/homepage evidence; no lookalikes either,,v20260906+55419ffd
font-noto-serif-hentaigana,,0.0,none,missing,no exact/normalized/alias/homepage evidence; no lookalikes either,,v20260906+55419ffd
font-noto-serif-hk,,0.0,none,missing,no exact/normalized/alias/homepage evidence; no lookalikes either,,v20260906+55419ffd
font-noto-serif-jp,,0.0,none,missing,no exact/normalized/alias/homepage evidence; no lookalikes either,,v20260906+55419ffd
font-noto-serif-kannada,,0.0,none,missing,no exact/normalized/alias/homepage evidence; no lookalikes either,,v20260906+55419ffd
font-noto-serif-khitan-small-script,,0.0,none,missing,no exact/normalized/alias/homepage evidence; no lookalikes either,,v20260906+55419ffd
font-noto-serif-khmer,,0.0,none,missing,no exact/normalized/alias/homepage evidence; no lookalikes either,,v20260906+55419ffd
font-noto-serif-khojki,,0.0,none,missing,no exact/normalized/alias/homepage evidence; no lookalikes either,,v20260906+55419ffd
font-noto-serif-kr,,0.0,none,missing,no exact/normalized/alias/homepage evidence; no lookalikes either,,v20260906+55419ffd
font-noto-serif-lao,,0.0,none,missing,no exact/normalized/alias/homepage evidence; no lookalikes either,,v20260906+55419ffd
font-noto-serif-makasar,,0.0,none,missing,no exact/normalized/alias/homepage evidence; no lookalikes either,,v20260906+55419ffd
font-noto-serif-malayalam,,0.0,none,missing,no exact/normalized/alias/homepage evidence; no lookalikes either,,v20260906+55419ffd
font-noto-serif-myanmar,,0.0,none,missing,no exact/normalized/alias/homepage evidence; no lookalikes either,,v20260906+55419ffd
font-noto-serif-np-hmong,,0.0,none,missing,no exact/normalized/alias/homepage evidence; no lookalikes either,,v20260906+55419ffd
font-noto-serif-nyiakeng-puachue-hmong,,0.0,none,missing,no exact/normalized/alias/homepage evidence; no lookalikes either,,v20260906+55419ffd
font-noto-serif-old-uyghur,,0.0,none,missing,no exact/normalized/alias/homepage evidence; no lookalikes either,,v20260906+55419ffd
font-noto-serif-oriya,,0.0,none,missing,no exact/normalized/alias/homepage evidence; no lookalikes either,,v20260906+55419ffd
font-noto-serif-ottoman-siyaq,,0.0,none,missing,no exact/normalized/alias/homepage evidence; no lookalikes either,,v20260906+55419ffd
font-noto-serif-sc,,0.0,none,missing,no exact/normalized/alias/homepage evidence; no lookalikes either,,v20260906+55419ffd
font-noto-serif-sinhala,,0.0,none,missing,no exact/normalized/alias/homepage evidence; no lookalikes either,,v20260906+55419ffd
font-noto-serif-tamil,,0.0,none,missing,no exact/normalized/alias/homepage evidence; no lookalikes either,,v20260906+55419ffd
font-noto-serif-tangut,,0.0,none,missing,no exact/normalized/alias/homepage evidence; no lookalikes either,,v20260906+55419ffd
font-noto-serif-tc,,0.0,none,missing,no exact/normalized/alias/homepage evidence; no lookalikes either,,v20260906+55419ffd
font-noto-serif-telugu,,0.0,none,missing,no exact/normalized/alias/homepage evidence; no lookalikes either,,v20260906+55419ffd
font-noto-serif-thai,,0.0,none,missing,no exact/normalized/alias/homepage evidence; no lookalikes either,,v20260906+55419ffd
font-noto-serif-tibetan,,0.0,none,missing,no exact/normalized/alias/homepage evidence; no lookalikes either,,v20260906+55419ffd
font-noto-serif-todhri,,0.0,none,missing,no exact/normalized/alias/homepage evidence; no lookalikes either,,v20260906+55419ffd
font-noto-serif-toto,,0.0,none,missing,no exact/normalized/alias/homepage evidence; no lookalikes either,,v20260906+55419ffd
font-noto-serif-vithkuqi,,0.0,none,missing,no exact/normalized/alias/homepage evidence; no lookalikes either,,v20260906+55419ffd
font-noto-serif-yezidi,,0.0,none,missing,no exact/normalized/alias/homepage evidence; no lookalikes either,,v20260906+55419ffd
font-noto-traditional-nushu,,0.0,none,missing,no exact/normalized/alias/homepage evidence; no lookalikes either,,v20260906+55419ffd
font-noto-znamenny-musical-notation,,0.0,none,missing,no exact/normalized/alias/homepage evidence; no lookalikes either,,v20260906+55419ffd
font-nova-cut,,0.0,none,missing,no exact/normalized/alias/homepage evidence; no lookalikes either,,v20260906+55419ffd
font-nova-flat,,0.0,none,missing,no exact/normalized/alias/homepage evidence; no lookalikes either,,v20260906+55419ffd
font-nova-mono,,0.0,none,missing,no exact/normalized/alias/homepage evidence; no lookalikes either,,v20260906+55419ffd
font-nova-oval,,0.0,none,missing,no exact/normalized/alias/homepage evidence; no lookalikes either,,v20260906+55419ffd
font-nova-round,,0.0,none,missing,no exact/normalized/alias/homepage evidence; no lookalikes either,,v20260906+55419ffd
font-nova-script,,0.0,none,missing,no exact/normalized/alias/homepage evidence; no lookalikes either,,v20260906+55419ffd
font-nova-slim,,0.0,none,missing,no exact/normalized/alias/homepage evidence; no lookalikes either,,v20260906+55419ffd
font-nova-square,,0.0,none,missing,no exact/normalized/alias/homepage evidence; no lookalikes either,,v20260906+55419ffd
font-ntr,,0.0,none,missing,no exact/normalized/alias/homepage evidence; no lookalikes either,,v20260906+55419ffd
font-numans,,0.0,none,missing,no exact/normalized/alias/homepage evidence; no lookalikes either,,v20260906+55419ffd
font-nunito,,0.0,none,missing,no exact/normalized/alias/homepage evidence; no lookalikes either,,v20260906+55419ffd
font-nunito-sans,,0.0,none,missing,no exact/normalized/alias/homepage evidence; no lookalikes either,,v20260906+55419ffd
font-nuosu-sil,,0.0,none,missing,no exact/normalized/alias/homepage evidence; no lookalikes either,,v20260906+55419ffd
font-ocr,,0.0,none,missing,no exact/normalized/alias/homepage evidence; no lookalikes either,,v20260906+55419ffd
font-odibee-sans,,0.0,none,missing,no exact/normalized/alias/homepage evidence; no lookalikes either,,v20260906+55419ffd
font-odor-mean-chey,,0.0,none,missing,no exact/normalized/alias/homepage evidence; no lookalikes either,,v20260906+55419ffd
font-offside,,0.0,none,missing,no exact/normalized/alias/homepage evidence; no lookalikes either,,v20260906+55419ffd
font-ofl-sorts-mill-goudy-tt,,0.0,none,missing,no exact/normalized/alias/homepage evidence; no lookalikes either,,v20260906+55419ffd
font-oi,,0.0,none,missing,no exact/normalized/alias/homepage evidence; no lookalikes either,,v20260906+55419ffd
font-ojuju,,0.0,none,missing,no exact/normalized/alias/homepage evidence; no lookalikes either,,v20260906+55419ffd
font-old-standard-tt,,0.0,none,missing,no exact/normalized/alias/homepage evidence; no lookalikes either,,v20260906+55419ffd
font-oldenburg,,0.0,none,missing,no exact/normalized/alias/homepage evidence; no lookalikes either,,v20260906+55419ffd
font-ole,,0.0,none,missing,no exact/normalized/alias/homepage evidence; no lookalikes either,,v20260906+55419ffd
font-oleo-script,,0.0,none,missing,no exact/normalized/alias/homepage evidence; no lookalikes either,,v20260906+55419ffd
font-oleo-script-swash-caps,,0.0,none,missing,no exact/normalized/alias/homepage evidence; no lookalikes either,,v20260906+55419ffd
font-onest,,0.0,none,missing,no exact/normalized/alias/homepage evidence; no lookalikes either,,v20260906+55419ffd
font-oooh-baby,,0.0,none,missing,no exact/normalized/alias/homepage evidence; no lookalikes either,,v20260906+55419ffd
font-open-iconic,,0.0,none,missing,no exact/normalized/alias/homepage evidence; no lookalikes either,,v20260906+55419ffd
font-open-sans,,0.0,none,missing,no exact/normalized/alias/homepage evidence; no lookalikes either,,v20260906+55419ffd
font-open-sans-hebrew,,0.0,none,missing,no exact/normalized/alias/homepage evidence; no lookalikes either,,v20260906+55419ffd
font-open-sans-hebrew-condensed,,0.0,none,missing,no exact/normalized/alias/homepage evidence; no lookalikes either,,v20260906+55419ffd
font-opendyslexic,,0.0,none,missing,no exact/normalized/alias/homepage evidence; no lookalikes either,,v20260906+55419ffd
font-opendyslexic-nerd-font,,0.0,none,missing,no exact/normalized/alias/homepage evidence; no lookalikes either,,v20260906+55419ffd
font-oppo-sans,,0.0,none,missing,no exact/normalized/alias/homepage evidence; no lookalikes either,,v20260906+55419ffd
font-optician-sans,,0.0,none,missing,no exact/normalized/alias/homepage evidence; no lookalikes either,,v20260906+55419ffd
font-oranienbaum,,0.0,none,missing,no exact/normalized/alias/homepage evidence; no lookalikes either,,v20260906+55419ffd
font-orbit,,0.0,none,missing,no exact/normalized/alias/homepage evidence; no lookalikes either,,v20260906+55419ffd
font-orbitron,,0.0,none,missing,no exact/normalized/alias/homepage evidence; no lookalikes either,,v20260906+55419ffd
font-oregano,,0.0,none,missing,no exact/normalized/alias/homepage evidence; no lookalikes either,,v20260906+55419ffd
font-orelega-one,,0.0,none,missing,no exact/normalized/alias/homepage evidence; no lookalikes either,,v20260906+55419ffd
font-orienta,,0.0,none,missing,no exact/normalized/alias/homepage evidence; no lookalikes either,,v20260906+55419ffd
font-original-surfer,,0.0,none,missing,no exact/normalized/alias/homepage evidence; no lookalikes either,,v20260906+55419ffd
font-ostrich-sans,,0.0,none,missing,no exact/normalized/alias/homepage evidence; no lookalikes either,,v20260906+55419ffd
font-oswald,,0.0,none,missing,no exact/normalized/alias/homepage evidence; no lookalikes either,,v20260906+55419ffd
font-otomanopee-one,,0.0,none,missing,no exact/normalized/alias/homepage evidence; no lookalikes either,,v20260906+55419ffd
font-outfit,,0.0,none,missing,no exact/normalized/alias/homepage evidence; no lookalikes either,,v20260906+55419ffd
font-over-the-rainbow,,0.0,none,missing,no exact/normalized/alias/homepage evidence; no lookalikes either,,v20260906+55419ffd
font-overlock,,0.0,none,missing,no exact/normalized/alias/homepage evidence; no lookalikes either,,v20260906+55419ffd
font-overlock-sc,,0.0,none,missing,no exact/normalized/alias/homepage evidence; no lookalikes either,,v20260906+55419ffd
font-overpass,,0.0,none,missing,no exact/normalized/alias/homepage evidence; no lookalikes either,,v20260906+55419ffd
font-overpass-mono,,0.0,none,missing,no exact/normalized/alias/homepage evidence; no lookalikes either,,v20260906+55419ffd
font-overpass-nerd-font,,0.0,none,missing,no exact/normalized/alias/homepage evidence; no lookalikes either,,v20260906+55419ffd
font-overused-grotesk,,0.0,none,missing,no exact/normalized/alias/homepage evidence; no lookalikes either,,v20260906+55419ffd
font-ovo,,0.0,none,missing,no exact/normalized/alias/homepage evidence; no lookalikes either,,v20260906+55419ffd
font-oxanium,,0.0,none,missing,no exact/normalized/alias/homepage evidence; no lookalikes either,,v20260906+55419ffd
font-oxygen,,0.0,none,missing,no exact/normalized/alias/homepage evidence; no lookalikes either,,v20260906+55419ffd
font-oxygen-mono,,0.0,none,missing,no exact/normalized/alias/homepage evidence; no lookalikes either,,v20260906+55419ffd
font-pacifico,,0.0,none,missing,no exact/normalized/alias/homepage evidence; no lookalikes either,,v20260906+55419ffd
font-padauk,,0.0,none,missing,no exact/normalized/alias/homepage evidence; no lookalikes either,,v20260906+55419ffd
font-padyakke-expanded-one,,0.0,none,missing,no exact/normalized/alias/homepage evidence; no lookalikes either,,v20260906+55419ffd
font-palanquin,,0.0,none,missing,no exact/normalized/alias/homepage evidence; no lookalikes either,,v20260906+55419ffd
font-palanquin-dark,,0.0,none,missing,no exact/normalized/alias/homepage evidence; no lookalikes either,,v20260906+55419ffd
font-palemonasmufi-bold,,0.0,none,missing,no exact/normalized/alias/homepage evidence; no lookalikes either,,v20260906+55419ffd
font-palemonasmufi-bolditalic,,0.0,none,missing,no exact/normalized/alias/homepage evidence; no lookalikes either,,v20260906+55419ffd
font-palemonasmufi-italic,,0.0,none,missing,no exact/normalized/alias/homepage evidence; no lookalikes either,,v20260906+55419ffd
font-palemonasmufi-regular,,0.0,none,missing,no exact/normalized/alias/homepage evidence; no lookalikes either,,v20260906+55419ffd
font-palette-mosaic,,0.0,none,missing,no exact/normalized/alias/homepage evidence; no lookalikes either,,v20260906+55419ffd
font-pangolin,,0.0,none,needs-review,no exact/normalized/alias/homepage evidence; fuzzy suggestions listed for review,Pangolin,v20260906+55419ffd
font-paper-mono,,0.0,none,missing,no exact/normalized/alias/homepage evidence; no lookalikes either,,v20260906+55419ffd
font-paperlogy,,0.0,none,missing,no exact/normalized/alias/homepage evidence; no lookalikes either,,v20260906+55419ffd
font-paprika,,0.0,none,missing,no exact/normalized/alias/homepage evidence; no lookalikes either,,v20260906+55419ffd
font-parastoo,,0.0,none,missing,no exact/normalized/alias/homepage evidence; no lookalikes either,,v20260906+55419ffd
font-parisienne,,0.0,none,missing,no exact/normalized/alias/homepage evidence; no lookalikes either,,v20260906+55419ffd
font-parkinsans,,0.0,none,missing,no exact/normalized/alias/homepage evidence; no lookalikes either,,v20260906+55419ffd
font-passero-one,,0.0,none,missing,no exact/normalized/alias/homepage evidence; no lookalikes either,,v20260906+55419ffd
font-passion-one,,0.0,none,missing,no exact/normalized/alias/homepage evidence; no lookalikes either,,v20260906+55419ffd
font-passions-conflict,,0.0,none,missing,no exact/normalized/alias/homepage evidence; no lookalikes either,,v20260906+55419ffd
font-pathway-extreme,,0.0,none,missing,no exact/normalized/alias/homepage evidence; no lookalikes either,,v20260906+55419ffd
font-pathway-gothic-one,,0.0,none,missing,no exact/normalized/alias/homepage evidence; no lookalikes either,,v20260906+55419ffd
font-patrick-hand,,0.0,none,missing,no exact/normalized/alias/homepage evidence; no lookalikes either,,v20260906+55419ffd
font-patrick-hand-sc,,0.0,none,missing,no exact/normalized/alias/homepage evidence; no lookalikes either,,v20260906+55419ffd
font-pattaya,,0.0,none,missing,no exact/normalized/alias/homepage evidence; no lookalikes either,,v20260906+55419ffd
font-patua-one,,0.0,none,missing,no exact/normalized/alias/homepage evidence; no lookalikes either,,v20260906+55419ffd
font-pavanam,,0.0,none,missing,no exact/normalized/alias/homepage evidence; no lookalikes either,,v20260906+55419ffd
font-paytone-one,,0.0,none,missing,no exact/normalized/alias/homepage evidence; no lookalikes either,,v20260906+55419ffd
font-peddana,,0.0,none,missing,no exact/normalized/alias/homepage evidence; no lookalikes either,,v20260906+55419ffd
font-peralta,,0.0,none,missing,no exact/normalized/alias/homepage evidence; no lookalikes either,,v20260906+55419ffd
font-permanent-marker,,0.0,none,missing,no exact/normalized/alias/homepage evidence; no lookalikes either,,v20260906+55419ffd
font-petemoss,,0.0,none,missing,no exact/normalized/alias/homepage evidence; no lookalikes either,,v20260906+55419ffd
font-petit-formal-script,,0.0,none,missing,no exact/normalized/alias/homepage evidence; no lookalikes either,,v20260906+55419ffd
font-petrona,,0.0,none,missing,no exact/normalized/alias/homepage evidence; no lookalikes either,,v20260906+55419ffd
font-phetsarath,,0.0,none,missing,no exact/normalized/alias/homepage evidence; no lookalikes either,,v20260906+55419ffd
font-philosopher,,0.0,none,missing,no exact/normalized/alias/homepage evidence; no lookalikes either,,v20260906+55419ffd
font-photonico-code,,0.0,none,missing,no exact/normalized/alias/homepage evidence; no lookalikes either,,v20260906+55419ffd
font-phudu,,0.0,none,missing,no exact/normalized/alias/homepage evidence; no lookalikes either,,v20260906+55419ffd
font-piazzolla,,0.0,none,missing,no exact/normalized/alias/homepage evidence; no lookalikes either,,v20260906+55419ffd
font-piedra,,0.0,none,missing,no exact/normalized/alias/homepage evidence; no lookalikes either,,v20260906+55419ffd
font-pigmo00,,0.0,none,missing,no exact/normalized/alias/homepage evidence; no lookalikes either,,v20260906+55419ffd
font-pigmo01,,0.0,none,missing,no exact/normalized/alias/homepage evidence; no lookalikes either,,v20260906+55419ffd
font-pinyon-script,,0.0,none,missing,no exact/normalized/alias/homepage evidence; no lookalikes either,,v20260906+55419ffd
font-pirata-one,,0.0,none,missing,no exact/normalized/alias/homepage evidence; no lookalikes either,,v20260906+55419ffd
font-pixel-code,,0.0,none,missing,no exact/normalized/alias/homepage evidence; no lookalikes either,,v20260906+55419ffd
font-pixelify-sans,,0.0,none,missing,no exact/normalized/alias/homepage evidence; no lookalikes either,,v20260906+55419ffd
font-plangothic,,0.0,none,missing,no exact/normalized/alias/homepage evidence; no lookalikes either,,v20260906+55419ffd
font-plaster,,0.0,none,missing,no exact/normalized/alias/homepage evidence; no lookalikes either,,v20260906+55419ffd
font-platypi,,0.0,none,missing,no exact/normalized/alias/homepage evidence; no lookalikes either,,v20260906+55419ffd
font-play,,0.0,none,missing,no exact/normalized/alias/homepage evidence; no lookalikes either,,v20260906+55419ffd
font-playball,,0.0,none,missing,no exact/normalized/alias/homepage evidence; no lookalikes either,,v20260906+55419ffd
font-playfair,,0.0,none,missing,no exact/normalized/alias/homepage evidence; no lookalikes either,,v20260906+55419ffd
font-playfair-display,,0.0,none,missing,no exact/normalized/alias/homepage evidence; no lookalikes either,,v20260906+55419ffd
font-playfair-display-sc,,0.0,none,missing,no exact/normalized/alias/homepage evidence; no lookalikes either,,v20260906+55419ffd
font-playpen-sans,,0.0,none,missing,no exact/normalized/alias/homepage evidence; no lookalikes either,,v20260906+55419ffd
font-playpen-sans-arabic,,0.0,none,missing,no exact/normalized/alias/homepage evidence; no lookalikes either,,v20260906+55419ffd
font-playpen-sans-deva,,0.0,none,missing,no exact/normalized/alias/homepage evidence; no lookalikes either,,v20260906+55419ffd
font-playpen-sans-hebrew,,0.0,none,missing,no exact/normalized/alias/homepage evidence; no lookalikes either,,v20260906+55419ffd
font-playpen-sans-thai,,0.0,none,missing,no exact/normalized/alias/homepage evidence; no lookalikes either,,v20260906+55419ffd
font-playwrite-ar,,0.0,none,missing,no exact/normalized/alias/homepage evidence; no lookalikes either,,v20260906+55419ffd
font-playwrite-ar-guides,,0.0,none,missing,no exact/normalized/alias/homepage evidence; no lookalikes either,,v20260906+55419ffd
font-playwrite-at,,0.0,none,missing,no exact/normalized/alias/homepage evidence; no lookalikes either,,v20260906+55419ffd
font-playwrite-at-guides,,0.0,none,missing,no exact/normalized/alias/homepage evidence; no lookalikes either,,v20260906+55419ffd
font-playwrite-au-nsw,,0.0,none,missing,no exact/normalized/alias/homepage evidence; no lookalikes either,,v20260906+55419ffd
font-playwrite-au-nsw-guides,,0.0,none,missing,no exact/normalized/alias/homepage evidence; no lookalikes either,,v20260906+55419ffd
font-playwrite-au-qld,,0.0,none,missing,no exact/normalized/alias/homepage evidence; no lookalikes either,,v20260906+55419ffd
font-playwrite-au-qld-guides,,0.0,none,missing,no exact/normalized/alias/homepage evidence; no lookalikes either,,v20260906+55419ffd
font-playwrite-au-sa,,0.0,none,missing,no exact/normalized/alias/homepage evidence; no lookalikes either,,v20260906+55419ffd
font-playwrite-au-sa-guides,,0.0,none,missing,no exact/normalized/alias/homepage evidence; no lookalikes either,,v20260906+55419ffd
font-playwrite-au-tas,,0.0,none,missing,no exact/normalized/alias/homepage evidence; no lookalikes either,,v20260906+55419ffd
font-playwrite-au-tas-guides,,0.0,none,missing,no exact/normalized/alias/homepage evidence; no lookalikes either,,v20260906+55419ffd
font-playwrite-au-vic,,0.0,none,missing,no exact/normalized/alias/homepage evidence; no lookalikes either,,v20260906+55419ffd
font-playwrite-au-vic-guides,,0.0,none,missing,no exact/normalized/alias/homepage evidence; no lookalikes either,,v20260906+55419ffd
font-playwrite-be-vlg,,0.0,none,missing,no exact/normalized/alias/homepage evidence; no lookalikes either,,v20260906+55419ffd
font-playwrite-be-vlg-guides,,0.0,none,missing,no exact/normalized/alias/homepage evidence; no lookalikes either,,v20260906+55419ffd
font-playwrite-be-wal,,0.0,none,missing,no exact/normalized/alias/homepage evidence; no lookalikes either,,v20260906+55419ffd
font-playwrite-be-wal-guides,,0.0,none,missing,no exact/normalized/alias/homepage evidence; no lookalikes either,,v20260906+55419ffd
font-playwrite-br,,0.0,none,missing,no exact/normalized/alias/homepage evidence; no lookalikes either,,v20260906+55419ffd
font-playwrite-br-guides,,0.0,none,missing,no exact/normalized/alias/homepage evidence; no lookalikes either,,v20260906+55419ffd
font-playwrite-ca,,0.0,none,missing,no exact/normalized/alias/homepage evidence; no lookalikes either,,v20260906+55419ffd
font-playwrite-ca-guides,,0.0,none,missing,no exact/normalized/alias/homepage evidence; no lookalikes either,,v20260906+55419ffd
font-playwrite-cl,,0.0,none,missing,no exact/normalized/alias/homepage evidence; no lookalikes either,,v20260906+55419ffd
font-playwrite-cl-guides,,0.0,none,missing,no exact/normalized/alias/homepage evidence; no lookalikes either,,v20260906+55419ffd
font-playwrite-co,,0.0,none,missing,no exact/normalized/alias/homepage evidence; no lookalikes either,,v20260906+55419ffd
font-playwrite-co-guides,,0.0,none,missing,no exact/normalized/alias/homepage evidence; no lookalikes either,,v20260906+55419ffd
font-playwrite-cu,,0.0,none,missing,no exact/normalized/alias/homepage evidence; no lookalikes either,,v20260906+55419ffd
font-playwrite-cu-guides,,0.0,none,missing,no exact/normalized/alias/homepage evidence; no lookalikes either,,v20260906+55419ffd
font-playwrite-cz,,0.0,none,missing,no exact/normalized/alias/homepage evidence; no lookalikes either,,v20260906+55419ffd
font-playwrite-cz-guides,,0.0,none,missing,no exact/normalized/alias/homepage evidence; no lookalikes either,,v20260906+55419ffd
font-playwrite-de-grund,,0.0,none,missing,no exact/normalized/alias/homepage evidence; no lookalikes either,,v20260906+55419ffd
font-playwrite-de-grund-guides,,0.0,none,missing,no exact/normalized/alias/homepage evidence; no lookalikes either,,v20260906+55419ffd
font-playwrite-de-la,,0.0,none,missing,no exact/normalized/alias/homepage evidence; no lookalikes either,,v20260906+55419ffd
font-playwrite-de-la-guides,,0.0,none,missing,no exact/normalized/alias/homepage evidence; no lookalikes either,,v20260906+55419ffd
font-playwrite-de-sas,,0.0,none,missing,no exact/normalized/alias/homepage evidence; no lookalikes either,,v20260906+55419ffd
font-playwrite-de-sas-guides,,0.0,none,missing,no exact/normalized/alias/homepage evidence; no lookalikes either,,v20260906+55419ffd
font-playwrite-de-va,,0.0,none,missing,no exact/normalized/alias/homepage evidence; no lookalikes either,,v20260906+55419ffd
font-playwrite-de-va-guides,,0.0,none,missing,no exact/normalized/alias/homepage evidence; no lookalikes either,,v20260906+55419ffd
font-playwrite-dk-loopet,,0.0,none,missing,no exact/normalized/alias/homepage evidence; no lookalikes either,,v20260906+55419ffd
font-playwrite-dk-loopet-guides,,0.0,none,missing,no exact/normalized/alias/homepage evidence; no lookalikes either,,v20260906+55419ffd
font-playwrite-dk-uloopet,,0.0,none,missing,no exact/normalized/alias/homepage evidence; no lookalikes either,,v20260906+55419ffd
font-playwrite-dk-uloopet-guides,,0.0,none,missing,no exact/normalized/alias/homepage evidence; no lookalikes either,,v20260906+55419ffd
font-playwrite-es,,0.0,none,missing,no exact/normalized/alias/homepage evidence; no lookalikes either,,v20260906+55419ffd
font-playwrite-es-deco,,0.0,none,missing,no exact/normalized/alias/homepage evidence; no lookalikes either,,v20260906+55419ffd
font-playwrite-es-deco-guides,,0.0,none,missing,no exact/normalized/alias/homepage evidence; no lookalikes either,,v20260906+55419ffd
font-playwrite-es-guides,,0.0,none,missing,no exact/normalized/alias/homepage evidence; no lookalikes either,,v20260906+55419ffd
font-playwrite-fr-moderne,,0.0,none,missing,no exact/normalized/alias/homepage evidence; no lookalikes either,,v20260906+55419ffd
font-playwrite-fr-moderne-guides,,0.0,none,missing,no exact/normalized/alias/homepage evidence; no lookalikes either,,v20260906+55419ffd
font-playwrite-fr-trad,,0.0,none,missing,no exact/normalized/alias/homepage evidence; no lookalikes either,,v20260906+55419ffd
font-playwrite-fr-trad-guides,,0.0,none,missing,no exact/normalized/alias/homepage evidence; no lookalikes either,,v20260906+55419ffd
font-playwrite-gb-j,,0.0,none,missing,no exact/normalized/alias/homepage evidence; no lookalikes either,,v20260906+55419ffd
font-playwrite-gb-j-guides,,0.0,none,missing,no exact/normalized/alias/homepage evidence; no lookalikes either,,v20260906+55419ffd
font-playwrite-gb-s,,0.0,none,missing,no exact/normalized/alias/homepage evidence; no lookalikes either,,v20260906+55419ffd
font-playwrite-gb-s-guides,,0.0,none,missing,no exact/normalized/alias/homepage evidence; no lookalikes either,,v20260906+55419ffd
font-playwrite-hr,,0.0,none,missing,no exact/normalized/alias/homepage evidence; no lookalikes either,,v20260906+55419ffd
font-playwrite-hr-guides,,0.0,none,missing,no exact/normalized/alias/homepage evidence; no lookalikes either,,v20260906+55419ffd
font-playwrite-hr-lijeva,,0.0,none,missing,no exact/normalized/alias/homepage evidence; no lookalikes either,,v20260906+55419ffd
font-playwrite-hr-lijeva-guides,,0.0,none,missing,no exact/normalized/alias/homepage evidence; no lookalikes either,,v20260906+55419ffd
font-playwrite-hu,,0.0,none,missing,no exact/normalized/alias/homepage evidence; no lookalikes either,,v20260906+55419ffd
font-playwrite-hu-guides,,0.0,none,missing,no exact/normalized/alias/homepage evidence; no lookalikes either,,v20260906+55419ffd
font-playwrite-id,,0.0,none,missing,no exact/normalized/alias/homepage evidence; no lookalikes either,,v20260906+55419ffd
font-playwrite-id-guides,,0.0,none,missing,no exact/normalized/alias/homepage evidence; no lookalikes either,,v20260906+55419ffd
font-playwrite-ie,,0.0,none,missing,no exact/normalized/alias/homepage evidence; no lookalikes either,,v20260906+55419ffd
font-playwrite-ie-guides,,0.0,none,missing,no exact/normalized/alias/homepage evidence; no lookalikes either,,v20260906+55419ffd
font-playwrite-in,,0.0,none,missing,no exact/normalized/alias/homepage evidence; no lookalikes either,,v20260906+55419ffd
font-playwrite-in-guides,,0.0,none,missing,no exact/normalized/alias/homepage evidence; no lookalikes either,,v20260906+55419ffd
font-playwrite-is,,0.0,none,missing,no exact/normalized/alias/homepage evidence; no lookalikes either,,v20260906+55419ffd
font-playwrite-is-guides,,0.0,none,missing,no exact/normalized/alias/homepage evidence; no lookalikes either,,v20260906+55419ffd
font-playwrite-it-moderna,,0.0,none,missing,no exact/normalized/alias/homepage evidence; no lookalikes either,,v20260906+55419ffd
font-playwrite-it-moderna-guides,,0.0,none,missing,no exact/normalized/alias/homepage evidence; no lookalikes either,,v20260906+55419ffd
font-playwrite-it-trad,,0.0,none,missing,no exact/normalized/alias/homepage evidence; no lookalikes either,,v20260906+55419ffd
font-playwrite-it-trad-guides,,0.0,none,missing,no exact/normalized/alias/homepage evidence; no lookalikes either,,v20260906+55419ffd
font-playwrite-mx,,0.0,none,missing,no exact/normalized/alias/homepage evidence; no lookalikes either,,v20260906+55419ffd
font-playwrite-mx-guides,,0.0,none,missing,no exact/normalized/alias/homepage evidence; no lookalikes either,,v20260906+55419ffd
font-playwrite-ng-modern,,0.0,none,missing,no exact/normalized/alias/homepage evidence; no lookalikes either,,v20260906+55419ffd
font-playwrite-ng-modern-guides,,0.0,none,missing,no exact/normalized/alias/homepage evidence; no lookalikes either,,v20260906+55419ffd
font-playwrite-nl,,0.0,none,missing,no exact/normalized/alias/homepage evidence; no lookalikes either,,v20260906+55419ffd
font-playwrite-nl-guides,,0.0,none,missing,no exact/normalized/alias/homepage evidence; no lookalikes either,,v20260906+55419ffd
font-playwrite-no,,0.0,none,missing,no exact/normalized/alias/homepage evidence; no lookalikes either,,v20260906+55419ffd
font-playwrite-no-guides,,0.0,none,missing,no exact/normalized/alias/homepage evidence; no lookalikes either,,v20260906+55419ffd
font-playwrite-nz,,0.0,none,missing,no exact/normalized/alias/homepage evidence; no lookalikes either,,v20260906+55419ffd
font-playwrite-nz-basic,,0.0,none,missing,no exact/normalized/alias/homepage evidence; no lookalikes either,,v20260906+55419ffd
font-playwrite-nz-basic-guides,,0.0,none,missing,no exact/normalized/alias/homepage evidence; no lookalikes either,,v20260906+55419ffd
font-playwrite-nz-guides,,0.0,none,missing,no exact/normalized/alias/homepage evidence; no lookalikes either,,v20260906+55419ffd
font-playwrite-pe,,0.0,none,missing,no exact/normalized/alias/homepage evidence; no lookalikes either,,v20260906+55419ffd
font-playwrite-pe-guides,,0.0,none,missing,no exact/normalized/alias/homepage evidence; no lookalikes either,,v20260906+55419ffd
font-playwrite-pl,,0.0,none,missing,no exact/normalized/alias/homepage evidence; no lookalikes either,,v20260906+55419ffd
font-playwrite-pl-guides,,0.0,none,missing,no exact/normalized/alias/homepage evidence; no lookalikes either,,v20260906+55419ffd
font-playwrite-pt,,0.0,none,missing,no exact/normalized/alias/homepage evidence; no lookalikes either,,v20260906+55419ffd
font-playwrite-pt-guides,,0.0,none,missing,no exact/normalized/alias/homepage evidence; no lookalikes either,,v20260906+55419ffd
font-playwrite-ro,,0.0,none,missing,no exact/normalized/alias/homepage evidence; no lookalikes either,,v20260906+55419ffd
font-playwrite-ro-guides,,0.0,none,missing,no exact/normalized/alias/homepage evidence; no lookalikes either,,v20260906+55419ffd
font-playwrite-sk,,0.0,none,missing,no exact/normalized/alias/homepage evidence; no lookalikes either,,v20260906+55419ffd
font-playwrite-sk-guides,,0.0,none,missing,no exact/normalized/alias/homepage evidence; no lookalikes either,,v20260906+55419ffd
font-playwrite-tz,,0.0,none,missing,no exact/normalized/alias/homepage evidence; no lookalikes either,,v20260906+55419ffd
font-playwrite-tz-guides,,0.0,none,missing,no exact/normalized/alias/homepage evidence; no lookalikes either,,v20260906+55419ffd
font-playwrite-us-modern,,0.0,none,missing,no exact/normalized/alias/homepage evidence; no lookalikes either,,v20260906+55419ffd
font-playwrite-us-modern-guides,,0.0,none,missing,no exact/normalized/alias/homepage evidence; no lookalikes either,,v20260906+55419ffd
font-playwrite-us-trad,,0.0,none,missing,no exact/normalized/alias/homepage evidence; no lookalikes either,,v20260906+55419ffd
font-playwrite-us-trad-guides,,0.0,none,missing,no exact/normalized/alias/homepage evidence; no lookalikes either,,v20260906+55419ffd
font-playwrite-vn,,0.0,none,missing,no exact/normalized/alias/homepage evidence; no lookalikes either,,v20260906+55419ffd
font-playwrite-vn-guides,,0.0,none,missing,no exact/normalized/alias/homepage evidence; no lookalikes either,,v20260906+55419ffd
font-playwrite-za,,0.0,none,missing,no exact/normalized/alias/homepage evidence; no lookalikes either,,v20260906+55419ffd
font-playwrite-za-guides,,0.0,none,missing,no exact/normalized/alias/homepage evidence; no lookalikes either,,v20260906+55419ffd
font-plemol-jp,,0.0,none,missing,no exact/normalized/alias/homepage evidence; no lookalikes either,,v20260906+55419ffd
font-plemol-jp-hs,,0.0,none,missing,no exact/normalized/alias/homepage evidence; no lookalikes either,,v20260906+55419ffd
font-plemol-jp-nf,,0.0,none,missing,no exact/normalized/alias/homepage evidence; no lookalikes either,,v20260906+55419ffd
font-pliant,,0.0,none,missing,no exact/normalized/alias/homepage evidence; no lookalikes either,,v20260906+55419ffd
font-plus-jakarta-sans,,0.0,none,missing,no exact/normalized/alias/homepage evidence; no lookalikes either,,v20260906+55419ffd
font-pochaevsk,,0.0,none,missing,no exact/normalized/alias/homepage evidence; no lookalikes either,,v20260906+55419ffd
font-podkova,,0.0,none,missing,no exact/normalized/alias/homepage evidence; no lookalikes either,,v20260906+55419ffd
font-podkova-vf-beta,,0.0,none,missing,no exact/normalized/alias/homepage evidence; no lookalikes either,,v20260906+55419ffd
font-poetsen-one,,0.0,none,missing,no exact/normalized/alias/homepage evidence; no lookalikes either,,v20260906+55419ffd
font-poiret-one,,0.0,none,missing,no exact/normalized/alias/homepage evidence; no lookalikes either,,v20260906+55419ffd
font-poller-one,,0.0,none,missing,no exact/normalized/alias/homepage evidence; no lookalikes either,,v20260906+55419ffd
font-poltawski-nowy,,0.0,none,missing,no exact/normalized/alias/homepage evidence; no lookalikes either,,v20260906+55419ffd
font-poly,,0.0,none,needs-review,no exact/normalized/alias/homepage evidence; fuzzy suggestions listed for review,NTPoly,v20260906+55419ffd
font-pompiere,,0.0,none,missing,no exact/normalized/alias/homepage evidence; no lookalikes either,,v20260906+55419ffd
font-ponnala,,0.0,none,missing,no exact/normalized/alias/homepage evidence; no lookalikes either,,v20260906+55419ffd
font-ponomar,,0.0,none,missing,no exact/normalized/alias/homepage evidence; no lookalikes either,,v20260906+55419ffd
font-pontano-sans,,0.0,none,missing,no exact/normalized/alias/homepage evidence; no lookalikes either,,v20260906+55419ffd
font-poor-story,,0.0,none,missing,no exact/normalized/alias/homepage evidence; no lookalikes either,,v20260906+55419ffd
font-poppins,,0.0,none,missing,no exact/normalized/alias/homepage evidence; no lookalikes either,,v20260906+55419ffd
font-poppins-latin,,0.0,none,missing,no exact/normalized/alias/homepage evidence; no lookalikes either,,v20260906+55419ffd
font-poprumcute,,0.0,none,missing,no exact/normalized/alias/homepage evidence; no lookalikes either,,v20260906+55419ffd
font-port-lligat-sans,,0.0,none,missing,no exact/normalized/alias/homepage evidence; no lookalikes either,,v20260906+55419ffd
font-port-lligat-slab,,0.0,none,missing,no exact/normalized/alias/homepage evidence; no lookalikes either,,v20260906+55419ffd
font-porter-sans-block,,0.0,none,missing,no exact/normalized/alias/homepage evidence; no lookalikes either,,v20260906+55419ffd
font-potta-one,,0.0,none,missing,no exact/normalized/alias/homepage evidence; no lookalikes either,,v20260906+55419ffd
font-powerline-symbols,,0.0,none,needs-review,no exact/normalized/alias/homepage evidence; same homepage 'https://github.com/powerline/powerline' as 'py313-powerline' but desc overlap only 0.00; no lookalikes either,,v20260906+55419ffd
font-pragati-narrow,,0.0,none,missing,no exact/normalized/alias/homepage evidence; no lookalikes either,,v20260906+55419ffd
font-praise,,0.0,none,missing,no exact/normalized/alias/homepage evidence; no lookalikes either,,v20260906+55419ffd
font-prata,,0.0,none,missing,no exact/normalized/alias/homepage evidence; no lookalikes either,,v20260906+55419ffd
font-preahvihear,,0.0,none,missing,no exact/normalized/alias/homepage evidence; no lookalikes either,,v20260906+55419ffd
font-press-start-2p,,0.0,none,missing,no exact/normalized/alias/homepage evidence; no lookalikes either,,v20260906+55419ffd
font-pretendard,,0.0,none,missing,no exact/normalized/alias/homepage evidence; no lookalikes either,,v20260906+55419ffd
font-pretendard-gov,,0.0,none,missing,no exact/normalized/alias/homepage evidence; no lookalikes either,,v20260906+55419ffd
font-pretendard-jp,,0.0,none,missing,no exact/normalized/alias/homepage evidence; no lookalikes either,,v20260906+55419ffd
font-pretendard-std,,0.0,none,missing,no exact/normalized/alias/homepage evidence; no lookalikes either,,v20260906+55419ffd
font-pridi,,0.0,none,missing,no exact/normalized/alias/homepage evidence; no lookalikes either,,v20260906+55419ffd
font-princess-sofia,,0.0,none,missing,no exact/normalized/alias/homepage evidence; no lookalikes either,,v20260906+55419ffd
font-prociono,,0.0,none,missing,no exact/normalized/alias/homepage evidence; no lookalikes either,,v20260906+55419ffd
font-profont-nerd-font,,0.0,none,missing,no exact/normalized/alias/homepage evidence; no lookalikes either,,v20260906+55419ffd
font-profontx,,0.0,none,missing,no exact/normalized/alias/homepage evidence; no lookalikes either,,v20260906+55419ffd
font-proggy-clean-tt-nerd-font,,0.0,none,missing,no exact/normalized/alias/homepage evidence; no lookalikes either,,v20260906+55419ffd
font-prompt,,0.0,none,missing,no exact/normalized/alias/homepage evidence; no lookalikes either,,v20260906+55419ffd
font-prosto-one,,0.0,none,missing,no exact/normalized/alias/homepage evidence; no lookalikes either,,v20260906+55419ffd
font-protest-guerrilla,,0.0,none,missing,no exact/normalized/alias/homepage evidence; no lookalikes either,,v20260906+55419ffd
font-protest-revolution,,0.0,none,missing,no exact/normalized/alias/homepage evidence; no lookalikes either,,v20260906+55419ffd
font-protest-riot,,0.0,none,missing,no exact/normalized/alias/homepage evidence; no lookalikes either,,v20260906+55419ffd
font-protest-strike,,0.0,none,missing,no exact/normalized/alias/homepage evidence; no lookalikes either,,v20260906+55419ffd
font-proza-libre,,0.0,none,missing,no exact/normalized/alias/homepage evidence; no lookalikes either,,v20260906+55419ffd
font-psudofont-liga-mono,,0.0,none,missing,no exact/normalized/alias/homepage evidence; no lookalikes either,,v20260906+55419ffd
font-pt-astra-sans,,0.0,none,missing,no exact/normalized/alias/homepage evidence; no lookalikes either,,v20260906+55419ffd
font-pt-astra-serif,,0.0,none,missing,no exact/normalized/alias/homepage evidence; no lookalikes either,,v20260906+55419ffd
font-pt-mono,,0.0,none,missing,no exact/normalized/alias/homepage evidence; no lookalikes either,,v20260906+55419ffd
font-pt-root-ui,,0.0,none,missing,no exact/normalized/alias/homepage evidence; no lookalikes either,,v20260906+55419ffd
font-pt-sans,,0.0,none,missing,no exact/normalized/alias/homepage evidence; no lookalikes either,,v20260906+55419ffd
font-pt-sans-caption,,0.0,none,missing,no exact/normalized/alias/homepage evidence; no lookalikes either,,v20260906+55419ffd
font-pt-sans-narrow,,0.0,none,missing,no exact/normalized/alias/homepage evidence; no lookalikes either,,v20260906+55419ffd
font-pt-serif,,0.0,none,missing,no exact/normalized/alias/homepage evidence; no lookalikes either,,v20260906+55419ffd
font-pt-serif-caption,,0.0,none,missing,no exact/normalized/alias/homepage evidence; no lookalikes either,,v20260906+55419ffd
font-public-sans,,0.0,none,missing,no exact/normalized/alias/homepage evidence; no lookalikes either,,v20260906+55419ffd
font-puppies-play,,0.0,none,missing,no exact/normalized/alias/homepage evidence; no lookalikes either,,v20260906+55419ffd
font-puritan,,0.0,none,missing,no exact/normalized/alias/homepage evidence; no lookalikes either,,v20260906+55419ffd
font-purple-purse,,0.0,none,missing,no exact/normalized/alias/homepage evidence; no lookalikes either,,v20260906+55419ffd
font-pushster,,0.0,none,missing,no exact/normalized/alias/homepage evidence; no lookalikes either,,v20260906+55419ffd
font-qahiri,,0.0,none,missing,no exact/normalized/alias/homepage evidence; no lookalikes either,,v20260906+55419ffd
font-quando,,0.0,none,missing,no exact/normalized/alias/homepage evidence; no lookalikes either,,v20260906+55419ffd
font-quantico,,0.0,none,missing,no exact/normalized/alias/homepage evidence; no lookalikes either,,v20260906+55419ffd
font-quattrocento,,0.0,none,missing,no exact/normalized/alias/homepage evidence; no lookalikes either,,v20260906+55419ffd
font-quattrocento-sans,,0.0,none,missing,no exact/normalized/alias/homepage evidence; no lookalikes either,,v20260906+55419ffd
font-questrial,,0.0,none,missing,no exact/normalized/alias/homepage evidence; no lookalikes either,,v20260906+55419ffd
font-quicksand,,0.0,none,missing,no exact/normalized/alias/homepage evidence; no lookalikes either,,v20260906+55419ffd
font-quintessential,,0.0,none,missing,no exact/normalized/alias/homepage evidence; no lookalikes either,,v20260906+55419ffd
font-qwigley,,0.0,none,missing,no exact/normalized/alias/homepage evidence; no lookalikes either,,v20260906+55419ffd
font-qwitcher-grypen,,0.0,none,missing,no exact/normalized/alias/homepage evidence; no lookalikes either,,v20260906+55419ffd
font-racing-sans-one,,0.0,none,missing,no exact/normalized/alias/homepage evidence; no lookalikes either,,v20260906+55419ffd
font-radio-canada,,0.0,none,missing,no exact/normalized/alias/homepage evidence; no lookalikes either,,v20260906+55419ffd
font-radio-canada-big,,0.0,none,missing,no exact/normalized/alias/homepage evidence; no lookalikes either,,v20260906+55419ffd
font-radley,,0.0,none,missing,no exact/normalized/alias/homepage evidence; no lookalikes either,,v20260906+55419ffd
font-rajdhani,,0.0,none,missing,no exact/normalized/alias/homepage evidence; no lookalikes either,,v20260906+55419ffd
font-rakkas,,0.0,none,missing,no exact/normalized/alias/homepage evidence; no lookalikes either,,v20260906+55419ffd
font-raleway,,0.0,none,missing,no exact/normalized/alias/homepage evidence; no lookalikes either,,v20260906+55419ffd
font-raleway-dots,,0.0,none,missing,no exact/normalized/alias/homepage evidence; no lookalikes either,,v20260906+55419ffd
font-ramabhadra,,0.0,none,missing,no exact/normalized/alias/homepage evidence; no lookalikes either,,v20260906+55419ffd
font-ramaraja,,0.0,none,missing,no exact/normalized/alias/homepage evidence; no lookalikes either,,v20260906+55419ffd
font-rambla,,0.0,none,missing,no exact/normalized/alias/homepage evidence; no lookalikes either,,v20260906+55419ffd
font-rammetto-one,,0.0,none,missing,no exact/normalized/alias/homepage evidence; no lookalikes either,,v20260906+55419ffd
font-rampart-one,,0.0,none,missing,no exact/normalized/alias/homepage evidence; no lookalikes either,,v20260906+55419ffd
font-ramsina,,0.0,none,missing,no exact/normalized/alias/homepage evidence; no lookalikes either,,v20260906+55419ffd
font-ranchers,,0.0,none,missing,no exact/normalized/alias/homepage evidence; no lookalikes either,,v20260906+55419ffd
font-rancho,,0.0,none,missing,no exact/normalized/alias/homepage evidence; no lookalikes either,,v20260906+55419ffd
font-ranga,,0.0,none,missing,no exact/normalized/alias/homepage evidence; no lookalikes either,,v20260906+55419ffd
font-rasa,,0.0,none,missing,no exact/normalized/alias/homepage evidence; no lookalikes either,,v20260906+55419ffd
font-rationale,,0.0,none,missing,no exact/normalized/alias/homepage evidence; no lookalikes either,,v20260906+55419ffd
font-ravi-prakash,,0.0,none,missing,no exact/normalized/alias/homepage evidence; no lookalikes either,,v20260906+55419ffd
font-readex-pro,,0.0,none,missing,no exact/normalized/alias/homepage evidence; no lookalikes either,,v20260906+55419ffd
font-recursive,,0.0,none,missing,no exact/normalized/alias/homepage evidence; no lookalikes either,,v20260906+55419ffd
font-recursive-code,,0.0,none,missing,no exact/normalized/alias/homepage evidence; no lookalikes either,,v20260906+55419ffd
font-recursive-desktop,,0.0,none,missing,no exact/normalized/alias/homepage evidence; no lookalikes either,,v20260906+55419ffd
font-recursive-mono-nerd-font,,0.0,none,missing,no exact/normalized/alias/homepage evidence; no lookalikes either,,v20260906+55419ffd
font-red-hat-display,,0.0,none,missing,no exact/normalized/alias/homepage evidence; no lookalikes either,,v20260906+55419ffd
font-red-hat-mono,,0.0,none,missing,no exact/normalized/alias/homepage evidence; no lookalikes either,,v20260906+55419ffd
font-red-hat-text,,0.0,none,missing,no exact/normalized/alias/homepage evidence; no lookalikes either,,v20260906+55419ffd
font-red-rose,,0.0,none,missing,no exact/normalized/alias/homepage evidence; no lookalikes either,,v20260906+55419ffd
font-redacted,,0.0,none,missing,no exact/normalized/alias/homepage evidence; no lookalikes either,,v20260906+55419ffd
font-redacted-script,,0.0,none,missing,no exact/normalized/alias/homepage evidence; no lookalikes either,,v20260906+55419ffd
font-reddit-mono,,0.0,none,missing,no exact/normalized/alias/homepage evidence; no lookalikes either,,v20260906+55419ffd
font-reddit-sans,,0.0,none,missing,no exact/normalized/alias/homepage evidence; no lookalikes either,,v20260906+55419ffd
font-reddit-sans-condensed,,0.0,none,missing,no exact/normalized/alias/homepage evidence; no lookalikes either,,v20260906+55419ffd
font-redhat,,0.0,none,missing,no exact/normalized/alias/homepage evidence; no lookalikes either,,v20260906+55419ffd
font-redressed,,0.0,none,missing,no exact/normalized/alias/homepage evidence; no lookalikes either,,v20260906+55419ffd
font-reem-kufi,,0.0,none,missing,no exact/normalized/alias/homepage evidence; no lookalikes either,,v20260906+55419ffd
font-reem-kufi-fun,,0.0,none,missing,no exact/normalized/alias/homepage evidence; no lookalikes either,,v20260906+55419ffd
font-reem-kufi-ink,,0.0,none,missing,no exact/normalized/alias/homepage evidence; no lookalikes either,,v20260906+55419ffd
font-reenie-beanie,,0.0,none,missing,no exact/normalized/alias/homepage evidence; no lookalikes either,,v20260906+55419ffd
font-reggae-one,,0.0,none,missing,no exact/normalized/alias/homepage evidence; no lookalikes either,,v20260906+55419ffd
font-rem,,0.0,none,missing,no exact/normalized/alias/homepage evidence; no lookalikes either,,v20260906+55419ffd
font-rethink-sans,,0.0,none,missing,no exact/normalized/alias/homepage evidence; no lookalikes either,,v20260906+55419ffd
font-revalia,,0.0,none,needs-review,no exact/normalized/alias/homepage evidence; fuzzy suggestions listed for review,font-alias,v20260906+55419ffd
font-rhodium-libre,,0.0,none,missing,no exact/normalized/alias/homepage evidence; no lookalikes either,,v20260906+55419ffd
font-ribeye,,0.0,none,missing,no exact/normalized/alias/homepage evidence; no lookalikes either,,v20260906+55419ffd
font-ribeye-marrow,,0.0,none,missing,no exact/normalized/alias/homepage evidence; no lookalikes either,,v20260906+55419ffd
font-ricty-diminished,,0.0,none,missing,no exact/normalized/alias/homepage evidence; no lookalikes either,,v20260906+55419ffd
font-righteous,,0.0,none,missing,no exact/normalized/alias/homepage evidence; no lookalikes either,,v20260906+55419ffd
font-risque,,0.0,none,missing,no exact/normalized/alias/homepage evidence; no lookalikes either,,v20260906+55419ffd
font-road-rage,,0.0,none,missing,no exact/normalized/alias/homepage evidence; no lookalikes either,,v20260906+55419ffd
font-roboto,,0.0,none,missing,no exact/normalized/alias/homepage evidence; no lookalikes either,,v20260906+55419ffd
font-roboto-condensed,,0.0,none,missing,no exact/normalized/alias/homepage evidence; no lookalikes either,,v20260906+55419ffd
font-roboto-flex,,0.0,none,missing,no exact/normalized/alias/homepage evidence; no lookalikes either,,v20260906+55419ffd
font-roboto-mono,,0.0,none,missing,no exact/normalized/alias/homepage evidence; no lookalikes either,,v20260906+55419ffd
font-roboto-mono-for-powerline,,0.0,none,missing,no exact/normalized/alias/homepage evidence; no lookalikes either,,v20260906+55419ffd
font-roboto-mono-nerd-font,,0.0,none,missing,no exact/normalized/alias/homepage evidence; no lookalikes either,,v20260906+55419ffd
font-roboto-serif,,0.0,none,missing,no exact/normalized/alias/homepage evidence; no lookalikes either,,v20260906+55419ffd
font-roboto-slab,,0.0,none,missing,no exact/normalized/alias/homepage evidence; no lookalikes either,,v20260906+55419ffd
font-rochester,,0.0,none,missing,no exact/normalized/alias/homepage evidence; no lookalikes either,,v20260906+55419ffd
font-rock-3d,,0.0,none,missing,no exact/normalized/alias/homepage evidence; no lookalikes either,,v20260906+55419ffd
font-rock-salt,,0.0,none,missing,no exact/normalized/alias/homepage evidence; no lookalikes either,,v20260906+55419ffd
font-rocknroll-one,,0.0,none,missing,no exact/normalized/alias/homepage evidence; no lookalikes either,,v20260906+55419ffd
font-rokkitt,,0.0,none,missing,no exact/normalized/alias/homepage evidence; no lookalikes either,,v20260906+55419ffd
font-rokkitt-vf-beta,,0.0,none,missing,no exact/normalized/alias/homepage evidence; no lookalikes either,,v20260906+55419ffd
font-romanesco,,0.0,none,missing,no exact/normalized/alias/homepage evidence; no lookalikes either,,v20260906+55419ffd
font-ronde,,0.0,none,missing,no exact/normalized/alias/homepage evidence; no lookalikes either,,v20260906+55419ffd
font-ropa-sans,,0.0,none,missing,no exact/normalized/alias/homepage evidence; no lookalikes either,,v20260906+55419ffd
font-rosario,,0.0,none,missing,no exact/normalized/alias/homepage evidence; no lookalikes either,,v20260906+55419ffd
font-rosarivo,,0.0,none,missing,no exact/normalized/alias/homepage evidence; no lookalikes either,,v20260906+55419ffd
font-rouge-script,,0.0,none,missing,no exact/normalized/alias/homepage evidence; no lookalikes either,,v20260906+55419ffd
font-rounded-mplus,,0.0,none,missing,no exact/normalized/alias/homepage evidence; no lookalikes either,,v20260906+55419ffd
font-routed-gothic,,0.0,none,missing,no exact/normalized/alias/homepage evidence; no lookalikes either,,v20260906+55419ffd
font-rowdies,,0.0,none,missing,no exact/normalized/alias/homepage evidence; no lookalikes either,,v20260906+55419ffd
font-rozha-one,,0.0,none,missing,no exact/normalized/alias/homepage evidence; no lookalikes either,,v20260906+55419ffd
font-rubik,,0.0,none,missing,no exact/normalized/alias/homepage evidence; no lookalikes either,,v20260906+55419ffd
font-rubik-80s-fade,,0.0,none,missing,no exact/normalized/alias/homepage evidence; no lookalikes either,,v20260906+55419ffd
font-rubik-beastly,,0.0,none,missing,no exact/normalized/alias/homepage evidence; no lookalikes either,,v20260906+55419ffd
font-rubik-broken-fax,,0.0,none,missing,no exact/normalized/alias/homepage evidence; no lookalikes either,,v20260906+55419ffd
font-rubik-bubbles,,0.0,none,missing,no exact/normalized/alias/homepage evidence; no lookalikes either,,v20260906+55419ffd
font-rubik-burned,,0.0,none,missing,no exact/normalized/alias/homepage evidence; no lookalikes either,,v20260906+55419ffd
font-rubik-dirt,,0.0,none,missing,no exact/normalized/alias/homepage evidence; no lookalikes either,,v20260906+55419ffd
font-rubik-distressed,,0.0,none,missing,no exact/normalized/alias/homepage evidence; no lookalikes either,,v20260906+55419ffd
font-rubik-doodle-shadow,,0.0,none,missing,no exact/normalized/alias/homepage evidence; no lookalikes either,,v20260906+55419ffd
font-rubik-doodle-triangles,,0.0,none,missing,no exact/normalized/alias/homepage evidence; no lookalikes either,,v20260906+55419ffd
font-rubik-gemstones,,0.0,none,missing,no exact/normalized/alias/homepage evidence; no lookalikes either,,v20260906+55419ffd
font-rubik-glitch,,0.0,none,missing,no exact/normalized/alias/homepage evidence; no lookalikes either,,v20260906+55419ffd
font-rubik-glitch-pop,,0.0,none,missing,no exact/normalized/alias/homepage evidence; no lookalikes either,,v20260906+55419ffd
font-rubik-iso,,0.0,none,missing,no exact/normalized/alias/homepage evidence; no lookalikes either,,v20260906+55419ffd
font-rubik-lines,,0.0,none,missing,no exact/normalized/alias/homepage evidence; no lookalikes either,,v20260906+55419ffd
font-rubik-maps,,0.0,none,missing,no exact/normalized/alias/homepage evidence; no lookalikes either,,v20260906+55419ffd
font-rubik-marker-hatch,,0.0,none,missing,no exact/normalized/alias/homepage evidence; no lookalikes either,,v20260906+55419ffd
font-rubik-maze,,0.0,none,missing,no exact/normalized/alias/homepage evidence; no lookalikes either,,v20260906+55419ffd
font-rubik-microbe,,0.0,none,missing,no exact/normalized/alias/homepage evidence; no lookalikes either,,v20260906+55419ffd
font-rubik-mono-one,,0.0,none,missing,no exact/normalized/alias/homepage evidence; no lookalikes either,,v20260906+55419ffd
font-rubik-moonrocks,,0.0,none,missing,no exact/normalized/alias/homepage evidence; no lookalikes either,,v20260906+55419ffd
font-rubik-one,,0.0,none,missing,no exact/normalized/alias/homepage evidence; no lookalikes either,,v20260906+55419ffd
font-rubik-pixels,,0.0,none,missing,no exact/normalized/alias/homepage evidence; no lookalikes either,,v20260906+55419ffd
font-rubik-puddles,,0.0,none,missing,no exact/normalized/alias/homepage evidence; no lookalikes either,,v20260906+55419ffd
font-rubik-scribble,,0.0,none,missing,no exact/normalized/alias/homepage evidence; no lookalikes either,,v20260906+55419ffd
font-rubik-spray-paint,,0.0,none,missing,no exact/normalized/alias/homepage evidence; no lookalikes either,,v20260906+55419ffd
font-rubik-storm,,0.0,none,missing,no exact/normalized/alias/homepage evidence; no lookalikes either,,v20260906+55419ffd
font-rubik-vinyl,,0.0,none,missing,no exact/normalized/alias/homepage evidence; no lookalikes either,,v20260906+55419ffd
font-rubik-wet-paint,,0.0,none,missing,no exact/normalized/alias/homepage evidence; no lookalikes either,,v20260906+55419ffd
font-ruda,,0.0,none,missing,no exact/normalized/alias/homepage evidence; no lookalikes either,,v20260906+55419ffd
font-rufina,,0.0,none,missing,no exact/normalized/alias/homepage evidence; no lookalikes either,,v20260906+55419ffd
font-ruge-boogie,,0.0,none,missing,no exact/normalized/alias/homepage evidence; no lookalikes either,,v20260906+55419ffd
font-ruluko,,0.0,none,missing,no exact/normalized/alias/homepage evidence; no lookalikes either,,v20260906+55419ffd
font-rum-raisin,,0.0,none,missing,no exact/normalized/alias/homepage evidence; no lookalikes either,,v20260906+55419ffd
font-ruslan-display,,0.0,none,missing,no exact/normalized/alias/homepage evidence; no lookalikes either,,v20260906+55419ffd
font-russo-one,,0.0,none,missing,no exact/normalized/alias/homepage evidence; no lookalikes either,,v20260906+55419ffd
font-ruthie,,0.0,none,missing,no exact/normalized/alias/homepage evidence; no lookalikes either,,v20260906+55419ffd
font-ruwudu,,0.0,none,missing,no exact/normalized/alias/homepage evidence; no lookalikes either,,v20260906+55419ffd
font-rye,,0.0,none,missing,no exact/normalized/alias/homepage evidence; no lookalikes either,,v20260906+55419ffd
font-sacramento,,0.0,none,missing,no exact/normalized/alias/homepage evidence; no lookalikes either,,v20260906+55419ffd
font-sahitya,,0.0,none,missing,no exact/normalized/alias/homepage evidence; no lookalikes either,,v20260906+55419ffd
font-sail,,0.0,none,missing,no exact/normalized/alias/homepage evidence; no lookalikes either,,v20260906+55419ffd
font-saira,,0.0,none,missing,no exact/normalized/alias/homepage evidence; no lookalikes either,,v20260906+55419ffd
font-saira-condensed,,0.0,none,missing,no exact/normalized/alias/homepage evidence; no lookalikes either,,v20260906+55419ffd
font-saira-extra-condensed,,0.0,none,missing,no exact/normalized/alias/homepage evidence; no lookalikes either,,v20260906+55419ffd
font-saira-semi-condensed,,0.0,none,missing,no exact/normalized/alias/homepage evidence; no lookalikes either,,v20260906+55419ffd
font-saira-stencil,,0.0,none,missing,no exact/normalized/alias/homepage evidence; no lookalikes either,,v20260906+55419ffd
font-saira-stencil-one,,0.0,none,missing,no exact/normalized/alias/homepage evidence; no lookalikes either,,v20260906+55419ffd
font-salsa,,0.0,none,missing,no exact/normalized/alias/homepage evidence; no lookalikes either,,v20260906+55419ffd
font-sanchez,,0.0,none,missing,no exact/normalized/alias/homepage evidence; no lookalikes either,,v20260906+55419ffd
font-sancreek,,0.0,none,missing,no exact/normalized/alias/homepage evidence; no lookalikes either,,v20260906+55419ffd
font-sankofa-display,,0.0,none,missing,no exact/normalized/alias/homepage evidence; no lookalikes either,,v20260906+55419ffd
font-sansation,,0.0,none,missing,no exact/normalized/alias/homepage evidence; no lookalikes either,,v20260906+55419ffd
font-sansita,,0.0,none,missing,no exact/normalized/alias/homepage evidence; no lookalikes either,,v20260906+55419ffd
font-sansita-one,,0.0,none,missing,no exact/normalized/alias/homepage evidence; no lookalikes either,,v20260906+55419ffd
font-sansita-swashed,,0.0,none,missing,no exact/normalized/alias/homepage evidence; no lookalikes either,,v20260906+55419ffd
font-sarabun,,0.0,none,missing,no exact/normalized/alias/homepage evidence; no lookalikes either,,v20260906+55419ffd
font-sarala,,0.0,none,missing,no exact/normalized/alias/homepage evidence; no lookalikes either,,v20260906+55419ffd
font-sarasa-gothic,,0.0,none,missing,no exact/normalized/alias/homepage evidence; no lookalikes either,,v20260906+55419ffd
font-sarina,,0.0,none,missing,no exact/normalized/alias/homepage evidence; no lookalikes either,,v20260906+55419ffd
font-sarpanch,,0.0,none,missing,no exact/normalized/alias/homepage evidence; no lookalikes either,,v20260906+55419ffd
font-sassy-frass,,0.0,none,missing,no exact/normalized/alias/homepage evidence; no lookalikes either,,v20260906+55419ffd
font-satisfy,,0.0,none,missing,no exact/normalized/alias/homepage evidence; no lookalikes either,,v20260906+55419ffd
font-satoshi,,0.0,none,missing,no exact/normalized/alias/homepage evidence; no lookalikes either,,v20260906+55419ffd
font-sauce-code-pro-nerd-font,,0.0,none,missing,no exact/normalized/alias/homepage evidence; no lookalikes either,,v20260906+55419ffd
font-savate,,0.0,none,missing,no exact/normalized/alias/homepage evidence; no lookalikes either,,v20260906+55419ffd
font-sawarabi-gothic,,0.0,none,missing,no exact/normalized/alias/homepage evidence; no lookalikes either,,v20260906+55419ffd
font-sawarabi-mincho,,0.0,none,missing,no exact/normalized/alias/homepage evidence; no lookalikes either,,v20260906+55419ffd
font-scada,,0.0,none,missing,no exact/normalized/alias/homepage evidence; no lookalikes either,,v20260906+55419ffd
font-scheherazade,,0.0,none,missing,no exact/normalized/alias/homepage evidence; no lookalikes either,,v20260906+55419ffd
font-scheherazade-new,,0.0,none,missing,no exact/normalized/alias/homepage evidence; no lookalikes either,,v20260906+55419ffd
font-schibsted-grotesk,,0.0,none,missing,no exact/normalized/alias/homepage evidence; no lookalikes either,,v20260906+55419ffd
font-schoolbell,,0.0,none,missing,no exact/normalized/alias/homepage evidence; no lookalikes either,,v20260906+55419ffd
font-science-gothic,,0.0,none,missing,no exact/normalized/alias/homepage evidence; no lookalikes either,,v20260906+55419ffd
font-scientifica,,0.0,none,missing,no exact/normalized/alias/homepage evidence; no lookalikes either,,v20260906+55419ffd
font-scope-one,,0.0,none,missing,no exact/normalized/alias/homepage evidence; no lookalikes either,,v20260906+55419ffd
font-scoutie-sans,,0.0,none,missing,no exact/normalized/alias/homepage evidence; no lookalikes either,,v20260906+55419ffd
font-seaweed-script,,0.0,none,missing,no exact/normalized/alias/homepage evidence; no lookalikes either,,v20260906+55419ffd
font-secular-one,,0.0,none,missing,no exact/normalized/alias/homepage evidence; no lookalikes either,,v20260906+55419ffd
font-sedan,,0.0,none,missing,no exact/normalized/alias/homepage evidence; no lookalikes either,,v20260906+55419ffd
font-sedan-sc,,0.0,none,missing,no exact/normalized/alias/homepage evidence; no lookalikes either,,v20260906+55419ffd
font-sedgwick-ave,,0.0,none,missing,no exact/normalized/alias/homepage evidence; no lookalikes either,,v20260906+55419ffd
font-sedgwick-ave-display,,0.0,none,missing,no exact/normalized/alias/homepage evidence; no lookalikes either,,v20260906+55419ffd
font-sekuya,,0.0,none,missing,no exact/normalized/alias/homepage evidence; no lookalikes either,,v20260906+55419ffd
font-selawik,,0.0,none,missing,no exact/normalized/alias/homepage evidence; no lookalikes either,,v20260906+55419ffd
font-sen,,0.0,none,needs-review,no exact/normalized/alias/homepage evidence; fuzzy suggestions listed for review,font-spleen; xfontsel,v20260906+55419ffd
font-send-flowers,,0.0,none,missing,no exact/normalized/alias/homepage evidence; no lookalikes either,,v20260906+55419ffd
font-server-mono,,0.0,none,missing,no exact/normalized/alias/homepage evidence; no lookalikes either,,v20260906+55419ffd
font-sevillana,,0.0,none,missing,no exact/normalized/alias/homepage evidence; no lookalikes either,,v20260906+55419ffd
font-seymour-one,,0.0,none,missing,no exact/normalized/alias/homepage evidence; no lookalikes either,,v20260906+55419ffd
font-sf-arabic,,0.0,none,missing,no exact/normalized/alias/homepage evidence; no lookalikes either,,v20260906+55419ffd
font-sf-armenian,,0.0,none,missing,no exact/normalized/alias/homepage evidence; no lookalikes either,,v20260906+55419ffd
font-sf-compact,,0.0,none,missing,no exact/normalized/alias/homepage evidence; no lookalikes either,,v20260906+55419ffd
font-sf-georgian,,0.0,none,missing,no exact/normalized/alias/homepage evidence; no lookalikes either,,v20260906+55419ffd
font-sf-hebrew,,0.0,none,missing,no exact/normalized/alias/homepage evidence; no lookalikes either,,v20260906+55419ffd
font-sf-mono,,0.0,none,missing,no exact/normalized/alias/homepage evidence; no lookalikes either,,v20260906+55419ffd
font-sf-mono-for-powerline,,0.0,none,missing,no exact/normalized/alias/homepage evidence; no lookalikes either,,v20260906+55419ffd
font-sf-mono-nerd-font-ligaturized,,0.0,none,missing,no exact/normalized/alias/homepage evidence; no lookalikes either,,v20260906+55419ffd
font-sf-pro,,0.0,none,missing,no exact/normalized/alias/homepage evidence; no lookalikes either,,v20260906+55419ffd
font-shadows-into-light,,0.0,none,missing,no exact/normalized/alias/homepage evidence; no lookalikes either,,v20260906+55419ffd
font-shadows-into-light-two,,0.0,none,missing,no exact/normalized/alias/homepage evidence; no lookalikes either,,v20260906+55419ffd
font-shafarik,,0.0,none,missing,no exact/normalized/alias/homepage evidence; no lookalikes either,,v20260906+55419ffd
font-shalimar,,0.0,none,missing,no exact/normalized/alias/homepage evidence; no lookalikes either,,v20260906+55419ffd
font-shantell-sans,,0.0,none,missing,no exact/normalized/alias/homepage evidence; no lookalikes either,,v20260906+55419ffd
font-shanti,,0.0,none,missing,no exact/normalized/alias/homepage evidence; no lookalikes either,,v20260906+55419ffd
font-share,,0.0,none,missing,no exact/normalized/alias/homepage evidence; no lookalikes either,,v20260906+55419ffd
font-share-tech,,0.0,none,missing,no exact/normalized/alias/homepage evidence; no lookalikes either,,v20260906+55419ffd
font-share-tech-mono,,0.0,none,missing,no exact/normalized/alias/homepage evidence; no lookalikes either,,v20260906+55419ffd
font-shippori-antique,,0.0,none,missing,no exact/normalized/alias/homepage evidence; no lookalikes either,,v20260906+55419ffd
font-shippori-antique-b1,,0.0,none,missing,no exact/normalized/alias/homepage evidence; no lookalikes either,,v20260906+55419ffd
font-shippori-mincho,,0.0,none,missing,no exact/normalized/alias/homepage evidence; no lookalikes either,,v20260906+55419ffd
font-shippori-mincho-b1,,0.0,none,missing,no exact/normalized/alias/homepage evidence; no lookalikes either,,v20260906+55419ffd
font-shizuru,,0.0,none,missing,no exact/normalized/alias/homepage evidence; no lookalikes either,,v20260906+55419ffd
font-shojumaru,,0.0,none,missing,no exact/normalized/alias/homepage evidence; no lookalikes either,,v20260906+55419ffd
font-short-stack,,0.0,none,missing,no exact/normalized/alias/homepage evidence; no lookalikes either,,v20260906+55419ffd
font-shrikhand,,0.0,none,missing,no exact/normalized/alias/homepage evidence; no lookalikes either,,v20260906+55419ffd
font-shure-tech-mono-nerd-font,,0.0,none,missing,no exact/normalized/alias/homepage evidence; no lookalikes either,,v20260906+55419ffd
font-siemreap,,0.0,none,missing,no exact/normalized/alias/homepage evidence; no lookalikes either,,v20260906+55419ffd
font-sigmar,,0.0,none,missing,no exact/normalized/alias/homepage evidence; no lookalikes either,,v20260906+55419ffd
font-sigmar-one,,0.0,none,missing,no exact/normalized/alias/homepage evidence; no lookalikes either,,v20260906+55419ffd
font-signika,,0.0,none,missing,no exact/normalized/alias/homepage evidence; no lookalikes either,,v20260906+55419ffd
font-signika-negative,,0.0,none,missing,no exact/normalized/alias/homepage evidence; no lookalikes either,,v20260906+55419ffd
font-signika-negative-sc,,0.0,none,missing,no exact/normalized/alias/homepage evidence; no lookalikes either,,v20260906+55419ffd
font-signika-sc,,0.0,none,missing,no exact/normalized/alias/homepage evidence; no lookalikes either,,v20260906+55419ffd
font-silkscreen,,0.0,none,missing,no exact/normalized/alias/homepage evidence; no lookalikes either,,v20260906+55419ffd
font-simonetta,,0.0,none,missing,no exact/normalized/alias/homepage evidence; no lookalikes either,,v20260906+55419ffd
font-simple-icons,,0.0,none,missing,no exact/normalized/alias/homepage evidence; no lookalikes either,,v20260906+55419ffd
font-simple-line-icons,,0.0,none,missing,no exact/normalized/alias/homepage evidence; no lookalikes either,,v20260906+55419ffd
font-single-day,,0.0,none,missing,no exact/normalized/alias/homepage evidence; no lookalikes either,,v20260906+55419ffd
font-sintony,,0.0,none,missing,no exact/normalized/alias/homepage evidence; no lookalikes either,,v20260906+55419ffd
font-sirin-stencil,,0.0,none,missing,no exact/normalized/alias/homepage evidence; no lookalikes either,,v20260906+55419ffd
font-sirivennela,,0.0,none,missing,no exact/normalized/alias/homepage evidence; no lookalikes either,,v20260906+55419ffd
font-sitara,,0.0,none,missing,no exact/normalized/alias/homepage evidence; no lookalikes either,,v20260906+55419ffd
font-six-caps,,0.0,none,missing,no exact/normalized/alias/homepage evidence; no lookalikes either,,v20260906+55419ffd
font-sixtyfour,,0.0,none,missing,no exact/normalized/alias/homepage evidence; no lookalikes either,,v20260906+55419ffd
font-sixtyfour-convergence,,0.0,none,missing,no exact/normalized/alias/homepage evidence; no lookalikes either,,v20260906+55419ffd
font-sketchybar-app-font,,0.0,none,missing,no exact/normalized/alias/homepage evidence; no lookalikes either,,v20260906+55419ffd
font-skranji,,0.0,none,missing,no exact/normalized/alias/homepage evidence; no lookalikes either,,v20260906+55419ffd
font-slabo-13px,,0.0,none,missing,no exact/normalized/alias/homepage evidence; no lookalikes either,,v20260906+55419ffd
font-slabo-27px,,0.0,none,missing,no exact/normalized/alias/homepage evidence; no lookalikes either,,v20260906+55419ffd
font-slackey,,0.0,none,missing,no exact/normalized/alias/homepage evidence; no lookalikes either,,v20260906+55419ffd
font-slackside-one,,0.0,none,missing,no exact/normalized/alias/homepage evidence; no lookalikes either,,v20260906+55419ffd
font-smiley-sans,,0.0,none,missing,no exact/normalized/alias/homepage evidence; no lookalikes either,,v20260906+55419ffd
font-smokum,,0.0,none,missing,no exact/normalized/alias/homepage evidence; no lookalikes either,,v20260906+55419ffd
font-smooch,,0.0,none,missing,no exact/normalized/alias/homepage evidence; no lookalikes either,,v20260906+55419ffd
font-smooch-sans,,0.0,none,missing,no exact/normalized/alias/homepage evidence; no lookalikes either,,v20260906+55419ffd
font-smythe,,0.0,none,missing,no exact/normalized/alias/homepage evidence; no lookalikes either,,v20260906+55419ffd
font-sn-pro,,0.0,none,missing,no exact/normalized/alias/homepage evidence; no lookalikes either,,v20260906+55419ffd
font-sniglet,,0.0,none,missing,no exact/normalized/alias/homepage evidence; no lookalikes either,,v20260906+55419ffd
font-snippet,,0.0,none,missing,no exact/normalized/alias/homepage evidence; no lookalikes either,,v20260906+55419ffd
font-snowburst-one,,0.0,none,missing,no exact/normalized/alias/homepage evidence; no lookalikes either,,v20260906+55419ffd
font-sofadi-one,,0.0,none,missing,no exact/normalized/alias/homepage evidence; no lookalikes either,,v20260906+55419ffd
font-sofia,,0.0,none,missing,no exact/normalized/alias/homepage evidence; no lookalikes either,,v20260906+55419ffd
font-sofia-sans,,0.0,none,missing,no exact/normalized/alias/homepage evidence; no lookalikes either,,v20260906+55419ffd
font-sofia-sans-condensed,,0.0,none,missing,no exact/normalized/alias/homepage evidence; no lookalikes either,,v20260906+55419ffd
font-sofia-sans-extra-condensed,,0.0,none,missing,no exact/normalized/alias/homepage evidence; no lookalikes either,,v20260906+55419ffd
font-sofia-sans-semi-condensed,,0.0,none,missing,no exact/normalized/alias/homepage evidence; no lookalikes either,,v20260906+55419ffd
font-solitreo,,0.0,none,missing,no exact/normalized/alias/homepage evidence; no lookalikes either,,v20260906+55419ffd
font-solway,,0.0,none,missing,no exact/normalized/alias/homepage evidence; no lookalikes either,,v20260906+55419ffd
font-sometype-mono,,0.0,none,missing,no exact/normalized/alias/homepage evidence; no lookalikes either,,v20260906+55419ffd
font-song-myung,,0.0,none,missing,no exact/normalized/alias/homepage evidence; no lookalikes either,,v20260906+55419ffd
font-sono,,0.0,none,missing,no exact/normalized/alias/homepage evidence; no lookalikes either,,v20260906+55419ffd
font-sonsie-one,,0.0,none,missing,no exact/normalized/alias/homepage evidence; no lookalikes either,,v20260906+55419ffd
font-sora,,0.0,none,missing,no exact/normalized/alias/homepage evidence; no lookalikes either,,v20260906+55419ffd
font-sorts-mill-goudy,,0.0,none,missing,no exact/normalized/alias/homepage evidence; no lookalikes either,,v20260906+55419ffd
font-souliyo,,0.0,none,missing,no exact/normalized/alias/homepage evidence; no lookalikes either,,v20260906+55419ffd
font-sour-gummy,,0.0,none,missing,no exact/normalized/alias/homepage evidence; no lookalikes either,,v20260906+55419ffd
font-source-code-pro,,0.0,none,missing,no exact/normalized/alias/homepage evidence; no lookalikes either,,v20260906+55419ffd
font-source-code-pro-for-powerline,,0.0,none,missing,no exact/normalized/alias/homepage evidence; no lookalikes either,,v20260906+55419ffd
font-source-han-code-jp,,0.0,none,missing,no exact/normalized/alias/homepage evidence; no lookalikes either,,v20260906+55419ffd
font-source-han-sans-vf,,0.0,none,missing,no exact/normalized/alias/homepage evidence; no lookalikes either,,v20260906+55419ffd
font-source-han-serif-vf,,0.0,none,missing,no exact/normalized/alias/homepage evidence; no lookalikes either,,v20260906+55419ffd
font-source-sans-3,,0.0,none,missing,no exact/normalized/alias/homepage evidence; no lookalikes either,,v20260906+55419ffd
font-source-serif-4,,0.0,none,missing,no exact/normalized/alias/homepage evidence; no lookalikes either,,v20260906+55419ffd
font-space-grotesk,,0.0,none,missing,no exact/normalized/alias/homepage evidence; no lookalikes either,,v20260906+55419ffd
font-space-mono,,0.0,none,missing,no exact/normalized/alias/homepage evidence; no lookalikes either,,v20260906+55419ffd
font-space-mono-nerd-font,,0.0,none,missing,no exact/normalized/alias/homepage evidence; no lookalikes either,,v20260906+55419ffd
font-special-elite,,0.0,none,missing,no exact/normalized/alias/homepage evidence; no lookalikes either,,v20260906+55419ffd
font-special-gothic,,0.0,none,missing,no exact/normalized/alias/homepage evidence; no lookalikes either,,v20260906+55419ffd
font-special-gothic-condensed-one,,0.0,none,missing,no exact/normalized/alias/homepage evidence; no lookalikes either,,v20260906+55419ffd
font-special-gothic-expanded-one,,0.0,none,missing,no exact/normalized/alias/homepage evidence; no lookalikes either,,v20260906+55419ffd
font-spectral,,0.0,none,missing,no exact/normalized/alias/homepage evidence; no lookalikes either,,v20260906+55419ffd
font-spectral-sc,,0.0,none,missing,no exact/normalized/alias/homepage evidence; no lookalikes either,,v20260906+55419ffd
font-spicy-rice,,0.0,none,missing,no exact/normalized/alias/homepage evidence; no lookalikes either,,v20260906+55419ffd
font-spinnaker,,0.0,none,missing,no exact/normalized/alias/homepage evidence; no lookalikes either,,v20260906+55419ffd
font-spirax,,0.0,none,missing,no exact/normalized/alias/homepage evidence; no lookalikes either,,v20260906+55419ffd
font-splash,,0.0,none,missing,no exact/normalized/alias/homepage evidence; no lookalikes either,,v20260906+55419ffd
font-spleen,font-spleen,1.0,exact,confident,name identical in both managers; homepages 'https://github.com/fcambus/spleen' vs 'https://github.com/fcambus/spleen',,v20260906+55419ffd
font-spline-sans,,0.0,none,missing,no exact/normalized/alias/homepage evidence; no lookalikes either,,v20260906+55419ffd
font-spline-sans-mono,,0.0,none,missing,no exact/normalized/alias/homepage evidence; no lookalikes either,,v20260906+55419ffd
font-squada-one,,0.0,none,missing,no exact/normalized/alias/homepage evidence; no lookalikes either,,v20260906+55419ffd
font-square-peg,,0.0,none,missing,no exact/normalized/alias/homepage evidence; no lookalikes either,,v20260906+55419ffd
font-sree-krushnadevaraya,,0.0,none,missing,no exact/normalized/alias/homepage evidence; no lookalikes either,,v20260906+55419ffd
font-sriracha,,0.0,none,missing,no exact/normalized/alias/homepage evidence; no lookalikes either,,v20260906+55419ffd
font-srisakdi,,0.0,none,missing,no exact/normalized/alias/homepage evidence; no lookalikes either,,v20260906+55419ffd
font-staatliches,,0.0,none,missing,no exact/normalized/alias/homepage evidence; no lookalikes either,,v20260906+55419ffd
font-stack-sans-headline,,0.0,none,missing,no exact/normalized/alias/homepage evidence; no lookalikes either,,v20260906+55419ffd
font-stack-sans-notch,,0.0,none,missing,no exact/normalized/alias/homepage evidence; no lookalikes either,,v20260906+55419ffd
font-stack-sans-text,,0.0,none,missing,no exact/normalized/alias/homepage evidence; no lookalikes either,,v20260906+55419ffd
font-stalemate,,0.0,none,missing,no exact/normalized/alias/homepage evidence; no lookalikes either,,v20260906+55419ffd
font-stalinist-one,,0.0,none,missing,no exact/normalized/alias/homepage evidence; no lookalikes either,,v20260906+55419ffd
font-stardos-stencil,,0.0,none,missing,no exact/normalized/alias/homepage evidence; no lookalikes either,,v20260906+55419ffd
font-stick,,0.0,none,missing,no exact/normalized/alias/homepage evidence; no lookalikes either,,v20260906+55419ffd
font-stick-no-bills,,0.0,none,missing,no exact/normalized/alias/homepage evidence; no lookalikes either,,v20260906+55419ffd
font-stint-ultra-condensed,,0.0,none,missing,no exact/normalized/alias/homepage evidence; no lookalikes either,,v20260906+55419ffd
font-stint-ultra-expanded,,0.0,none,missing,no exact/normalized/alias/homepage evidence; no lookalikes either,,v20260906+55419ffd
font-stix,,0.0,none,missing,no exact/normalized/alias/homepage evidence; no lookalikes either,,v20260906+55419ffd
font-stix-two-math,,0.0,none,missing,no exact/normalized/alias/homepage evidence; no lookalikes either,,v20260906+55419ffd
font-stix-two-text,,0.0,none,missing,no exact/normalized/alias/homepage evidence; no lookalikes either,,v20260906+55419ffd
font-stoke,,0.0,none,missing,no exact/normalized/alias/homepage evidence; no lookalikes either,,v20260906+55419ffd
font-story-script,,0.0,none,missing,no exact/normalized/alias/homepage evidence; no lookalikes either,,v20260906+55419ffd
font-strait,,0.0,none,missing,no exact/normalized/alias/homepage evidence; no lookalikes either,,v20260906+55419ffd
font-strichpunkt-sans,,0.0,none,missing,no exact/normalized/alias/homepage evidence; no lookalikes either,,v20260906+55419ffd
font-strong,,0.0,none,missing,no exact/normalized/alias/homepage evidence; no lookalikes either,,v20260906+55419ffd
font-style-script,,0.0,none,missing,no exact/normalized/alias/homepage evidence; no lookalikes either,,v20260906+55419ffd
font-stylish,,0.0,none,missing,no exact/normalized/alias/homepage evidence; no lookalikes either,,v20260906+55419ffd
font-sudo,,0.0,none,missing,no exact/normalized/alias/homepage evidence; no lookalikes either,,v20260906+55419ffd
font-sue-ellen-francisco,,0.0,none,missing,no exact/normalized/alias/homepage evidence; no lookalikes either,,v20260906+55419ffd
font-suez-one,,0.0,none,missing,no exact/normalized/alias/homepage evidence; no lookalikes either,,v20260906+55419ffd
font-suit,,0.0,none,missing,no exact/normalized/alias/homepage evidence; no lookalikes either,,v20260906+55419ffd
font-suite,,0.0,none,missing,no exact/normalized/alias/homepage evidence; no lookalikes either,,v20260906+55419ffd
font-sulphur-point,,0.0,none,missing,no exact/normalized/alias/homepage evidence; no lookalikes either,,v20260906+55419ffd
font-sumana,,0.0,none,missing,no exact/normalized/alias/homepage evidence; no lookalikes either,,v20260906+55419ffd
font-sunflower,,0.0,none,missing,no exact/normalized/alias/homepage evidence; no lookalikes either,,v20260906+55419ffd
font-sunshiney,,0.0,none,missing,no exact/normalized/alias/homepage evidence; no lookalikes either,,v20260906+55419ffd
font-supermercado-one,,0.0,none,missing,no exact/normalized/alias/homepage evidence; no lookalikes either,,v20260906+55419ffd
font-sura,,0.0,none,missing,no exact/normalized/alias/homepage evidence; no lookalikes either,,v20260906+55419ffd
font-suranna,,0.0,none,missing,no exact/normalized/alias/homepage evidence; no lookalikes either,,v20260906+55419ffd
font-suravaram,,0.0,none,missing,no exact/normalized/alias/homepage evidence; no lookalikes either,,v20260906+55419ffd
font-suse,,0.0,none,missing,no exact/normalized/alias/homepage evidence; no lookalikes either,,v20260906+55419ffd
font-suse-mono,,0.0,none,missing,no exact/normalized/alias/homepage evidence; no lookalikes either,,v20260906+55419ffd
font-suwannaphum,,0.0,none,missing,no exact/normalized/alias/homepage evidence; no lookalikes either,,v20260906+55419ffd
font-swanky-and-moo-moo,,0.0,none,missing,no exact/normalized/alias/homepage evidence; no lookalikes either,,v20260906+55419ffd
font-symbols-only-nerd-font,,0.0,none,missing,no exact/normalized/alias/homepage evidence; no lookalikes either,,v20260906+55419ffd
font-syncopate,,0.0,none,missing,no exact/normalized/alias/homepage evidence; no lookalikes either,,v20260906+55419ffd
font-syne,,0.0,none,missing,no exact/normalized/alias/homepage evidence; no lookalikes either,,v20260906+55419ffd
font-syne-mono,,0.0,none,missing,no exact/normalized/alias/homepage evidence; no lookalikes either,,v20260906+55419ffd
font-syne-tactile,,0.0,none,missing,no exact/normalized/alias/homepage evidence; no lookalikes either,,v20260906+55419ffd
font-tac-one,,0.0,none,missing,no exact/normalized/alias/homepage evidence; no lookalikes either,,v20260906+55419ffd
font-tagesschrift,,0.0,none,missing,no exact/normalized/alias/homepage evidence; no lookalikes either,,v20260906+55419ffd
font-tai-heritage-pro,,0.0,none,missing,no exact/normalized/alias/homepage evidence; no lookalikes either,,v20260906+55419ffd
font-tajawal,,0.0,none,missing,no exact/normalized/alias/homepage evidence; no lookalikes either,,v20260906+55419ffd
font-takaoex,,0.0,none,missing,no exact/normalized/alias/homepage evidence; no lookalikes either,,v20260906+55419ffd
font-tamzen,,0.0,none,missing,no exact/normalized/alias/homepage evidence; no lookalikes either,,v20260906+55419ffd
font-tangerine,,0.0,none,missing,no exact/normalized/alias/homepage evidence; no lookalikes either,,v20260906+55419ffd
font-tapestry,,0.0,none,missing,no exact/normalized/alias/homepage evidence; no lookalikes either,,v20260906+55419ffd
font-taprom,,0.0,none,missing,no exact/normalized/alias/homepage evidence; no lookalikes either,,v20260906+55419ffd
font-tasa-explorer,,0.0,none,missing,no exact/normalized/alias/homepage evidence; no lookalikes either,,v20260906+55419ffd
font-tasa-orbiter,,0.0,none,missing,no exact/normalized/alias/homepage evidence; no lookalikes either,,v20260906+55419ffd
font-tauri,,0.0,none,missing,no exact/normalized/alias/homepage evidence; no lookalikes either,,v20260906+55419ffd
font-taviraj,,0.0,none,missing,no exact/normalized/alias/homepage evidence; no lookalikes either,,v20260906+55419ffd
font-teachers,,0.0,none,missing,no exact/normalized/alias/homepage evidence; no lookalikes either,,v20260906+55419ffd
font-teko,,0.0,none,missing,no exact/normalized/alias/homepage evidence; no lookalikes either,,v20260906+55419ffd
font-tektur,,0.0,none,missing,no exact/normalized/alias/homepage evidence; no lookalikes either,,v20260906+55419ffd
font-telex,,0.0,none,missing,no exact/normalized/alias/homepage evidence; no lookalikes either,,v20260906+55419ffd
font-tenali-ramakrishna,,0.0,none,missing,no exact/normalized/alias/homepage evidence; no lookalikes either,,v20260906+55419ffd
font-tenderness,,0.0,none,missing,no exact/normalized/alias/homepage evidence; no lookalikes either,,v20260906+55419ffd
font-tengwar-formal-csur,,0.0,none,missing,no exact/normalized/alias/homepage evidence; no lookalikes either,,v20260906+55419ffd
font-tengwar-telcontar,,0.0,none,missing,no exact/normalized/alias/homepage evidence; no lookalikes either,,v20260906+55419ffd
font-tenor-sans,,0.0,none,missing,no exact/normalized/alias/homepage evidence; no lookalikes either,,v20260906+55419ffd
font-terminess-ttf-nerd-font,,0.0,none,missing,no exact/normalized/alias/homepage evidence; no lookalikes either,,v20260906+55419ffd
font-terminus,,0.0,none,missing,no exact/normalized/alias/homepage evidence; no lookalikes either,,v20260906+55419ffd
font-tex-gyre-adventor,,0.0,none,missing,no exact/normalized/alias/homepage evidence; no lookalikes either,,v20260906+55419ffd
font-tex-gyre-bonum,,0.0,none,missing,no exact/normalized/alias/homepage evidence; no lookalikes either,,v20260906+55419ffd
font-tex-gyre-bonum-math,,0.0,none,missing,no exact/normalized/alias/homepage evidence; no lookalikes either,,v20260906+55419ffd
font-tex-gyre-chorus,,0.0,none,missing,no exact/normalized/alias/homepage evidence; no lookalikes either,,v20260906+55419ffd
font-tex-gyre-cursor,,0.0,none,missing,no exact/normalized/alias/homepage evidence; no lookalikes either,,v20260906+55419ffd
font-tex-gyre-heros,,0.0,none,missing,no exact/normalized/alias/homepage evidence; no lookalikes either,,v20260906+55419ffd
font-tex-gyre-pagella,,0.0,none,missing,no exact/normalized/alias/homepage evidence; no lookalikes either,,v20260906+55419ffd
font-tex-gyre-pagella-math,,0.0,none,missing,no exact/normalized/alias/homepage evidence; no lookalikes either,,v20260906+55419ffd
font-tex-gyre-schola,,0.0,none,missing,no exact/normalized/alias/homepage evidence; no lookalikes either,,v20260906+55419ffd
font-tex-gyre-schola-math,,0.0,none,missing,no exact/normalized/alias/homepage evidence; no lookalikes either,,v20260906+55419ffd
font-tex-gyre-termes,,0.0,none,missing,no exact/normalized/alias/homepage evidence; no lookalikes either,,v20260906+55419ffd
font-tex-gyre-termes-math,,0.0,none,missing,no exact/normalized/alias/homepage evidence; no lookalikes either,,v20260906+55419ffd
font-text-me-one,,0.0,none,missing,no exact/normalized/alias/homepage evidence; no lookalikes either,,v20260906+55419ffd
font-texturina,,0.0,none,missing,no exact/normalized/alias/homepage evidence; no lookalikes either,,v20260906+55419ffd
font-thabit,,0.0,none,missing,no exact/normalized/alias/homepage evidence; no lookalikes either,,v20260906+55419ffd
font-tharlon,,0.0,none,missing,no exact/normalized/alias/homepage evidence; no lookalikes either,,v20260906+55419ffd
font-thasadith,,0.0,none,missing,no exact/normalized/alias/homepage evidence; no lookalikes either,,v20260906+55419ffd
font-the-girl-next-door,,0.0,none,missing,no exact/normalized/alias/homepage evidence; no lookalikes either,,v20260906+55419ffd
font-the-nautigal,,0.0,none,missing,no exact/normalized/alias/homepage evidence; no lookalikes either,,v20260906+55419ffd
font-tiejili-sc,,0.0,none,missing,no exact/normalized/alias/homepage evidence; no lookalikes either,,v20260906+55419ffd
font-tienne,,0.0,none,missing,no exact/normalized/alias/homepage evidence; no lookalikes either,,v20260906+55419ffd
font-tiktok-sans,,0.0,none,missing,no exact/normalized/alias/homepage evidence; no lookalikes either,,v20260906+55419ffd
font-tillana,,0.0,none,missing,no exact/normalized/alias/homepage evidence; no lookalikes either,,v20260906+55419ffd
font-tilt-neon,,0.0,none,missing,no exact/normalized/alias/homepage evidence; no lookalikes either,,v20260906+55419ffd
font-tilt-prism,,0.0,none,missing,no exact/normalized/alias/homepage evidence; no lookalikes either,,v20260906+55419ffd
font-tilt-warp,,0.0,none,missing,no exact/normalized/alias/homepage evidence; no lookalikes either,,v20260906+55419ffd
font-times-new-roman,,0.0,none,missing,no exact/normalized/alias/homepage evidence; no lookalikes either,,v20260906+55419ffd
font-times-newer-roman,,0.0,none,missing,no exact/normalized/alias/homepage evidence; no lookalikes either,,v20260906+55419ffd
font-timmana,,0.0,none,missing,no exact/normalized/alias/homepage evidence; no lookalikes either,,v20260906+55419ffd
font-tinos,,0.0,none,missing,no exact/normalized/alias/homepage evidence; no lookalikes either,,v20260906+55419ffd
font-tinos-nerd-font,,0.0,none,missing,no exact/normalized/alias/homepage evidence; no lookalikes either,,v20260906+55419ffd
font-tiny5,,0.0,none,missing,no exact/normalized/alias/homepage evidence; no lookalikes either,,v20260906+55419ffd
font-tiro-bangla,,0.0,none,missing,no exact/normalized/alias/homepage evidence; no lookalikes either,,v20260906+55419ffd
font-tiro-devanagari-hindi,,0.0,none,missing,no exact/normalized/alias/homepage evidence; no lookalikes either,,v20260906+55419ffd
font-tiro-devanagari-marathi,,0.0,none,missing,no exact/normalized/alias/homepage evidence; no lookalikes either,,v20260906+55419ffd
font-tiro-devanagari-sanskrit,,0.0,none,missing,no exact/normalized/alias/homepage evidence; no lookalikes either,,v20260906+55419ffd
font-tiro-gurmukhi,,0.0,none,missing,no exact/normalized/alias/homepage evidence; no lookalikes either,,v20260906+55419ffd
font-tiro-kannada,,0.0,none,missing,no exact/normalized/alias/homepage evidence; no lookalikes either,,v20260906+55419ffd
font-tiro-tamil,,0.0,none,missing,no exact/normalized/alias/homepage evidence; no lookalikes either,,v20260906+55419ffd
font-tiro-telugu,,0.0,none,missing,no exact/normalized/alias/homepage evidence; no lookalikes either,,v20260906+55419ffd
font-tirra,,0.0,none,missing,no exact/normalized/alias/homepage evidence; no lookalikes either,,v20260906+55419ffd
font-titan-one,,0.0,none,missing,no exact/normalized/alias/homepage evidence; no lookalikes either,,v20260906+55419ffd
font-titillium-web,,0.0,none,missing,no exact/normalized/alias/homepage evidence; no lookalikes either,,v20260906+55419ffd
font-togalite,,0.0,none,missing,no exact/normalized/alias/homepage evidence; no lookalikes either,,v20260906+55419ffd
font-tomorrow,,0.0,none,missing,no exact/normalized/alias/homepage evidence; no lookalikes either,,v20260906+55419ffd
font-tourney,,0.0,none,missing,no exact/normalized/alias/homepage evidence; no lookalikes either,,v20260906+55419ffd
font-trade-winds,,0.0,none,missing,no exact/normalized/alias/homepage evidence; no lookalikes either,,v20260906+55419ffd
font-train-one,,0.0,none,missing,no exact/normalized/alias/homepage evidence; no lookalikes either,,v20260906+55419ffd
font-trebuchet-ms,,0.0,none,missing,no exact/normalized/alias/homepage evidence; no lookalikes either,,v20260906+55419ffd
font-triodion,,0.0,none,missing,no exact/normalized/alias/homepage evidence; no lookalikes either,,v20260906+55419ffd
font-trirong,,0.0,none,missing,no exact/normalized/alias/homepage evidence; no lookalikes either,,v20260906+55419ffd
font-trispace,,0.0,none,missing,no exact/normalized/alias/homepage evidence; no lookalikes either,,v20260906+55419ffd
font-trocchi,,0.0,none,missing,no exact/normalized/alias/homepage evidence; no lookalikes either,,v20260906+55419ffd
font-trochut,,0.0,none,missing,no exact/normalized/alias/homepage evidence; no lookalikes either,,v20260906+55419ffd
font-truculenta,,0.0,none,missing,no exact/normalized/alias/homepage evidence; no lookalikes either,,v20260906+55419ffd
font-trykker,,0.0,none,missing,no exact/normalized/alias/homepage evidence; no lookalikes either,,v20260906+55419ffd
font-tsukimi-rounded,,0.0,none,missing,no exact/normalized/alias/homepage evidence; no lookalikes either,,v20260906+55419ffd
font-tt2020,,0.0,none,missing,no exact/normalized/alias/homepage evidence; no lookalikes either,,v20260906+55419ffd
font-tuffy,,0.0,none,missing,no exact/normalized/alias/homepage evidence; no lookalikes either,,v20260906+55419ffd
font-tulpen-one,,0.0,none,missing,no exact/normalized/alias/homepage evidence; no lookalikes either,,v20260906+55419ffd
font-turret-road,,0.0,none,missing,no exact/normalized/alias/homepage evidence; no lookalikes either,,v20260906+55419ffd
font-twilio-sans-mono,,0.0,none,missing,no exact/normalized/alias/homepage evidence; no lookalikes either,,v20260906+55419ffd
font-twinkle-star,,0.0,none,missing,no exact/normalized/alias/homepage evidence; no lookalikes either,,v20260906+55419ffd
font-twitter-color-emoji,,0.0,none,missing,no exact/normalized/alias/homepage evidence; no lookalikes either,,v20260906+55419ffd
font-typographer-woodcut-initials-one,,0.0,none,missing,no exact/normalized/alias/homepage evidence; no lookalikes either,,v20260906+55419ffd
font-ubuntu,,0.0,none,missing,no exact/normalized/alias/homepage evidence; no lookalikes either,,v20260906+55419ffd
font-ubuntu-condensed,,0.0,none,missing,no exact/normalized/alias/homepage evidence; no lookalikes either,,v20260906+55419ffd
font-ubuntu-mono,,0.0,none,missing,no exact/normalized/alias/homepage evidence; no lookalikes either,,v20260906+55419ffd
font-ubuntu-mono-derivative-powerline,,0.0,none,missing,no exact/normalized/alias/homepage evidence; no lookalikes either,,v20260906+55419ffd
font-ubuntu-mono-nerd-font,,0.0,none,missing,no exact/normalized/alias/homepage evidence; no lookalikes either,,v20260906+55419ffd
font-ubuntu-nerd-font,,0.0,none,missing,no exact/normalized/alias/homepage evidence; no lookalikes either,,v20260906+55419ffd
font-ubuntu-sans,,0.0,none,missing,no exact/normalized/alias/homepage evidence; no lookalikes either,,v20260906+55419ffd
font-ubuntu-sans-mono,,0.0,none,missing,no exact/normalized/alias/homepage evidence; no lookalikes either,,v20260906+55419ffd
font-ubuntu-sans-nerd-font,,0.0,none,missing,no exact/normalized/alias/homepage evidence; no lookalikes either,,v20260906+55419ffd
font-uchen,,0.0,none,missing,no exact/normalized/alias/homepage evidence; no lookalikes either,,v20260906+55419ffd
font-udev-gothic,,0.0,none,missing,no exact/normalized/alias/homepage evidence; no lookalikes either,,v20260906+55419ffd
font-udev-gothic-hs,,0.0,none,missing,no exact/normalized/alias/homepage evidence; no lookalikes either,,v20260906+55419ffd
font-udev-gothic-nf,,0.0,none,missing,no exact/normalized/alias/homepage evidence; no lookalikes either,,v20260906+55419ffd
font-ultra,,0.0,none,missing,no exact/normalized/alias/homepage evidence; no lookalikes either,,v20260906+55419ffd
font-unbounded,,0.0,none,missing,no exact/normalized/alias/homepage evidence; no lookalikes either,,v20260906+55419ffd
font-uncial-antiqua,,0.0,none,missing,no exact/normalized/alias/homepage evidence; no lookalikes either,,v20260906+55419ffd
font-undefined-medium,,0.0,none,missing,no exact/normalized/alias/homepage evidence; no lookalikes either,,v20260906+55419ffd
font-underdog,,0.0,none,missing,no exact/normalized/alias/homepage evidence; no lookalikes either,,v20260906+55419ffd
font-unica-one,,0.0,none,needs-review,no exact/normalized/alias/homepage evidence; fuzzy suggestions listed for review,efont-unicode,v20260906+55419ffd
font-unifrakturcook,,0.0,none,missing,no exact/normalized/alias/homepage evidence; no lookalikes either,,v20260906+55419ffd
font-unifrakturmaguntia,,0.0,none,missing,no exact/normalized/alias/homepage evidence; no lookalikes either,,v20260906+55419ffd
font-unkempt,,0.0,none,missing,no exact/normalized/alias/homepage evidence; no lookalikes either,,v20260906+55419ffd
font-unlock,,0.0,none,missing,no exact/normalized/alias/homepage evidence; no lookalikes either,,v20260906+55419ffd
font-unna,,0.0,none,missing,no exact/normalized/alias/homepage evidence; no lookalikes either,,v20260906+55419ffd
font-uoqmunthenkhung,,0.0,none,missing,no exact/normalized/alias/homepage evidence; no lookalikes either,,v20260906+55419ffd
font-updock,,0.0,none,missing,no exact/normalized/alias/homepage evidence; no lookalikes either,,v20260906+55419ffd
font-urbanist,,0.0,none,missing,no exact/normalized/alias/homepage evidence; no lookalikes either,,v20260906+55419ffd
font-urw-base35,,0.0,none,missing,no exact/normalized/alias/homepage evidence; no lookalikes either,,v20260906+55419ffd
font-urw-core35,,0.0,none,missing,no exact/normalized/alias/homepage evidence; no lookalikes either,,v20260906+55419ffd
font-valley-sans,,0.0,none,missing,no exact/normalized/alias/homepage evidence; no lookalikes either,,v20260906+55419ffd
font-vampiro-one,,0.0,none,missing,no exact/normalized/alias/homepage evidence; no lookalikes either,,v20260906+55419ffd
font-varela,,0.0,none,missing,no exact/normalized/alias/homepage evidence; no lookalikes either,,v20260906+55419ffd
font-varela-round,,0.0,none,missing,no exact/normalized/alias/homepage evidence; no lookalikes either,,v20260906+55419ffd
font-varta,,0.0,none,missing,no exact/normalized/alias/homepage evidence; no lookalikes either,,v20260906+55419ffd
font-vast-shadow,,0.0,none,missing,no exact/normalized/alias/homepage evidence; no lookalikes either,,v20260906+55419ffd
font-vazirmatn,,0.0,none,missing,no exact/normalized/alias/homepage evidence; no lookalikes either,,v20260906+55419ffd
font-vend-sans,,0.0,none,missing,no exact/normalized/alias/homepage evidence; no lookalikes either,,v20260906+55419ffd
font-verdana,,0.0,none,missing,no exact/normalized/alias/homepage evidence; no lookalikes either,,v20260906+55419ffd
font-vesper-libre,,0.0,none,missing,no exact/normalized/alias/homepage evidence; no lookalikes either,,v20260906+55419ffd
font-viaoda-libre,,0.0,none,missing,no exact/normalized/alias/homepage evidence; no lookalikes either,,v20260906+55419ffd
font-vibes,,0.0,none,missing,no exact/normalized/alias/homepage evidence; no lookalikes either,,v20260906+55419ffd
font-vibur,,0.0,none,missing,no exact/normalized/alias/homepage evidence; no lookalikes either,,v20260906+55419ffd
font-victor-mono,,0.0,none,missing,no exact/normalized/alias/homepage evidence; no lookalikes either,,v20260906+55419ffd
font-victor-mono-nerd-font,,0.0,none,missing,no exact/normalized/alias/homepage evidence; no lookalikes either,,v20260906+55419ffd
font-vidaloka,,0.0,none,missing,no exact/normalized/alias/homepage evidence; no lookalikes either,,v20260906+55419ffd
font-viga,,0.0,none,missing,no exact/normalized/alias/homepage evidence; no lookalikes either,,v20260906+55419ffd
font-vina-sans,,0.0,none,missing,no exact/normalized/alias/homepage evidence; no lookalikes either,,v20260906+55419ffd
font-voces,,0.0,none,missing,no exact/normalized/alias/homepage evidence; no lookalikes either,,v20260906+55419ffd
font-volkhov,,0.0,none,missing,no exact/normalized/alias/homepage evidence; no lookalikes either,,v20260906+55419ffd
font-vollkorn,,0.0,none,missing,no exact/normalized/alias/homepage evidence; no lookalikes either,,v20260906+55419ffd
font-vollkorn-sc,,0.0,none,missing,no exact/normalized/alias/homepage evidence; no lookalikes either,,v20260906+55419ffd
font-voltaire,,0.0,none,missing,no exact/normalized/alias/homepage evidence; no lookalikes either,,v20260906+55419ffd
font-vt323,,0.0,none,missing,no exact/normalized/alias/homepage evidence; no lookalikes either,,v20260906+55419ffd
font-vujahday-script,,0.0,none,missing,no exact/normalized/alias/homepage evidence; no lookalikes either,,v20260906+55419ffd
font-waiting-for-the-sunrise,,0.0,none,missing,no exact/normalized/alias/homepage evidence; no lookalikes either,,v20260906+55419ffd
font-wallpoet,,0.0,none,missing,no exact/normalized/alias/homepage evidence; no lookalikes either,,v20260906+55419ffd
font-walter-turncoat,,0.0,none,missing,no exact/normalized/alias/homepage evidence; no lookalikes either,,v20260906+55419ffd
font-waptia,,0.0,none,missing,no exact/normalized/alias/homepage evidence; no lookalikes either,,v20260906+55419ffd
font-warnes,,0.0,none,missing,no exact/normalized/alias/homepage evidence; no lookalikes either,,v20260906+55419ffd
font-water-brush,,0.0,none,missing,no exact/normalized/alias/homepage evidence; no lookalikes either,,v20260906+55419ffd
font-waterfall,,0.0,none,missing,no exact/normalized/alias/homepage evidence; no lookalikes either,,v20260906+55419ffd
font-wavefont,,0.0,none,missing,no exact/normalized/alias/homepage evidence; no lookalikes either,,v20260906+55419ffd
font-wdxl-lubrifont-jp-n,,0.0,none,missing,no exact/normalized/alias/homepage evidence; no lookalikes either,,v20260906+55419ffd
font-wdxl-lubrifont-sc,,0.0,none,missing,no exact/normalized/alias/homepage evidence; no lookalikes either,,v20260906+55419ffd
font-wdxl-lubrifont-tc,,0.0,none,missing,no exact/normalized/alias/homepage evidence; no lookalikes either,,v20260906+55419ffd
font-webdings,,0.0,none,missing,no exact/normalized/alias/homepage evidence; no lookalikes either,,v20260906+55419ffd
font-wellfleet,,0.0,none,missing,no exact/normalized/alias/homepage evidence; no lookalikes either,,v20260906+55419ffd
font-wendy-one,,0.0,none,missing,no exact/normalized/alias/homepage evidence; no lookalikes either,,v20260906+55419ffd
font-wenjin-mincho,,0.0,none,missing,no exact/normalized/alias/homepage evidence; no lookalikes either,,v20260906+55419ffd
font-whisper,,0.0,none,missing,no exact/normalized/alias/homepage evidence; no lookalikes either,,v20260906+55419ffd
font-windsong,,0.0,none,missing,no exact/normalized/alias/homepage evidence; no lookalikes either,,v20260906+55419ffd
font-winky-rough,,0.0,none,missing,no exact/normalized/alias/homepage evidence; no lookalikes either,,v20260906+55419ffd
font-winky-sans,,0.0,none,missing,no exact/normalized/alias/homepage evidence; no lookalikes either,,v20260906+55419ffd
font-wire-one,,0.0,none,missing,no exact/normalized/alias/homepage evidence; no lookalikes either,,v20260906+55419ffd
font-with-a-syntax-highlighter,,0.0,none,missing,no exact/normalized/alias/homepage evidence; no lookalikes either,,v20260906+55419ffd
font-wittgenstein,,0.0,none,missing,no exact/normalized/alias/homepage evidence; no lookalikes either,,v20260906+55419ffd
font-wix-madefor-display,,0.0,none,missing,no exact/normalized/alias/homepage evidence; no lookalikes either,,v20260906+55419ffd
font-wix-madefor-text,,0.0,none,missing,no exact/normalized/alias/homepage evidence; no lookalikes either,,v20260906+55419ffd
font-work-sans,,0.0,none,missing,no exact/normalized/alias/homepage evidence; no lookalikes either,,v20260906+55419ffd
font-workbench,,0.0,none,missing,no exact/normalized/alias/homepage evidence; no lookalikes either,,v20260906+55419ffd
font-xanh-mono,,0.0,none,missing,no exact/normalized/alias/homepage evidence; no lookalikes either,,v20260906+55419ffd
font-xiaolai,,0.0,none,missing,no exact/normalized/alias/homepage evidence; no lookalikes either,,v20260906+55419ffd
font-xiaolai-mono,,0.0,none,missing,no exact/normalized/alias/homepage evidence; no lookalikes either,,v20260906+55419ffd
font-xkcd,,0.0,none,missing,no exact/normalized/alias/homepage evidence; no lookalikes either,,v20260906+55419ffd
font-xkcd-script,,0.0,none,missing,no exact/normalized/alias/homepage evidence; no lookalikes either,,v20260906+55419ffd
font-yaldevi,,0.0,none,missing,no exact/normalized/alias/homepage evidence; no lookalikes either,,v20260906+55419ffd
font-yaldevi-colombo,,0.0,none,missing,no exact/normalized/alias/homepage evidence; no lookalikes either,,v20260906+55419ffd
font-yanone-kaffeesatz,,0.0,none,missing,no exact/normalized/alias/homepage evidence; no lookalikes either,,v20260906+55419ffd
font-yantramanav,,0.0,none,missing,no exact/normalized/alias/homepage evidence; no lookalikes either,,v20260906+55419ffd
font-yarndings-12,,0.0,none,missing,no exact/normalized/alias/homepage evidence; no lookalikes either,,v20260906+55419ffd
font-yarndings-12-charted,,0.0,none,missing,no exact/normalized/alias/homepage evidence; no lookalikes either,,v20260906+55419ffd
font-yarndings-20,,0.0,none,missing,no exact/normalized/alias/homepage evidence; no lookalikes either,,v20260906+55419ffd
font-yarndings-20-charted,,0.0,none,missing,no exact/normalized/alias/homepage evidence; no lookalikes either,,v20260906+55419ffd
font-yatra-one,,0.0,none,missing,no exact/normalized/alias/homepage evidence; no lookalikes either,,v20260906+55419ffd
font-yellowtail,,0.0,none,missing,no exact/normalized/alias/homepage evidence; no lookalikes either,,v20260906+55419ffd
font-yeon-sung,,0.0,none,missing,no exact/normalized/alias/homepage evidence; no lookalikes either,,v20260906+55419ffd
font-yeseva-one,,0.0,none,missing,no exact/normalized/alias/homepage evidence; no lookalikes either,,v20260906+55419ffd
font-yesteryear,,0.0,none,missing,no exact/normalized/alias/homepage evidence; no lookalikes either,,v20260906+55419ffd
font-yinmar,,0.0,none,missing,no exact/normalized/alias/homepage evidence; no lookalikes either,,v20260906+55419ffd
font-yomogi,,0.0,none,missing,no exact/normalized/alias/homepage evidence; no lookalikes either,,v20260906+55419ffd
font-young-serif,,0.0,none,missing,no exact/normalized/alias/homepage evidence; no lookalikes either,,v20260906+55419ffd
font-yrsa,,0.0,none,missing,no exact/normalized/alias/homepage evidence; no lookalikes either,,v20260906+55419ffd
font-ysabeau,,0.0,none,missing,no exact/normalized/alias/homepage evidence; no lookalikes either,,v20260906+55419ffd
font-ysabeau-infant,,0.0,none,missing,no exact/normalized/alias/homepage evidence; no lookalikes either,,v20260906+55419ffd
font-ysabeau-office,,0.0,none,missing,no exact/normalized/alias/homepage evidence; no lookalikes either,,v20260906+55419ffd
font-ysabeau-sc,,0.0,none,missing,no exact/normalized/alias/homepage evidence; no lookalikes either,,v20260906+55419ffd
font-yuji-boku,,0.0,none,missing,no exact/normalized/alias/homepage evidence; no lookalikes either,,v20260906+55419ffd
font-yuji-hentaigana-akari,,0.0,none,missing,no exact/normalized/alias/homepage evidence; no lookalikes either,,v20260906+55419ffd
font-yuji-hentaigana-akebono,,0.0,none,missing,no exact/normalized/alias/homepage evidence; no lookalikes either,,v20260906+55419ffd
font-yuji-mai,,0.0,none,missing,no exact/normalized/alias/homepage evidence; no lookalikes either,,v20260906+55419ffd
font-yuji-syuku,,0.0,none,missing,no exact/normalized/alias/homepage evidence; no lookalikes either,,v20260906+55419ffd
font-yusei-magic,,0.0,none,missing,no exact/normalized/alias/homepage evidence; no lookalikes either,,v20260906+55419ffd
font-yuyu,,0.0,none,missing,no exact/normalized/alias/homepage evidence; no lookalikes either,,v20260906+55419ffd
font-yuyu-short,,0.0,none,missing,no exact/normalized/alias/homepage evidence; no lookalikes either,,v20260906+55419ffd
font-zain,,0.0,none,missing,no exact/normalized/alias/homepage evidence; no lookalikes either,,v20260906+55419ffd
font-zalando-sans,,0.0,none,missing,no exact/normalized/alias/homepage evidence; no lookalikes either,,v20260906+55419ffd
font-zalando-sans-expanded,,0.0,none,missing,no exact/normalized/alias/homepage evidence; no lookalikes either,,v20260906+55419ffd
font-zalando-sans-semiexpanded,,0.0,none,missing,no exact/normalized/alias/homepage evidence; no lookalikes either,,v20260906+55419ffd
font-zcool-kuaile,,0.0,none,missing,no exact/normalized/alias/homepage evidence; no lookalikes either,,v20260906+55419ffd
font-zcool-qingke-huangyou,,0.0,none,missing,no exact/normalized/alias/homepage evidence; no lookalikes either,,v20260906+55419ffd
font-zcool-xiaowei,,0.0,none,missing,no exact/normalized/alias/homepage evidence; no lookalikes either,,v20260906+55419ffd
font-zed-mono,,0.0,none,missing,no exact/normalized/alias/homepage evidence; no lookalikes either,,v20260906+55419ffd
font-zed-mono-nerd-font,,0.0,none,missing,no exact/normalized/alias/homepage evidence; no lookalikes either,,v20260906+55419ffd
font-zed-sans,,0.0,none,missing,no exact/normalized/alias/homepage evidence; no lookalikes either,,v20260906+55419ffd
font-zen-antique,,0.0,none,missing,no exact/normalized/alias/homepage evidence; no lookalikes either,,v20260906+55419ffd
font-zen-antique-soft,,0.0,none,missing,no exact/normalized/alias/homepage evidence; no lookalikes either,,v20260906+55419ffd
font-zen-dots,,0.0,none,missing,no exact/normalized/alias/homepage evidence; no lookalikes either,,v20260906+55419ffd
font-zen-kaku-gothic-antique,,0.0,none,missing,no exact/normalized/alias/homepage evidence; no lookalikes either,,v20260906+55419ffd
font-zen-kaku-gothic-new,,0.0,none,missing,no exact/normalized/alias/homepage evidence; no lookalikes either,,v20260906+55419ffd
font-zen-kurenaido,,0.0,none,missing,no exact/normalized/alias/homepage evidence; no lookalikes either,,v20260906+55419ffd
font-zen-loop,,0.0,none,missing,no exact/normalized/alias/homepage evidence; no lookalikes either,,v20260906+55419ffd
font-zen-maru-gothic,,0.0,none,missing,no exact/normalized/alias/homepage evidence; no lookalikes either,,v20260906+55419ffd
font-zen-old-mincho,,0.0,none,missing,no exact/normalized/alias/homepage evidence; no lookalikes either,,v20260906+55419ffd
font-zen-tokyo-zoo,,0.0,none,missing,no exact/normalized/alias/homepage evidence; no lookalikes either,,v20260906+55419ffd
font-zeyada,,0.0,none,missing,no exact/normalized/alias/homepage evidence; no lookalikes either,,v20260906+55419ffd
font-zhi-mang-xing,,0.0,none,missing,no exact/normalized/alias/homepage evidence; no lookalikes either,,v20260906+55419ffd
font-zhudou-sans,,0.0,none,missing,no exact/normalized/alias/homepage evidence; no lookalikes either,,v20260906+55419ffd
font-zhuque-fangsong,,0.0,none,missing,no exact/normalized/alias/homepage evidence; no lookalikes either,,v20260906+55419ffd
font-zilla-slab,,0.0,none,missing,no exact/normalized/alias/homepage evidence; no lookalikes either,,v20260906+55419ffd
font-zilla-slab-highlight,,0.0,none,missing,no exact/normalized/alias/homepage evidence; no lookalikes either,,v20260906+55419ffd
font-zpix,,0.0,none,missing,no exact/normalized/alias/homepage evidence; no lookalikes either,,v20260906+55419ffd
font-zxgamut,,0.0,none,missing,no exact/normalized/alias/homepage evidence; no lookalikes either,,v20260906+55419ffd
fontbase,,0.0,none,missing,no exact/normalized/alias/homepage evidence; no lookalikes either,,v20260906+55419ffd
fontcreator,,0.0,none,missing,no exact/normalized/alias/homepage evidence; no lookalikes either,,v20260906+55419ffd
fontfinagler,,0.0,none,missing,no exact/normalized/alias/homepage evidence; no lookalikes either,,v20260906+55419ffd
fontforge-app,fontforge,0.95,alias,confident,listed as alias/oldname of 'fontforge-app',,v20260906+55419ffd
fontgoggles,,0.0,none,missing,no exact/normalized/alias/homepage evidence; no lookalikes either,,v20260906+55419ffd
fontlab,,0.0,none,missing,no exact/normalized/alias/homepage evidence; no lookalikes either,,v20260906+55419ffd
fontra-pak,,0.0,none,missing,no exact/normalized/alias/homepage evidence; no lookalikes either,,v20260906+55419ffd
fontsmoothingadjuster,,0.0,none,missing,no exact/normalized/alias/homepage evidence; no lookalikes either,,v20260906+55419ffd
fontstand,,0.0,none,missing,no exact/normalized/alias/homepage evidence; no lookalikes either,,v20260906+55419ffd
foobar2000,,0.0,none,missing,no exact/normalized/alias/homepage evidence; no lookalikes either,,v20260906+55419ffd
forecast,,0.0,none,needs-review,no exact/normalized/alias/homepage evidence; fuzzy suggestions listed for review,R-forecast; R-ForeCA,v20260906+55419ffd
fork,,0.0,none,missing,no exact/normalized/alias/homepage evidence; no lookalikes either,,v20260906+55419ffd
fork@dev,,0.0,none,missing,no exact/normalized/alias/homepage evidence; no lookalikes either,,v20260906+55419ffd
forkgram,,0.0,none,needs-review,no exact/normalized/alias/homepage evidence; fuzzy suggestions listed for review,R-kgrams,v20260906+55419ffd
forklift,,0.0,none,missing,no exact/normalized/alias/homepage evidence; no lookalikes either,,v20260906+55419ffd
fossa,,0.0,none,needs-review,no exact/normalized/alias/homepage evidence; fuzzy suggestions listed for review,bossa,v20260906+55419ffd
fotokasten,,0.0,none,missing,no exact/normalized/alias/homepage evidence; no lookalikes either,,v20260906+55419ffd
foxglove,,0.0,none,missing,no exact/normalized/alias/homepage evidence; no lookalikes either,,v20260906+55419ffd
foxit-pdf-editor,,0.0,none,missing,no exact/normalized/alias/homepage evidence; no lookalikes either,,v20260906+55419ffd
foxitreader,,0.0,none,missing,no exact/normalized/alias/homepage evidence; no lookalikes either,,v20260906+55419ffd
foxmail,,0.0,none,missing,no exact/normalized/alias/homepage evidence; no lookalikes either,,v20260906+55419ffd
fpc-laz,,0.0,none,needs-review,"no exact/normalized/alias/homepage evidence; same homepage 'https://www.lazarus-ide.org/' as 'lazarus' but desc overlap only 0.08; versions '3.2.2,4.4' vs '4.8-0'; no lookalikes either",,v20260906+55419ffd
fpc-src-laz,,0.0,none,needs-review,"no exact/normalized/alias/homepage evidence; same homepage 'https://www.lazarus-ide.org/' as 'lazarus' but desc overlap only 0.09; versions '3.2.2-20210709,3.6' vs '4.8-0'; no lookalikes either",,v20260906+55419ffd
fractal-bot,,0.0,none,missing,no exact/normalized/alias/homepage evidence; no lookalikes either,,v20260906+55419ffd
frame0,,0.0,none,missing,no exact/normalized/alias/homepage evidence; no lookalikes either,,v20260906+55419ffd
framer,,0.0,none,needs-review,no exact/normalized/alias/homepage evidence; fuzzy suggestions listed for review,R-AER,v20260906+55419ffd
franz,,0.0,none,missing,no exact/normalized/alias/homepage evidence; no lookalikes either,,v20260906+55419ffd
frappe-books,,0.0,none,missing,no exact/normalized/alias/homepage evidence; no lookalikes either,,v20260906+55419ffd
freac,freac,1.0,exact,confident,name identical in both managers; homepages 'https://www.freac.org/' vs 'https://www.freac.org',,v20260906+55419ffd
fredm-fuse,,0.0,none,missing,no exact/normalized/alias/homepage evidence; no lookalikes either,,v20260906+55419ffd
free-download-manager,,0.0,none,missing,no exact/normalized/alias/homepage evidence; no lookalikes either,,v20260906+55419ffd
free-gpgmail,,0.0,none,missing,no exact/normalized/alias/homepage evidence; no lookalikes either,,v20260906+55419ffd
free-podcast-transcription,,0.0,none,missing,no exact/normalized/alias/homepage evidence; no lookalikes either,,v20260906+55419ffd
free-ruler,,0.0,none,missing,no exact/normalized/alias/homepage evidence; no lookalikes either,,v20260906+55419ffd
free42-binary,,0.0,none,needs-review,no exact/normalized/alias/homepage evidence; same homepage 'https://thomasokken.com/free42/' as 'free42' but desc overlap only 0.11; versions '3.3.12' vs '2.5.20'; no lookalikes either,,v20260906+55419ffd
free42-decimal,,0.0,none,needs-review,no exact/normalized/alias/homepage evidence; same homepage 'https://thomasokken.com/free42/' as 'free42' but desc overlap only 0.11; versions '3.3.12' vs '2.5.20'; no lookalikes either,,v20260906+55419ffd
freecad,freecad,1.0,exact,confident,name identical in both managers; homepages 'https://www.freecad.org/' vs 'https://www.freecadweb.org',,v20260906+55419ffd
freecol,,0.0,none,needs-review,no exact/normalized/alias/homepage evidence; fuzzy suggestions listed for review,Freecell,v20260906+55419ffd
freedom,,0.0,none,needs-review,no exact/normalized/alias/homepage evidence; fuzzy suggestions listed for review,R-freqdom,v20260906+55419ffd
freefilesync,,0.0,none,missing,no exact/normalized/alias/homepage evidence; no lookalikes either,,v20260906+55419ffd
freelens,,0.0,none,missing,no exact/normalized/alias/homepage evidence; no lookalikes either,,v20260906+55419ffd
freelens@nightly,,0.0,none,missing,no exact/normalized/alias/homepage evidence; no lookalikes either,,v20260906+55419ffd
freeorion,,0.0,none,missing,no exact/normalized/alias/homepage evidence; no lookalikes either,,v20260906+55419ffd
freepdf,,0.0,none,missing,no exact/normalized/alias/homepage evidence; no lookalikes either,,v20260906+55419ffd
freeplane,,0.0,none,missing,no exact/normalized/alias/homepage evidence; no lookalikes either,,v20260906+55419ffd
freeshow,,0.0,none,missing,no exact/normalized/alias/homepage evidence; no lookalikes either,,v20260906+55419ffd
freeshow@beta,,0.0,none,missing,no exact/normalized/alias/homepage evidence; no lookalikes either,,v20260906+55419ffd
freesurfer,,0.0,none,missing,no exact/normalized/alias/homepage evidence; no lookalikes either,,v20260906+55419ffd
freetex,,0.0,none,needs-review,no exact/normalized/alias/homepage evidence; fuzzy suggestions listed for review,freetype,v20260906+55419ffd
freetube,,0.0,none,missing,no exact/normalized/alias/homepage evidence; no lookalikes either,,v20260906+55419ffd
freeyourmusic,,0.0,none,missing,no exact/normalized/alias/homepage evidence; no lookalikes either,,v20260906+55419ffd
freeze,,1.0,curated,missing,brew=Glacier client (freezeapp.net); macports=code-image generator (charmbracelet),freeze,v20260906+55419ffd
frescobaldi,frescobaldi,1.0,exact,confident,name identical in both managers; homepages 'https://frescobaldi.org/' vs 'http://www.frescobaldi.org/',,v20260906+55419ffd
fresh,,1.0,curated,missing,brew=recent-files tracker (ironicsoftware.com); macports=terminal text editor (getfresh.dev),fresh; R-fresh,v20260906+55419ffd
frhelper,,0.0,none,missing,no exact/normalized/alias/homepage evidence; no lookalikes either,,v20260906+55419ffd
front,,0.0,none,needs-review,no exact/normalized/alias/homepage evidence; fuzzy suggestions listed for review,fcron; frotz,v20260906+55419ffd
fruit-screensaver,,0.0,none,missing,no exact/normalized/alias/homepage evidence; no lookalikes either,,v20260906+55419ffd
fs-uae-emulator,,0.0,none,missing,no exact/normalized/alias/homepage evidence; no lookalikes either,,v20260906+55419ffd
fs-uae-launcher,,0.0,none,missing,no exact/normalized/alias/homepage evidence; no lookalikes either,,v20260906+55419ffd
fsmonitor,,0.0,none,missing,no exact/normalized/alias/homepage evidence; no lookalikes either,,v20260906+55419ffd
fsnotes,,0.0,none,needs-review,no exact/normalized/alias/homepage evidence; fuzzy suggestions listed for review,notes,v20260906+55419ffd
fspy,,0.0,none,needs-review,no exact/normalized/alias/homepage evidence; fuzzy suggestions listed for review,fsp,v20260906+55419ffd
fstream,,0.0,none,needs-review,no exact/normalized/alias/homepage evidence; fuzzy suggestions listed for review,farstream; fstrm; R-streamR,v20260906+55419ffd
ftdi-vcp-driver,,0.0,none,missing,no exact/normalized/alias/homepage evidence; no lookalikes either,,v20260906+55419ffd
fujifilm-tether-app,,0.0,none,missing,no exact/normalized/alias/homepage evidence; no lookalikes either,,v20260906+55419ffd
fujifilm-x-raw-studio,,0.0,none,missing,no exact/normalized/alias/homepage evidence; no lookalikes either,,v20260906+55419ffd
fujitsu-scansnap-home,,0.0,none,missing,no exact/normalized/alias/homepage evidence; no lookalikes either,,v20260906+55419ffd
functionflip,,0.0,none,missing,no exact/normalized/alias/homepage evidence; no lookalikes either,,v20260906+55419ffd
funter,,0.0,none,missing,no exact/normalized/alias/homepage evidence; no lookalikes either,,v20260906+55419ffd
furtherance,,0.0,none,missing,no exact/normalized/alias/homepage evidence; no lookalikes either,,v20260906+55419ffd
fuse,,0.0,none,needs-review,no exact/normalized/alias/homepage evidence; fuzzy suggestions listed for review,ifuse; R-fusen; py-fuse,v20260906+55419ffd
fuse-t,,0.0,none,needs-review,no exact/normalized/alias/homepage evidence; fuzzy suggestions listed for review,ifuse,v20260906+55419ffd
futubull,,0.0,none,missing,no exact/normalized/alias/homepage evidence; no lookalikes either,,v20260906+55419ffd
futubull@legacy,,0.0,none,missing,no exact/normalized/alias/homepage evidence; no lookalikes either,,v20260906+55419ffd
futurerestore-gui,,0.0,none,missing,no exact/normalized/alias/homepage evidence; no lookalikes either,,v20260906+55419ffd
fuwari,,0.0,none,missing,no exact/normalized/alias/homepage evidence; no lookalikes either,,v20260906+55419ffd
fvim,,0.0,none,needs-review,no exact/normalized/alias/homepage evidence; fuzzy suggestions listed for review,fvm; vim,v20260906+55419ffd
fx-cast-bridge,,0.0,none,missing,no exact/normalized/alias/homepage evidence; no lookalikes either,,v20260906+55419ffd
fxfactory,,0.0,none,needs-review,no exact/normalized/alias/homepage evidence; fuzzy suggestions listed for review,factor,v20260906+55419ffd
galaxybudsclient,,0.0,none,missing,no exact/normalized/alias/homepage evidence; no lookalikes either,,v20260906+55419ffd
gama-jdk,,0.0,none,missing,no exact/normalized/alias/homepage evidence; no lookalikes either,,v20260906+55419ffd
gama-platform,,0.0,none,missing,no exact/normalized/alias/homepage evidence; no lookalikes either,,v20260906+55419ffd
gamehub,,0.0,none,missing,no exact/normalized/alias/homepage evidence; no lookalikes either,,v20260906+55419ffd
gamemaker,,0.0,none,missing,no exact/normalized/alias/homepage evidence; no lookalikes either,,v20260906+55419ffd
gamemaker@lts,,0.0,none,missing,no exact/normalized/alias/homepage evidence; no lookalikes either,,v20260906+55419ffd
gamma-control,,0.0,none,needs-review,no exact/normalized/alias/homepage evidence; fuzzy suggestions listed for review,gsmartcontrol,v20260906+55419ffd
gams,,0.0,none,needs-review,no exact/normalized/alias/homepage evidence; fuzzy suggestions listed for review,gamess,v20260906+55419ffd
ganttproject,,0.0,none,missing,no exact/normalized/alias/homepage evidence; no lookalikes either,,v20260906+55419ffd
gaphor,,0.0,none,missing,no exact/normalized/alias/homepage evidence; no lookalikes either,,v20260906+55419ffd
garagesale,,0.0,none,missing,no exact/normalized/alias/homepage evidence; no lookalikes either,,v20260906+55419ffd
gargoyle,,0.0,none,needs-review,no exact/normalized/alias/homepage evidence; fuzzy suggestions listed for review,R-gargle,v20260906+55419ffd
garmin-basecamp,,0.0,none,missing,no exact/normalized/alias/homepage evidence; no lookalikes either,,v20260906+55419ffd
garmin-express,,0.0,none,missing,no exact/normalized/alias/homepage evidence; no lookalikes either,,v20260906+55419ffd
gas-mask,,0.0,none,missing,no exact/normalized/alias/homepage evidence; no lookalikes either,,v20260906+55419ffd
gather,,0.0,none,needs-review,no exact/normalized/alias/homepage evidence; fuzzy suggestions listed for review,gate,v20260906+55419ffd
gauntlet,,0.0,none,missing,no exact/normalized/alias/homepage evidence; no lookalikes either,,v20260906+55419ffd
gb-studio,,0.0,none,missing,no exact/normalized/alias/homepage evidence; no lookalikes either,,v20260906+55419ffd
gcc-aarch64-embedded,,0.0,none,missing,no exact/normalized/alias/homepage evidence; no lookalikes either,,v20260906+55419ffd
gcc-arm-embedded,,0.0,none,missing,no exact/normalized/alias/homepage evidence; no lookalikes either,,v20260906+55419ffd
gcloud-cli,google-cloud-sdk,0.95,alias,confident,listed as alias/oldname of 'gcloud-cli',,v20260906+55419ffd
gcollazo-mongodb,,0.0,none,missing,no exact/normalized/alias/homepage evidence; no lookalikes either,,v20260906+55419ffd
gcs,,0.0,none,needs-review,no exact/normalized/alias/homepage evidence; same homepage 'https://gurpscharactersheet.com/' as 'gcs-java' but versions '5.50.0' vs '2011.01.02.1054'; no lookalikes either,,v20260906+55419ffd
gdat,,0.0,none,needs-review,no exact/normalized/alias/homepage evidence; fuzzy suggestions listed for review,gat; R-gdata; g3data,v20260906+55419ffd
gdevelop,,0.0,none,needs-review,no exact/normalized/alias/homepage evidence; fuzzy suggestions listed for review,kdevelop; go-devel; devhelp,v20260906+55419ffd
gdisk,,0.0,none,missing,no exact/normalized/alias/homepage evidence; no lookalikes either,,v20260906+55419ffd
gdlauncher,,0.0,none,needs-review,no exact/normalized/alias/homepage evidence; fuzzy suggestions listed for review,PCLauncher,v20260906+55419ffd
geany,geany,1.0,exact,confident,name identical in both managers; homepages 'https://www.geany.org/' vs 'https://www.geany.org/',,v20260906+55419ffd
gearboy,,0.0,none,missing,no exact/normalized/alias/homepage evidence; no lookalikes either,,v20260906+55419ffd
gearsystem,,0.0,none,missing,no exact/normalized/alias/homepage evidence; no lookalikes either,,v20260906+55419ffd
geburtstagschecker,,0.0,none,missing,no exact/normalized/alias/homepage evidence; no lookalikes either,,v20260906+55419ffd
geekbench,,0.0,none,missing,no exact/normalized/alias/homepage evidence; no lookalikes either,,v20260906+55419ffd
geekbench-ai,,0.0,none,missing,no exact/normalized/alias/homepage evidence; no lookalikes either,,v20260906+55419ffd
geektool,,0.0,none,missing,no exact/normalized/alias/homepage evidence; no lookalikes either,,v20260906+55419ffd
gemini,,0.0,none,needs-review,no exact/normalized/alias/homepage evidence; fuzzy suggestions listed for review,gemini-cli,v20260906+55419ffd
geneious-prime,,0.0,none,missing,no exact/normalized/alias/homepage evidence; no lookalikes either,,v20260906+55419ffd
general-software-fresh,,0.0,none,missing,no exact/normalized/alias/homepage evidence; no lookalikes either,,v20260906+55419ffd
genesis-plus,,0.0,none,missing,no exact/normalized/alias/homepage evidence; no lookalikes either,,v20260906+55419ffd
genesys-cloud,,0.0,none,missing,no exact/normalized/alias/homepage evidence; no lookalikes either,,v20260906+55419ffd
genymotion,,0.0,none,missing,no exact/normalized/alias/homepage evidence; no lookalikes either,,v20260906+55419ffd
geoda,,0.0,none,needs-review,no exact/normalized/alias/homepage evidence; fuzzy suggestions listed for review,R-rgeoda,v20260906+55419ffd
geogebra,,0.0,none,missing,no exact/normalized/alias/homepage evidence; no lookalikes either,,v20260906+55419ffd
geogebra@5,,0.0,none,missing,no exact/normalized/alias/homepage evidence; no lookalikes either,,v20260906+55419ffd
geolibre,,0.0,none,missing,no exact/normalized/alias/homepage evidence; no lookalikes either,,v20260906+55419ffd
geomap,,0.0,none,missing,no exact/normalized/alias/homepage evidence; no lookalikes either,,v20260906+55419ffd
geotag,,0.0,none,missing,no exact/normalized/alias/homepage evidence; no lookalikes either,,v20260906+55419ffd
geotag-photos-pro,,0.0,none,missing,no exact/normalized/alias/homepage evidence; no lookalikes either,,v20260906+55419ffd
geph,,0.0,none,missing,no exact/normalized/alias/homepage evidence; no lookalikes either,,v20260906+55419ffd
gephi,,0.0,none,missing,no exact/normalized/alias/homepage evidence; no lookalikes either,,v20260906+55419ffd
get-api,,0.0,none,missing,no exact/normalized/alias/homepage evidence; no lookalikes either,,v20260906+55419ffd
get-backup-pro,,0.0,none,missing,no exact/normalized/alias/homepage evidence; no lookalikes either,,v20260906+55419ffd
get-iplayer-automator,,0.0,none,missing,no exact/normalized/alias/homepage evidence; no lookalikes either,,v20260906+55419ffd
get-lyrical,,0.0,none,missing,no exact/normalized/alias/homepage evidence; no lookalikes either,,v20260906+55419ffd
getoutline,,0.0,none,missing,no exact/normalized/alias/homepage evidence; no lookalikes either,,v20260906+55419ffd
gfxcardstatus,,0.0,none,missing,no exact/normalized/alias/homepage evidence; no lookalikes either,,v20260906+55419ffd
gg,,0.0,none,needs-review,no exact/normalized/alias/homepage evidence; fuzzy suggestions listed for review,ggc; gig; gng,v20260906+55419ffd
ghdl,,0.0,none,needs-review,no exact/normalized/alias/homepage evidence; fuzzy suggestions listed for review,gdl,v20260906+55419ffd
ghost-browser,,0.0,none,missing,no exact/normalized/alias/homepage evidence; no lookalikes either,,v20260906+55419ffd
ghost-downloader,ghost-downloader,1.0,exact,confident,name identical in both managers; homepages 'https://gd.xychr.com/' vs 'https://gd.xychr.com',,v20260906+55419ffd
ghostpepper,,0.0,none,missing,no exact/normalized/alias/homepage evidence; no lookalikes either,,v20260906+55419ffd
ghosttile,,0.0,none,missing,no exact/normalized/alias/homepage evidence; no lookalikes either,,v20260906+55419ffd
ghostty,,0.0,none,missing,no exact/normalized/alias/homepage evidence; no lookalikes either,,v20260906+55419ffd
ghostty@tip,,0.0,none,missing,no exact/normalized/alias/homepage evidence; no lookalikes either,,v20260906+55419ffd
ghostvm,,0.0,none,missing,no exact/normalized/alias/homepage evidence; no lookalikes either,,v20260906+55419ffd
gifox,,0.0,none,missing,no exact/normalized/alias/homepage evidence; no lookalikes either,,v20260906+55419ffd
gimp,gimp,1.0,exact,confident,name identical in both managers; homepages 'https://www.gimp.org/' vs 'https://gimp.org/',,v20260906+55419ffd
gimp@dev,,0.0,none,needs-review,no exact/normalized/alias/homepage evidence; same homepage 'https://www.gimp.org/' as 'gimp2-devel' but desc overlap only 0.08; versions '3.2.0-RC3' vs '2.10.38'; fuzzy suggestions listed for review,gimp3-devel; gimp2-devel,v20260906+55419ffd
gingko,,0.0,none,needs-review,no exact/normalized/alias/homepage evidence; fuzzy suggestions listed for review,ginkgo; gringo,v20260906+55419ffd
gisto,,0.0,none,needs-review,no exact/normalized/alias/homepage evidence; fuzzy suggestions listed for review,histo,v20260906+55419ffd
git-credential-manager,,0.0,none,missing,no exact/normalized/alias/homepage evidence; no lookalikes either,,v20260906+55419ffd
git-it,,0.0,none,needs-review,no exact/normalized/alias/homepage evidence; fuzzy suggestions listed for review,gitlint; gitty; gitui,v20260906+55419ffd
gitahead,,0.0,none,missing,no exact/normalized/alias/homepage evidence; no lookalikes either,,v20260906+55419ffd
gitblade,,0.0,none,missing,no exact/normalized/alias/homepage evidence; no lookalikes either,,v20260906+55419ffd
gitbutler,,0.0,none,missing,no exact/normalized/alias/homepage evidence; no lookalikes either,,v20260906+55419ffd
gitcomet,,0.0,none,missing,no exact/normalized/alias/homepage evidence; no lookalikes either,,v20260906+55419ffd
gitdock,,0.0,none,missing,no exact/normalized/alias/homepage evidence; no lookalikes either,,v20260906+55419ffd
gitfiend,,0.0,none,missing,no exact/normalized/alias/homepage evidence; no lookalikes either,,v20260906+55419ffd
gitfinder,,0.0,none,missing,no exact/normalized/alias/homepage evidence; no lookalikes either,,v20260906+55419ffd
gitfit,,0.0,none,needs-review,no exact/normalized/alias/homepage evidence; fuzzy suggestions listed for review,git-ftp,v20260906+55419ffd
gitfox,,0.0,none,needs-review,no exact/normalized/alias/homepage evidence; fuzzy suggestions listed for review,GitX,v20260906+55419ffd
github,,0.0,none,needs-review,no exact/normalized/alias/homepage evidence; fuzzy suggestions listed for review,R-githubr; gthumb; gitu,v20260906+55419ffd
github-copilot-app,,0.0,none,missing,no exact/normalized/alias/homepage evidence; no lookalikes either,,v20260906+55419ffd
github-copilot-for-xcode,,0.0,none,missing,no exact/normalized/alias/homepage evidence; no lookalikes either,,v20260906+55419ffd
github@beta,,0.0,none,missing,no exact/normalized/alias/homepage evidence; no lookalikes either,,v20260906+55419ffd
gitify,,0.0,none,missing,no exact/normalized/alias/homepage evidence; no lookalikes either,,v20260906+55419ffd
gitkraken,,0.0,none,missing,no exact/normalized/alias/homepage evidence; no lookalikes either,,v20260906+55419ffd
gitkraken-cli,,0.0,none,needs-review,no exact/normalized/alias/homepage evidence; same homepage 'https://github.com/gitkraken/gk-cli' as 'gk' but desc overlap only 0.08; no lookalikes either,,v20260906+55419ffd
gitkraken-on-premise-serverless,,0.0,none,missing,no exact/normalized/alias/homepage evidence; no lookalikes either,,v20260906+55419ffd
gitlight,,0.0,none,needs-review,no exact/normalized/alias/homepage evidence; fuzzy suggestions listed for review,gitlint,v20260906+55419ffd
gittyup,,0.0,none,needs-review,no exact/normalized/alias/homepage evidence; fuzzy suggestions listed for review,gitty; GitUp,v20260906+55419ffd
gitup-app,GitUp,0.95,alias,confident,listed as alias/oldname of 'gitup-app',,v20260906+55419ffd
gitx,GitX,0.96,normalized,confident,'gitx' ~ 'GitX' after case/punctuation folding,,v20260906+55419ffd
glance-chamburr,,0.0,none,missing,no exact/normalized/alias/homepage evidence; no lookalikes either,,v20260906+55419ffd
glaze-app,,0.0,none,missing,no exact/normalized/alias/homepage evidence; no lookalikes either,,v20260906+55419ffd
glean,,0.0,none,needs-review,no exact/normalized/alias/homepage evidence; fuzzy suggestions listed for review,lean; gleam; geany,v20260906+55419ffd
glide,,1.0,curated,missing,brew=tiling WM (glidewm.org); macports=Go package manager (Masterminds),glide; glider; gelide,v20260906+55419ffd
glide-browser,,0.0,none,needs-review,no exact/normalized/alias/homepage evidence; fuzzy suggestions listed for review,litebrowser; sqlitebrowser,v20260906+55419ffd
glkvm,,0.0,none,missing,no exact/normalized/alias/homepage evidence; no lookalikes either,,v20260906+55419ffd
gltfquicklook,,0.0,none,missing,no exact/normalized/alias/homepage evidence; no lookalikes either,,v20260906+55419ffd
gluemotion,,0.0,none,missing,no exact/normalized/alias/homepage evidence; no lookalikes either,,v20260906+55419ffd
glyphs,,0.0,none,missing,no exact/normalized/alias/homepage evidence; no lookalikes either,,v20260906+55419ffd
gmvault,,0.0,none,needs-review,no exact/normalized/alias/homepage evidence; fuzzy suggestions listed for review,vault,v20260906+55419ffd
gnome,,1.0,curated,missing,brew=GIF menu-bar tool; macports=GNOME desktop mega-port (gnome.org),gnome; gnotime,v20260906+55419ffd
gns3,,0.0,none,missing,no exact/normalized/alias/homepage evidence; no lookalikes either,,v20260906+55419ffd
gnucash,gnucash,1.0,exact,confident,name identical in both managers; homepages 'https://www.gnucash.org/' vs 'https://www.gnucash.org',,v20260906+55419ffd
go-agent,,0.0,none,missing,no exact/normalized/alias/homepage evidence; no lookalikes either,,v20260906+55419ffd
go-server,,0.0,none,needs-review,no exact/normalized/alias/homepage evidence; fuzzy suggestions listed for review,aolserver,v20260906+55419ffd
go-shiori,,0.0,none,missing,no exact/normalized/alias/homepage evidence; no lookalikes either,,v20260906+55419ffd
go2shell,,0.0,none,missing,no exact/normalized/alias/homepage evidence; no lookalikes either,,v20260906+55419ffd
go2tv,,0.0,none,missing,no exact/normalized/alias/homepage evidence; no lookalikes either,,v20260906+55419ffd
go64,,0.0,none,missing,no exact/normalized/alias/homepage evidence; no lookalikes either,,v20260906+55419ffd
godot,godot,1.0,exact,confident,name identical in both managers; homepages 'https://godotengine.org/' vs 'https://godotengine.org',,v20260906+55419ffd
godot-mono,,0.0,none,needs-review,no exact/normalized/alias/homepage evidence; same homepage 'https://godotengine.org/' as 'godot-3.2' but desc overlap only 0.08; versions '4.7.2' vs '3.2.3'; no lookalikes either,,v20260906+55419ffd
godot@3,,0.0,none,needs-review,no exact/normalized/alias/homepage evidence; same homepage 'https://godotengine.org/' as 'godot' but desc overlap only 0.08; versions '3.6.3' vs '4.7.1'; fuzzy suggestions listed for review,godot-3.2; godot,v20260906+55419ffd
godspeed,,0.0,none,missing,no exact/normalized/alias/homepage evidence; no lookalikes either,,v20260906+55419ffd
gog-galaxy,,0.0,none,missing,no exact/normalized/alias/homepage evidence; no lookalikes either,,v20260906+55419ffd
gogs,,0.0,none,missing,no exact/normalized/alias/homepage evidence; no lookalikes either,,v20260906+55419ffd
goland,,0.0,none,missing,no exact/normalized/alias/homepage evidence; no lookalikes either,,v20260906+55419ffd
goldencheetah,,0.0,none,missing,no exact/normalized/alias/homepage evidence; no lookalikes either,,v20260906+55419ffd
goldenpassport,,0.0,none,missing,no exact/normalized/alias/homepage evidence; no lookalikes either,,v20260906+55419ffd
golly,,0.0,none,needs-review,no exact/normalized/alias/homepage evidence; fuzzy suggestions listed for review,folly,v20260906+55419ffd
gologin,,0.0,none,missing,no exact/normalized/alias/homepage evidence; no lookalikes either,,v20260906+55419ffd
goneovim,,0.0,none,needs-review,no exact/normalized/alias/homepage evidence; fuzzy suggestions listed for review,neovim,v20260906+55419ffd
gonhanh,,0.0,none,missing,no exact/normalized/alias/homepage evidence; no lookalikes either,,v20260906+55419ffd
goodsync,,0.0,none,missing,no exact/normalized/alias/homepage evidence; no lookalikes either,,v20260906+55419ffd
google-ads-editor,,0.0,none,missing,no exact/normalized/alias/homepage evidence; no lookalikes either,,v20260906+55419ffd
google-analytics-opt-out,,0.0,none,missing,no exact/normalized/alias/homepage evidence; no lookalikes either,,v20260906+55419ffd
google-assistant,,0.0,none,missing,no exact/normalized/alias/homepage evidence; no lookalikes either,,v20260906+55419ffd
google-chat,,0.0,none,needs-review,no exact/normalized/alias/homepage evidence; fuzzy suggestions listed for review,py-pygooglechart,v20260906+55419ffd
google-chrome,,0.0,none,missing,no exact/normalized/alias/homepage evidence; no lookalikes either,,v20260906+55419ffd
google-chrome@beta,,0.0,none,missing,no exact/normalized/alias/homepage evidence; no lookalikes either,,v20260906+55419ffd
google-chrome@canary,,0.0,none,missing,no exact/normalized/alias/homepage evidence; no lookalikes either,,v20260906+55419ffd
google-chrome@dev,,0.0,none,missing,no exact/normalized/alias/homepage evidence; no lookalikes either,,v20260906+55419ffd
google-drive,,0.0,none,needs-review,no exact/normalized/alias/homepage evidence; fuzzy suggestions listed for review,R-googledrive,v20260906+55419ffd
google-earth-pro,,0.0,none,missing,no exact/normalized/alias/homepage evidence; no lookalikes either,,v20260906+55419ffd
google-gemini,,0.0,none,missing,no exact/normalized/alias/homepage evidence; no lookalikes either,,v20260906+55419ffd
google-japanese-ime,,0.0,none,missing,no exact/normalized/alias/homepage evidence; no lookalikes either,,v20260906+55419ffd
google-japanese-ime@dev,,0.0,none,missing,no exact/normalized/alias/homepage evidence; no lookalikes either,,v20260906+55419ffd
google-trends,,0.0,none,missing,no exact/normalized/alias/homepage evidence; no lookalikes either,,v20260906+55419ffd
google-web-designer,,0.0,none,missing,no exact/normalized/alias/homepage evidence; no lookalikes either,,v20260906+55419ffd
gopanda,,0.0,none,needs-review,no exact/normalized/alias/homepage evidence; fuzzy suggestions listed for review,panda,v20260906+55419ffd
gopher64,,0.0,none,missing,no exact/normalized/alias/homepage evidence; no lookalikes either,,v20260906+55419ffd
gotiengviet,,0.0,none,missing,no exact/normalized/alias/homepage evidence; no lookalikes either,,v20260906+55419ffd
gotomeeting,,0.0,none,missing,no exact/normalized/alias/homepage evidence; no lookalikes either,,v20260906+55419ffd
goxel,,0.0,none,missing,no exact/normalized/alias/homepage evidence; no lookalikes either,,v20260906+55419ffd
gpg-suite,,0.0,none,missing,no exact/normalized/alias/homepage evidence; no lookalikes either,,v20260906+55419ffd
gpg-suite-no-mail,,0.0,none,missing,no exact/normalized/alias/homepage evidence; no lookalikes either,,v20260906+55419ffd
gpg-suite-pinentry,,0.0,none,missing,no exact/normalized/alias/homepage evidence; no lookalikes either,,v20260906+55419ffd
gpg-suite@nightly,,0.0,none,missing,no exact/normalized/alias/homepage evidence; no lookalikes either,,v20260906+55419ffd
gpgfrontend,,0.0,none,missing,no exact/normalized/alias/homepage evidence; no lookalikes either,,v20260906+55419ffd
gplates,,0.0,none,needs-review,no exact/normalized/alias/homepage evidence; fuzzy suggestions listed for review,gomplate,v20260906+55419ffd
gpodder,gpodder,1.0,exact,confident,name identical in both managers; homepages 'https://gpodder.github.io/' vs 'https://gpodder.github.io',,v20260906+55419ffd
gpt4all,,0.0,none,missing,no exact/normalized/alias/homepage evidence; no lookalikes either,,v20260906+55419ffd
gpxsee,GPXSee,0.96,normalized,confident,'gpxsee' ~ 'GPXSee' after case/punctuation folding,,v20260906+55419ffd
gqrx,gqrx,1.0,exact,confident,name identical in both managers; homepages 'https://www.gqrx.dk/' vs 'https://gqrx.dk',,v20260906+55419ffd
graalvm-jdk,,0.0,none,needs-review,no exact/normalized/alias/homepage evidence; same homepage 'https://www.graalvm.org/' as 'openjdk19-graalvm-native-image' but desc overlap only 0.14; versions '25.0.4' vs '22.3.1'; fuzzy suggestions listed for review,graalvm,v20260906+55419ffd
graalvm-jdk@17,,0.0,none,needs-review,no exact/normalized/alias/homepage evidence; same homepage 'https://www.graalvm.org/' as 'openjdk19-graalvm-native-image' but desc overlap only 0.14; versions '17.0.12' vs '22.3.1'; no lookalikes either,,v20260906+55419ffd
graalvm-jdk@21,,0.0,none,needs-review,"no exact/normalized/alias/homepage evidence; same homepage 'https://www.graalvm.org/' as 'openjdk19-graalvm-native-image' but desc overlap only 0.14; versions '21.0.12,7' vs '22.3.1'; no lookalikes either",,v20260906+55419ffd
graalvm-jdk@25,,0.0,none,needs-review,"no exact/normalized/alias/homepage evidence; same homepage 'https://www.graalvm.org/' as 'openjdk19-graalvm-native-image' but desc overlap only 0.14; versions '25.0.4,7' vs '22.3.1'; no lookalikes either",,v20260906+55419ffd
grads,grads,1.0,exact,confident,name identical in both managers; homepages 'http://cola.gmu.edu/grads/grads.php' vs 'http://cola.gmu.edu/grads/',,v20260906+55419ffd
grafx,,0.0,none,needs-review,no exact/normalized/alias/homepage evidence; fuzzy suggestions listed for review,grafx2; R-afex,v20260906+55419ffd
gram,,0.0,none,needs-review,no exact/normalized/alias/homepage evidence; fuzzy suggestions listed for review,R-ngram; gramps,v20260906+55419ffd
grammarly-desktop,,0.0,none,missing,no exact/normalized/alias/homepage evidence; no lookalikes either,,v20260906+55419ffd
gramps,gramps,1.0,exact,confident,name identical in both managers; homepages 'https://gramps-project.org/blog/' vs 'https://www.gramps-project.org/',,v20260906+55419ffd
grandperspective,GrandPerspective,0.96,normalized,confident,'grandperspective' ~ 'GrandPerspective' after case/punctuation folding,,v20260906+55419ffd
grandtotal,,0.0,none,missing,no exact/normalized/alias/homepage evidence; no lookalikes either,,v20260906+55419ffd
granola,,0.0,none,missing,no exact/normalized/alias/homepage evidence; no lookalikes either,,v20260906+55419ffd
graphicconverter,,0.0,none,missing,no exact/normalized/alias/homepage evidence; no lookalikes either,,v20260906+55419ffd
gray,,0.0,none,missing,no exact/normalized/alias/homepage evidence; no lookalikes either,,v20260906+55419ffd
grayjay,,0.0,none,missing,no exact/normalized/alias/homepage evidence; no lookalikes either,,v20260906+55419ffd
green-go-control,,0.0,none,missing,no exact/normalized/alias/homepage evidence; no lookalikes either,,v20260906+55419ffd
greenery,,0.0,none,needs-review,no exact/normalized/alias/homepage evidence; fuzzy suggestions listed for review,R-energy,v20260906+55419ffd
greenfoot,,0.0,none,missing,no exact/normalized/alias/homepage evidence; no lookalikes either,,v20260906+55419ffd
greensignal,,0.0,none,missing,no exact/normalized/alias/homepage evidence; no lookalikes either,,v20260906+55419ffd
gretl,gretl,1.0,exact,confident,name identical in both managers; homepages 'https://gretl.sourceforge.net/' vs 'https://gretl.sourceforge.net/',,v20260906+55419ffd
grid,,0.0,none,needs-review,no exact/normalized/alias/homepage evidence; fuzzy suggestions listed for review,gri,v20260906+55419ffd
grid-clock,,0.0,none,needs-review,no exact/normalized/alias/homepage evidence; fuzzy suggestions listed for review,Gridlock; R-clock,v20260906+55419ffd
gridea,,0.0,none,missing,no exact/normalized/alias/homepage evidence; no lookalikes either,,v20260906+55419ffd
grids,,0.0,none,needs-review,no exact/normalized/alias/homepage evidence; fuzzy suggestions listed for review,R-ids; grads; gr-rds,v20260906+55419ffd
gridtracker2,,0.0,none,missing,no exact/normalized/alias/homepage evidence; no lookalikes either,,v20260906+55419ffd
grisbi,grisbi,1.0,exact,confident,name identical in both managers; homepages 'https://www.grisbi.org/' vs 'http://www.grisbi.org',,v20260906+55419ffd
groestlcoin-core,,0.0,none,missing,no exact/normalized/alias/homepage evidence; no lookalikes either,,v20260906+55419ffd
grok-bot,,0.0,none,missing,no exact/normalized/alias/homepage evidence; no lookalikes either,,v20260906+55419ffd
grok-build,,0.0,none,missing,no exact/normalized/alias/homepage evidence; no lookalikes either,,v20260906+55419ffd
groove-omnidialer,,0.0,none,missing,no exact/normalized/alias/homepage evidence; no lookalikes either,,v20260906+55419ffd
grs-bluewallet,,0.0,none,missing,no exact/normalized/alias/homepage evidence; no lookalikes either,,v20260906+55419ffd
gstreamer-development,,0.0,none,needs-review,no exact/normalized/alias/homepage evidence; same homepage 'https://gstreamer.freedesktop.org/' as 'gstreamer1-gst-libav' but desc overlap only 0.00; no lookalikes either,,v20260906+55419ffd
gstreamer-runtime,,0.0,none,needs-review,no exact/normalized/alias/homepage evidence; same homepage 'https://gstreamer.freedesktop.org/' as 'gstreamer1-gst-libav' but desc overlap only 0.00; no lookalikes either,,v20260906+55419ffd
gswitch,,0.0,none,needs-review,no exact/normalized/alias/homepage evidence; fuzzy suggestions listed for review,p5-switch,v20260906+55419ffd
gtkwave,gtkwave,1.0,exact,confident,name identical in both managers; homepages 'https://gtkwave.sourceforge.net/' vs 'http://gtkwave.sourceforge.net',,v20260906+55419ffd
guijs,,0.0,none,missing,no exact/normalized/alias/homepage evidence; no lookalikes either,,v20260906+55419ffd
guilded,,0.0,none,needs-review,no exact/normalized/alias/homepage evidence; fuzzy suggestions listed for review,guile,v20260906+55419ffd
guitar-pro,,0.0,none,missing,no exact/normalized/alias/homepage evidence; no lookalikes either,,v20260906+55419ffd
gureumkim,,0.0,none,missing,no exact/normalized/alias/homepage evidence; no lookalikes either,,v20260906+55419ffd
gutenprint,gutenprint,1.0,exact,confident,name identical in both managers; homepages 'https://gimp-print.sourceforge.io/' vs 'https://gimp-print.sourceforge.io',,v20260906+55419ffd
gyazmail,,0.0,none,missing,no exact/normalized/alias/homepage evidence; no lookalikes either,,v20260906+55419ffd
gyazo,,0.0,none,missing,no exact/normalized/alias/homepage evidence; no lookalikes either,,v20260906+55419ffd
gyroflow,,0.0,none,missing,no exact/normalized/alias/homepage evidence; no lookalikes either,,v20260906+55419ffd
gzdoom,,0.0,none,missing,no exact/normalized/alias/homepage evidence; no lookalikes either,,v20260906+55419ffd
ha-menu,,0.0,none,missing,no exact/normalized/alias/homepage evidence; no lookalikes either,,v20260906+55419ffd
hackintool,Hackintool,0.96,normalized,confident,'hackintool' ~ 'Hackintool' after case/punctuation folding,,v20260906+55419ffd
hackolade,,0.0,none,missing,no exact/normalized/alias/homepage evidence; no lookalikes either,,v20260906+55419ffd
hakuneko,,0.0,none,missing,no exact/normalized/alias/homepage evidence; no lookalikes either,,v20260906+55419ffd
halion-sonic,,0.0,none,missing,no exact/normalized/alias/homepage evidence; no lookalikes either,,v20260906+55419ffd
halloy,halloy,1.0,exact,confident,name identical in both managers; homepages 'https://halloy.chat/' vs 'https://github.com/squidowl/halloy',,v20260906+55419ffd
hammerspoon,,0.0,none,missing,no exact/normalized/alias/homepage evidence; no lookalikes either,,v20260906+55419ffd
hamrs-pro,,0.0,none,missing,no exact/normalized/alias/homepage evidence; no lookalikes either,,v20260906+55419ffd
hancom-docs,,0.0,none,missing,no exact/normalized/alias/homepage evidence; no lookalikes either,,v20260906+55419ffd
hancom-word,,0.0,none,missing,no exact/normalized/alias/homepage evidence; no lookalikes either,,v20260906+55419ffd
handbrake-app,HandBrake,0.95,alias,confident,listed as alias/oldname of 'handbrake-app',,v20260906+55419ffd
handshaker,,0.0,none,missing,no exact/normalized/alias/homepage evidence; no lookalikes either,,v20260906+55419ffd
handy,,0.0,none,missing,no exact/normalized/alias/homepage evidence; no lookalikes either,,v20260906+55419ffd
hapigo,,0.0,none,needs-review,no exact/normalized/alias/homepage evidence; fuzzy suggestions listed for review,hapi,v20260906+55419ffd
happ,,0.0,none,needs-review,no exact/normalized/alias/homepage evidence; fuzzy suggestions listed for review,happy,v20260906+55419ffd
happymac,,0.0,none,missing,no exact/normalized/alias/homepage evidence; no lookalikes either,,v20260906+55419ffd
haptic-touch-bar,,0.0,none,missing,no exact/normalized/alias/homepage evidence; no lookalikes either,,v20260906+55419ffd
haptickey,,0.0,none,missing,no exact/normalized/alias/homepage evidence; no lookalikes either,,v20260906+55419ffd
haroopad,,0.0,none,missing,no exact/normalized/alias/homepage evidence; no lookalikes either,,v20260906+55419ffd
harper-desktop,,0.0,none,missing,no exact/normalized/alias/homepage evidence; no lookalikes either,,v20260906+55419ffd
harvest,,0.0,none,missing,no exact/normalized/alias/homepage evidence; no lookalikes either,,v20260906+55419ffd
hashbackup,,0.0,none,missing,no exact/normalized/alias/homepage evidence; no lookalikes either,,v20260906+55419ffd
hazel,,0.0,none,needs-review,no exact/normalized/alias/homepage evidence; fuzzy suggestions listed for review,bazel,v20260906+55419ffd
hazeover,,0.0,none,missing,no exact/normalized/alias/homepage evidence; no lookalikes either,,v20260906+55419ffd
hbuilderx,,0.0,none,missing,no exact/normalized/alias/homepage evidence; no lookalikes either,,v20260906+55419ffd
hdfview,,0.0,none,missing,no exact/normalized/alias/homepage evidence; no lookalikes either,,v20260906+55419ffd
hdhomerun,hdhomerun,1.0,exact,confident,name identical in both managers; homepages 'https://www.silicondust.com/support/downloads/' vs 'https://www.silicondust.com/',,v20260906+55419ffd
headlamp,,0.0,none,missing,no exact/normalized/alias/homepage evidence; no lookalikes either,,v20260906+55419ffd
headroom,,0.0,none,missing,no exact/normalized/alias/homepage evidence; no lookalikes either,,v20260906+55419ffd
headset,,0.0,none,missing,no exact/normalized/alias/homepage evidence; no lookalikes either,,v20260906+55419ffd
heaven,,0.0,none,needs-review,no exact/normalized/alias/homepage evidence; fuzzy suggestions listed for review,R-haven,v20260906+55419ffd
hedgewars,,0.0,none,missing,no exact/normalized/alias/homepage evidence; no lookalikes either,,v20260906+55419ffd
hedy,,0.0,none,needs-review,no exact/normalized/alias/homepage evidence; fuzzy suggestions listed for review,hey,v20260906+55419ffd
height,,0.0,none,missing,no exact/normalized/alias/homepage evidence; no lookalikes either,,v20260906+55419ffd
heimdall-suite,,0.0,none,missing,no exact/normalized/alias/homepage evidence; no lookalikes either,,v20260906+55419ffd
helio,,0.0,none,needs-review,no exact/normalized/alias/homepage evidence; fuzzy suggestions listed for review,helix; hello,v20260906+55419ffd
helium,,0.0,none,needs-review,no exact/normalized/alias/homepage evidence; fuzzy suggestions listed for review,helm,v20260906+55419ffd
helium-browser,,0.0,none,missing,no exact/normalized/alias/homepage evidence; no lookalikes either,,v20260906+55419ffd
helo,,0.0,none,needs-review,no exact/normalized/alias/homepage evidence; fuzzy suggestions listed for review,hello,v20260906+55419ffd
helpwire-operator,,0.0,none,missing,no exact/normalized/alias/homepage evidence; no lookalikes either,,v20260906+55419ffd
heptabase,,0.0,none,needs-review,no exact/normalized/alias/homepage evidence; fuzzy suggestions listed for review,metabase,v20260906+55419ffd
herd,,0.0,none,needs-review,no exact/normalized/alias/homepage evidence; fuzzy suggestions listed for review,herdr; erd,v20260906+55419ffd
hermes-desktop,,0.0,none,missing,no exact/normalized/alias/homepage evidence; no lookalikes either,,v20260906+55419ffd
hermit-crab,,0.0,none,missing,no exact/normalized/alias/homepage evidence; no lookalikes either,,v20260906+55419ffd
heroic,,0.0,none,missing,no exact/normalized/alias/homepage evidence; no lookalikes either,,v20260906+55419ffd
hex-fiend,HexFiend,0.96,normalized,confident,'hex-fiend' ~ 'HexFiend' after case/punctuation folding,,v20260906+55419ffd
hey-desktop,hey,0.95,alias,confident,listed as alias/oldname of 'hey-desktop',,v20260906+55419ffd
heynote,,0.0,none,missing,no exact/normalized/alias/homepage evidence; no lookalikes either,,v20260906+55419ffd
hfsleuth,,0.0,none,missing,no exact/normalized/alias/homepage evidence; no lookalikes either,,v20260906+55419ffd
hhkb,,0.0,none,missing,no exact/normalized/alias/homepage evidence; no lookalikes either,,v20260906+55419ffd
hhkb-studio,,0.0,none,missing,no exact/normalized/alias/homepage evidence; no lookalikes either,,v20260906+55419ffd
hiarcs-chess-explorer,,0.0,none,missing,no exact/normalized/alias/homepage evidence; no lookalikes either,,v20260906+55419ffd
hiddenbar,,0.0,none,missing,no exact/normalized/alias/homepage evidence; no lookalikes either,,v20260906+55419ffd
hides,,0.0,none,missing,no exact/normalized/alias/homepage evidence; no lookalikes either,,v20260906+55419ffd
hidock,,0.0,none,missing,no exact/normalized/alias/homepage evidence; no lookalikes either,,v20260906+55419ffd
highlight-ai,,0.0,ambiguous,needs-review,alias 'highlight' looks like a different program (homepages 'https://highlightai.com/' vs 'http://andre-simon.de/doku/highlight/en/highlight.php'),highlight; R-highlight; HighlighterKit,v20260906+55419ffd
hightop,,0.0,none,missing,no exact/normalized/alias/homepage evidence; no lookalikes either,,v20260906+55419ffd
historyhound,,0.0,none,missing,no exact/normalized/alias/homepage evidence; no lookalikes either,,v20260906+55419ffd
hive-app,,0.0,none,missing,no exact/normalized/alias/homepage evidence; no lookalikes either,,v20260906+55419ffd
hma-vpn,,0.0,none,missing,no exact/normalized/alias/homepage evidence; no lookalikes either,,v20260906+55419ffd
holavpn,,0.0,none,missing,no exact/normalized/alias/homepage evidence; no lookalikes either,,v20260906+55419ffd
home-assistant,,0.0,none,missing,no exact/normalized/alias/homepage evidence; no lookalikes either,,v20260906+55419ffd
homerow,,0.0,none,missing,no exact/normalized/alias/homepage evidence; no lookalikes either,,v20260906+55419ffd
honto,,0.0,none,missing,no exact/normalized/alias/homepage evidence; no lookalikes either,,v20260906+55419ffd
hookmark,,0.0,none,missing,no exact/normalized/alias/homepage evidence; no lookalikes either,,v20260906+55419ffd
hop,,0.0,none,needs-review,no exact/normalized/alias/homepage evidence; fuzzy suggestions listed for review,hiop; htop,v20260906+55419ffd
hopper-disassembler,,0.0,none,missing,no exact/normalized/alias/homepage evidence; no lookalikes either,,v20260906+55419ffd
hoppscotch,,0.0,none,missing,no exact/normalized/alias/homepage evidence; no lookalikes either,,v20260906+55419ffd
hoppscotch-selfhost,,0.0,none,missing,no exact/normalized/alias/homepage evidence; no lookalikes either,,v20260906+55419ffd
horos,,0.0,none,missing,no exact/normalized/alias/homepage evidence; no lookalikes either,,v20260906+55419ffd
hostsx,,0.0,none,missing,no exact/normalized/alias/homepage evidence; no lookalikes either,,v20260906+55419ffd
hot,,0.0,none,missing,no exact/normalized/alias/homepage evidence; no lookalikes either,,v20260906+55419ffd
hotovo-aider-desk,,0.0,none,missing,no exact/normalized/alias/homepage evidence; no lookalikes either,,v20260906+55419ffd
houdahspot,,0.0,none,missing,no exact/normalized/alias/homepage evidence; no lookalikes either,,v20260906+55419ffd
hovrly,,0.0,none,missing,no exact/normalized/alias/homepage evidence; no lookalikes either,,v20260906+55419ffd
hp-easy-admin,,0.0,none,missing,no exact/normalized/alias/homepage evidence; no lookalikes either,,v20260906+55419ffd
hp-easy-start,,0.0,none,missing,no exact/normalized/alias/homepage evidence; no lookalikes either,,v20260906+55419ffd
hp-prime,,0.0,none,missing,no exact/normalized/alias/homepage evidence; no lookalikes either,,v20260906+55419ffd
hstracker,,0.0,none,needs-review,no exact/normalized/alias/homepage evidence; fuzzy suggestions listed for review,tracker; tracker3; schismtracker,v20260906+55419ffd
html-mangareader,,0.0,none,missing,no exact/normalized/alias/homepage evidence; no lookalikes either,,v20260906+55419ffd
http-toolkit,,0.0,none,missing,no exact/normalized/alias/homepage evidence; no lookalikes either,,v20260906+55419ffd
httpie-desktop,httpie,0.95,alias,confident,listed as alias/oldname of 'httpie-desktop',,v20260906+55419ffd
hubstaff,,0.0,none,missing,no exact/normalized/alias/homepage evidence; no lookalikes either,,v20260906+55419ffd
huggingchat,,0.0,none,missing,no exact/normalized/alias/homepage evidence; no lookalikes either,,v20260906+55419ffd
hugin,,0.0,none,needs-review,no exact/normalized/alias/homepage evidence; same homepage 'https://hugin.sourceforge.io/' as 'hugin-app' but desc overlap only 0.10; versions '2019.2.0' vs '2025.0.1'; no lookalikes either,,v20260906+55419ffd
huly,,0.0,none,missing,no exact/normalized/alias/homepage evidence; no lookalikes either,,v20260906+55419ffd
hummingbird,,0.0,none,missing,no exact/normalized/alias/homepage evidence; no lookalikes either,,v20260906+55419ffd
hush,,0.0,none,needs-review,no exact/normalized/alias/homepage evidence; fuzzy suggestions listed for review,pbhush,v20260906+55419ffd
hy-rpe2,,0.0,none,missing,no exact/normalized/alias/homepage evidence; no lookalikes either,,v20260906+55419ffd
hydrogen,hydrogen,1.0,exact,confident,name identical in both managers; homepages 'http://www.hydrogen-music.org/' vs 'http://hydrogen-music.org',,v20260906+55419ffd
hydrus-network,,0.0,none,missing,no exact/normalized/alias/homepage evidence; no lookalikes either,,v20260906+55419ffd
hype,,0.0,none,needs-review,no exact/normalized/alias/homepage evidence; fuzzy suggestions listed for review,hypre; hyper; hyphen,v20260906+55419ffd
hyper,hyper,1.0,exact,confident,name identical in both managers; homepages 'https://hyper.is/' vs 'https://hyper.is',,v20260906+55419ffd
hyperbackupexplorer,,0.0,none,missing,no exact/normalized/alias/homepage evidence; no lookalikes either,,v20260906+55419ffd
hyper@canary,,0.0,none,needs-review,no exact/normalized/alias/homepage evidence; same homepage 'https://hyper.is/' as 'hyper' but desc overlap only 0.12; versions '4.0.0-canary.5' vs '3.4.1'; fuzzy suggestions listed for review,hyperscan,v20260906+55419ffd
hyperconnect,,0.0,none,missing,no exact/normalized/alias/homepage evidence; no lookalikes either,,v20260906+55419ffd
hyperkey,,0.0,none,missing,no exact/normalized/alias/homepage evidence; no lookalikes either,,v20260906+55419ffd
hyperwhisper,,0.0,none,missing,no exact/normalized/alias/homepage evidence; no lookalikes either,,v20260906+55419ffd
hytale,,0.0,none,missing,no exact/normalized/alias/homepage evidence; no lookalikes either,,v20260906+55419ffd
i1profiler,,0.0,none,missing,no exact/normalized/alias/homepage evidence; no lookalikes either,,v20260906+55419ffd
ia-markdown-dictionary,,0.0,none,missing,no exact/normalized/alias/homepage evidence; no lookalikes either,,v20260906+55419ffd
ia-presenter,,0.0,none,needs-review,no exact/normalized/alias/homepage evidence; fuzzy suggestions listed for review,presenterm,v20260906+55419ffd
iaito,iaito,1.0,exact,confident,name identical in both managers; homepages 'https://www.radare.org/n/iaito.html' vs 'https://www.radare.org/n/iaito.html',,v20260906+55419ffd
ibabel,,0.0,none,needs-review,no exact/normalized/alias/homepage evidence; fuzzy suggestions listed for review,py-nibabel; babl,v20260906+55419ffd
ibackup-viewer,,0.0,none,missing,no exact/normalized/alias/homepage evidence; no lookalikes either,,v20260906+55419ffd
ibackupbot,,0.0,none,missing,no exact/normalized/alias/homepage evidence; no lookalikes either,,v20260906+55419ffd
ibettercharge,,0.0,none,missing,no exact/normalized/alias/homepage evidence; no lookalikes either,,v20260906+55419ffd
ibkr,,0.0,none,missing,no exact/normalized/alias/homepage evidence; no lookalikes either,,v20260906+55419ffd
ibm-aspera-connect,,0.0,none,missing,no exact/normalized/alias/homepage evidence; no lookalikes either,,v20260906+55419ffd
ibm-cloud-cli,,0.0,none,missing,no exact/normalized/alias/homepage evidence; no lookalikes either,,v20260906+55419ffd
ibm-notifier,,0.0,none,missing,no exact/normalized/alias/homepage evidence; no lookalikes either,,v20260906+55419ffd
ibored,,0.0,none,missing,no exact/normalized/alias/homepage evidence; no lookalikes either,,v20260906+55419ffd
icab,,0.0,none,missing,no exact/normalized/alias/homepage evidence; no lookalikes either,,v20260906+55419ffd
icanhazshortcut,,0.0,none,missing,no exact/normalized/alias/homepage evidence; no lookalikes either,,v20260906+55419ffd
icc,,0.0,none,missing,no exact/normalized/alias/homepage evidence; no lookalikes either,,v20260906+55419ffd
iceberg,,0.0,none,missing,no exact/normalized/alias/homepage evidence; no lookalikes either,,v20260906+55419ffd
icestudio,,0.0,none,missing,no exact/normalized/alias/homepage evidence; no lookalikes either,,v20260906+55419ffd
icollections,,0.0,none,needs-review,no exact/normalized/alias/homepage evidence; fuzzy suggestions listed for review,R-collections,v20260906+55419ffd
icon-composer,,0.0,none,missing,no exact/normalized/alias/homepage evidence; no lookalikes either,,v20260906+55419ffd
icon-shelf,,0.0,none,missing,no exact/normalized/alias/homepage evidence; no lookalikes either,,v20260906+55419ffd
iconchamp,,0.0,none,missing,no exact/normalized/alias/homepage evidence; no lookalikes either,,v20260906+55419ffd
iconchanger,,0.0,none,missing,no exact/normalized/alias/homepage evidence; no lookalikes either,,v20260906+55419ffd
iconizer,,0.0,none,missing,no exact/normalized/alias/homepage evidence; no lookalikes either,,v20260906+55419ffd
iconjar,,0.0,none,missing,no exact/normalized/alias/homepage evidence; no lookalikes either,,v20260906+55419ffd
iconscout,,0.0,none,missing,no exact/normalized/alias/homepage evidence; no lookalikes either,,v20260906+55419ffd
iconset,,0.0,none,missing,no exact/normalized/alias/homepage evidence; no lookalikes either,,v20260906+55419ffd
id3-editor,,0.0,none,missing,no exact/normalized/alias/homepage evidence; no lookalikes either,,v20260906+55419ffd
idagio,,0.0,none,missing,no exact/normalized/alias/homepage evidence; no lookalikes either,,v20260906+55419ffd
ideamaker,,0.0,none,missing,no exact/normalized/alias/homepage evidence; no lookalikes either,,v20260906+55419ffd
idevice-pair,idevice_pair,0.96,normalized,confident,'idevice-pair' ~ 'idevice_pair' after case/punctuation folding,,v20260906+55419ffd
idrive,,0.0,none,needs-review,no exact/normalized/alias/homepage evidence; fuzzy suggestions listed for review,gdrive; dive,v20260906+55419ffd
iem-plugin-suite,,0.0,none,missing,no exact/normalized/alias/homepage evidence; no lookalikes either,,v20260906+55419ffd
iexplorer,,0.0,none,needs-review,no exact/normalized/alias/homepage evidence; fuzzy suggestions listed for review,R-explore; bzr-explorer,v20260906+55419ffd
ifunbox,,0.0,none,missing,no exact/normalized/alias/homepage evidence; no lookalikes either,,v20260906+55419ffd
igdm,,0.0,none,needs-review,no exact/normalized/alias/homepage evidence; fuzzy suggestions listed for review,gdm,v20260906+55419ffd
igv-desktop,,0.0,none,missing,no exact/normalized/alias/homepage evidence; no lookalikes either,,v20260906+55419ffd
iina,,0.0,none,missing,no exact/normalized/alias/homepage evidence; no lookalikes either,,v20260906+55419ffd
iina+,,0.0,none,missing,no exact/normalized/alias/homepage evidence; no lookalikes either,,v20260906+55419ffd
ijhttp,,0.0,none,missing,no exact/normalized/alias/homepage evidence; no lookalikes either,,v20260906+55419ffd
ik-product-manager,,0.0,none,needs-review,no exact/normalized/alias/homepage evidence; fuzzy suggestions listed for review,ProjectManager,v20260906+55419ffd
iloader,,0.0,none,needs-review,no exact/normalized/alias/homepage evidence; fuzzy suggestions listed for review,lader,v20260906+55419ffd
ilok-license-manager,,0.0,none,missing,no exact/normalized/alias/homepage evidence; no lookalikes either,,v20260906+55419ffd
ilspy,,0.0,none,missing,no exact/normalized/alias/homepage evidence; no lookalikes either,,v20260906+55419ffd
ilya-birman-typography-layout,,0.0,none,missing,no exact/normalized/alias/homepage evidence; no lookalikes either,,v20260906+55419ffd
image2icon,,0.0,none,missing,no exact/normalized/alias/homepage evidence; no lookalikes either,,v20260906+55419ffd
imagej,,0.0,none,needs-review,no exact/normalized/alias/homepage evidence; fuzzy suggestions listed for review,imager; aimage; simage,v20260906+55419ffd
imageoptim,,0.0,none,missing,no exact/normalized/alias/homepage evidence; no lookalikes either,,v20260906+55419ffd
imagex,,0.0,none,needs-review,no exact/normalized/alias/homepage evidence; fuzzy suggestions listed for review,imager; aimage; simage,v20260906+55419ffd
imaging-edge,,0.0,none,missing,no exact/normalized/alias/homepage evidence; no lookalikes either,,v20260906+55419ffd
imaging-edge-webcam,,0.0,none,missing,no exact/normalized/alias/homepage evidence; no lookalikes either,,v20260906+55419ffd
imazing,,0.0,none,missing,no exact/normalized/alias/homepage evidence; no lookalikes either,,v20260906+55419ffd
imazing-converter,,0.0,none,missing,no exact/normalized/alias/homepage evidence; no lookalikes either,,v20260906+55419ffd
imazing-profile-editor,,0.0,none,missing,no exact/normalized/alias/homepage evidence; no lookalikes either,,v20260906+55419ffd
imgotv,,0.0,none,missing,no exact/normalized/alias/homepage evidence; no lookalikes either,,v20260906+55419ffd
imhex,,0.0,none,missing,no exact/normalized/alias/homepage evidence; no lookalikes either,,v20260906+55419ffd
impactor,,0.0,none,missing,no exact/normalized/alias/homepage evidence; no lookalikes either,,v20260906+55419ffd
inav-configurator,,0.0,none,missing,no exact/normalized/alias/homepage evidence; no lookalikes either,,v20260906+55419ffd
incident-io,,0.0,none,missing,no exact/normalized/alias/homepage evidence; no lookalikes either,,v20260906+55419ffd
infinidesk,,0.0,none,missing,no exact/normalized/alias/homepage evidence; no lookalikes either,,v20260906+55419ffd
infinity,,0.0,none,needs-review,no exact/normalized/alias/homepage evidence; fuzzy suggestions listed for review,libinfinity; R-finity,v20260906+55419ffd
infocert-sign,,0.0,none,missing,no exact/normalized/alias/homepage evidence; no lookalikes either,,v20260906+55419ffd
inform,inform,1.0,exact,confident,name identical in both managers; homepages 'https://ganelson.github.io/inform-website' vs 'http://www.inform-fiction.org/',,v20260906+55419ffd
infra,,0.0,none,needs-review,no exact/normalized/alias/homepage evidence; fuzzy suggestions listed for review,pyinfra,v20260906+55419ffd
inkdown,,0.0,none,missing,no exact/normalized/alias/homepage evidence; no lookalikes either,,v20260906+55419ffd
inkdrop,,0.0,none,missing,no exact/normalized/alias/homepage evidence; no lookalikes either,,v20260906+55419ffd
inkscape,inkscape,1.0,exact,confident,name identical in both managers; homepages 'https://inkscape.org/' vs 'https://inkscape.org/',,v20260906+55419ffd
inkstitch,,0.0,none,missing,no exact/normalized/alias/homepage evidence; no lookalikes either,,v20260906+55419ffd
inky,,0.0,none,missing,no exact/normalized/alias/homepage evidence; no lookalikes either,,v20260906+55419ffd
inloop-qlplayground,,0.0,none,missing,no exact/normalized/alias/homepage evidence; no lookalikes either,,v20260906+55419ffd
inmusic-software-center,,0.0,none,missing,no exact/normalized/alias/homepage evidence; no lookalikes either,,v20260906+55419ffd
input-source-pro,,0.0,none,missing,no exact/normalized/alias/homepage evidence; no lookalikes either,,v20260906+55419ffd
input0,,0.0,none,needs-review,no exact/normalized/alias/homepage evidence; fuzzy suggestions listed for review,xinput,v20260906+55419ffd
inso,,0.0,none,missing,no exact/normalized/alias/homepage evidence; no lookalikes either,,v20260906+55419ffd
inso@beta,,0.0,none,missing,no exact/normalized/alias/homepage evidence; no lookalikes either,,v20260906+55419ffd
insomnia,,0.0,none,missing,no exact/normalized/alias/homepage evidence; no lookalikes either,,v20260906+55419ffd
insomnia@alpha,,0.0,none,missing,no exact/normalized/alias/homepage evidence; no lookalikes either,,v20260906+55419ffd
inssider,,0.0,none,missing,no exact/normalized/alias/homepage evidence; no lookalikes either,,v20260906+55419ffd
insta360-link-controller,,0.0,none,missing,no exact/normalized/alias/homepage evidence; no lookalikes either,,v20260906+55419ffd
insta360-studio,,0.0,none,missing,no exact/normalized/alias/homepage evidence; no lookalikes either,,v20260906+55419ffd
install-disk-creator,,0.0,none,missing,no exact/normalized/alias/homepage evidence; no lookalikes either,,v20260906+55419ffd
instantview,,0.0,none,missing,no exact/normalized/alias/homepage evidence; no lookalikes either,,v20260906+55419ffd
instatus-out,,0.0,none,missing,no exact/normalized/alias/homepage evidence; no lookalikes either,,v20260906+55419ffd
insync,,0.0,none,needs-review,no exact/normalized/alias/homepage evidence; fuzzy suggestions listed for review,isync,v20260906+55419ffd
integrity,,0.0,none,needs-review,no exact/normalized/alias/homepage evidence; fuzzy suggestions listed for review,integrit,v20260906+55419ffd
intellidock,,0.0,none,missing,no exact/normalized/alias/homepage evidence; no lookalikes either,,v20260906+55419ffd
intellij-idea,,0.0,none,missing,no exact/normalized/alias/homepage evidence; no lookalikes either,,v20260906+55419ffd
intellij-idea-ce,,0.0,none,missing,no exact/normalized/alias/homepage evidence; no lookalikes either,,v20260906+55419ffd
intellij-idea-oss,,0.0,none,missing,no exact/normalized/alias/homepage evidence; no lookalikes either,,v20260906+55419ffd
intellij-idea@eap,,0.0,none,missing,no exact/normalized/alias/homepage evidence; no lookalikes either,,v20260906+55419ffd
interact-scratchpad,,0.0,none,missing,no exact/normalized/alias/homepage evidence; no lookalikes either,,v20260906+55419ffd
internxt-drive,,0.0,none,missing,no exact/normalized/alias/homepage evidence; no lookalikes either,,v20260906+55419ffd
intiface-central,,0.0,none,missing,no exact/normalized/alias/homepage evidence; no lookalikes either,,v20260906+55419ffd
intune-company-portal,,0.0,none,missing,no exact/normalized/alias/homepage evidence; no lookalikes either,,v20260906+55419ffd
invesalius,,0.0,none,missing,no exact/normalized/alias/homepage evidence; no lookalikes either,,v20260906+55419ffd
invisor-lite,,0.0,none,missing,no exact/normalized/alias/homepage evidence; no lookalikes either,,v20260906+55419ffd
invoker,,0.0,none,needs-review,no exact/normalized/alias/homepage evidence; fuzzy suggestions listed for review,py-invoke,v20260906+55419ffd
ioquake3,,0.0,none,missing,no exact/normalized/alias/homepage evidence; no lookalikes either,,v20260906+55419ffd
ios-app-signer,,0.0,none,missing,no exact/normalized/alias/homepage evidence; no lookalikes either,,v20260906+55419ffd
ip-in-menu-bar,,0.0,none,missing,no exact/normalized/alias/homepage evidence; no lookalikes either,,v20260906+55419ffd
ipaverse,,0.0,none,missing,no exact/normalized/alias/homepage evidence; no lookalikes either,,v20260906+55419ffd
ipe,ipe,1.0,exact,confident,name identical in both managers; homepages 'https://ipe.otfried.org/' vs 'https://ipe.otfried.org',,v20260906+55419ffd
ipepresenter,,0.0,none,needs-review,no exact/normalized/alias/homepage evidence; fuzzy suggestions listed for review,presenterm,v20260906+55419ffd
ipfs-desktop,ipfs,0.95,alias,confident,listed as alias/oldname of 'ipfs-desktop',,v20260906+55419ffd
iplay,,0.0,none,needs-review,no exact/normalized/alias/homepage evidence; fuzzy suggestions listed for review,play; SIDPLAY,v20260906+55419ffd
ipremoteutility,,0.0,none,missing,no exact/normalized/alias/homepage evidence; no lookalikes either,,v20260906+55419ffd
ipsecuritas,,0.0,none,missing,no exact/normalized/alias/homepage evidence; no lookalikes either,,v20260906+55419ffd
iptvnator,,0.0,none,missing,no exact/normalized/alias/homepage evidence; no lookalikes either,,v20260906+55419ffd
ipvanish-vpn,,0.0,none,missing,no exact/normalized/alias/homepage evidence; no lookalikes either,,v20260906+55419ffd
ipynb-quicklook,,0.0,none,missing,no exact/normalized/alias/homepage evidence; no lookalikes either,,v20260906+55419ffd
iqmol,,0.0,none,missing,no exact/normalized/alias/homepage evidence; no lookalikes either,,v20260906+55419ffd
ireal-pro,,0.0,none,missing,no exact/normalized/alias/homepage evidence; no lookalikes either,,v20260906+55419ffd
iridium,,0.0,none,needs-review,no exact/normalized/alias/homepage evidence; fuzzy suggestions listed for review,gr-iridium,v20260906+55419ffd
iris,,0.0,none,needs-review,no exact/normalized/alias/homepage evidence; fuzzy suggestions listed for review,idris2,v20260906+55419ffd
iriunwebcam,,0.0,none,missing,no exact/normalized/alias/homepage evidence; no lookalikes either,,v20260906+55419ffd
irpf2023,,0.0,none,missing,no exact/normalized/alias/homepage evidence; no lookalikes either,,v20260906+55419ffd
irpf2024,,0.0,none,missing,no exact/normalized/alias/homepage evidence; no lookalikes either,,v20260906+55419ffd
irpf2025,,0.0,none,missing,no exact/normalized/alias/homepage evidence; no lookalikes either,,v20260906+55419ffd
isabelle,,0.0,none,missing,no exact/normalized/alias/homepage evidence; no lookalikes either,,v20260906+55419ffd
ishare,,0.0,none,needs-review,no exact/normalized/alias/homepage evidence; fuzzy suggestions listed for review,ushare,v20260906+55419ffd
ishowu-instant,,0.0,none,missing,no exact/normalized/alias/homepage evidence; no lookalikes either,,v20260906+55419ffd
isimulator,,0.0,none,needs-review,no exact/normalized/alias/homepage evidence; fuzzy suggestions listed for review,R-qsimulatR,v20260906+55419ffd
islide,,0.0,none,needs-review,no exact/normalized/alias/homepage evidence; fuzzy suggestions listed for review,slides,v20260906+55419ffd
istat-menus,,0.0,none,missing,no exact/normalized/alias/homepage evidence; no lookalikes either,,v20260906+55419ffd
istat-menus@5,,0.0,none,missing,no exact/normalized/alias/homepage evidence; no lookalikes either,,v20260906+55419ffd
istat-menus@6,,0.0,none,missing,no exact/normalized/alias/homepage evidence; no lookalikes either,,v20260906+55419ffd
istat-server,,0.0,none,missing,no exact/normalized/alias/homepage evidence; no lookalikes either,,v20260906+55419ffd
istatistica-core,,0.0,none,missing,no exact/normalized/alias/homepage evidence; no lookalikes either,,v20260906+55419ffd
istherenet,,0.0,none,missing,no exact/normalized/alias/homepage evidence; no lookalikes either,,v20260906+55419ffd
isubtitle,,0.0,none,missing,no exact/normalized/alias/homepage evidence; no lookalikes either,,v20260906+55419ffd
isyncer,,0.0,none,needs-review,no exact/normalized/alias/homepage evidence; fuzzy suggestions listed for review,isync,v20260906+55419ffd
itau,,0.0,none,missing,no exact/normalized/alias/homepage evidence; no lookalikes either,,v20260906+55419ffd
itch,,0.0,none,needs-review,no exact/normalized/alias/homepage evidence; fuzzy suggestions listed for review,bitchx,v20260906+55419ffd
iterm2,iTerm2,0.96,normalized,confident,'iterm2' ~ 'iTerm2' after case/punctuation folding,,v20260906+55419ffd
iterm2@beta,,0.0,none,needs-review,no exact/normalized/alias/homepage evidence; same homepage 'https://iterm2.com/' as 'iTerm2' but desc overlap only 0.08; no lookalikes either,,v20260906+55419ffd
iterm2@nightly,,0.0,none,needs-review,no exact/normalized/alias/homepage evidence; same homepage 'https://iterm2.com/' as 'iTerm2' but desc overlap only 0.08; no lookalikes either,,v20260906+55419ffd
itermai,,0.0,none,missing,no exact/normalized/alias/homepage evidence; no lookalikes either,,v20260906+55419ffd
itermbrowserplugin,,0.0,none,missing,no exact/normalized/alias/homepage evidence; no lookalikes either,,v20260906+55419ffd
itermcompanion,,0.0,none,needs-review,no exact/normalized/alias/homepage evidence; fuzzy suggestions listed for review,R-mcompanion,v20260906+55419ffd
itk-snap,,0.0,none,missing,no exact/normalized/alias/homepage evidence; no lookalikes either,,v20260906+55419ffd
itraffic,,0.0,none,missing,no exact/normalized/alias/homepage evidence; no lookalikes either,,v20260906+55419ffd
itsycal,,0.0,none,missing,no exact/normalized/alias/homepage evidence; no lookalikes either,,v20260906+55419ffd
itsypad,,0.0,none,missing,no exact/normalized/alias/homepage evidence; no lookalikes either,,v20260906+55419ffd
itsytv,,0.0,none,missing,no exact/normalized/alias/homepage evidence; no lookalikes either,,v20260906+55419ffd
itunes-producer,,0.0,none,missing,no exact/normalized/alias/homepage evidence; no lookalikes either,,v20260906+55419ffd
ivacy,,0.0,none,missing,no exact/normalized/alias/homepage evidence; no lookalikes either,,v20260906+55419ffd
ivideonserver,,0.0,none,missing,no exact/normalized/alias/homepage evidence; no lookalikes either,,v20260906+55419ffd
ivolume,,0.0,none,missing,no exact/normalized/alias/homepage evidence; no lookalikes either,,v20260906+55419ffd
ivpn,,0.0,none,missing,no exact/normalized/alias/homepage evidence; no lookalikes either,,v20260906+55419ffd
izip,,0.0,none,needs-review,no exact/normalized/alias/homepage evidence; fuzzy suggestions listed for review,zip; libzip,v20260906+55419ffd
izotope-product-portal,,0.0,none,missing,no exact/normalized/alias/homepage evidence; no lookalikes either,,v20260906+55419ffd
j,,0.0,none,missing,no exact/normalized/alias/homepage evidence; no lookalikes either,,v20260906+55419ffd
jabra-direct,,0.0,none,missing,no exact/normalized/alias/homepage evidence; no lookalikes either,,v20260906+55419ffd
jabref,,0.0,none,missing,no exact/normalized/alias/homepage evidence; no lookalikes either,,v20260906+55419ffd
jagex,,0.0,none,missing,no exact/normalized/alias/homepage evidence; no lookalikes either,,v20260906+55419ffd
jaikoz,,0.0,none,missing,no exact/normalized/alias/homepage evidence; no lookalikes either,,v20260906+55419ffd
jalview,,0.0,none,missing,no exact/normalized/alias/homepage evidence; no lookalikes either,,v20260906+55419ffd
jameica,,0.0,none,missing,no exact/normalized/alias/homepage evidence; no lookalikes either,,v20260906+55419ffd
james,,0.0,none,missing,no exact/normalized/alias/homepage evidence; no lookalikes either,,v20260906+55419ffd
jami,,0.0,none,needs-review,no exact/normalized/alias/homepage evidence; fuzzy suggestions listed for review,jam,v20260906+55419ffd
jamie,,0.0,none,missing,no exact/normalized/alias/homepage evidence; no lookalikes either,,v20260906+55419ffd
jamkazam,,0.0,none,missing,no exact/normalized/alias/homepage evidence; no lookalikes either,,v20260906+55419ffd
jamovi,,0.0,none,needs-review,no exact/normalized/alias/homepage evidence; same homepage 'https://www.jamovi.org/' as 'R-jmvconnect' but versions '28.2.0.0' vs '2.5.7'; no lookalikes either,,v20260906+55419ffd
jamulus,,0.0,none,missing,no exact/normalized/alias/homepage evidence; no lookalikes either,,v20260906+55419ffd
jan,,0.0,none,missing,no exact/normalized/alias/homepage evidence; no lookalikes either,,v20260906+55419ffd
jandi,,0.0,none,missing,no exact/normalized/alias/homepage evidence; no lookalikes either,,v20260906+55419ffd
jandi-statusbar,,0.0,none,missing,no exact/normalized/alias/homepage evidence; no lookalikes either,,v20260906+55419ffd
jasp,,0.0,none,needs-review,no exact/normalized/alias/homepage evidence; fuzzy suggestions listed for review,jasper,v20260906+55419ffd
jasper-app,jasper,0.95,alias,confident,listed as alias/oldname of 'jasper-app',,v20260906+55419ffd
java@beta,,0.0,none,needs-review,"no exact/normalized/alias/homepage evidence; same homepage 'https://jdk.java.net/' as 'openjdk15-bootstrap' but desc overlap only 0.00; versions '27,22' vs '15'; no lookalikes either",,v20260906+55419ffd
jazz2-resurrection,,0.0,none,missing,no exact/normalized/alias/homepage evidence; no lookalikes either,,v20260906+55419ffd
jazzup,,0.0,none,missing,no exact/normalized/alias/homepage evidence; no lookalikes either,,v20260906+55419ffd
jbrowse,,0.0,none,needs-review,no exact/normalized/alias/homepage evidence; fuzzy suggestions listed for review,edbrowse,v20260906+55419ffd
jclasslib-bytecode-viewer,,0.0,none,missing,no exact/normalized/alias/homepage evidence; no lookalikes either,,v20260906+55419ffd
jcryptool,,0.0,none,missing,no exact/normalized/alias/homepage evidence; no lookalikes either,,v20260906+55419ffd
jd-gui,jd-gui,1.0,exact,confident,name identical in both managers; homepages 'https://java-decompiler.github.io/' vs 'http://java-decompiler.github.io/',,v20260906+55419ffd
jdiskreport,,0.0,none,missing,no exact/normalized/alias/homepage evidence; no lookalikes either,,v20260906+55419ffd
jdk-mission-control,,0.0,none,missing,no exact/normalized/alias/homepage evidence; no lookalikes either,,v20260906+55419ffd
jdownloader,,0.0,none,needs-review,no exact/normalized/alias/homepage evidence; fuzzy suggestions listed for review,R-downloader; subdownloader,v20260906+55419ffd
jedit,,0.0,none,needs-review,no exact/normalized/alias/homepage evidence; fuzzy suggestions listed for review,edit; xedit; gedit,v20260906+55419ffd
jedit-omega,,0.0,none,missing,no exact/normalized/alias/homepage evidence; no lookalikes either,,v20260906+55419ffd
jellybeansoup-netflix,,0.0,none,missing,no exact/normalized/alias/homepage evidence; no lookalikes either,,v20260906+55419ffd
jellyfin,,0.0,none,missing,no exact/normalized/alias/homepage evidence; no lookalikes either,,v20260906+55419ffd
jellyfin-media-player,,0.0,none,missing,no exact/normalized/alias/homepage evidence; no lookalikes either,,v20260906+55419ffd
jet-pilot,,0.0,none,needs-review,no exact/normalized/alias/homepage evidence; fuzzy suggestions listed for review,jpilot,v20260906+55419ffd
jetbrains-air,,0.0,none,missing,no exact/normalized/alias/homepage evidence; no lookalikes either,,v20260906+55419ffd
jetbrains-gateway,,0.0,none,missing,no exact/normalized/alias/homepage evidence; no lookalikes either,,v20260906+55419ffd
jetbrains-space,,0.0,none,missing,no exact/normalized/alias/homepage evidence; no lookalikes either,,v20260906+55419ffd
jetbrains-toolbox,,0.0,none,missing,no exact/normalized/alias/homepage evidence; no lookalikes either,,v20260906+55419ffd
jetdrive-toolbox,,0.0,none,missing,no exact/normalized/alias/homepage evidence; no lookalikes either,,v20260906+55419ffd
jettison,,0.0,none,missing,no exact/normalized/alias/homepage evidence; no lookalikes either,,v20260906+55419ffd
jewelrybox,,0.0,none,missing,no exact/normalized/alias/homepage evidence; no lookalikes either,,v20260906+55419ffd
jgrasp,,0.0,none,needs-review,no exact/normalized/alias/homepage evidence; fuzzy suggestions listed for review,jgraph,v20260906+55419ffd
jgrennison-openttd,,0.0,none,missing,no exact/normalized/alias/homepage evidence; no lookalikes either,,v20260906+55419ffd
jiba,,0.0,none,missing,no exact/normalized/alias/homepage evidence; no lookalikes either,,v20260906+55419ffd
jiggler,,0.0,none,missing,no exact/normalized/alias/homepage evidence; no lookalikes either,,v20260906+55419ffd
jitouch,,0.0,none,missing,no exact/normalized/alias/homepage evidence; no lookalikes either,,v20260906+55419ffd
jitsi,,0.0,none,needs-review,no exact/normalized/alias/homepage evidence; fuzzy suggestions listed for review,jiti,v20260906+55419ffd
jitsi-meet,,0.0,none,needs-review,no exact/normalized/alias/homepage evidence; same homepage 'https://github.com/jitsi/jitsi-meet-electron/' as 'jitsi-meet-electron' but desc overlap only 0.00; versions '2026.8.0' vs '2024.6.0'; no lookalikes either,,v20260906+55419ffd
jlutil,,0.0,none,needs-review,no exact/normalized/alias/homepage evidence; fuzzy suggestions listed for review,cl-jpl-util,v20260906+55419ffd
jmc,,0.0,none,needs-review,no exact/normalized/alias/homepage evidence; fuzzy suggestions listed for review,mc,v20260906+55419ffd
jollysfastvnc,,0.0,none,missing,no exact/normalized/alias/homepage evidence; no lookalikes either,,v20260906+55419ffd
joplin,,0.0,none,missing,no exact/normalized/alias/homepage evidence; no lookalikes either,,v20260906+55419ffd
jordanbaird-ice,,0.0,none,needs-review,no exact/normalized/alias/homepage evidence; same homepage 'https://icemenubar.app/' as 'Ice' but desc overlap only 0.08; no lookalikes either,,v20260906+55419ffd
jordanbaird-ice@beta,,0.0,none,needs-review,no exact/normalized/alias/homepage evidence; same homepage 'https://icemenubar.app/' as 'Ice' but desc overlap only 0.08; no lookalikes either,,v20260906+55419ffd
josm,JOSM,0.96,normalized,confident,'josm' ~ 'JOSM' after case/punctuation folding,,v20260906+55419ffd
jottacloud,,0.0,none,missing,no exact/normalized/alias/homepage evidence; no lookalikes either,,v20260906+55419ffd
journey,,0.0,none,missing,no exact/normalized/alias/homepage evidence; no lookalikes either,,v20260906+55419ffd
jpadilla-rabbitmq,,0.0,none,missing,no exact/normalized/alias/homepage evidence; no lookalikes either,,v20260906+55419ffd
jpadilla-redis,,0.0,none,missing,no exact/normalized/alias/homepage evidence; no lookalikes either,,v20260906+55419ffd
jpc-qlcolorcode,,0.0,none,needs-review,no exact/normalized/alias/homepage evidence; fuzzy suggestions listed for review,QLColorCode,v20260906+55419ffd
jprofiler,,0.0,none,needs-review,no exact/normalized/alias/homepage evidence; fuzzy suggestions listed for review,R-profile; rox-filer,v20260906+55419ffd
jquake,,0.0,none,needs-review,no exact/normalized/alias/homepage evidence; fuzzy suggestions listed for review,jake,v20260906+55419ffd
jslegendre-themeengine,,0.0,none,missing,no exact/normalized/alias/homepage evidence; no lookalikes either,,v20260906+55419ffd
json-viewer,,0.0,none,missing,no exact/normalized/alias/homepage evidence; no lookalikes either,,v20260906+55419ffd
jt-bridge,,0.0,none,missing,no exact/normalized/alias/homepage evidence; no lookalikes either,,v20260906+55419ffd
jubler,,0.0,none,missing,no exact/normalized/alias/homepage evidence; no lookalikes either,,v20260906+55419ffd
juice,,0.0,none,missing,no exact/normalized/alias/homepage evidence; no lookalikes either,,v20260906+55419ffd
juicy,,0.0,none,missing,no exact/normalized/alias/homepage evidence; no lookalikes either,,v20260906+55419ffd
jukebox,,0.0,none,missing,no exact/normalized/alias/homepage evidence; no lookalikes either,,v20260906+55419ffd
julia-app,julia,0.95,alias,confident,listed as alias/oldname of 'julia-app',,v20260906+55419ffd
julia-app@lts,julia,0.9,homepage,confident,same upstream 'https://julialang.org/' (desc overlap 0.25),,v20260906+55419ffd
julia-app@nightly,julia,0.9,homepage,confident,same upstream 'https://julialang.org/' (desc overlap 0.25),,v20260906+55419ffd
jump-desktop,,0.0,ambiguous,needs-review,alias 'jump' looks like a different program (homepages 'https://jumpdesktop.com/#jdmac' vs 'http://gsamokovarov.com/jump'),jump,v20260906+55419ffd
jump-desktop-connect,,0.0,none,missing,no exact/normalized/alias/homepage evidence; no lookalikes either,,v20260906+55419ffd
jumpcloud-password-manager,,0.0,none,missing,no exact/normalized/alias/homepage evidence; no lookalikes either,,v20260906+55419ffd
jumpcut,jumpcut,1.0,exact,confident,name identical in both managers; homepages 'https://snark.github.io/jumpcut/' vs 'https://snark.github.io/jumpcut/',,v20260906+55419ffd
jumpshare,,0.0,none,needs-review,no exact/normalized/alias/homepage evidence; fuzzy suggestions listed for review,ushare,v20260906+55419ffd
jupyter-notebook-ql,,0.0,none,missing,no exact/normalized/alias/homepage evidence; no lookalikes either,,v20260906+55419ffd
jupyter-notebook-viewer,,0.0,none,missing,no exact/normalized/alias/homepage evidence; no lookalikes either,,v20260906+55419ffd
jupyterlab-app,,0.0,none,needs-review,no exact/normalized/alias/homepage evidence; fuzzy suggestions listed for review,py-jupyterlab,v20260906+55419ffd
juxtacode,,0.0,none,missing,no exact/normalized/alias/homepage evidence; no lookalikes either,,v20260906+55419ffd
jyutping,,0.0,none,missing,no exact/normalized/alias/homepage evidence; no lookalikes either,,v20260906+55419ffd
k6-studio,,0.0,none,missing,no exact/normalized/alias/homepage evidence; no lookalikes either,,v20260906+55419ffd
k8studio,,0.0,none,missing,no exact/normalized/alias/homepage evidence; no lookalikes either,,v20260906+55419ffd
kactus,,0.0,none,missing,no exact/normalized/alias/homepage evidence; no lookalikes either,,v20260906+55419ffd
kaleidoscope,,0.0,none,missing,no exact/normalized/alias/homepage evidence; no lookalikes either,,v20260906+55419ffd
kaleidoscope@2,,0.0,none,missing,no exact/normalized/alias/homepage evidence; no lookalikes either,,v20260906+55419ffd
kaleidoscope@3,,0.0,none,missing,no exact/normalized/alias/homepage evidence; no lookalikes either,,v20260906+55419ffd
kameleo,,0.0,none,missing,no exact/normalized/alias/homepage evidence; no lookalikes either,,v20260906+55419ffd
kando,,0.0,none,needs-review,no exact/normalized/alias/homepage evidence; fuzzy suggestions listed for review,kondo,v20260906+55419ffd
kap,,0.0,none,needs-review,no exact/normalized/alias/homepage evidence; fuzzy suggestions listed for review,kapp,v20260906+55419ffd
karabiner-elements,,0.0,none,missing,no exact/normalized/alias/homepage evidence; no lookalikes either,,v20260906+55419ffd
karafun,,0.0,none,missing,no exact/normalized/alias/homepage evidence; no lookalikes either,,v20260906+55419ffd
karing,,0.0,none,needs-review,no exact/normalized/alias/homepage evidence; fuzzy suggestions listed for review,arping,v20260906+55419ffd
katalon-studio,,0.0,none,missing,no exact/normalized/alias/homepage evidence; no lookalikes either,,v20260906+55419ffd
katana-app,katana,0.95,alias,confident,listed as alias/oldname of 'katana-app',,v20260906+55419ffd
kate,kate,1.0,exact,confident,name identical in both managers; homepages 'https://kate-editor.org/' vs 'https://kate-editor.org',,v20260906+55419ffd
katrain,,0.0,none,missing,no exact/normalized/alias/homepage evidence; no lookalikes either,,v20260906+55419ffd
kde-connect,,0.0,none,missing,no exact/normalized/alias/homepage evidence; no lookalikes either,,v20260906+55419ffd
kdenlive,kdenlive,1.0,exact,confident,name identical in both managers; homepages 'https://kdenlive.org/' vs 'https://kdenlive.org',,v20260906+55419ffd
kdiff3,kdiff3,1.0,exact,confident,name identical in both managers; homepages 'https://invent.kde.org/sdk/kdiff3' vs 'https://kdiff3.sourceforge.net',,v20260906+55419ffd
kdocs,,0.0,none,missing,no exact/normalized/alias/homepage evidence; no lookalikes either,,v20260906+55419ffd
kdrive,,0.0,none,needs-review,no exact/normalized/alias/homepage evidence; fuzzy suggestions listed for review,gdrive; dive,v20260906+55419ffd
keep-it,,0.0,none,needs-review,no exact/normalized/alias/homepage evidence; fuzzy suggestions listed for review,keep,v20260906+55419ffd
keepassx,KeePassX,0.96,normalized,confident,'keepassx' ~ 'KeePassX' after case/punctuation folding,,v20260906+55419ffd
keepassxc,KeePassXC,0.96,normalized,confident,'keepassxc' ~ 'KeePassXC' after case/punctuation folding,,v20260906+55419ffd
keepassxc@beta,,0.0,none,needs-review,no exact/normalized/alias/homepage evidence; fuzzy suggestions listed for review,KeePassXC,v20260906+55419ffd
keepassxc@snapshot,,0.0,none,missing,no exact/normalized/alias/homepage evidence; no lookalikes either,,v20260906+55419ffd
keeper-password-manager,,0.0,none,missing,no exact/normalized/alias/homepage evidence; no lookalikes either,,v20260906+55419ffd
keeperdb,,0.0,none,missing,no exact/normalized/alias/homepage evidence; no lookalikes either,,v20260906+55419ffd
keepingyouawake,,0.0,none,missing,no exact/normalized/alias/homepage evidence; no lookalikes either,,v20260906+55419ffd
keet,,0.0,none,needs-review,no exact/normalized/alias/homepage evidence; fuzzy suggestions listed for review,eet,v20260906+55419ffd
keeweb,,0.0,none,missing,no exact/normalized/alias/homepage evidence; no lookalikes either,,v20260906+55419ffd
keka,keka,1.0,exact,confident,name identical in both managers; homepages 'https://www.keka.io/' vs 'http://kekaosx.com/',,v20260906+55419ffd
keka@beta,,0.0,none,missing,no exact/normalized/alias/homepage evidence; no lookalikes either,,v20260906+55419ffd
kekaexternalhelper,,0.0,none,missing,no exact/normalized/alias/homepage evidence; no lookalikes either,,v20260906+55419ffd
kern,,0.0,none,missing,no exact/normalized/alias/homepage evidence; no lookalikes either,,v20260906+55419ffd
kext-updater,,0.0,none,missing,no exact/normalized/alias/homepage evidence; no lookalikes either,,v20260906+55419ffd
kextviewr,,0.0,none,missing,no exact/normalized/alias/homepage evidence; no lookalikes either,,v20260906+55419ffd
key-codes,,0.0,none,needs-review,no exact/normalized/alias/homepage evidence; fuzzy suggestions listed for review,ecCodes,v20260906+55419ffd
keybase,keybase,1.0,exact,confident,name identical in both managers; homepages 'https://keybase.io/' vs 'https://github.com/keybase/client',,v20260906+55419ffd
keyboard-cleaner,,0.0,none,missing,no exact/normalized/alias/homepage evidence; no lookalikes either,,v20260906+55419ffd
keyboard-cowboy,,0.0,none,missing,no exact/normalized/alias/homepage evidence; no lookalikes either,,v20260906+55419ffd
keyboard-maestro,,0.0,none,missing,no exact/normalized/alias/homepage evidence; no lookalikes either,,v20260906+55419ffd
keyboardcleantool,,0.0,none,missing,no exact/normalized/alias/homepage evidence; no lookalikes either,,v20260906+55419ffd
keyboardholder,,0.0,none,missing,no exact/normalized/alias/homepage evidence; no lookalikes either,,v20260906+55419ffd
keycastr,,0.0,none,missing,no exact/normalized/alias/homepage evidence; no lookalikes either,,v20260906+55419ffd
keychron-assistant,,0.0,none,missing,no exact/normalized/alias/homepage evidence; no lookalikes either,,v20260906+55419ffd
keyclu,,0.0,none,missing,no exact/normalized/alias/homepage evidence; no lookalikes either,,v20260906+55419ffd
keycombiner,,0.0,none,needs-review,no exact/normalized/alias/homepage evidence; fuzzy suggestions listed for review,keybinder,v20260906+55419ffd
keycue,,0.0,none,missing,no exact/normalized/alias/homepage evidence; no lookalikes either,,v20260906+55419ffd
keyguard,,0.0,none,missing,no exact/normalized/alias/homepage evidence; no lookalikes either,,v20260906+55419ffd
keyman,,0.0,none,missing,no exact/normalized/alias/homepage evidence; no lookalikes either,,v20260906+55419ffd
keymanager,,0.0,none,needs-review,no exact/normalized/alias/homepage evidence; fuzzy suggestions listed for review,yubikey-manager; yubikey-manager4,v20260906+55419ffd
keymapp,,0.0,none,missing,no exact/normalized/alias/homepage evidence; no lookalikes either,,v20260906+55419ffd
keypad-layout,,0.0,none,missing,no exact/normalized/alias/homepage evidence; no lookalikes either,,v20260906+55419ffd
keysafe,,0.0,none,missing,no exact/normalized/alias/homepage evidence; no lookalikes either,,v20260906+55419ffd
keyscreen,,0.0,none,needs-review,no exact/normalized/alias/homepage evidence; fuzzy suggestions listed for review,screen,v20260906+55419ffd
keysmith,,0.0,none,missing,no exact/normalized/alias/homepage evidence; no lookalikes either,,v20260906+55419ffd
keystore-explorer,keystore-explorer,1.0,exact,confident,name identical in both managers; homepages 'https://keystore-explorer.org/' vs 'https://keystore-explorer.org/',,v20260906+55419ffd
keyty,,0.0,none,missing,no exact/normalized/alias/homepage evidence; no lookalikes either,,v20260906+55419ffd
kicad,kicad,1.0,exact,confident,name identical in both managers; homepages 'https://kicad.org/' vs 'https://www.kicad.org/',,v20260906+55419ffd
kid3,kid3,1.0,exact,confident,name identical in both managers; homepages 'https://kid3.kde.org/' vs 'https://kid3.kde.org/',,v20260906+55419ffd
kigb,,0.0,none,needs-review,no exact/normalized/alias/homepage evidence; fuzzy suggestions listed for review,kig,v20260906+55419ffd
kiibohd-configurator,,0.0,none,missing,no exact/normalized/alias/homepage evidence; no lookalikes either,,v20260906+55419ffd
kilohearts-installer,,0.0,none,missing,no exact/normalized/alias/homepage evidence; no lookalikes either,,v20260906+55419ffd
kimi,,0.0,none,missing,no exact/normalized/alias/homepage evidence; no lookalikes either,,v20260906+55419ffd
kimis,,0.0,none,missing,no exact/normalized/alias/homepage evidence; no lookalikes either,,v20260906+55419ffd
kindavim,,0.0,none,missing,no exact/normalized/alias/homepage evidence; no lookalikes either,,v20260906+55419ffd
kindle-comic-converter,,0.0,none,missing,no exact/normalized/alias/homepage evidence; no lookalikes either,,v20260906+55419ffd
kindle-comic-creator,,0.0,none,missing,no exact/normalized/alias/homepage evidence; no lookalikes either,,v20260906+55419ffd
kindle-create,,0.0,none,missing,no exact/normalized/alias/homepage evidence; no lookalikes either,,v20260906+55419ffd
kindle-previewer,,0.0,none,missing,no exact/normalized/alias/homepage evidence; no lookalikes either,,v20260906+55419ffd
kiro,,0.0,none,missing,no exact/normalized/alias/homepage evidence; no lookalikes either,,v20260906+55419ffd
kiro-cli,,0.0,none,missing,no exact/normalized/alias/homepage evidence; no lookalikes either,,v20260906+55419ffd
kirocrew,,0.0,none,missing,no exact/normalized/alias/homepage evidence; no lookalikes either,,v20260906+55419ffd
kitlangton-hex,,0.0,none,missing,no exact/normalized/alias/homepage evidence; no lookalikes either,,v20260906+55419ffd
kitty,kitty,1.0,exact,confident,name identical in both managers; homepages 'https://github.com/kovidgoyal/kitty' vs 'https://sw.kovidgoyal.net/kitty/',,v20260906+55419ffd
kitty@nightly,,0.0,none,missing,no exact/normalized/alias/homepage evidence; no lookalikes either,,v20260906+55419ffd
kiwi-for-gmail,,0.0,none,missing,no exact/normalized/alias/homepage evidence; no lookalikes either,,v20260906+55419ffd
kiwix,,0.0,none,missing,no exact/normalized/alias/homepage evidence; no lookalikes either,,v20260906+55419ffd
kkbox,,0.0,none,missing,no exact/normalized/alias/homepage evidence; no lookalikes either,,v20260906+55419ffd
klatexformula,,0.0,none,missing,no exact/normalized/alias/homepage evidence; no lookalikes either,,v20260906+55419ffd
klayout,,0.0,none,missing,no exact/normalized/alias/homepage evidence; no lookalikes either,,v20260906+55419ffd
klogg,,0.0,none,needs-review,no exact/normalized/alias/homepage evidence; fuzzy suggestions listed for review,klog,v20260906+55419ffd
klokki,,0.0,none,missing,no exact/normalized/alias/homepage evidence; no lookalikes either,,v20260906+55419ffd
kmeet,,0.0,none,missing,no exact/normalized/alias/homepage evidence; no lookalikes either,,v20260906+55419ffd
knime,,0.0,none,missing,no exact/normalized/alias/homepage evidence; no lookalikes either,,v20260906+55419ffd
knock-app,,0.0,ambiguous,needs-review,alias 'knock' looks like a different program (homepages 'http://www.knocktounlock.com/' vs 'https://www.zeroflux.org/projects/knock'),knock,v20260906+55419ffd
knockknock,,0.0,none,missing,no exact/normalized/alias/homepage evidence; no lookalikes either,,v20260906+55419ffd
knuff,,0.0,none,missing,no exact/normalized/alias/homepage evidence; no lookalikes either,,v20260906+55419ffd
kobo,,0.0,none,missing,no exact/normalized/alias/homepage evidence; no lookalikes either,,v20260906+55419ffd
kodelife,,0.0,none,missing,no exact/normalized/alias/homepage evidence; no lookalikes either,,v20260906+55419ffd
kodi,,0.0,none,missing,no exact/normalized/alias/homepage evidence; no lookalikes either,,v20260906+55419ffd
koe,,0.0,none,needs-review,no exact/normalized/alias/homepage evidence; fuzzy suggestions listed for review,ko,v20260906+55419ffd
kogiqa,,0.0,none,missing,no exact/normalized/alias/homepage evidence; no lookalikes either,,v20260906+55419ffd
koharu,,0.0,none,missing,no exact/normalized/alias/homepage evidence; no lookalikes either,,v20260906+55419ffd
komet,,0.0,none,missing,no exact/normalized/alias/homepage evidence; no lookalikes either,,v20260906+55419ffd
konica-minolta-bizhub-c750i-driver,,0.0,none,missing,no exact/normalized/alias/homepage evidence; no lookalikes either,,v20260906+55419ffd
konica-minolta-bizhub-c759-c658-c368-c287-c3851-driver,,0.0,none,missing,no exact/normalized/alias/homepage evidence; no lookalikes either,,v20260906+55419ffd
kontur-talk,,0.0,none,missing,no exact/normalized/alias/homepage evidence; no lookalikes either,,v20260906+55419ffd
koodo-reader,,0.0,none,missing,no exact/normalized/alias/homepage evidence; no lookalikes either,,v20260906+55419ffd
kopiaui,,0.0,none,missing,no exact/normalized/alias/homepage evidence; no lookalikes either,,v20260906+55419ffd
koreader,,0.0,none,missing,no exact/normalized/alias/homepage evidence; no lookalikes either,,v20260906+55419ffd
kotlin-lsp,,0.0,none,needs-review,no exact/normalized/alias/homepage evidence; fuzzy suggestions listed for review,kotlin,v20260906+55419ffd
kotlin-native,,0.0,none,missing,no exact/normalized/alias/homepage evidence; no lookalikes either,,v20260906+55419ffd
kreya,,0.0,none,missing,no exact/normalized/alias/homepage evidence; no lookalikes either,,v20260906+55419ffd
krisp,,0.0,none,missing,no exact/normalized/alias/homepage evidence; no lookalikes either,,v20260906+55419ffd
krita,,0.0,none,missing,no exact/normalized/alias/homepage evidence; no lookalikes either,,v20260906+55419ffd
ksnip,,0.0,none,missing,no exact/normalized/alias/homepage evidence; no lookalikes either,,v20260906+55419ffd
kstars,kstars,1.0,exact,confident,name identical in both managers; homepages 'https://kstars.kde.org/' vs 'http://edu.kde.org/kstars/',,v20260906+55419ffd
kuaitie,,0.0,none,missing,no exact/normalized/alias/homepage evidence; no lookalikes either,,v20260906+55419ffd
kubecontext,,0.0,none,missing,no exact/normalized/alias/homepage evidence; no lookalikes either,,v20260906+55419ffd
kubernetic,,0.0,none,missing,no exact/normalized/alias/homepage evidence; no lookalikes either,,v20260906+55419ffd
kubeterm,,0.0,none,missing,no exact/normalized/alias/homepage evidence; no lookalikes either,,v20260906+55419ffd
kui,,0.0,none,missing,no exact/normalized/alias/homepage evidence; no lookalikes either,,v20260906+55419ffd
kunkun,,0.0,none,missing,no exact/normalized/alias/homepage evidence; no lookalikes either,,v20260906+55419ffd
kvirc,,0.0,none,needs-review,no exact/normalized/alias/homepage evidence; fuzzy suggestions listed for review,tkirc,v20260906+55419ffd
kyokan-bob,,0.0,none,missing,no exact/normalized/alias/homepage evidence; no lookalikes either,,v20260906+55419ffd
label-live,,0.0,none,missing,no exact/normalized/alias/homepage evidence; no lookalikes either,,v20260906+55419ffd
labplot,,0.0,none,missing,no exact/normalized/alias/homepage evidence; no lookalikes either,,v20260906+55419ffd
labymod,,0.0,none,missing,no exact/normalized/alias/homepage evidence; no lookalikes either,,v20260906+55419ffd
lagrange,lagrange,1.0,exact,confident,name identical in both managers; homepages 'https://gmi.skyjake.fi/lagrange/' vs 'https://codeberg.org/skyjake/lagrange',,v20260906+55419ffd
lando,,0.0,none,missing,no exact/normalized/alias/homepage evidence; no lookalikes either,,v20260906+55419ffd
lando@edge,,0.0,none,missing,no exact/normalized/alias/homepage evidence; no lookalikes either,,v20260906+55419ffd
landrop,,0.0,none,missing,no exact/normalized/alias/homepage evidence; no lookalikes either,,v20260906+55419ffd
langflow,,0.0,none,missing,no exact/normalized/alias/homepage evidence; no lookalikes either,,v20260906+55419ffd
langgraph-studio,,0.0,none,missing,no exact/normalized/alias/homepage evidence; no lookalikes either,,v20260906+55419ffd
languagetool-desktop,LanguageTool,0.95,alias,confident,listed as alias/oldname of 'languagetool-desktop',,v20260906+55419ffd
lantern,,0.0,none,needs-review,no exact/normalized/alias/homepage evidence; fuzzy suggestions listed for review,R-slanter,v20260906+55419ffd
lapce,lapce,1.0,exact,confident,name identical in both managers; homepages 'https://lapce.dev/' vs 'https://lapce.dev/',,v20260906+55419ffd
laravel-kit,,0.0,none,missing,no exact/normalized/alias/homepage evidence; no lookalikes either,,v20260906+55419ffd
lark,,0.0,none,needs-review,no exact/normalized/alias/homepage evidence; fuzzy suggestions listed for review,glark; ark; py-lark,v20260906+55419ffd
laserpecker-design-space,,0.0,none,missing,no exact/normalized/alias/homepage evidence; no lookalikes either,,v20260906+55419ffd
lasso-app,,0.0,none,missing,no exact/normalized/alias/homepage evidence; no lookalikes either,,v20260906+55419ffd
last-window-quits,,0.0,none,missing,no exact/normalized/alias/homepage evidence; no lookalikes either,,v20260906+55419ffd
lastfm,,0.0,none,needs-review,no exact/normalized/alias/homepage evidence; same homepage 'https://www.last.fm/' as 'lastfm-desktop' but desc overlap only 0.00; fuzzy suggestions listed for review,lastmp; liblastfm; lastfmlib,v20260906+55419ffd
lastpass,,0.0,none,needs-review,no exact/normalized/alias/homepage evidence; fuzzy suggestions listed for review,lastpass-cli,v20260906+55419ffd
latest,,0.0,none,missing,no exact/normalized/alias/homepage evidence; no lookalikes either,,v20260906+55419ffd
latexdraw,,0.0,none,missing,no exact/normalized/alias/homepage evidence; no lookalikes either,,v20260906+55419ffd
latexit,LaTeXiT,0.96,normalized,confident,'latexit' ~ 'LaTeXiT' after case/punctuation folding,,v20260906+55419ffd
launchbar,,0.0,none,needs-review,no exact/normalized/alias/homepage evidence; fuzzy suggestions listed for review,launch,v20260906+55419ffd
launchcontrol,,0.0,none,missing,no exact/normalized/alias/homepage evidence; no lookalikes either,,v20260906+55419ffd
launchie,,0.0,none,needs-review,no exact/normalized/alias/homepage evidence; fuzzy suggestions listed for review,launch,v20260906+55419ffd
launchos,,0.0,none,needs-review,no exact/normalized/alias/homepage evidence; fuzzy suggestions listed for review,launch,v20260906+55419ffd
launchpad-manager,,0.0,none,missing,no exact/normalized/alias/homepage evidence; no lookalikes either,,v20260906+55419ffd
lazarus,lazarus,1.0,exact,confident,name identical in both managers; homepages 'https://www.lazarus-ide.org/' vs 'https://www.lazarus-ide.org',,v20260906+55419ffd
lazpaint,,0.0,none,missing,no exact/normalized/alias/homepage evidence; no lookalikes either,,v20260906+55419ffd
lazycat,,0.0,none,missing,no exact/normalized/alias/homepage evidence; no lookalikes either,,v20260906+55419ffd
lbry,,0.0,none,missing,no exact/normalized/alias/homepage evidence; no lookalikes either,,v20260906+55419ffd
leader-key,,0.0,none,missing,no exact/normalized/alias/homepage evidence; no lookalikes either,,v20260906+55419ffd
league-displays,,0.0,none,missing,no exact/normalized/alias/homepage evidence; no lookalikes either,,v20260906+55419ffd
league-of-legends,,0.0,none,missing,no exact/normalized/alias/homepage evidence; no lookalikes either,,v20260906+55419ffd
leanote,,0.0,none,needs-review,no exact/normalized/alias/homepage evidence; fuzzy suggestions listed for review,leafnode,v20260906+55419ffd
leapp,,0.0,none,missing,no exact/normalized/alias/homepage evidence; no lookalikes either,,v20260906+55419ffd
lectrote,,0.0,none,missing,no exact/normalized/alias/homepage evidence; no lookalikes either,,v20260906+55419ffd
ledger-wallet,,0.0,none,missing,no exact/normalized/alias/homepage evidence; no lookalikes either,,v20260906+55419ffd
leech,,0.0,none,missing,no exact/normalized/alias/homepage evidence; no lookalikes either,,v20260906+55419ffd
leela,,0.0,none,missing,no exact/normalized/alias/homepage evidence; no lookalikes either,,v20260906+55419ffd
legcord,Legcord,0.96,normalized,confident,'legcord' ~ 'Legcord' after case/punctuation folding,,v20260906+55419ffd
lego-mindstorms-ev3,,0.0,none,missing,no exact/normalized/alias/homepage evidence; no lookalikes either,,v20260906+55419ffd
lehreroffice,,0.0,none,missing,no exact/normalized/alias/homepage evidence; no lookalikes either,,v20260906+55419ffd
leigod,,0.0,none,needs-review,no exact/normalized/alias/homepage evidence; fuzzy suggestions listed for review,lego,v20260906+55419ffd
lemonade-server,,0.0,none,missing,no exact/normalized/alias/homepage evidence; no lookalikes either,,v20260906+55419ffd
lemonlime,,0.0,none,missing,no exact/normalized/alias/homepage evidence; no lookalikes either,,v20260906+55419ffd
lens,lens,1.0,exact,confident,name identical in both managers; homepages 'https://lenshq.io/' vs 'https://k8slens.dev',,v20260906+55419ffd
leocad,,0.0,none,missing,no exact/normalized/alias/homepage evidence; no lookalikes either,,v20260906+55419ffd
lepton,,0.0,none,needs-review,no exact/normalized/alias/homepage evidence; fuzzy suggestions listed for review,py-lepton; leptonica,v20260906+55419ffd
letos,,0.0,none,needs-review,no exact/normalized/alias/homepage evidence; fuzzy suggestions listed for review,cl-eos,v20260906+55419ffd
lets,,0.0,none,missing,no exact/normalized/alias/homepage evidence; no lookalikes either,,v20260906+55419ffd
letter-opener,,0.0,none,missing,no exact/normalized/alias/homepage evidence; no lookalikes either,,v20260906+55419ffd
lexicon-dj,,0.0,none,missing,no exact/normalized/alias/homepage evidence; no lookalikes either,,v20260906+55419ffd
lg-onscreen-control,,0.0,none,missing,no exact/normalized/alias/homepage evidence; no lookalikes either,,v20260906+55419ffd
libation,,0.0,none,needs-review,no exact/normalized/alias/homepage evidence; fuzzy suggestions listed for review,libcaption; libticonv; libtins,v20260906+55419ffd
libcblite,,0.0,none,missing,no exact/normalized/alias/homepage evidence; no lookalikes either,,v20260906+55419ffd
libcblite-community,,0.0,none,missing,no exact/normalized/alias/homepage evidence; no lookalikes either,,v20260906+55419ffd
libifd-cyberjack,,0.0,none,missing,no exact/normalized/alias/homepage evidence; no lookalikes either,,v20260906+55419ffd
libndi,,0.0,none,needs-review,no exact/normalized/alias/homepage evidence; fuzzy suggestions listed for review,libdbi; indi,v20260906+55419ffd
librecad,LibreCAD,0.96,normalized,confident,'librecad' ~ 'LibreCAD' after case/punctuation folding,,v20260906+55419ffd
libreoffice,libreoffice,1.0,exact,confident,name identical in both managers; homepages 'https://www.libreoffice.org/' vs 'https://www.libreoffice.org',,v20260906+55419ffd
libreoffice-language-pack,,0.0,none,needs-review,no exact/normalized/alias/homepage evidence; same homepage 'https://www.libreoffice.org/' as 'libreoffice' but desc overlap only 0.03; versions '26.8.0' vs '7.6.4.1'; no lookalikes either,,v20260906+55419ffd
libreoffice-still,,0.0,none,needs-review,no exact/normalized/alias/homepage evidence; same homepage 'https://www.libreoffice.org/' as 'libreoffice' but desc overlap only 0.09; versions '26.2.6' vs '7.6.4.1'; fuzzy suggestions listed for review,libreoffice,v20260906+55419ffd
libreoffice-still-language-pack,,0.0,none,needs-review,no exact/normalized/alias/homepage evidence; same homepage 'https://www.libreoffice.org/' as 'libreoffice' but desc overlap only 0.03; versions '26.2.6' vs '7.6.4.1'; no lookalikes either,,v20260906+55419ffd
librepcb,,0.0,none,needs-review,no exact/normalized/alias/homepage evidence; fuzzy suggestions listed for review,librep; libepc,v20260906+55419ffd
librewolf,,0.0,none,needs-review,no exact/normalized/alias/homepage evidence; fuzzy suggestions listed for review,direwolf; libewf; libelf,v20260906+55419ffd
licecap,,0.0,none,missing,no exact/normalized/alias/homepage evidence; no lookalikes either,,v20260906+55419ffd
license-control-center,,0.0,none,missing,no exact/normalized/alias/homepage evidence; no lookalikes either,,v20260906+55419ffd
licensed-app,,0.0,none,missing,no exact/normalized/alias/homepage evidence; no lookalikes either,,v20260906+55419ffd
liclipse,,0.0,none,missing,no exact/normalized/alias/homepage evidence; no lookalikes either,,v20260906+55419ffd
lidanglesensor,,0.0,none,missing,no exact/normalized/alias/homepage evidence; no lookalikes either,,v20260906+55419ffd
lidarr,,0.0,none,missing,no exact/normalized/alias/homepage evidence; no lookalikes either,,v20260906+55419ffd
lifesize,,0.0,none,missing,no exact/normalized/alias/homepage evidence; no lookalikes either,,v20260906+55419ffd
lightburn,,0.0,none,missing,no exact/normalized/alias/homepage evidence; no lookalikes either,,v20260906+55419ffd
lighting,,0.0,none,needs-review,no exact/normalized/alias/homepage evidence; fuzzy suggestions listed for review,lightning,v20260906+55419ffd
lightkey,,0.0,none,missing,no exact/normalized/alias/homepage evidence; no lookalikes either,,v20260906+55419ffd
lightproxy,,0.0,none,missing,no exact/normalized/alias/homepage evidence; no lookalikes either,,v20260906+55419ffd
lightworks,,0.0,none,missing,no exact/normalized/alias/homepage evidence; no lookalikes either,,v20260906+55419ffd
limitless,,0.0,none,missing,no exact/normalized/alias/homepage evidence; no lookalikes either,,v20260906+55419ffd
linear,,0.0,none,needs-review,no exact/normalized/alias/homepage evidence; fuzzy suggestions listed for review,liblinear,v20260906+55419ffd
linearmouse,,0.0,none,missing,no exact/normalized/alias/homepage evidence; no lookalikes either,,v20260906+55419ffd
linearmouse@beta,,0.0,none,missing,no exact/normalized/alias/homepage evidence; no lookalikes either,,v20260906+55419ffd
lingon-x,,0.0,none,needs-review,no exact/normalized/alias/homepage evidence; fuzzy suggestions listed for review,Lingon; clingcon,v20260906+55419ffd
linguax,,0.0,none,missing,no exact/normalized/alias/homepage evidence; no lookalikes either,,v20260906+55419ffd
linkandroid,,0.0,none,missing,no exact/normalized/alias/homepage evidence; no lookalikes either,,v20260906+55419ffd
linkliar,,0.0,none,missing,no exact/normalized/alias/homepage evidence; no lookalikes either,,v20260906+55419ffd
linphone,linphone,1.0,exact,confident,name identical in both managers; homepages 'https://www.linphone.org/' vs 'http://www.linphone.org/',,v20260906+55419ffd
linqpad,,0.0,none,missing,no exact/normalized/alias/homepage evidence; no lookalikes either,,v20260906+55419ffd
liquibase-community,,0.0,none,missing,no exact/normalized/alias/homepage evidence; no lookalikes either,,v20260906+55419ffd
liquibase-secure,,0.0,none,missing,no exact/normalized/alias/homepage evidence; no lookalikes either,,v20260906+55419ffd
listen1,,0.0,none,needs-review,no exact/normalized/alias/homepage evidence; fuzzy suggestions listed for review,rb-listen; R-listenv,v20260906+55419ffd
litecoin,litecoin,1.0,exact,confident,name identical in both managers; homepages 'https://litecoin.org/' vs 'https://litecoin.org',,v20260906+55419ffd
liteide,liteide,1.0,exact,confident,name identical in both managers; homepages 'https://github.com/visualfc/liteide' vs 'http://liteide.org',,v20260906+55419ffd
little-navmap,,0.0,none,missing,no exact/normalized/alias/homepage evidence; no lookalikes either,,v20260906+55419ffd
little-snitch,,0.0,none,missing,no exact/normalized/alias/homepage evidence; no lookalikes either,,v20260906+55419ffd
little-snitch@4,,0.0,none,missing,no exact/normalized/alias/homepage evidence; no lookalikes either,,v20260906+55419ffd
little-snitch@5,,0.0,none,missing,no exact/normalized/alias/homepage evidence; no lookalikes either,,v20260906+55419ffd
little-snitch@nightly,,0.0,none,missing,no exact/normalized/alias/homepage evidence; no lookalikes either,,v20260906+55419ffd
live-home-3d,,0.0,none,missing,no exact/normalized/alias/homepage evidence; no lookalikes either,,v20260906+55419ffd
livebook,,0.0,none,needs-review,no exact/normalized/alias/homepage evidence; fuzzy suggestions listed for review,libe-book,v20260906+55419ffd
livebook@nightly,,0.0,none,missing,no exact/normalized/alias/homepage evidence; no lookalikes either,,v20260906+55419ffd
livetail,,0.0,none,missing,no exact/normalized/alias/homepage evidence; no lookalikes either,,v20260906+55419ffd
liviable,,0.0,none,missing,no exact/normalized/alias/homepage evidence; no lookalikes either,,v20260906+55419ffd
llama-app,,0.0,none,needs-review,no exact/normalized/alias/homepage evidence; fuzzy suggestions listed for review,llama.cpp; llama-swap,v20260906+55419ffd
llamachat,,0.0,none,missing,no exact/normalized/alias/homepage evidence; no lookalikes either,,v20260906+55419ffd
lm-studio,,0.0,none,missing,no exact/normalized/alias/homepage evidence; no lookalikes either,,v20260906+55419ffd
lm-studio-bionic,,0.0,none,missing,no exact/normalized/alias/homepage evidence; no lookalikes either,,v20260906+55419ffd
lmms,lmms,1.0,exact,confident,name identical in both managers; homepages 'https://lmms.io/' vs 'https://lmms.io/',,v20260906+55419ffd
lo-rain,,0.0,none,missing,no exact/normalized/alias/homepage evidence; no lookalikes either,,v20260906+55419ffd
loading,,0.0,none,missing,no exact/normalized/alias/homepage evidence; no lookalikes either,,v20260906+55419ffd
loaf,,0.0,none,missing,no exact/normalized/alias/homepage evidence; no lookalikes either,,v20260906+55419ffd
lobehub,,0.0,none,missing,no exact/normalized/alias/homepage evidence; no lookalikes either,,v20260906+55419ffd
local,,0.0,none,needs-review,no exact/normalized/alias/homepage evidence; fuzzy suggestions listed for review,ocaml,v20260906+55419ffd
local@beta,,0.0,none,missing,no exact/normalized/alias/homepage evidence; no lookalikes either,,v20260906+55419ffd
localcan,,0.0,none,missing,no exact/normalized/alias/homepage evidence; no lookalikes either,,v20260906+55419ffd
localizationeditor,,0.0,none,missing,no exact/normalized/alias/homepage evidence; no lookalikes either,,v20260906+55419ffd
localsend,,0.0,none,missing,no exact/normalized/alias/homepage evidence; no lookalikes either,,v20260906+55419ffd
localxpose,,0.0,none,missing,no exact/normalized/alias/homepage evidence; no lookalikes either,,v20260906+55419ffd
locationsimulator,,0.0,none,missing,no exact/normalized/alias/homepage evidence; no lookalikes either,,v20260906+55419ffd
lockdown,,0.0,none,needs-review,no exact/normalized/alias/homepage evidence; fuzzy suggestions listed for review,lowdown,v20260906+55419ffd
lockrattler,,0.0,none,needs-review,"no exact/normalized/alias/homepage evidence; same homepage 'https://eclecticlight.co/lockrattler-systhist/' as 'SilentKnight' but desc overlap only 0.11; versions '4.37,2023.05' vs '1.21'; no lookalikes either",,v20260906+55419ffd
locu,,0.0,none,missing,no exact/normalized/alias/homepage evidence; no lookalikes either,,v20260906+55419ffd
lofi,,0.0,none,missing,no exact/normalized/alias/homepage evidence; no lookalikes either,,v20260906+55419ffd
logdna-cli,,0.0,none,missing,no exact/normalized/alias/homepage evidence; no lookalikes either,,v20260906+55419ffd
logi-options+,,0.0,none,missing,no exact/normalized/alias/homepage evidence; no lookalikes either,,v20260906+55419ffd
logicsniffer,,0.0,none,missing,no exact/normalized/alias/homepage evidence; no lookalikes either,,v20260906+55419ffd
loginputmac,,0.0,none,missing,no exact/normalized/alias/homepage evidence; no lookalikes either,,v20260906+55419ffd
logisim-evolution,logisim-evolution,1.0,exact,confident,name identical in both managers; homepages 'https://github.com/logisim-evolution/logisim-evolution' vs 'https://github.com/logisim-evolution/logisim-evolution',,v20260906+55419ffd
logitech-camera-settings,,0.0,none,missing,no exact/normalized/alias/homepage evidence; no lookalikes either,,v20260906+55419ffd
logitech-g-hub,,0.0,none,missing,no exact/normalized/alias/homepage evidence; no lookalikes either,,v20260906+55419ffd
logitech-options,,0.0,none,missing,no exact/normalized/alias/homepage evidence; no lookalikes either,,v20260906+55419ffd
logitech-presentation,,0.0,none,missing,no exact/normalized/alias/homepage evidence; no lookalikes either,,v20260906+55419ffd
logitune,,0.0,none,missing,no exact/normalized/alias/homepage evidence; no lookalikes either,,v20260906+55419ffd
logmein-client,,0.0,none,missing,no exact/normalized/alias/homepage evidence; no lookalikes either,,v20260906+55419ffd
logmein-hamachi,,0.0,none,missing,no exact/normalized/alias/homepage evidence; no lookalikes either,,v20260906+55419ffd
logos,,0.0,none,needs-review,no exact/normalized/alias/homepage evidence; fuzzy suggestions listed for review,xlogo,v20260906+55419ffd
logseq,,0.0,none,missing,no exact/normalized/alias/homepage evidence; no lookalikes either,,v20260906+55419ffd
logseq-og,,0.0,none,missing,no exact/normalized/alias/homepage evidence; no lookalikes either,,v20260906+55419ffd
lolgato,,0.0,none,needs-review,no exact/normalized/alias/homepage evidence; fuzzy suggestions listed for review,blogtato,v20260906+55419ffd
longbridge-pro,,0.0,none,missing,no exact/normalized/alias/homepage evidence; no lookalikes either,,v20260906+55419ffd
longplay,,0.0,none,missing,no exact/normalized/alias/homepage evidence; no lookalikes either,,v20260906+55419ffd
lookaway,,0.0,none,missing,no exact/normalized/alias/homepage evidence; no lookalikes either,,v20260906+55419ffd
lookin,,0.0,none,missing,no exact/normalized/alias/homepage evidence; no lookalikes either,,v20260906+55419ffd
lookingglassstudio,,0.0,none,missing,no exact/normalized/alias/homepage evidence; no lookalikes either,,v20260906+55419ffd
loom,,0.0,none,missing,no exact/normalized/alias/homepage evidence; no lookalikes either,,v20260906+55419ffd
loop,,0.0,none,needs-review,no exact/normalized/alias/homepage evidence; fuzzy suggestions listed for review,R-sloop; lookup; xloops,v20260906+55419ffd
loop-messenger,,0.0,none,missing,no exact/normalized/alias/homepage evidence; no lookalikes either,,v20260906+55419ffd
loopback,,0.0,none,missing,no exact/normalized/alias/homepage evidence; no lookalikes either,,v20260906+55419ffd
losslesscut,,0.0,none,missing,no exact/normalized/alias/homepage evidence; no lookalikes either,,v20260906+55419ffd
losslessswitcher,,0.0,none,missing,no exact/normalized/alias/homepage evidence; no lookalikes either,,v20260906+55419ffd
lotus,,0.0,none,missing,no exact/normalized/alias/homepage evidence; no lookalikes either,,v20260906+55419ffd
loungy,,0.0,none,missing,no exact/normalized/alias/homepage evidence; no lookalikes either,,v20260906+55419ffd
loupedeck,,0.0,none,missing,no exact/normalized/alias/homepage evidence; no lookalikes either,,v20260906+55419ffd
love,love-11,0.9,homepage,confident,same upstream 'https://love2d.org/' (desc overlap 0.20),,v20260906+55419ffd
low-profile,,0.0,none,missing,no exact/normalized/alias/homepage evidence; no lookalikes either,,v20260906+55419ffd
lrtimelapse,,0.0,none,missing,no exact/normalized/alias/homepage evidence; no lookalikes either,,v20260906+55419ffd
ltspice,,0.0,none,missing,no exact/normalized/alias/homepage evidence; no lookalikes either,,v20260906+55419ffd
ltx-desktop,,0.0,none,needs-review,no exact/normalized/alias/homepage evidence; fuzzy suggestions listed for review,xfdesktop,v20260906+55419ffd
luanti,luanti,1.0,exact,confident,name identical in both managers; homepages 'https://www.luanti.org/' vs 'https://www.luanti.org',,v20260906+55419ffd
ludwig,,0.0,none,missing,no exact/normalized/alias/homepage evidence; no lookalikes either,,v20260906+55419ffd
lulu,,0.0,none,missing,no exact/normalized/alias/homepage evidence; no lookalikes either,,v20260906+55419ffd
lumen,,0.0,none,needs-review,no exact/normalized/alias/homepage evidence; fuzzy suggestions listed for review,dlume,v20260906+55419ffd
lumide,,0.0,none,missing,no exact/normalized/alias/homepage evidence; no lookalikes either,,v20260906+55419ffd
luminance-hdr,luminance-hdr,1.0,exact,confident,name identical in both managers; homepages 'https://qtpfsgui.sourceforge.io/' vs 'http://qtpfsgui.sourceforge.net/',,v20260906+55419ffd
luna-display,,0.0,none,missing,no exact/normalized/alias/homepage evidence; no lookalikes either,,v20260906+55419ffd
luna-secondary,,0.0,none,missing,no exact/normalized/alias/homepage evidence; no lookalikes either,,v20260906+55419ffd
lunacy,,0.0,none,needs-review,no exact/normalized/alias/homepage evidence; fuzzy suggestions listed for review,unac,v20260906+55419ffd
lunar,,0.0,none,needs-review,no exact/normalized/alias/homepage evidence; fuzzy suggestions listed for review,unar; unrar; unarj,v20260906+55419ffd
lunar-client,,0.0,none,missing,no exact/normalized/alias/homepage evidence; no lookalikes either,,v20260906+55419ffd
lunarbar,,0.0,none,missing,no exact/normalized/alias/homepage evidence; no lookalikes either,,v20260906+55419ffd
lunasea,,0.0,none,missing,no exact/normalized/alias/homepage evidence; no lookalikes either,,v20260906+55419ffd
lunatask,,0.0,none,missing,no exact/normalized/alias/homepage evidence; no lookalikes either,,v20260906+55419ffd
luniistore,,0.0,none,missing,no exact/normalized/alias/homepage evidence; no lookalikes either,,v20260906+55419ffd
luxmark,,0.0,none,missing,no exact/normalized/alias/homepage evidence; no lookalikes either,,v20260906+55419ffd
luxury-yacht,,0.0,none,missing,no exact/normalized/alias/homepage evidence; no lookalikes either,,v20260906+55419ffd
lw-scanner,,0.0,none,missing,no exact/normalized/alias/homepage evidence; no lookalikes either,,v20260906+55419ffd
lx-music,,0.0,none,missing,no exact/normalized/alias/homepage evidence; no lookalikes either,,v20260906+55419ffd
lycheeslicer,,0.0,none,missing,no exact/normalized/alias/homepage evidence; no lookalikes either,,v20260906+55419ffd
lyn,,0.0,none,needs-review,no exact/normalized/alias/homepage evidence; fuzzy suggestions listed for review,lynx,v20260906+55419ffd
lynkeos,,0.0,none,missing,no exact/normalized/alias/homepage evidence; no lookalikes either,,v20260906+55419ffd
lynx-whiteboard,lynx,0.95,alias,confident,listed as alias/oldname of 'lynx-whiteboard',,v20260906+55419ffd
lyric-fever,,0.0,none,missing,no exact/normalized/alias/homepage evidence; no lookalikes either,,v20260906+55419ffd
lyrics-master,,0.0,none,missing,no exact/normalized/alias/homepage evidence; no lookalikes either,,v20260906+55419ffd
lyricsfinder,,0.0,none,missing,no exact/normalized/alias/homepage evidence; no lookalikes either,,v20260906+55419ffd
lyricsx,,0.0,none,missing,no exact/normalized/alias/homepage evidence; no lookalikes either,,v20260906+55419ffd
lyx,LyX,0.96,normalized,confident,'lyx' ~ 'LyX' after case/punctuation folding,,v20260906+55419ffd
m32-edit,,0.0,none,missing,no exact/normalized/alias/homepage evidence; no lookalikes either,,v20260906+55419ffd
m3unify,,0.0,none,missing,no exact/normalized/alias/homepage evidence; no lookalikes either,,v20260906+55419ffd
maa,,0.0,none,missing,no exact/normalized/alias/homepage evidence; no lookalikes either,,v20260906+55419ffd
mac-monitor,,0.0,none,missing,no exact/normalized/alias/homepage evidence; no lookalikes either,,v20260906+55419ffd
mac-mouse-fix,,0.0,none,missing,no exact/normalized/alias/homepage evidence; no lookalikes either,,v20260906+55419ffd
mac-mouse-fix@2,,0.0,none,missing,no exact/normalized/alias/homepage evidence; no lookalikes either,,v20260906+55419ffd
mac-performance-monitor,,0.0,none,missing,no exact/normalized/alias/homepage evidence; no lookalikes either,,v20260906+55419ffd
mac-sai,,0.0,none,missing,no exact/normalized/alias/homepage evidence; no lookalikes either,,v20260906+55419ffd
macai,,0.0,none,missing,no exact/normalized/alias/homepage evidence; no lookalikes either,,v20260906+55419ffd
macast,,0.0,none,needs-review,no exact/normalized/alias/homepage evidence; fuzzy suggestions listed for review,macstl,v20260906+55419ffd
macbreakz,,0.0,none,missing,no exact/normalized/alias/homepage evidence; no lookalikes either,,v20260906+55419ffd
maccleaner-pro,,0.0,none,missing,no exact/normalized/alias/homepage evidence; no lookalikes either,,v20260906+55419ffd
maccy,,0.0,none,missing,no exact/normalized/alias/homepage evidence; no lookalikes either,,v20260906+55419ffd
macdive,,0.0,none,missing,no exact/normalized/alias/homepage evidence; no lookalikes either,,v20260906+55419ffd
macdown,,0.0,none,needs-review,no exact/normalized/alias/homepage evidence; fuzzy suggestions listed for review,backdown,v20260906+55419ffd
macdown-3000,,0.0,none,missing,no exact/normalized/alias/homepage evidence; no lookalikes either,,v20260906+55419ffd
macdroid,,0.0,none,needs-review,no exact/normalized/alias/homepage evidence; fuzzy suggestions listed for review,android,v20260906+55419ffd
mace,,0.0,none,needs-review,no exact/normalized/alias/homepage evidence; fuzzy suggestions listed for review,ace,v20260906+55419ffd
macforge,,0.0,none,missing,no exact/normalized/alias/homepage evidence; no lookalikes either,,v20260906+55419ffd
macfuse,macfuse,1.0,exact,confident,name identical in both managers; homepages 'https://macfuse.github.io/' vs 'https://macfuse.github.io/',,v20260906+55419ffd
macfuse@dev,,0.0,none,needs-review,no exact/normalized/alias/homepage evidence; same homepage 'https://macfuse.github.io/' as 'macfuse4' but desc overlap only 0.08; versions '5.3.3' vs '4.10.2'; fuzzy suggestions listed for review,macfuse,v20260906+55419ffd
macgamestore,,0.0,none,missing,no exact/normalized/alias/homepage evidence; no lookalikes either,,v20260906+55419ffd
macgdbp,,0.0,none,missing,no exact/normalized/alias/homepage evidence; no lookalikes either,,v20260906+55419ffd
macgesture,,0.0,none,missing,no exact/normalized/alias/homepage evidence; no lookalikes either,,v20260906+55419ffd
machg,,0.0,none,needs-review,no exact/normalized/alias/homepage evidence; fuzzy suggestions listed for review,match,v20260906+55419ffd
machoview,,0.0,none,missing,no exact/normalized/alias/homepage evidence; no lookalikes either,,v20260906+55419ffd
maciasl,MaciASL,0.96,normalized,confident,'maciasl' ~ 'MaciASL' after case/punctuation folding,,v20260906+55419ffd
macintoshjs,,0.0,none,missing,no exact/normalized/alias/homepage evidence; no lookalikes either,,v20260906+55419ffd
macjournal,,0.0,none,missing,no exact/normalized/alias/homepage evidence; no lookalikes either,,v20260906+55419ffd
macloggerdx,,0.0,none,missing,no exact/normalized/alias/homepage evidence; no lookalikes either,,v20260906+55419ffd
macloggerdx@beta,,0.0,none,missing,no exact/normalized/alias/homepage evidence; no lookalikes either,,v20260906+55419ffd
macmd-viewer,,0.0,none,missing,no exact/normalized/alias/homepage evidence; no lookalikes either,,v20260906+55419ffd
macmediakeyforwarder,,0.0,none,missing,no exact/normalized/alias/homepage evidence; no lookalikes either,,v20260906+55419ffd
macpacker,,0.0,none,needs-review,no exact/normalized/alias/homepage evidence; fuzzy suggestions listed for review,packer,v20260906+55419ffd
macpar-deluxe,,0.0,none,missing,no exact/normalized/alias/homepage evidence; no lookalikes either,,v20260906+55419ffd
macparakeet,,0.0,none,missing,no exact/normalized/alias/homepage evidence; no lookalikes either,,v20260906+55419ffd
macpass,MacPass,0.96,normalized,confident,'macpass' ~ 'MacPass' after case/punctuation folding,,v20260906+55419ffd
macpilot,,0.0,none,needs-review,no exact/normalized/alias/homepage evidence; fuzzy suggestions listed for review,copilot,v20260906+55419ffd
macpulse,,0.0,none,needs-review,no exact/normalized/alias/homepage evidence; fuzzy suggestions listed for review,macfuse,v20260906+55419ffd
macrorecorder,,0.0,none,missing,no exact/normalized/alias/homepage evidence; no lookalikes either,,v20260906+55419ffd
macs-fan-control,,0.0,none,missing,no exact/normalized/alias/homepage evidence; no lookalikes either,,v20260906+55419ffd
macshot,,0.0,none,missing,no exact/normalized/alias/homepage evidence; no lookalikes either,,v20260906+55419ffd
macshot-offline,,0.0,none,missing,no exact/normalized/alias/homepage evidence; no lookalikes either,,v20260906+55419ffd
macskk,,0.0,none,needs-review,no exact/normalized/alias/homepage evidence; fuzzy suggestions listed for review,mask,v20260906+55419ffd
macstroke,,0.0,none,missing,no exact/normalized/alias/homepage evidence; no lookalikes either,,v20260906+55419ffd
macsvg,,0.0,none,missing,no exact/normalized/alias/homepage evidence; no lookalikes either,,v20260906+55419ffd
macsymbolicator,,0.0,none,missing,no exact/normalized/alias/homepage evidence; no lookalikes either,,v20260906+55419ffd
macsyzones,,0.0,none,missing,no exact/normalized/alias/homepage evidence; no lookalikes either,,v20260906+55419ffd
mactex,,0.0,none,needs-review,no exact/normalized/alias/homepage evidence; fuzzy suggestions listed for review,mathex; auctex,v20260906+55419ffd
mactex-no-gui,,0.0,none,missing,no exact/normalized/alias/homepage evidence; no lookalikes either,,v20260906+55419ffd
mactools,,0.0,none,needs-review,no exact/normalized/alias/homepage evidence; fuzzy suggestions listed for review,mtools; R-maptools; megatools,v20260906+55419ffd
mactracker,,0.0,none,needs-review,no exact/normalized/alias/homepage evidence; fuzzy suggestions listed for review,tracker,v20260906+55419ffd
macupdater,,0.0,none,missing,no exact/normalized/alias/homepage evidence; no lookalikes either,,v20260906+55419ffd
macusb,,0.0,none,missing,no exact/normalized/alias/homepage evidence; no lookalikes either,,v20260906+55419ffd
macvim-app,MacVim,0.95,alias,confident,listed as alias/oldname of 'macvim-app',,v20260906+55419ffd
macwhisper,,0.0,none,needs-review,no exact/normalized/alias/homepage evidence; fuzzy suggestions listed for review,whisper,v20260906+55419ffd
macwinzipper,,0.0,none,missing,no exact/normalized/alias/homepage evidence; no lookalikes either,,v20260906+55419ffd
macx-dvd-ripper-pro,,0.0,none,missing,no exact/normalized/alias/homepage evidence; no lookalikes either,,v20260906+55419ffd
macx-video-converter-pro,,0.0,none,missing,no exact/normalized/alias/homepage evidence; no lookalikes either,,v20260906+55419ffd
macx-youtube-downloader,,0.0,none,missing,no exact/normalized/alias/homepage evidence; no lookalikes either,,v20260906+55419ffd
maczip,,0.0,none,missing,no exact/normalized/alias/homepage evidence; no lookalikes either,,v20260906+55419ffd
maelstrom,Maelstrom,0.96,normalized,confident,'maelstrom' ~ 'Maelstrom' after case/punctuation folding,,v20260906+55419ffd
maestral,maestral,1.0,exact,confident,name identical in both managers; homepages 'https://maestral.app/' vs 'https://github.com/samschott/maestral',,v20260906+55419ffd
maestri,,0.0,none,needs-review,no exact/normalized/alias/homepage evidence; fuzzy suggestions listed for review,maestral,v20260906+55419ffd
maestro,,0.0,none,needs-review,no exact/normalized/alias/homepage evidence; fuzzy suggestions listed for review,Maelstrom; maestral,v20260906+55419ffd
magicavoxel,,0.0,none,missing,no exact/normalized/alias/homepage evidence; no lookalikes either,,v20260906+55419ffd
magicplot,,0.0,none,needs-review,no exact/normalized/alias/homepage evidence; fuzzy suggestions listed for review,magicpoint,v20260906+55419ffd
magicquit,,0.0,none,missing,no exact/normalized/alias/homepage evidence; no lookalikes either,,v20260906+55419ffd
mail-assistant,,0.0,none,missing,no exact/normalized/alias/homepage evidence; no lookalikes either,,v20260906+55419ffd
mailbird,,0.0,none,needs-review,no exact/normalized/alias/homepage evidence; fuzzy suggestions listed for review,xmlbird,v20260906+55419ffd
mailbutler,,0.0,none,missing,no exact/normalized/alias/homepage evidence; no lookalikes either,,v20260906+55419ffd
mailmaster,,0.0,none,needs-review,no exact/normalized/alias/homepage evidence; fuzzy suggestions listed for review,salt-master,v20260906+55419ffd
mailmate,,0.0,none,needs-review,no exact/normalized/alias/homepage evidence; fuzzy suggestions listed for review,mailman,v20260906+55419ffd
mailmate@beta,,0.0,none,missing,no exact/normalized/alias/homepage evidence; no lookalikes either,,v20260906+55419ffd
mailplane,,0.0,none,missing,no exact/normalized/alias/homepage evidence; no lookalikes either,,v20260906+55419ffd
mailspring,,0.0,none,missing,no exact/normalized/alias/homepage evidence; no lookalikes either,,v20260906+55419ffd
mailsteward,,0.0,none,missing,no exact/normalized/alias/homepage evidence; no lookalikes either,,v20260906+55419ffd
mailtrackerblocker,,0.0,none,missing,no exact/normalized/alias/homepage evidence; no lookalikes either,,v20260906+55419ffd
maintenance,,0.0,none,missing,no exact/normalized/alias/homepage evidence; no lookalikes either,,v20260906+55419ffd
majsoul-plus,,0.0,none,missing,no exact/normalized/alias/homepage evidence; no lookalikes either,,v20260906+55419ffd
makemkv,,0.0,none,missing,no exact/normalized/alias/homepage evidence; no lookalikes either,,v20260906+55419ffd
makeracam,,0.0,none,missing,no exact/normalized/alias/homepage evidence; no lookalikes either,,v20260906+55419ffd
maltego,,0.0,none,missing,no exact/normalized/alias/homepage evidence; no lookalikes either,,v20260906+55419ffd
malus,,0.0,none,missing,no exact/normalized/alias/homepage evidence; no lookalikes either,,v20260906+55419ffd
malwarebytes,,0.0,none,missing,no exact/normalized/alias/homepage evidence; no lookalikes either,,v20260906+55419ffd
mamp,,0.0,none,needs-review,no exact/normalized/alias/homepage evidence; fuzzy suggestions listed for review,amp,v20260906+55419ffd
mangodisk,,0.0,none,missing,no exact/normalized/alias/homepage evidence; no lookalikes either,,v20260906+55419ffd
manico,,0.0,none,needs-review,no exact/normalized/alias/homepage evidence; fuzzy suggestions listed for review,mani; mico,v20260906+55419ffd
manictime,,0.0,none,missing,no exact/normalized/alias/homepage evidence; no lookalikes either,,v20260906+55419ffd
manila,,0.0,none,needs-review,no exact/normalized/alias/homepage evidence; fuzzy suggestions listed for review,mani,v20260906+55419ffd
manus,,0.0,none,missing,no exact/normalized/alias/homepage evidence; no lookalikes either,,v20260906+55419ffd
manuskript,,0.0,none,missing,no exact/normalized/alias/homepage evidence; no lookalikes either,,v20260906+55419ffd
manyverse,,0.0,none,missing,no exact/normalized/alias/homepage evidence; no lookalikes either,,v20260906+55419ffd
marathon,,0.0,none,missing,no exact/normalized/alias/homepage evidence; no lookalikes either,,v20260906+55419ffd
marathon-2,,0.0,none,missing,no exact/normalized/alias/homepage evidence; no lookalikes either,,v20260906+55419ffd
marathon-infinity,,0.0,none,missing,no exact/normalized/alias/homepage evidence; no lookalikes either,,v20260906+55419ffd
marble,marble,1.0,exact,confident,name identical in both managers; homepages 'https://marble.kde.org/' vs 'https://www.kde.org',,v20260906+55419ffd
marginnote,,0.0,none,missing,no exact/normalized/alias/homepage evidence; no lookalikes either,,v20260906+55419ffd
mark-text,,0.0,none,missing,no exact/normalized/alias/homepage evidence; no lookalikes either,,v20260906+55419ffd
markdown-preview,,0.0,none,missing,no exact/normalized/alias/homepage evidence; no lookalikes either,,v20260906+55419ffd
markdown-service-tools,,0.0,none,missing,no exact/normalized/alias/homepage evidence; no lookalikes either,,v20260906+55419ffd
marked-app,,0.0,none,missing,no exact/normalized/alias/homepage evidence; no lookalikes either,,v20260906+55419ffd
markedit,,0.0,none,missing,no exact/normalized/alias/homepage evidence; no lookalikes either,,v20260906+55419ffd
markright,,0.0,none,missing,no exact/normalized/alias/homepage evidence; no lookalikes either,,v20260906+55419ffd
markviewer,,0.0,none,missing,no exact/normalized/alias/homepage evidence; no lookalikes either,,v20260906+55419ffd
mars,mars,1.0,exact,confident,name identical in both managers; homepages 'https://computerscience.missouristate.edu/mars-mips-simulator.htm' vs 'https://dpetersanderson.github.io/',,v20260906+55419ffd
marsedit,,0.0,none,missing,no exact/normalized/alias/homepage evidence; no lookalikes either,,v20260906+55419ffd
marta,,0.0,none,needs-review,no exact/normalized/alias/homepage evidence; fuzzy suggestions listed for review,marst; smart,v20260906+55419ffd
maru-jan,,0.0,none,missing,no exact/normalized/alias/homepage evidence; no lookalikes either,,v20260906+55419ffd
marvel,,0.0,none,missing,no exact/normalized/alias/homepage evidence; no lookalikes either,,v20260906+55419ffd
marvin,,0.0,none,missing,no exact/normalized/alias/homepage evidence; no lookalikes either,,v20260906+55419ffd
masscode,,0.0,none,missing,no exact/normalized/alias/homepage evidence; no lookalikes either,,v20260906+55419ffd
massreplaceit,,0.0,none,missing,no exact/normalized/alias/homepage evidence; no lookalikes either,,v20260906+55419ffd
master-pdf-editor,,0.0,none,missing,no exact/normalized/alias/homepage evidence; no lookalikes either,,v20260906+55419ffd
mate-translate,,0.0,none,needs-review,no exact/normalized/alias/homepage evidence; fuzzy suggestions listed for review,translate,v20260906+55419ffd
mater,,0.0,none,needs-review,no exact/normalized/alias/homepage evidence; fuzzy suggestions listed for review,aterm; tmate; mdate,v20260906+55419ffd
material-colors,,0.0,none,missing,no exact/normalized/alias/homepage evidence; no lookalikes either,,v20260906+55419ffd
material-maker,,0.0,none,missing,no exact/normalized/alias/homepage evidence; no lookalikes either,,v20260906+55419ffd
mathcha-notebook,,0.0,none,missing,no exact/normalized/alias/homepage evidence; no lookalikes either,,v20260906+55419ffd
mathpix-snipping-tool,,0.0,none,missing,no exact/normalized/alias/homepage evidence; no lookalikes either,,v20260906+55419ffd
matterhorn,matterhorn,1.0,exact,confident,name identical in both managers; homepages 'https://github.com/matterhorn-chat/matterhorn' vs 'https://github.com/matterhorn-chat/matterhorn/',,v20260906+55419ffd
mattermost,,0.0,none,missing,no exact/normalized/alias/homepage evidence; no lookalikes either,,v20260906+55419ffd
maxon,,0.0,none,needs-review,no exact/normalized/alias/homepage evidence; fuzzy suggestions listed for review,saxon,v20260906+55419ffd
mbcord,,0.0,none,missing,no exact/normalized/alias/homepage evidence; no lookalikes either,,v20260906+55419ffd
mbed-studio,,0.0,none,missing,no exact/normalized/alias/homepage evidence; no lookalikes either,,v20260906+55419ffd
mcbopomofo,McBopomofo,0.96,normalized,confident,'mcbopomofo' ~ 'McBopomofo' after case/punctuation folding,,v20260906+55419ffd
mcloud,,0.0,none,needs-review,no exact/normalized/alias/homepage evidence; fuzzy suggestions listed for review,hcloud,v20260906+55419ffd
mcpbundler,,0.0,none,needs-review,no exact/normalized/alias/homepage evidence; fuzzy suggestions listed for review,appbundler,v20260906+55419ffd
mcreator,,0.0,none,missing,no exact/normalized/alias/homepage evidence; no lookalikes either,,v20260906+55419ffd
mdb-accdb-viewer,,0.0,none,missing,no exact/normalized/alias/homepage evidence; no lookalikes either,,v20260906+55419ffd
mdrp,,0.0,none,needs-review,no exact/normalized/alias/homepage evidence; fuzzy suggestions listed for review,mdp,v20260906+55419ffd
mds,,0.0,none,needs-review,no exact/normalized/alias/homepage evidence; fuzzy suggestions listed for review,mdds,v20260906+55419ffd
mechvibes,,0.0,none,missing,no exact/normalized/alias/homepage evidence; no lookalikes either,,v20260906+55419ffd
media-center,,0.0,none,missing,no exact/normalized/alias/homepage evidence; no lookalikes either,,v20260906+55419ffd
media-converter,,0.0,none,missing,no exact/normalized/alias/homepage evidence; no lookalikes either,,v20260906+55419ffd
mediaelch,,0.0,none,missing,no exact/normalized/alias/homepage evidence; no lookalikes either,,v20260906+55419ffd
mediahuman-audio-converter,,0.0,none,missing,no exact/normalized/alias/homepage evidence; no lookalikes either,,v20260906+55419ffd
mediahuman-youtube-downloader,,0.0,none,missing,no exact/normalized/alias/homepage evidence; no lookalikes either,,v20260906+55419ffd
mediainfo,mediainfo,1.0,exact,confident,name identical in both managers; homepages 'https://mediaarea.net/en/MediaInfo' vs 'https://mediaarea.net/en/MediaInfo',,v20260906+55419ffd
mediainfoex,,0.0,none,needs-review,no exact/normalized/alias/homepage evidence; fuzzy suggestions listed for review,mediainfo,v20260906+55419ffd
mediamate,,0.0,none,missing,no exact/normalized/alias/homepage evidence; no lookalikes either,,v20260906+55419ffd
mediathekview,MediathekView,0.96,normalized,confident,'mediathekview' ~ 'MediathekView' after case/punctuation folding,,v20260906+55419ffd
medibangpaintpro,,0.0,none,missing,no exact/normalized/alias/homepage evidence; no lookalikes either,,v20260906+55419ffd
medis,,0.0,none,needs-review,no exact/normalized/alias/homepage evidence; fuzzy suggestions listed for review,metis; redis,v20260906+55419ffd
meetily,,0.0,none,missing,no exact/normalized/alias/homepage evidence; no lookalikes either,,v20260906+55419ffd
meetingbar,,0.0,none,missing,no exact/normalized/alias/homepage evidence; no lookalikes either,,v20260906+55419ffd
meetingrecorder,,0.0,none,missing,no exact/normalized/alias/homepage evidence; no lookalikes either,,v20260906+55419ffd
meetmic,,0.0,none,missing,no exact/normalized/alias/homepage evidence; no lookalikes either,,v20260906+55419ffd
mega,,0.0,none,needs-review,no exact/normalized/alias/homepage evidence; fuzzy suggestions listed for review,Omega; OmegaT,v20260906+55419ffd
megacmd-app,,0.0,none,missing,no exact/normalized/alias/homepage evidence; no lookalikes either,,v20260906+55419ffd
megasync,,0.0,none,missing,no exact/normalized/alias/homepage evidence; no lookalikes either,,v20260906+55419ffd
megazeux,,0.0,none,missing,no exact/normalized/alias/homepage evidence; no lookalikes either,,v20260906+55419ffd
meituxiuxiu,,0.0,none,missing,no exact/normalized/alias/homepage evidence; no lookalikes either,,v20260906+55419ffd
meld,meld,1.0,exact,confident,name identical in both managers; homepages 'https://gitlab.com/dehesselle/meld_macos' vs 'https://meldmerge.org/',,v20260906+55419ffd
meld-studio,,0.0,none,needs-review,no exact/normalized/alias/homepage evidence; fuzzy suggestions listed for review,R-modelStudio,v20260906+55419ffd
mellel,,0.0,none,missing,no exact/normalized/alias/homepage evidence; no lookalikes either,,v20260906+55419ffd
melodics,,0.0,none,needs-review,no exact/normalized/alias/homepage evidence; fuzzy suggestions listed for review,melonds,v20260906+55419ffd
melonds,melonds,1.0,exact,confident,name identical in both managers; homepages 'https://melonds.kuribo64.net/' vs 'https://github.com/Arisotura/melonDS',,v20260906+55419ffd
mem,,0.0,none,needs-review,no exact/normalized/alias/homepage evidence; fuzzy suggestions listed for review,mfem; umem; em,v20260906+55419ffd
memory,,0.0,none,needs-review,no exact/normalized/alias/homepage evidence; fuzzy suggestions listed for review,eatmemory,v20260906+55419ffd
memory-cleaner,,0.0,none,missing,no exact/normalized/alias/homepage evidence; no lookalikes either,,v20260906+55419ffd
memory-map,,0.0,none,missing,no exact/normalized/alias/homepage evidence; no lookalikes either,,v20260906+55419ffd
memory-meter-3,,0.0,none,missing,no exact/normalized/alias/homepage evidence; no lookalikes either,,v20260906+55419ffd
memoryanalyzer,,0.0,none,missing,no exact/normalized/alias/homepage evidence; no lookalikes either,,v20260906+55419ffd
mend,,0.0,none,needs-review,no exact/normalized/alias/homepage evidence; fuzzy suggestions listed for review,R-mbend,v20260906+55419ffd
mendeley-reference-manager,,0.0,none,missing,no exact/normalized/alias/homepage evidence; no lookalikes either,,v20260906+55419ffd
menu-bar-splitter,,0.0,none,missing,no exact/normalized/alias/homepage evidence; no lookalikes either,,v20260906+55419ffd
menubar-stats,,0.0,none,missing,no exact/normalized/alias/homepage evidence; no lookalikes either,,v20260906+55419ffd
menubarx,,0.0,none,missing,no exact/normalized/alias/homepage evidence; no lookalikes either,,v20260906+55419ffd
menucalendarclock-ical,,0.0,none,missing,no exact/normalized/alias/homepage evidence; no lookalikes either,,v20260906+55419ffd
menumeters,MenuMeters,0.96,normalized,confident,'menumeters' ~ 'MenuMeters' after case/punctuation folding,,v20260906+55419ffd
menutube,,0.0,none,missing,no exact/normalized/alias/homepage evidence; no lookalikes either,,v20260906+55419ffd
menuwhere,,0.0,none,missing,no exact/normalized/alias/homepage evidence; no lookalikes either,,v20260906+55419ffd
meridiem,,0.0,none,missing,no exact/normalized/alias/homepage evidence; no lookalikes either,,v20260906+55419ffd
merlin-project,,0.0,none,missing,no exact/normalized/alias/homepage evidence; no lookalikes either,,v20260906+55419ffd
meru,,0.0,none,missing,no exact/normalized/alias/homepage evidence; no lookalikes either,,v20260906+55419ffd
mesh,,0.0,none,needs-review,no exact/normalized/alias/homepage evidence; fuzzy suggestions listed for review,admesh,v20260906+55419ffd
meshlab,,0.0,none,missing,no exact/normalized/alias/homepage evidence; no lookalikes either,,v20260906+55419ffd
messenger,,0.0,none,missing,no exact/normalized/alias/homepage evidence; no lookalikes either,,v20260906+55419ffd
messenger-native,,0.0,none,missing,no exact/normalized/alias/homepage evidence; no lookalikes either,,v20260906+55419ffd
meta,,0.0,none,needs-review,no exact/normalized/alias/homepage evidence; fuzzy suggestions listed for review,R-meta; metar; p5-meta,v20260906+55419ffd
meta-quest-developer-hub,,0.0,none,missing,no exact/normalized/alias/homepage evidence; no lookalikes either,,v20260906+55419ffd
meta-quest-remote-desktop,,0.0,none,missing,no exact/normalized/alias/homepage evidence; no lookalikes either,,v20260906+55419ffd
metabase-app,metabase,0.95,alias,confident,listed as alias/oldname of 'metabase-app',,v20260906+55419ffd
metaimage,,0.0,none,needs-review,no exact/normalized/alias/homepage evidence; fuzzy suggestions listed for review,aimage,v20260906+55419ffd
metamer,,0.0,none,needs-review,no exact/normalized/alias/homepage evidence; fuzzy suggestions listed for review,metar,v20260906+55419ffd
metarename,,0.0,none,missing,no exact/normalized/alias/homepage evidence; no lookalikes either,,v20260906+55419ffd
metashape,,0.0,none,missing,no exact/normalized/alias/homepage evidence; no lookalikes either,,v20260906+55419ffd
metashapepro,,0.0,none,missing,no exact/normalized/alias/homepage evidence; no lookalikes either,,v20260906+55419ffd
metasploit,,0.0,none,needs-review,"no exact/normalized/alias/homepage evidence; same homepage 'https://www.metasploit.com/' as 'metasploit3' but desc overlap only 0.07; versions '6.5.3,20260826055538' vs '3.0'; fuzzy suggestions listed for review",metasploit3; metasploit2,v20260906+55419ffd
metavideo,,0.0,none,needs-review,no exact/normalized/alias/homepage evidence; fuzzy suggestions listed for review,metaio,v20260906+55419ffd
metaz,,0.0,none,needs-review,no exact/normalized/alias/homepage evidence; fuzzy suggestions listed for review,R-meta; metar,v20260906+55419ffd
meteorologist,,0.0,none,missing,no exact/normalized/alias/homepage evidence; no lookalikes either,,v20260906+55419ffd
mfiles,,0.0,none,needs-review,no exact/normalized/alias/homepage evidence; fuzzy suggestions listed for review,cfiles; file,v20260906+55419ffd
mgba-app,,0.0,none,missing,no exact/normalized/alias/homepage evidence; no lookalikes either,,v20260906+55419ffd
mi,,0.0,none,needs-review,no exact/normalized/alias/homepage evidence; fuzzy suggestions listed for review,R-mi,v20260906+55419ffd
mia-for-gmail,,0.0,none,missing,no exact/normalized/alias/homepage evidence; no lookalikes either,,v20260906+55419ffd
miaoyan,,0.0,none,missing,no exact/normalized/alias/homepage evidence; no lookalikes either,,v20260906+55419ffd
mi@beta,,0.0,none,missing,no exact/normalized/alias/homepage evidence; no lookalikes either,,v20260906+55419ffd
mic-drop,,0.0,none,needs-review,no exact/normalized/alias/homepage evidence; fuzzy suggestions listed for review,micro; maildrop,v20260906+55419ffd
michaelvillar-timer,,0.0,none,missing,no exact/normalized/alias/homepage evidence; no lookalikes either,,v20260906+55419ffd
micro-sniff,,0.0,none,missing,no exact/normalized/alias/homepage evidence; no lookalikes either,,v20260906+55419ffd
micro-snitch,,0.0,none,missing,no exact/normalized/alias/homepage evidence; no lookalikes either,,v20260906+55419ffd
microblog,,0.0,none,missing,no exact/normalized/alias/homepage evidence; no lookalikes either,,v20260906+55419ffd
microsoft-365-copilot,,0.0,none,missing,no exact/normalized/alias/homepage evidence; no lookalikes either,,v20260906+55419ffd
microsoft-auto-update,,0.0,none,missing,no exact/normalized/alias/homepage evidence; no lookalikes either,,v20260906+55419ffd
microsoft-azure-storage-explorer,,0.0,none,missing,no exact/normalized/alias/homepage evidence; no lookalikes either,,v20260906+55419ffd
microsoft-edge,,0.0,none,missing,no exact/normalized/alias/homepage evidence; no lookalikes either,,v20260906+55419ffd
microsoft-edge@beta,,0.0,none,missing,no exact/normalized/alias/homepage evidence; no lookalikes either,,v20260906+55419ffd
microsoft-edge@canary,,0.0,none,missing,no exact/normalized/alias/homepage evidence; no lookalikes either,,v20260906+55419ffd
microsoft-edge@dev,,0.0,none,missing,no exact/normalized/alias/homepage evidence; no lookalikes either,,v20260906+55419ffd
microsoft-excel,,0.0,none,missing,no exact/normalized/alias/homepage evidence; no lookalikes either,,v20260906+55419ffd
microsoft-office,,0.0,none,missing,no exact/normalized/alias/homepage evidence; no lookalikes either,,v20260906+55419ffd
microsoft-office-businesspro,,0.0,none,missing,no exact/normalized/alias/homepage evidence; no lookalikes either,,v20260906+55419ffd
microsoft-onenote,,0.0,none,missing,no exact/normalized/alias/homepage evidence; no lookalikes either,,v20260906+55419ffd
microsoft-openjdk,openjdk25-microsoft,0.9,homepage,confident,same upstream 'https://microsoft.com/openjdk' (desc overlap 0.33),,v20260906+55419ffd
microsoft-openjdk@11,openjdk11-microsoft,0.9,homepage,confident,same upstream 'https://microsoft.com/openjdk' (desc overlap 0.33),,v20260906+55419ffd
microsoft-openjdk@17,openjdk17-microsoft,0.9,homepage,confident,same upstream 'https://microsoft.com/openjdk' (desc overlap 0.33),,v20260906+55419ffd
microsoft-openjdk@21,openjdk21-microsoft,0.9,homepage,confident,same upstream 'https://microsoft.com/openjdk' (desc overlap 0.33),,v20260906+55419ffd
microsoft-openjdk@25,openjdk25-microsoft,0.9,homepage,confident,same upstream 'https://microsoft.com/openjdk' (desc overlap 0.33),,v20260906+55419ffd
microsoft-outlook,,0.0,none,missing,no exact/normalized/alias/homepage evidence; no lookalikes either,,v20260906+55419ffd
microsoft-powerpoint,,0.0,none,missing,no exact/normalized/alias/homepage evidence; no lookalikes either,,v20260906+55419ffd
microsoft-remote-desktop,,0.0,none,missing,no exact/normalized/alias/homepage evidence; no lookalikes either,,v20260906+55419ffd
microsoft-remote-help,,0.0,none,missing,no exact/normalized/alias/homepage evidence; no lookalikes either,,v20260906+55419ffd
microsoft-teams,,0.0,none,missing,no exact/normalized/alias/homepage evidence; no lookalikes either,,v20260906+55419ffd
microsoft-word,,0.0,none,missing,no exact/normalized/alias/homepage evidence; no lookalikes either,,v20260906+55419ffd
middle,,0.0,none,missing,no exact/normalized/alias/homepage evidence; no lookalikes either,,v20260906+55419ffd
middleclick,,0.0,none,missing,no exact/normalized/alias/homepage evidence; no lookalikes either,,v20260906+55419ffd
middledrag,MiddleDrag,0.96,normalized,confident,'middledrag' ~ 'MiddleDrag' after case/punctuation folding,,v20260906+55419ffd
midi-monitor,,0.0,none,missing,no exact/normalized/alias/homepage evidence; no lookalikes either,,v20260906+55419ffd
midi-router-client,,0.0,none,missing,no exact/normalized/alias/homepage evidence; no lookalikes either,,v20260906+55419ffd
midikeys,,0.0,none,missing,no exact/normalized/alias/homepage evidence; no lookalikes either,,v20260906+55419ffd
miditrail,,0.0,none,missing,no exact/normalized/alias/homepage evidence; no lookalikes either,,v20260906+55419ffd
midiview,,0.0,none,missing,no exact/normalized/alias/homepage evidence; no lookalikes either,,v20260906+55419ffd
mighty-mike,,0.0,none,missing,no exact/normalized/alias/homepage evidence; no lookalikes either,,v20260906+55419ffd
miktex-console,,0.0,none,needs-review,no exact/normalized/alias/homepage evidence; fuzzy suggestions listed for review,mkconsole,v20260906+55419ffd
milanote,,0.0,none,missing,no exact/normalized/alias/homepage evidence; no lookalikes either,,v20260906+55419ffd
milkman,,0.0,none,needs-review,no exact/normalized/alias/homepage evidence; fuzzy suggestions listed for review,mailman,v20260906+55419ffd
milkytracker,,0.0,none,missing,no exact/normalized/alias/homepage evidence; no lookalikes either,,v20260906+55419ffd
millie,,0.0,none,needs-review,no exact/normalized/alias/homepage evidence; fuzzy suggestions listed for review,miller,v20260906+55419ffd
miln-movie-splitter,,0.0,none,missing,no exact/normalized/alias/homepage evidence; no lookalikes either,,v20260906+55419ffd
mimecast,,0.0,none,needs-review,no exact/normalized/alias/homepage evidence; fuzzy suggestions listed for review,icecast,v20260906+55419ffd
mimestream,,0.0,none,needs-review,no exact/normalized/alias/homepage evidence; fuzzy suggestions listed for review,litestream,v20260906+55419ffd
min,,0.0,none,needs-review,no exact/normalized/alias/homepage evidence; fuzzy suggestions listed for review,fmin; mint; minc,v20260906+55419ffd
mindforger,mindforger,1.0,exact,confident,name identical in both managers; homepages 'https://www.mindforger.com/' vs 'https://www.mindforger.com',,v20260906+55419ffd
mindjet-mindmanager,,0.0,none,missing,no exact/normalized/alias/homepage evidence; no lookalikes either,,v20260906+55419ffd
mindmac,,0.0,none,needs-review,no exact/normalized/alias/homepage evidence; fuzzy suggestions listed for review,minivmac,v20260906+55419ffd
mindmanager,,0.0,none,needs-review,no exact/normalized/alias/homepage evidence; fuzzy suggestions listed for review,ndmanager2,v20260906+55419ffd
mindmaster-cn,,0.0,none,missing,no exact/normalized/alias/homepage evidence; no lookalikes either,,v20260906+55419ffd
mindwtr,,0.0,none,missing,no exact/normalized/alias/homepage evidence; no lookalikes either,,v20260906+55419ffd
minecraft,,0.0,none,missing,no exact/normalized/alias/homepage evidence; no lookalikes either,,v20260906+55419ffd
minecraft-education,,0.0,none,missing,no exact/normalized/alias/homepage evidence; no lookalikes either,,v20260906+55419ffd
minecraft-server,,0.0,none,missing,no exact/normalized/alias/homepage evidence; no lookalikes either,,v20260906+55419ffd
mini-program-studio,,0.0,none,missing,no exact/normalized/alias/homepage evidence; no lookalikes either,,v20260906+55419ffd
mini-vmac,minivmac,0.96,normalized,confident,'mini-vmac' ~ 'minivmac' after case/punctuation folding,,v20260906+55419ffd
miniconda,,0.0,none,missing,no exact/normalized/alias/homepage evidence; no lookalikes either,,v20260906+55419ffd
miniforge,,0.0,none,needs-review,no exact/normalized/alias/homepage evidence; fuzzy suggestions listed for review,mindforger,v20260906+55419ffd
minisim,,0.0,none,needs-review,no exact/normalized/alias/homepage evidence; fuzzy suggestions listed for review,minisign,v20260906+55419ffd
minitube,,0.0,none,needs-review,no exact/normalized/alias/homepage evidence; fuzzy suggestions listed for review,minikube,v20260906+55419ffd
miniwol,,0.0,none,needs-review,no exact/normalized/alias/homepage evidence; fuzzy suggestions listed for review,minio,v20260906+55419ffd
minizincide,,0.0,none,needs-review,no exact/normalized/alias/homepage evidence; same homepage 'https://www.minizinc.org/index.html' as 'minizinc' but desc overlap only 0.10; fuzzy suggestions listed for review,minizinc,v20260906+55419ffd
minstaller,,0.0,none,needs-review,no exact/normalized/alias/homepage evidence; fuzzy suggestions listed for review,py-installer,v20260906+55419ffd
mints,,0.0,none,needs-review,no exact/normalized/alias/homepage evidence; fuzzy suggestions listed for review,mint,v20260906+55419ffd
mipony,,0.0,none,missing,no exact/normalized/alias/homepage evidence; no lookalikes either,,v20260906+55419ffd
mirai,,0.0,none,needs-review,no exact/normalized/alias/homepage evidence; fuzzy suggestions listed for review,R-mirai,v20260906+55419ffd
miro,,0.0,none,needs-review,no exact/normalized/alias/homepage evidence; fuzzy suggestions listed for review,micro; miredo,v20260906+55419ffd
mission-control-plus,,0.0,none,missing,no exact/normalized/alias/homepage evidence; no lookalikes either,,v20260906+55419ffd
missive,,0.0,none,missing,no exact/normalized/alias/homepage evidence; no lookalikes either,,v20260906+55419ffd
mist,,0.0,none,needs-review,no exact/normalized/alias/homepage evidence; fuzzy suggestions listed for review,R-mistr; R-misty,v20260906+55419ffd
mister-plimsoll,,0.0,none,missing,no exact/normalized/alias/homepage evidence; no lookalikes either,,v20260906+55419ffd
mit-app-inventor,,0.0,none,missing,no exact/normalized/alias/homepage evidence; no lookalikes either,,v20260906+55419ffd
mitmproxy,,0.0,none,needs-review,no exact/normalized/alias/homepage evidence; same homepage 'https://mitmproxy.org/' as 'py313-mitmproxy' but desc overlap only 0.05; versions '12.2.3' vs '11.0.2'; fuzzy suggestions listed for review,py-mitmproxy; py-mitmproxy_rs; py36-mitmproxy,v20260906+55419ffd
mitti,,0.0,none,missing,no exact/normalized/alias/homepage evidence; no lookalikes either,,v20260906+55419ffd
mixed-in-key,,0.0,none,missing,no exact/normalized/alias/homepage evidence; no lookalikes either,,v20260906+55419ffd
mixed-in-key-live,,0.0,none,missing,no exact/normalized/alias/homepage evidence; no lookalikes either,,v20260906+55419ffd
mixin,,0.0,none,needs-review,no exact/normalized/alias/homepage evidence; fuzzy suggestions listed for review,ixion,v20260906+55419ffd
mixing-station,,0.0,none,missing,no exact/normalized/alias/homepage evidence; no lookalikes either,,v20260906+55419ffd
mixxx,,0.0,none,missing,no exact/normalized/alias/homepage evidence; no lookalikes either,,v20260906+55419ffd
mixxx@snapshot,,0.0,none,missing,no exact/normalized/alias/homepage evidence; no lookalikes either,,v20260906+55419ffd
mjml-app,,0.0,none,missing,no exact/normalized/alias/homepage evidence; no lookalikes either,,v20260906+55419ffd
mjolnir,,0.0,none,missing,no exact/normalized/alias/homepage evidence; no lookalikes either,,v20260906+55419ffd
mks,,0.0,none,needs-review,no exact/normalized/alias/homepage evidence; fuzzy suggestions listed for review,mksh,v20260906+55419ffd
mkvtoolnix-app,mkvtoolnix,0.95,alias,confident,listed as alias/oldname of 'mkvtoolnix-app',,v20260906+55419ffd
mkvtools,,0.0,none,needs-review,no exact/normalized/alias/homepage evidence; fuzzy suggestions listed for review,mtools; ivtools,v20260906+55419ffd
mmex,,0.0,none,missing,no exact/normalized/alias/homepage evidence; no lookalikes either,,v20260906+55419ffd
mmhmm,,0.0,none,missing,no exact/normalized/alias/homepage evidence; no lookalikes either,,v20260906+55419ffd
mmhmm-studio,,0.0,none,missing,no exact/normalized/alias/homepage evidence; no lookalikes either,,v20260906+55419ffd
mobirise,,0.0,none,missing,no exact/normalized/alias/homepage evidence; no lookalikes either,,v20260906+55419ffd
mochi,,0.0,none,missing,no exact/normalized/alias/homepage evidence; no lookalikes either,,v20260906+55419ffd
mochi-diffusion,,0.0,none,missing,no exact/normalized/alias/homepage evidence; no lookalikes either,,v20260906+55419ffd
mockoon,,0.0,none,missing,no exact/normalized/alias/homepage evidence; no lookalikes either,,v20260906+55419ffd
mockplus,,0.0,none,missing,no exact/normalized/alias/homepage evidence; no lookalikes either,,v20260906+55419ffd
mockuuups-studio,,0.0,none,missing,no exact/normalized/alias/homepage evidence; no lookalikes either,,v20260906+55419ffd
modelio,,0.0,none,missing,no exact/normalized/alias/homepage evidence; no lookalikes either,,v20260906+55419ffd
modern-csv,,0.0,none,missing,no exact/normalized/alias/homepage evidence; no lookalikes either,,v20260906+55419ffd
modmove,,0.0,none,missing,no exact/normalized/alias/homepage evidence; no lookalikes either,,v20260906+55419ffd
modrinth,,0.0,none,missing,no exact/normalized/alias/homepage evidence; no lookalikes either,,v20260906+55419ffd
moebius,,0.0,none,missing,no exact/normalized/alias/homepage evidence; no lookalikes either,,v20260906+55419ffd
mole-app,,0.0,none,missing,no exact/normalized/alias/homepage evidence; no lookalikes either,,v20260906+55419ffd
molotov,,0.0,none,missing,no exact/normalized/alias/homepage evidence; no lookalikes either,,v20260906+55419ffd
moment,,0.0,none,needs-review,no exact/normalized/alias/homepage evidence; fuzzy suggestions listed for review,R-moments; R-Lmoments,v20260906+55419ffd
monal,,0.0,none,missing,no exact/normalized/alias/homepage evidence; no lookalikes either,,v20260906+55419ffd
monal@beta,,0.0,none,missing,no exact/normalized/alias/homepage evidence; no lookalikes either,,v20260906+55419ffd
monarch,monarch,1.0,exact,confident,name identical in both managers; homepages 'https://monarchlauncher.com/' vs 'https://sourceforge.net/projects/monarch',,v20260906+55419ffd
monero-wallet,,0.0,none,missing,no exact/normalized/alias/homepage evidence; no lookalikes either,,v20260906+55419ffd
monet,,0.0,none,needs-review,no exact/normalized/alias/homepage evidence; fuzzy suggestions listed for review,R-mnet; monit,v20260906+55419ffd
moneydance,,0.0,none,missing,no exact/normalized/alias/homepage evidence; no lookalikes either,,v20260906+55419ffd
moneymanager,,0.0,none,missing,no exact/normalized/alias/homepage evidence; no lookalikes either,,v20260906+55419ffd
moneymoney,,0.0,none,missing,no exact/normalized/alias/homepage evidence; no lookalikes either,,v20260906+55419ffd
mongodb-compass,,0.0,none,missing,no exact/normalized/alias/homepage evidence; no lookalikes either,,v20260906+55419ffd
mongodb-compass-isolated-edition,,0.0,none,missing,no exact/normalized/alias/homepage evidence; no lookalikes either,,v20260906+55419ffd
mongodb-compass-readonly,,0.0,none,missing,no exact/normalized/alias/homepage evidence; no lookalikes either,,v20260906+55419ffd
mongodb-compass@beta,,0.0,none,missing,no exact/normalized/alias/homepage evidence; no lookalikes either,,v20260906+55419ffd
mongodb-realm-studio,,0.0,none,missing,no exact/normalized/alias/homepage evidence; no lookalikes either,,v20260906+55419ffd
mongotron,,0.0,none,needs-review,no exact/normalized/alias/homepage evidence; fuzzy suggestions listed for review,monotone,v20260906+55419ffd
mongrel,,0.0,none,needs-review,no exact/normalized/alias/homepage evidence; fuzzy suggestions listed for review,mongrel2; rb-mongrel,v20260906+55419ffd
monitorcontrol,,0.0,none,missing,no exact/normalized/alias/homepage evidence; no lookalikes either,,v20260906+55419ffd
mono-mdk,mono,0.9,homepage,confident,same upstream 'https://www.mono-project.com/' (desc overlap 0.38),,v20260906+55419ffd
monocle-app,,0.0,none,missing,no exact/normalized/alias/homepage evidence; no lookalikes either,,v20260906+55419ffd
monodraw,,0.0,none,missing,no exact/normalized/alias/homepage evidence; no lookalikes either,,v20260906+55419ffd
monofocus,,0.0,none,missing,no exact/normalized/alias/homepage evidence; no lookalikes either,,v20260906+55419ffd
monokle,,0.0,none,missing,no exact/normalized/alias/homepage evidence; no lookalikes either,,v20260906+55419ffd
monolingual,,0.0,none,missing,no exact/normalized/alias/homepage evidence; no lookalikes either,,v20260906+55419ffd
monologue,,0.0,none,missing,no exact/normalized/alias/homepage evidence; no lookalikes either,,v20260906+55419ffd
monotype,,0.0,none,missing,no exact/normalized/alias/homepage evidence; no lookalikes either,,v20260906+55419ffd
moom,,0.0,none,needs-review,no exact/normalized/alias/homepage evidence; fuzzy suggestions listed for review,moomps,v20260906+55419ffd
moonfin,,0.0,none,missing,no exact/normalized/alias/homepage evidence; no lookalikes either,,v20260906+55419ffd
moonlight,,0.0,none,missing,no exact/normalized/alias/homepage evidence; no lookalikes either,,v20260906+55419ffd
moose,,0.0,none,needs-review,no exact/normalized/alias/homepage evidence; fuzzy suggestions listed for review,p5-moose; goose,v20260906+55419ffd
moradownloader,,0.0,none,needs-review,no exact/normalized/alias/homepage evidence; fuzzy suggestions listed for review,R-downloader,v20260906+55419ffd
morgen,,0.0,none,missing,no exact/normalized/alias/homepage evidence; no lookalikes either,,v20260906+55419ffd
morisawa-desktop-manager,,0.0,none,missing,no exact/normalized/alias/homepage evidence; no lookalikes either,,v20260906+55419ffd
morkro-papyrus,,0.0,none,missing,no exact/normalized/alias/homepage evidence; no lookalikes either,,v20260906+55419ffd
mos,,1.0,curated,missing,brew=mouse-scroll smoother (mos.caldis.me); macports=Mongoose OS CLI (mongoose-os),mos; most; mosh,v20260906+55419ffd
mosaic,,0.0,none,needs-review,no exact/normalized/alias/homepage evidence; fuzzy suggestions listed for review,R-mosaic,v20260906+55419ffd
mos@beta,,0.0,none,missing,no exact/normalized/alias/homepage evidence; no lookalikes either,,v20260906+55419ffd
moscow-ml,,0.0,none,needs-review,no exact/normalized/alias/homepage evidence; same homepage 'https://mosml.org/' as 'mosml-dynlibs' but desc overlap only 0.11; no lookalikes either,,v20260906+55419ffd
motion,,0.0,none,missing,no exact/normalized/alias/homepage evidence; no lookalikes either,,v20260906+55419ffd
motionik,,0.0,none,missing,no exact/normalized/alias/homepage evidence; no lookalikes either,,v20260906+55419ffd
motrix,,0.0,none,missing,no exact/normalized/alias/homepage evidence; no lookalikes either,,v20260906+55419ffd
motrix@beta,,0.0,none,missing,no exact/normalized/alias/homepage evidence; no lookalikes either,,v20260906+55419ffd
motu-m-series,,0.0,none,missing,no exact/normalized/alias/homepage evidence; no lookalikes either,,v20260906+55419ffd
mountain,,0.0,none,missing,no exact/normalized/alias/homepage evidence; no lookalikes either,,v20260906+55419ffd
mountain-duck,,0.0,none,missing,no exact/normalized/alias/homepage evidence; no lookalikes either,,v20260906+55419ffd
mountmate,,0.0,none,missing,no exact/normalized/alias/homepage evidence; no lookalikes either,,v20260906+55419ffd
mounty,,0.0,none,missing,no exact/normalized/alias/homepage evidence; no lookalikes either,,v20260906+55419ffd
mouseless,,0.0,none,missing,no exact/normalized/alias/homepage evidence; no lookalikes either,,v20260906+55419ffd
mouseless@preview,,0.0,none,missing,no exact/normalized/alias/homepage evidence; no lookalikes either,,v20260906+55419ffd
mousepose,,0.0,none,missing,no exact/normalized/alias/homepage evidence; no lookalikes either,,v20260906+55419ffd
moves,,0.0,none,missing,no exact/normalized/alias/homepage evidence; no lookalikes either,,v20260906+55419ffd
movist-pro,,0.0,none,missing,no exact/normalized/alias/homepage evidence; no lookalikes either,,v20260906+55419ffd
mozilla-vpn,,0.0,none,missing,no exact/normalized/alias/homepage evidence; no lookalikes either,,v20260906+55419ffd
mozregression-gui,,0.0,none,missing,no exact/normalized/alias/homepage evidence; no lookalikes either,,v20260906+55419ffd
mp3gain-express,,0.0,none,missing,no exact/normalized/alias/homepage evidence; no lookalikes either,,v20260906+55419ffd
mp3tag,,0.0,none,needs-review,no exact/normalized/alias/homepage evidence; fuzzy suggestions listed for review,p5-mp3-tag,v20260906+55419ffd
mp4tools,MP4Tools,0.96,normalized,confident,'mp4tools' ~ 'MP4Tools' after case/punctuation folding,,v20260906+55419ffd
mplab-xc16,,0.0,none,missing,no exact/normalized/alias/homepage evidence; no lookalikes either,,v20260906+55419ffd
mplab-xc32,,0.0,none,missing,no exact/normalized/alias/homepage evidence; no lookalikes either,,v20260906+55419ffd
mplab-xc8,,0.0,none,missing,no exact/normalized/alias/homepage evidence; no lookalikes either,,v20260906+55419ffd
mplabx-ide,,0.0,none,missing,no exact/normalized/alias/homepage evidence; no lookalikes either,,v20260906+55419ffd
mpluginmanager,,0.0,none,missing,no exact/normalized/alias/homepage evidence; no lookalikes either,,v20260906+55419ffd
mps,,0.0,none,missing,no exact/normalized/alias/homepage evidence; no lookalikes either,,v20260906+55419ffd
mqtt-explorer,,0.0,none,missing,no exact/normalized/alias/homepage evidence; no lookalikes either,,v20260906+55419ffd
mqttfx,,0.0,none,missing,no exact/normalized/alias/homepage evidence; no lookalikes either,,v20260906+55419ffd
mqttx,,0.0,none,missing,no exact/normalized/alias/homepage evidence; no lookalikes either,,v20260906+55419ffd
msgfiler,,0.0,none,missing,no exact/normalized/alias/homepage evidence; no lookalikes either,,v20260906+55419ffd
msty,,0.0,none,needs-review,no exact/normalized/alias/homepage evidence; fuzzy suggestions listed for review,R-misty,v20260906+55419ffd
mstystudio,,0.0,none,missing,no exact/normalized/alias/homepage evidence; no lookalikes either,,v20260906+55419ffd
mtmr,,0.0,none,needs-review,no exact/normalized/alias/homepage evidence; fuzzy suggestions listed for review,mtm; mtr,v20260906+55419ffd
mu-editor,,0.0,none,missing,no exact/normalized/alias/homepage evidence; no lookalikes either,,v20260906+55419ffd
mubu,,0.0,none,missing,no exact/normalized/alias/homepage evidence; no lookalikes either,,v20260906+55419ffd
mucommander,,0.0,none,missing,no exact/normalized/alias/homepage evidence; no lookalikes either,,v20260906+55419ffd
mudlet,,0.0,none,missing,no exact/normalized/alias/homepage evidence; no lookalikes either,,v20260906+55419ffd
muesli,,0.0,none,missing,no exact/normalized/alias/homepage evidence; no lookalikes either,,v20260906+55419ffd
mujoco,,0.0,none,missing,no exact/normalized/alias/homepage evidence; no lookalikes either,,v20260906+55419ffd
mullvad-browser,,0.0,none,missing,no exact/normalized/alias/homepage evidence; no lookalikes either,,v20260906+55419ffd
mullvad-vpn,,0.0,none,missing,no exact/normalized/alias/homepage evidence; no lookalikes either,,v20260906+55419ffd
mullvad-vpn@beta,,0.0,none,missing,no exact/normalized/alias/homepage evidence; no lookalikes either,,v20260906+55419ffd
multi,,0.0,none,missing,no exact/normalized/alias/homepage evidence; no lookalikes either,,v20260906+55419ffd
multifirefox,,0.0,none,missing,no exact/normalized/alias/homepage evidence; no lookalikes either,,v20260906+55419ffd
multimc,,0.0,none,needs-review,no exact/normalized/alias/homepage evidence; same homepage 'https://multimc.org/' as 'MultiMC5-devel' but desc overlap only 0.10; versions '0.7.0' vs '20211204'; fuzzy suggestions listed for review,MultiMC5,v20260906+55419ffd
multipass,,0.0,none,missing,no exact/normalized/alias/homepage evidence; no lookalikes either,,v20260906+55419ffd
multipatch,,0.0,none,missing,no exact/normalized/alias/homepage evidence; no lookalikes either,,v20260906+55419ffd
multitouch,,0.0,none,missing,no exact/normalized/alias/homepage evidence; no lookalikes either,,v20260906+55419ffd
multiviewer,,0.0,none,needs-review,no exact/normalized/alias/homepage evidence; fuzzy suggestions listed for review,R-multiview,v20260906+55419ffd
mumble,,0.0,none,missing,no exact/normalized/alias/homepage evidence; no lookalikes either,,v20260906+55419ffd
mumble@snapshot,,0.0,none,missing,no exact/normalized/alias/homepage evidence; no lookalikes either,,v20260906+55419ffd
mumu,,0.0,none,missing,no exact/normalized/alias/homepage evidence; no lookalikes either,,v20260906+55419ffd
mumu-x,,0.0,none,missing,no exact/normalized/alias/homepage evidence; no lookalikes either,,v20260906+55419ffd
mumuplayer,,0.0,none,needs-review,no exact/normalized/alias/homepage evidence; fuzzy suggestions listed for review,MPlayer,v20260906+55419ffd
munki,,0.0,none,needs-review,no exact/normalized/alias/homepage evidence; fuzzy suggestions listed for review,munin,v20260906+55419ffd
munkiadmin,,0.0,none,missing,no exact/normalized/alias/homepage evidence; no lookalikes either,,v20260906+55419ffd
mural,,0.0,none,missing,no exact/normalized/alias/homepage evidence; no lookalikes either,,v20260906+55419ffd
murus,,0.0,none,missing,no exact/normalized/alias/homepage evidence; no lookalikes either,,v20260906+55419ffd
musaicfm,,0.0,none,missing,no exact/normalized/alias/homepage evidence; no lookalikes either,,v20260906+55419ffd
muse-code,,0.0,none,missing,no exact/normalized/alias/homepage evidence; no lookalikes either,,v20260906+55419ffd
museeks,,0.0,none,missing,no exact/normalized/alias/homepage evidence; no lookalikes either,,v20260906+55419ffd
musescore,,0.0,none,missing,no exact/normalized/alias/homepage evidence; no lookalikes either,,v20260906+55419ffd
music-decoy,,0.0,none,missing,no exact/normalized/alias/homepage evidence; no lookalikes either,,v20260906+55419ffd
music-miniplayer,,0.0,none,missing,no exact/normalized/alias/homepage evidence; no lookalikes either,,v20260906+55419ffd
music-presence,,0.0,none,missing,no exact/normalized/alias/homepage evidence; no lookalikes either,,v20260906+55419ffd
music-remote,,0.0,none,missing,no exact/normalized/alias/homepage evidence; no lookalikes either,,v20260906+55419ffd
music-widget,,0.0,none,missing,no exact/normalized/alias/homepage evidence; no lookalikes either,,v20260906+55419ffd
musicbrainz-picard,,0.0,none,missing,no exact/normalized/alias/homepage evidence; no lookalikes either,,v20260906+55419ffd
musictube,,0.0,none,needs-review,no exact/normalized/alias/homepage evidence; fuzzy suggestions listed for review,musikcube,v20260906+55419ffd
musiver,,0.0,none,missing,no exact/normalized/alias/homepage evidence; no lookalikes either,,v20260906+55419ffd
mutedeck,,0.0,none,missing,no exact/normalized/alias/homepage evidence; no lookalikes either,,v20260906+55419ffd
muteme,,0.0,none,missing,no exact/normalized/alias/homepage evidence; no lookalikes either,,v20260906+55419ffd
muzzle,,0.0,none,missing,no exact/normalized/alias/homepage evidence; no lookalikes either,,v20260906+55419ffd
mweb-pro,,0.0,none,missing,no exact/normalized/alias/homepage evidence; no lookalikes either,,v20260906+55419ffd
mx-power-gadget,,0.0,none,missing,no exact/normalized/alias/homepage evidence; no lookalikes either,,v20260906+55419ffd
my-image-garden,,0.0,none,missing,no exact/normalized/alias/homepage evidence; no lookalikes either,,v20260906+55419ffd
mycard,,0.0,none,missing,no exact/normalized/alias/homepage evidence; no lookalikes either,,v20260906+55419ffd
mycloud,,0.0,none,needs-review,no exact/normalized/alias/homepage evidence; fuzzy suggestions listed for review,py-hcloud,v20260906+55419ffd
mycrypto,,0.0,none,needs-review,no exact/normalized/alias/homepage evidence; fuzzy suggestions listed for review,py-crypto; mcrypt,v20260906+55419ffd
mylio,,0.0,none,needs-review,no exact/normalized/alias/homepage evidence; fuzzy suggestions listed for review,mycli,v20260906+55419ffd
mymonero,,0.0,none,missing,no exact/normalized/alias/homepage evidence; no lookalikes either,,v20260906+55419ffd
mysides,,0.0,none,missing,no exact/normalized/alias/homepage evidence; no lookalikes either,,v20260906+55419ffd
mysql-shell,,0.0,none,missing,no exact/normalized/alias/homepage evidence; no lookalikes either,,v20260906+55419ffd
mysqlworkbench,,0.0,none,missing,no exact/normalized/alias/homepage evidence; no lookalikes either,,v20260906+55419ffd
mysteriumdark,,0.0,none,missing,no exact/normalized/alias/homepage evidence; no lookalikes either,,v20260906+55419ffd
mythic,,0.0,none,missing,no exact/normalized/alias/homepage evidence; no lookalikes either,,v20260906+55419ffd
n1ghtshade,,0.0,none,needs-review,no exact/normalized/alias/homepage evidence; fuzzy suggestions listed for review,nightshade,v20260906+55419ffd
nagbar,,0.0,none,missing,no exact/normalized/alias/homepage evidence; no lookalikes either,,v20260906+55419ffd
nagstamon,,0.0,none,missing,no exact/normalized/alias/homepage evidence; no lookalikes either,,v20260906+55419ffd
name-mangler,,0.0,none,needs-review,no exact/normalized/alias/homepage evidence; fuzzy suggestions listed for review,sn-demangler,v20260906+55419ffd
namechanger,,0.0,none,missing,no exact/normalized/alias/homepage evidence; no lookalikes either,,v20260906+55419ffd
nani,,0.0,none,missing,no exact/normalized/alias/homepage evidence; no lookalikes either,,v20260906+55419ffd
nano-node,nano,0.95,alias,confident,listed as alias/oldname of 'nano-node',,v20260906+55419ffd
nanoem,,0.0,none,needs-review,no exact/normalized/alias/homepage evidence; fuzzy suggestions listed for review,nanomq; nano,v20260906+55419ffd
nanoleaf,,0.0,none,missing,no exact/normalized/alias/homepage evidence; no lookalikes either,,v20260906+55419ffd
nanosaur,,0.0,none,missing,no exact/normalized/alias/homepage evidence; no lookalikes either,,v20260906+55419ffd
nanosaur2,,0.0,none,missing,no exact/normalized/alias/homepage evidence; no lookalikes either,,v20260906+55419ffd
nao,,0.0,none,needs-review,no exact/normalized/alias/homepage evidence; fuzzy suggestions listed for review,nano,v20260906+55419ffd
naps2,,0.0,none,missing,no exact/normalized/alias/homepage evidence; no lookalikes either,,v20260906+55419ffd
nasas-eyes,,0.0,none,missing,no exact/normalized/alias/homepage evidence; no lookalikes either,,v20260906+55419ffd
nativ,,0.0,none,missing,no exact/normalized/alias/homepage evidence; no lookalikes either,,v20260906+55419ffd
native-access,,0.0,none,missing,no exact/normalized/alias/homepage evidence; no lookalikes either,,v20260906+55419ffd
natron,,0.0,none,missing,no exact/normalized/alias/homepage evidence; no lookalikes either,,v20260906+55419ffd
nault,,0.0,none,needs-review,no exact/normalized/alias/homepage evidence; fuzzy suggestions listed for review,vault; nauty,v20260906+55419ffd
naver-whale,,0.0,none,missing,no exact/normalized/alias/homepage evidence; no lookalikes either,,v20260906+55419ffd
navicat-data-modeler,,0.0,none,missing,no exact/normalized/alias/homepage evidence; no lookalikes either,,v20260906+55419ffd
navicat-data-modeler-essentials,,0.0,none,missing,no exact/normalized/alias/homepage evidence; no lookalikes either,,v20260906+55419ffd
navicat-for-mariadb,,0.0,none,missing,no exact/normalized/alias/homepage evidence; no lookalikes either,,v20260906+55419ffd
navicat-for-mysql,,0.0,none,missing,no exact/normalized/alias/homepage evidence; no lookalikes either,,v20260906+55419ffd
navicat-for-oracle,,0.0,none,missing,no exact/normalized/alias/homepage evidence; no lookalikes either,,v20260906+55419ffd
navicat-for-postgresql,,0.0,none,missing,no exact/normalized/alias/homepage evidence; no lookalikes either,,v20260906+55419ffd
navicat-for-sql-server,,0.0,none,missing,no exact/normalized/alias/homepage evidence; no lookalikes either,,v20260906+55419ffd
navicat-for-sqlite,,0.0,none,missing,no exact/normalized/alias/homepage evidence; no lookalikes either,,v20260906+55419ffd
navicat-premium,,0.0,none,missing,no exact/normalized/alias/homepage evidence; no lookalikes either,,v20260906+55419ffd
navicat-premium-lite,,0.0,none,missing,no exact/normalized/alias/homepage evidence; no lookalikes either,,v20260906+55419ffd
navicat-premium@15,,0.0,none,missing,no exact/normalized/alias/homepage evidence; no lookalikes either,,v20260906+55419ffd
navigator,,0.0,none,missing,no exact/normalized/alias/homepage evidence; no lookalikes either,,v20260906+55419ffd
navigraph-charts,,0.0,none,missing,no exact/normalized/alias/homepage evidence; no lookalikes either,,v20260906+55419ffd
navigraph-simlink,,0.0,none,missing,no exact/normalized/alias/homepage evidence; no lookalikes either,,v20260906+55419ffd
ncar-ncl,ncarg,0.9,homepage,confident,same upstream 'https://www.ncl.ucar.edu/' (desc overlap 0.25),,v20260906+55419ffd
ndi-tools,,0.0,none,needs-review,no exact/normalized/alias/homepage evidence; fuzzy suggestions listed for review,ndcctools; ncbi_tools; initool,v20260906+55419ffd
neat,,0.0,none,needs-review,no exact/normalized/alias/homepage evidence; fuzzy suggestions listed for review,newmat,v20260906+55419ffd
neat-reader,,0.0,none,missing,no exact/normalized/alias/homepage evidence; no lookalikes either,,v20260906+55419ffd
neo-network-utility,,0.0,none,missing,no exact/normalized/alias/homepage evidence; no lookalikes either,,v20260906+55419ffd
neo4j-desktop,,0.0,none,missing,no exact/normalized/alias/homepage evidence; no lookalikes either,,v20260906+55419ffd
neodisk,,0.0,none,missing,no exact/normalized/alias/homepage evidence; no lookalikes either,,v20260906+55419ffd
neofinder,,0.0,none,missing,no exact/normalized/alias/homepage evidence; no lookalikes either,,v20260906+55419ffd
neohtop,neohtop,1.0,exact,confident,name identical in both managers; homepages 'https://abdenasser.github.io/neohtop/' vs 'https://github.com/Abdenasser/neohtop',,v20260906+55419ffd
neon-vision-editor,,0.0,none,missing,no exact/normalized/alias/homepage evidence; no lookalikes either,,v20260906+55419ffd
neovide-app,,0.0,none,missing,no exact/normalized/alias/homepage evidence; no lookalikes either,,v20260906+55419ffd
nessie-app,,0.0,none,missing,no exact/normalized/alias/homepage evidence; no lookalikes either,,v20260906+55419ffd
nessus,,0.0,none,missing,no exact/normalized/alias/homepage evidence; no lookalikes either,,v20260906+55419ffd
nestopia,,0.0,none,missing,no exact/normalized/alias/homepage evidence; no lookalikes either,,v20260906+55419ffd
netbeans,NetBeans,0.96,normalized,confident,'netbeans' ~ 'NetBeans' after case/punctuation folding,,v20260906+55419ffd
netdownloadhelpercoapp,,0.0,none,missing,no exact/normalized/alias/homepage evidence; no lookalikes either,,v20260906+55419ffd
neteasemusic,,0.0,none,missing,no exact/normalized/alias/homepage evidence; no lookalikes either,,v20260906+55419ffd
nethlink,,0.0,none,missing,no exact/normalized/alias/homepage evidence; no lookalikes either,,v20260906+55419ffd
netiquette,,0.0,none,missing,no exact/normalized/alias/homepage evidence; no lookalikes either,,v20260906+55419ffd
netlogo,,0.0,none,missing,no exact/normalized/alias/homepage evidence; no lookalikes either,,v20260906+55419ffd
netnewswire,,0.0,none,missing,no exact/normalized/alias/homepage evidence; no lookalikes either,,v20260906+55419ffd
netnewswire@beta,,0.0,none,missing,no exact/normalized/alias/homepage evidence; no lookalikes either,,v20260906+55419ffd
netron,,0.0,none,needs-review,no exact/normalized/alias/homepage evidence; fuzzy suggestions listed for review,neon,v20260906+55419ffd
netspot,,0.0,none,missing,no exact/normalized/alias/homepage evidence; no lookalikes either,,v20260906+55419ffd
netviews,,0.0,none,needs-review,no exact/normalized/alias/homepage evidence; fuzzy suggestions listed for review,metview,v20260906+55419ffd
network-radar,,0.0,none,missing,no exact/normalized/alias/homepage evidence; no lookalikes either,,v20260906+55419ffd
netxms-console,,0.0,none,missing,no exact/normalized/alias/homepage evidence; no lookalikes either,,v20260906+55419ffd
nexonplug,,0.0,none,missing,no exact/normalized/alias/homepage evidence; no lookalikes either,,v20260906+55419ffd
nextcloud,,0.0,none,needs-review,no exact/normalized/alias/homepage evidence; same homepage 'https://nextcloud.com/' as 'nextcloud-client' but versions '34.0.3' vs '3.5.2'; no lookalikes either,,v20260906+55419ffd
nextcloud-talk,,0.0,none,missing,no exact/normalized/alias/homepage evidence; no lookalikes either,,v20260906+55419ffd
nextcloud-vfs,,0.0,none,needs-review,no exact/normalized/alias/homepage evidence; same homepage 'https://nextcloud.com/' as 'nextcloud-client' but versions '4.0.8' vs '3.5.2'; no lookalikes either,,v20260906+55419ffd
nfov,,0.0,none,missing,no exact/normalized/alias/homepage evidence; no lookalikes either,,v20260906+55419ffd
ngrok,,0.0,none,needs-review,no exact/normalized/alias/homepage evidence; fuzzy suggestions listed for review,grok,v20260906+55419ffd
nheko,nheko,1.0,exact,confident,name identical in both managers; homepages 'https://nheko-reborn.github.io/' vs 'https://github.com/nheko-reborn/nheko',,v20260906+55419ffd
nifty,,0.0,none,missing,no exact/normalized/alias/homepage evidence; no lookalikes either,,v20260906+55419ffd
nifty-file-lists,,0.0,none,missing,no exact/normalized/alias/homepage evidence; no lookalikes either,,v20260906+55419ffd
niftyman,,0.0,none,missing,no exact/normalized/alias/homepage evidence; no lookalikes either,,v20260906+55419ffd
nightfall,,0.0,none,missing,no exact/normalized/alias/homepage evidence; no lookalikes either,,v20260906+55419ffd
nightshade,,1.0,curated,missing,brew=anti-AI-training tool (uchicago.edu); macports=astronomy simulator (nightshadesoftware.org),nightshade,v20260906+55419ffd
nimbalyst,,0.0,none,missing,no exact/normalized/alias/homepage evidence; no lookalikes either,,v20260906+55419ffd
nimble-commander,,0.0,none,missing,no exact/normalized/alias/homepage evidence; no lookalikes either,,v20260906+55419ffd
nimblenote,,0.0,none,missing,no exact/normalized/alias/homepage evidence; no lookalikes either,,v20260906+55419ffd
ninja-download-manager-ndm,,0.0,none,missing,no exact/normalized/alias/homepage evidence; no lookalikes either,,v20260906+55419ffd
nisus-thesaurus,,0.0,none,missing,no exact/normalized/alias/homepage evidence; no lookalikes either,,v20260906+55419ffd
nitro-pdf-pro,,0.0,none,missing,no exact/normalized/alias/homepage evidence; no lookalikes either,,v20260906+55419ffd
nkoda,,0.0,none,missing,no exact/normalized/alias/homepage evidence; no lookalikes either,,v20260906+55419ffd
no-ip-duc,,0.0,none,missing,no exact/normalized/alias/homepage evidence; no lookalikes either,,v20260906+55419ffd
nodebox,,0.0,none,missing,no exact/normalized/alias/homepage evidence; no lookalikes either,,v20260906+55419ffd
noisebuddy,,0.0,none,missing,no exact/normalized/alias/homepage evidence; no lookalikes either,,v20260906+55419ffd
nomachine,,0.0,none,missing,no exact/normalized/alias/homepage evidence; no lookalikes either,,v20260906+55419ffd
nomachine-enterprise-client,,0.0,none,missing,no exact/normalized/alias/homepage evidence; no lookalikes either,,v20260906+55419ffd
nook,,0.0,none,missing,no exact/normalized/alias/homepage evidence; no lookalikes either,,v20260906+55419ffd
nordic-nrf-command-line-tools,,0.0,none,missing,no exact/normalized/alias/homepage evidence; no lookalikes either,,v20260906+55419ffd
nordlayer,,0.0,none,missing,no exact/normalized/alias/homepage evidence; no lookalikes either,,v20260906+55419ffd
nordlocker,,0.0,none,missing,no exact/normalized/alias/homepage evidence; no lookalikes either,,v20260906+55419ffd
nordpass,,0.0,none,missing,no exact/normalized/alias/homepage evidence; no lookalikes either,,v20260906+55419ffd
nordvpn,,0.0,none,missing,no exact/normalized/alias/homepage evidence; no lookalikes either,,v20260906+55419ffd
northern-softworks-cache-cleaner,,0.0,none,missing,no exact/normalized/alias/homepage evidence; no lookalikes either,,v20260906+55419ffd
nosql-workbench,,0.0,none,missing,no exact/normalized/alias/homepage evidence; no lookalikes either,,v20260906+55419ffd
nosqlbooster-for-mongodb,,0.0,none,missing,no exact/normalized/alias/homepage evidence; no lookalikes either,,v20260906+55419ffd
nostalgiapp,,0.0,none,missing,no exact/normalized/alias/homepage evidence; no lookalikes either,,v20260906+55419ffd
nota,,0.0,none,needs-review,no exact/normalized/alias/homepage evidence; fuzzy suggestions listed for review,ota,v20260906+55419ffd
notchi,,0.0,none,missing,no exact/normalized/alias/homepage evidence; no lookalikes either,,v20260906+55419ffd
notchnook,,0.0,none,missing,no exact/normalized/alias/homepage evidence; no lookalikes either,,v20260906+55419ffd
notebooks,,0.0,none,needs-review,no exact/normalized/alias/homepage evidence; fuzzy suggestions listed for review,py-notebook; rednotebook,v20260906+55419ffd
notepadexe,,0.0,none,missing,no exact/normalized/alias/homepage evidence; no lookalikes either,,v20260906+55419ffd
notes-better,,0.0,none,missing,no exact/normalized/alias/homepage evidence; no lookalikes either,,v20260906+55419ffd
notesnook,,0.0,none,missing,no exact/normalized/alias/homepage evidence; no lookalikes either,,v20260906+55419ffd
notesollama,,0.0,none,missing,no exact/normalized/alias/homepage evidence; no lookalikes either,,v20260906+55419ffd
notion,,0.0,none,missing,no exact/normalized/alias/homepage evidence; no lookalikes either,,v20260906+55419ffd
notion-calendar,,0.0,none,missing,no exact/normalized/alias/homepage evidence; no lookalikes either,,v20260906+55419ffd
notion-cli,,0.0,none,missing,no exact/normalized/alias/homepage evidence; no lookalikes either,,v20260906+55419ffd
notion-enhanced,,0.0,none,missing,no exact/normalized/alias/homepage evidence; no lookalikes either,,v20260906+55419ffd
notion-mail,,0.0,none,missing,no exact/normalized/alias/homepage evidence; no lookalikes either,,v20260906+55419ffd
noto,,0.0,none,missing,no exact/normalized/alias/homepage evidence; no lookalikes either,,v20260906+55419ffd
notunes,,0.0,none,needs-review,no exact/normalized/alias/homepage evidence; fuzzy suggestions listed for review,notes,v20260906+55419ffd
noun-project,,0.0,none,missing,no exact/normalized/alias/homepage evidence; no lookalikes either,,v20260906+55419ffd
nova,,0.0,none,missing,no exact/normalized/alias/homepage evidence; no lookalikes either,,v20260906+55419ffd
novabench,,0.0,none,missing,no exact/normalized/alias/homepage evidence; no lookalikes either,,v20260906+55419ffd
novation-components,,0.0,none,missing,no exact/normalized/alias/homepage evidence; no lookalikes either,,v20260906+55419ffd
novation-play,,0.0,none,missing,no exact/normalized/alias/homepage evidence; no lookalikes either,,v20260906+55419ffd
now-tv-player,,0.0,none,missing,no exact/normalized/alias/homepage evidence; no lookalikes either,,v20260906+55419ffd
noxappplayer,,0.0,none,missing,no exact/normalized/alias/homepage evidence; no lookalikes either,,v20260906+55419ffd
nozbe,,0.0,none,missing,no exact/normalized/alias/homepage evidence; no lookalikes either,,v20260906+55419ffd
nperf,,0.0,none,needs-review,no exact/normalized/alias/homepage evidence; fuzzy suggestions listed for review,dnsperf; netperf; py-erf,v20260906+55419ffd
nrf-connect,,0.0,none,needs-review,no exact/normalized/alias/homepage evidence; fuzzy suggestions listed for review,R-rsconnect,v20260906+55419ffd
nrfutil,,0.0,none,missing,no exact/normalized/alias/homepage evidence; no lookalikes either,,v20260906+55419ffd
nrlquaker-winbox,,0.0,none,missing,no exact/normalized/alias/homepage evidence; no lookalikes either,,v20260906+55419ffd
nslogger,,0.0,none,needs-review,no exact/normalized/alias/homepage evidence; fuzzy suggestions listed for review,R-logger,v20260906+55419ffd
nteract,,0.0,none,needs-review,no exact/normalized/alias/homepage evidence; fuzzy suggestions listed for review,reinteract,v20260906+55419ffd
ntfstool,,0.0,none,needs-review,no exact/normalized/alias/homepage evidence; fuzzy suggestions listed for review,itstool,v20260906+55419ffd
nuage,,0.0,none,needs-review,no exact/normalized/alias/homepage evidence; fuzzy suggestions listed for review,uagen,v20260906+55419ffd
nuclear,,0.0,none,missing,no exact/normalized/alias/homepage evidence; no lookalikes either,,v20260906+55419ffd
nucleo,,0.0,none,needs-review,no exact/normalized/alias/homepage evidence; fuzzy suggestions listed for review,nuclei,v20260906+55419ffd
nuclino,,0.0,none,missing,no exact/normalized/alias/homepage evidence; no lookalikes either,,v20260906+55419ffd
nudge,,0.0,none,missing,no exact/normalized/alias/homepage evidence; no lookalikes either,,v20260906+55419ffd
nugget,,0.0,none,needs-review,no exact/normalized/alias/homepage evidence; fuzzy suggestions listed for review,nget,v20260906+55419ffd
nulloy,,0.0,none,missing,no exact/normalized/alias/homepage evidence; no lookalikes either,,v20260906+55419ffd
numi,,0.0,none,missing,no exact/normalized/alias/homepage evidence; no lookalikes either,,v20260906+55419ffd
nutstore,,0.0,none,missing,no exact/normalized/alias/homepage evidence; no lookalikes either,,v20260906+55419ffd
nvidia-geforce-now,,0.0,none,missing,no exact/normalized/alias/homepage evidence; no lookalikes either,,v20260906+55419ffd
nvidia-nsight-compute,,0.0,none,missing,no exact/normalized/alias/homepage evidence; no lookalikes either,,v20260906+55419ffd
nvidia-nsight-systems,,0.0,none,missing,no exact/normalized/alias/homepage evidence; no lookalikes either,,v20260906+55419ffd
nvidia-sync,,0.0,none,missing,no exact/normalized/alias/homepage evidence; no lookalikes either,,v20260906+55419ffd
nvs,,0.0,none,missing,no exact/normalized/alias/homepage evidence; no lookalikes either,,v20260906+55419ffd
nwjs,,0.0,none,missing,no exact/normalized/alias/homepage evidence; no lookalikes either,,v20260906+55419ffd
nx-studio,,0.0,none,needs-review,no exact/normalized/alias/homepage evidence; fuzzy suggestions listed for review,texstudio,v20260906+55419ffd
nzbvortex,,0.0,none,missing,no exact/normalized/alias/homepage evidence; no lookalikes either,,v20260906+55419ffd
ob-xf,,0.0,none,missing,no exact/normalized/alias/homepage evidence; no lookalikes either,,v20260906+55419ffd
objectivesharpie,,0.0,none,missing,no exact/normalized/alias/homepage evidence; no lookalikes either,,v20260906+55419ffd
objektiv,,0.0,none,missing,no exact/normalized/alias/homepage evidence; no lookalikes either,,v20260906+55419ffd
obs,,0.0,none,needs-review,no exact/normalized/alias/homepage evidence; fuzzy suggestions listed for review,bs,v20260906+55419ffd
obs-advanced-scene-switcher,,0.0,none,missing,no exact/normalized/alias/homepage evidence; no lookalikes either,,v20260906+55419ffd
obs-backgroundremoval,,0.0,none,missing,no exact/normalized/alias/homepage evidence; no lookalikes either,,v20260906+55419ffd
obs-websocket,,0.0,none,needs-review,no exact/normalized/alias/homepage evidence; fuzzy suggestions listed for review,R-websocket; websocketd; rb-em-websocket,v20260906+55419ffd
obs@beta,,0.0,none,missing,no exact/normalized/alias/homepage evidence; no lookalikes either,,v20260906+55419ffd
obscura-vpn,,0.0,none,missing,no exact/normalized/alias/homepage evidence; no lookalikes either,,v20260906+55419ffd
obsidian,,0.0,none,missing,no exact/normalized/alias/homepage evidence; no lookalikes either,,v20260906+55419ffd
ocenaudio,,0.0,none,needs-review,no exact/normalized/alias/homepage evidence; fuzzy suggestions listed for review,octave-audio,v20260906+55419ffd
oclint,,0.0,none,missing,no exact/normalized/alias/homepage evidence; no lookalikes either,,v20260906+55419ffd
octarine,,0.0,none,missing,no exact/normalized/alias/homepage evidence; no lookalikes either,,v20260906+55419ffd
october,,0.0,none,missing,no exact/normalized/alias/homepage evidence; no lookalikes either,,v20260906+55419ffd
octomouse,,0.0,none,missing,no exact/normalized/alias/homepage evidence; no lookalikes either,,v20260906+55419ffd
odbc-manager,,0.0,none,needs-review,no exact/normalized/alias/homepage evidence; fuzzy suggestions listed for review,DPCIManager,v20260906+55419ffd
odrive,,0.0,none,needs-review,no exact/normalized/alias/homepage evidence; fuzzy suggestions listed for review,gdrive; exodriver; dive,v20260906+55419ffd
offset-explorer,,0.0,none,missing,no exact/normalized/alias/homepage evidence; no lookalikes either,,v20260906+55419ffd
ogdesign-eagle,,0.0,none,missing,no exact/normalized/alias/homepage evidence; no lookalikes either,,v20260906+55419ffd
ok-json,,0.0,none,missing,no exact/normalized/alias/homepage evidence; no lookalikes either,,v20260906+55419ffd
oka-unarchiver,,0.0,none,missing,no exact/normalized/alias/homepage evidence; no lookalikes either,,v20260906+55419ffd
okta-advanced-server-access,,0.0,none,missing,no exact/normalized/alias/homepage evidence; no lookalikes either,,v20260906+55419ffd
okta-verify,,0.0,none,missing,no exact/normalized/alias/homepage evidence; no lookalikes either,,v20260906+55419ffd
old-school-runescape,,0.0,none,missing,no exact/normalized/alias/homepage evidence; no lookalikes either,,v20260906+55419ffd
olive,,0.0,none,needs-review,no exact/normalized/alias/homepage evidence; fuzzy suggestions listed for review,clive,v20260906+55419ffd
ollama-app,ollama,0.95,alias,confident,listed as alias/oldname of 'ollama-app',,v20260906+55419ffd
ollamac,,0.0,none,needs-review,no exact/normalized/alias/homepage evidence; fuzzy suggestions listed for review,ollama; llama.cpp,v20260906+55419ffd
olympus,,0.0,none,missing,no exact/normalized/alias/homepage evidence; no lookalikes either,,v20260906+55419ffd
omegat,OmegaT,0.96,normalized,confident,'omegat' ~ 'OmegaT' after case/punctuation folding,,v20260906+55419ffd
omegat@latest,OmegaT,0.95,replaced-by,confident,'OmegaT-latest' is marked replaced_by 'OmegaT',,v20260906+55419ffd
omnidb,,0.0,none,missing,no exact/normalized/alias/homepage evidence; no lookalikes either,,v20260906+55419ffd
omnidisksweeper,,0.0,none,missing,no exact/normalized/alias/homepage evidence; no lookalikes either,,v20260906+55419ffd
omnifocus,,0.0,none,missing,no exact/normalized/alias/homepage evidence; no lookalikes either,,v20260906+55419ffd
omnigraffle,,0.0,none,missing,no exact/normalized/alias/homepage evidence; no lookalikes either,,v20260906+55419ffd
omnioutliner,,0.0,none,missing,no exact/normalized/alias/homepage evidence; no lookalikes either,,v20260906+55419ffd
omniplan,,0.0,none,missing,no exact/normalized/alias/homepage evidence; no lookalikes either,,v20260906+55419ffd
omnipresence,,0.0,none,missing,no exact/normalized/alias/homepage evidence; no lookalikes either,,v20260906+55419ffd
omnissa-horizon-client,,0.0,none,missing,no exact/normalized/alias/homepage evidence; no lookalikes either,,v20260906+55419ffd
ondesoft-audiobook-converter,,0.0,none,missing,no exact/normalized/alias/homepage evidence; no lookalikes either,,v20260906+55419ffd
one-switch,,0.0,none,missing,no exact/normalized/alias/homepage evidence; no lookalikes either,,v20260906+55419ffd
onecast,,0.0,none,missing,no exact/normalized/alias/homepage evidence; no lookalikes either,,v20260906+55419ffd
onedrive,,0.0,none,missing,no exact/normalized/alias/homepage evidence; no lookalikes either,,v20260906+55419ffd
onekey,,0.0,none,missing,no exact/normalized/alias/homepage evidence; no lookalikes either,,v20260906+55419ffd
onexrayse,,0.0,none,missing,no exact/normalized/alias/homepage evidence; no lookalikes either,,v20260906+55419ffd
onionshare,,0.0,none,missing,no exact/normalized/alias/homepage evidence; no lookalikes either,,v20260906+55419ffd
onit-sidekick,,0.0,none,needs-review,no exact/normalized/alias/homepage evidence; fuzzy suggestions listed for review,sidekick,v20260906+55419ffd
onlook,,0.0,none,missing,no exact/normalized/alias/homepage evidence; no lookalikes either,,v20260906+55419ffd
only-switch,,0.0,none,missing,no exact/normalized/alias/homepage evidence; no lookalikes either,,v20260906+55419ffd
onlyoffice,,0.0,none,missing,no exact/normalized/alias/homepage evidence; no lookalikes either,,v20260906+55419ffd
ontime,,0.0,none,missing,no exact/normalized/alias/homepage evidence; no lookalikes either,,v20260906+55419ffd
onyx,,0.0,none,missing,no exact/normalized/alias/homepage evidence; no lookalikes either,,v20260906+55419ffd
onyx@beta,,0.0,none,missing,no exact/normalized/alias/homepage evidence; no lookalikes either,,v20260906+55419ffd
opal-app,,0.0,none,missing,no exact/normalized/alias/homepage evidence; no lookalikes either,,v20260906+55419ffd
opal-composer,,0.0,none,missing,no exact/normalized/alias/homepage evidence; no lookalikes either,,v20260906+55419ffd
opcode,,0.0,none,needs-review,no exact/normalized/alias/homepage evidence; fuzzy suggestions listed for review,opencode; p5-opcodes,v20260906+55419ffd
open-data-editor,,0.0,none,missing,no exact/normalized/alias/homepage evidence; no lookalikes either,,v20260906+55419ffd
open-design,,0.0,none,missing,no exact/normalized/alias/homepage evidence; no lookalikes either,,v20260906+55419ffd
open-eid,,0.0,none,needs-review,no exact/normalized/alias/homepage evidence; fuzzy suggestions listed for review,openiked; py-openid,v20260906+55419ffd
open-island,,0.0,none,missing,no exact/normalized/alias/homepage evidence; no lookalikes either,,v20260906+55419ffd
open-video-downloader,,0.0,none,missing,no exact/normalized/alias/homepage evidence; no lookalikes either,,v20260906+55419ffd
open-webui,,0.0,none,missing,no exact/normalized/alias/homepage evidence; no lookalikes either,,v20260906+55419ffd
openaudible,,0.0,none,missing,no exact/normalized/alias/homepage evidence; no lookalikes either,,v20260906+55419ffd
openbci,,0.0,none,missing,no exact/normalized/alias/homepage evidence; no lookalikes either,,v20260906+55419ffd
openboard,,0.0,none,needs-review,no exact/normalized/alias/homepage evidence; fuzzy suggestions listed for review,openload; eboard,v20260906+55419ffd
openboardview,,0.0,none,missing,no exact/normalized/alias/homepage evidence; no lookalikes either,,v20260906+55419ffd
opencat,,0.0,none,needs-review,no exact/normalized/alias/homepage evidence; fuzzy suggestions listed for review,openscad; openrct2,v20260906+55419ffd
openchamber,,0.0,none,missing,no exact/normalized/alias/homepage evidence; no lookalikes either,,v20260906+55419ffd
openchrom,,0.0,none,missing,no exact/normalized/alias/homepage evidence; no lookalikes either,,v20260906+55419ffd
openclaw,,0.0,none,needs-review,no exact/normalized/alias/homepage evidence; fuzzy suggestions listed for review,R-OpenCL,v20260906+55419ffd
opencloud,,0.0,none,needs-review,no exact/normalized/alias/homepage evidence; fuzzy suggestions listed for review,opencode; openload,v20260906+55419ffd
opencode-desktop,,0.0,none,needs-review,no exact/normalized/alias/homepage evidence; same homepage 'https://opencode.ai/' as 'opencode' but desc overlap only 0.03; no lookalikes either,,v20260906+55419ffd
opencomic,,0.0,none,needs-review,no exact/normalized/alias/homepage evidence; fuzzy suggestions listed for review,opencc,v20260906+55419ffd
opencore-configurator,,0.0,none,missing,no exact/normalized/alias/homepage evidence; no lookalikes either,,v20260906+55419ffd
opencore-patcher,,0.0,none,missing,no exact/normalized/alias/homepage evidence; no lookalikes either,,v20260906+55419ffd
opencpn,,0.0,none,needs-review,no exact/normalized/alias/homepage evidence; fuzzy suggestions listed for review,openvpn; openvpn3; openvpn2,v20260906+55419ffd
opendisplay,,0.0,none,missing,no exact/normalized/alias/homepage evidence; no lookalikes either,,v20260906+55419ffd
opendnsupdater,,0.0,none,missing,no exact/normalized/alias/homepage evidence; no lookalikes either,,v20260906+55419ffd
openemu,,0.0,none,needs-review,no exact/normalized/alias/homepage evidence; fuzzy suggestions listed for review,openEMS,v20260906+55419ffd
openemu@experimental,,0.0,none,needs-review,no exact/normalized/alias/homepage evidence; fuzzy suggestions listed for review,py-mx-experimental,v20260906+55419ffd
openforis-collect,,0.0,none,missing,no exact/normalized/alias/homepage evidence; no lookalikes either,,v20260906+55419ffd
openframeworks,,0.0,none,needs-review,no exact/normalized/alias/homepage evidence; fuzzy suggestions listed for review,Coin-framework,v20260906+55419ffd
openhuman,,0.0,none,missing,no exact/normalized/alias/homepage evidence; no lookalikes either,,v20260906+55419ffd
openhv,,0.0,none,needs-review,no exact/normalized/alias/homepage evidence; fuzzy suggestions listed for review,opencv,v20260906+55419ffd
openin,,0.0,none,needs-review,no exact/normalized/alias/homepage evidence; fuzzy suggestions listed for review,openni,v20260906+55419ffd
openineditor-lite,,0.0,none,missing,no exact/normalized/alias/homepage evidence; no lookalikes either,,v20260906+55419ffd
openinterminal,,0.0,none,missing,no exact/normalized/alias/homepage evidence; no lookalikes either,,v20260906+55419ffd
openinterminal-lite,,0.0,none,missing,no exact/normalized/alias/homepage evidence; no lookalikes either,,v20260906+55419ffd
openkey,,0.0,none,needs-review,no exact/normalized/alias/homepage evidence; fuzzy suggestions listed for review,openiked,v20260906+55419ffd
openlens,,0.0,none,needs-review,no exact/normalized/alias/homepage evidence; fuzzy suggestions listed for review,openEMS,v20260906+55419ffd
openlist-app,,0.0,none,missing,no exact/normalized/alias/homepage evidence; no lookalikes either,,v20260906+55419ffd
openlogi,openlogi,1.0,exact,confident,name identical in both managers; homepages 'https://openlogi.org/' vs 'https://github.com/AprilNEA/OpenLogi',,v20260906+55419ffd
openlp,,0.0,none,needs-review,no exact/normalized/alias/homepage evidence; fuzzy suggestions listed for review,openslp; openldap; openzl,v20260906+55419ffd
openmsx-emulator,,0.0,none,missing,no exact/normalized/alias/homepage evidence; no lookalikes either,,v20260906+55419ffd
openmtp,,0.0,none,needs-review,no exact/normalized/alias/homepage evidence; fuzzy suggestions listed for review,opensmtpd; openmpi; openntpd,v20260906+55419ffd
openmw,,0.0,none,missing,no exact/normalized/alias/homepage evidence; no lookalikes either,,v20260906+55419ffd
openoffice,,0.0,none,missing,no exact/normalized/alias/homepage evidence; no lookalikes either,,v20260906+55419ffd
openpencil,,0.0,none,missing,no exact/normalized/alias/homepage evidence; no lookalikes either,,v20260906+55419ffd
openpht,,0.0,none,needs-review,no exact/normalized/alias/homepage evidence; fuzzy suggestions listed for review,OpenJPH,v20260906+55419ffd
openra,,0.0,none,needs-review,no exact/normalized/alias/homepage evidence; fuzzy suggestions listed for review,openal,v20260906+55419ffd
openra@playtest,,0.0,none,missing,no exact/normalized/alias/homepage evidence; no lookalikes either,,v20260906+55419ffd
openrct2,openrct2,1.0,exact,confident,name identical in both managers; homepages 'https://openrct2.io/' vs 'https://github.com/OpenRCT2/OpenRCT2',,v20260906+55419ffd
openrefine,,0.0,none,missing,no exact/normalized/alias/homepage evidence; no lookalikes either,,v20260906+55419ffd
openrgb,,0.0,none,missing,no exact/normalized/alias/homepage evidence; no lookalikes either,,v20260906+55419ffd
openrocket,,0.0,none,missing,no exact/normalized/alias/homepage evidence; no lookalikes either,,v20260906+55419ffd
opensc-app,opensc,0.95,alias,confident,listed as alias/oldname of 'opensc-app',,v20260906+55419ffd
openscad,openscad,1.0,exact,confident,name identical in both managers; homepages 'https://www.openscad.org/' vs 'http://www.openscad.org/',,v20260906+55419ffd
openscad@snapshot,,0.0,none,missing,no exact/normalized/alias/homepage evidence; no lookalikes either,,v20260906+55419ffd
opensesame,,0.0,none,missing,no exact/normalized/alias/homepage evidence; no lookalikes either,,v20260906+55419ffd
openshot-video-editor,,0.0,none,needs-review,no exact/normalized/alias/homepage evidence; same homepage 'https://openshot.org/' as 'openshot-qt' but desc overlap only 0.10; versions '4.0.0' vs '3.1.1'; no lookalikes either,,v20260906+55419ffd
openshot-video-editor@daily,,0.0,none,needs-review,"no exact/normalized/alias/homepage evidence; same homepage 'https://openshot.org/' as 'openshot-qt' but desc overlap only 0.10; versions '4.0.0,16822-ba35b438-2819b3bf' vs '3.1.1'; no lookalikes either",,v20260906+55419ffd
opensim,,0.0,none,needs-review,no exact/normalized/alias/homepage evidence; fuzzy suggestions listed for review,opensimh; OpenIPMI; py-gensim,v20260906+55419ffd
opensong,,0.0,none,needs-review,no exact/normalized/alias/homepage evidence; fuzzy suggestions listed for review,OpenCSG,v20260906+55419ffd
opensoundmeter,,0.0,none,missing,no exact/normalized/alias/homepage evidence; no lookalikes either,,v20260906+55419ffd
opensuperwhisper,,0.0,none,missing,no exact/normalized/alias/homepage evidence; no lookalikes either,,v20260906+55419ffd
openthesaurus-deutsch,,0.0,none,missing,no exact/normalized/alias/homepage evidence; no lookalikes either,,v20260906+55419ffd
opentoonz,,0.0,none,missing,no exact/normalized/alias/homepage evidence; no lookalikes either,,v20260906+55419ffd
openttd,openttd,1.0,exact,confident,name identical in both managers; homepages 'https://www.openttd.org/' vs 'https://www.openttd.org/',,v20260906+55419ffd
openusage,,0.0,none,missing,no exact/normalized/alias/homepage evidence; no lookalikes either,,v20260906+55419ffd
openvanilla,,0.0,none,missing,no exact/normalized/alias/homepage evidence; no lookalikes either,,v20260906+55419ffd
openvisualtraceroute,,0.0,none,missing,no exact/normalized/alias/homepage evidence; no lookalikes either,,v20260906+55419ffd
openvpn-connect,,0.0,none,needs-review,no exact/normalized/alias/homepage evidence; fuzzy suggestions listed for review,openconnect,v20260906+55419ffd
openwebstart,,0.0,none,missing,no exact/normalized/alias/homepage evidence; no lookalikes either,,v20260906+55419ffd
openwhispr,,0.0,none,missing,no exact/normalized/alias/homepage evidence; no lookalikes either,,v20260906+55419ffd
openwork,,0.0,none,missing,no exact/normalized/alias/homepage evidence; no lookalikes either,,v20260906+55419ffd
openzfs,,0.0,none,needs-review,no exact/normalized/alias/homepage evidence; fuzzy suggestions listed for review,openfst,v20260906+55419ffd
opera,,0.0,none,missing,no exact/normalized/alias/homepage evidence; no lookalikes either,,v20260906+55419ffd
opera-air,,0.0,none,missing,no exact/normalized/alias/homepage evidence; no lookalikes either,,v20260906+55419ffd
opera-gx,,0.0,none,missing,no exact/normalized/alias/homepage evidence; no lookalikes either,,v20260906+55419ffd
opera@beta,,0.0,none,missing,no exact/normalized/alias/homepage evidence; no lookalikes either,,v20260906+55419ffd
opera@developer,,0.0,none,missing,no exact/normalized/alias/homepage evidence; no lookalikes either,,v20260906+55419ffd
operadriver,,0.0,none,missing,no exact/normalized/alias/homepage evidence; no lookalikes either,,v20260906+55419ffd
opgg,,0.0,none,missing,no exact/normalized/alias/homepage evidence; no lookalikes either,,v20260906+55419ffd
optimage,,0.0,none,missing,no exact/normalized/alias/homepage evidence; no lookalikes either,,v20260906+55419ffd
optimus-player,,0.0,none,missing,no exact/normalized/alias/homepage evidence; no lookalikes either,,v20260906+55419ffd
oracle-data-modeler,,0.0,none,missing,no exact/normalized/alias/homepage evidence; no lookalikes either,,v20260906+55419ffd
oracle-jdk,,0.0,none,missing,no exact/normalized/alias/homepage evidence; no lookalikes either,,v20260906+55419ffd
oracle-jdk-javadoc,,0.0,none,missing,no exact/normalized/alias/homepage evidence; no lookalikes either,,v20260906+55419ffd
oracle-jdk-javadoc@21,,0.0,none,missing,no exact/normalized/alias/homepage evidence; no lookalikes either,,v20260906+55419ffd
oracle-jdk-javadoc@25,,0.0,none,missing,no exact/normalized/alias/homepage evidence; no lookalikes either,,v20260906+55419ffd
oracle-jdk@17,,0.0,none,missing,no exact/normalized/alias/homepage evidence; no lookalikes either,,v20260906+55419ffd
oracle-jdk@21,,0.0,none,missing,no exact/normalized/alias/homepage evidence; no lookalikes either,,v20260906+55419ffd
oracle-jdk@25,,0.0,none,missing,no exact/normalized/alias/homepage evidence; no lookalikes either,,v20260906+55419ffd
orange,,0.0,none,needs-review,no exact/normalized/alias/homepage evidence; fuzzy suggestions listed for review,orage; ranger; rage,v20260906+55419ffd
orangedrangon-android-messages,,0.0,none,missing,no exact/normalized/alias/homepage evidence; no lookalikes either,,v20260906+55419ffd
orbit,,0.0,none,needs-review,no exact/normalized/alias/homepage evidence; fuzzy suggestions listed for review,orbit2; R-bit; orbiton,v20260906+55419ffd
orbstack,,0.0,none,needs-review,no exact/normalized/alias/homepage evidence; fuzzy suggestions listed for review,R-rstack; R-stacks,v20260906+55419ffd
orca,,1.0,curated,missing,brew=plotly chart images; macports=ORCa livecoding language (100r.co),orca; R-ca; orc,v20260906+55419ffd
orcasheets,,0.0,none,missing,no exact/normalized/alias/homepage evidence; no lookalikes either,,v20260906+55419ffd
orcaslicer,,0.0,none,missing,no exact/normalized/alias/homepage evidence; no lookalikes either,,v20260906+55419ffd
orcaslicer@nightly,,0.0,none,missing,no exact/normalized/alias/homepage evidence; no lookalikes either,,v20260906+55419ffd
orchard,,0.0,none,missing,no exact/normalized/alias/homepage evidence; no lookalikes either,,v20260906+55419ffd
origami-studio,,0.0,none,missing,no exact/normalized/alias/homepage evidence; no lookalikes either,,v20260906+55419ffd
orion,,0.0,none,needs-review,no exact/normalized/alias/homepage evidence; fuzzy suggestions listed for review,horizon; orbiton,v20260906+55419ffd
orka,,0.0,none,missing,no exact/normalized/alias/homepage evidence; no lookalikes either,,v20260906+55419ffd
orka-desktop,,0.0,none,needs-review,no exact/normalized/alias/homepage evidence; fuzzy suggestions listed for review,rdesktop,v20260906+55419ffd
orka-vm-tools,,0.0,none,missing,no exact/normalized/alias/homepage evidence; no lookalikes either,,v20260906+55419ffd
orka3,,0.0,none,missing,no exact/normalized/alias/homepage evidence; no lookalikes either,,v20260906+55419ffd
osaurus,,0.0,none,missing,no exact/normalized/alias/homepage evidence; no lookalikes either,,v20260906+55419ffd
oscar,oscar,1.0,exact,confident,name identical in both managers; homepages 'https://www.sleepfiles.com/OSCAR/' vs 'https://www.sleepfiles.com/OSCAR/',,v20260906+55419ffd
oscilloscope,,0.0,none,missing,no exact/normalized/alias/homepage evidence; no lookalikes either,,v20260906+55419ffd
osirix-quicklook,,0.0,none,missing,no exact/normalized/alias/homepage evidence; no lookalikes either,,v20260906+55419ffd
osmc,,0.0,none,needs-review,no exact/normalized/alias/homepage evidence; fuzzy suggestions listed for review,osc,v20260906+55419ffd
oso-cloud,,0.0,none,missing,no exact/normalized/alias/homepage evidence; no lookalikes either,,v20260906+55419ffd
osp-tracker,,0.0,none,needs-review,no exact/normalized/alias/homepage evidence; fuzzy suggestions listed for review,tracker,v20260906+55419ffd
osquery,osquery,1.0,exact,confident,name identical in both managers; homepages 'https://osquery.io/' vs 'https://osquery.io',,v20260906+55419ffd
oss-browser,,0.0,none,missing,no exact/normalized/alias/homepage evidence; no lookalikes either,,v20260906+55419ffd
ossapp,,0.0,ambiguous,needs-review,alias 'tea' looks like a different program (homepages 'https://pkgx.app/' vs 'https://tea.ourproject.org'),tea,v20260906+55419ffd
ossia-score,,0.0,none,missing,no exact/normalized/alias/homepage evidence; no lookalikes either,,v20260906+55419ffd
osu,,0.0,none,missing,no exact/normalized/alias/homepage evidence; no lookalikes either,,v20260906+55419ffd
osu@tachyon,,0.0,none,missing,no exact/normalized/alias/homepage evidence; no lookalikes either,,v20260906+55419ffd
osxfuse,osxfuse,1.0,exact,confident,name identical in both managers; homepages 'https://osxfuse.github.io/' vs 'https://osxfuse.github.io/',,v20260906+55419ffd
otto-matic,,0.0,none,missing,no exact/normalized/alias/homepage evidence; no lookalikes either,,v20260906+55419ffd
otty,,0.0,none,needs-review,no exact/normalized/alias/homepage evidence; fuzzy suggestions listed for review,ott; scotty,v20260906+55419ffd
outerbase-studio,,0.0,none,missing,no exact/normalized/alias/homepage evidence; no lookalikes either,,v20260906+55419ffd
outfox,,0.0,none,needs-review,no exact/normalized/alias/homepage evidence; fuzzy suggestions listed for review,uTox,v20260906+55419ffd
outguess,outguess,1.0,exact,confident,name identical in both managers; homepages 'https://www.rbcafe.com/software/outguess/' vs 'https://github.com/resurrecting-open-source-projects/outguess',,v20260906+55419ffd
outline,,0.0,none,missing,no exact/normalized/alias/homepage evidence; no lookalikes either,,v20260906+55419ffd
outline-manager,,0.0,none,missing,no exact/normalized/alias/homepage evidence; no lookalikes either,,v20260906+55419ffd
output-factory,,0.0,none,missing,no exact/normalized/alias/homepage evidence; no lookalikes either,,v20260906+55419ffd
outset,,0.0,none,missing,no exact/normalized/alias/homepage evidence; no lookalikes either,,v20260906+55419ffd
overflow,,0.0,none,missing,no exact/normalized/alias/homepage evidence; no lookalikes either,,v20260906+55419ffd
overlayed,,0.0,none,missing,no exact/normalized/alias/homepage evidence; no lookalikes either,,v20260906+55419ffd
oversight,,0.0,none,missing,no exact/normalized/alias/homepage evidence; no lookalikes either,,v20260906+55419ffd
overt,,0.0,none,missing,no exact/normalized/alias/homepage evidence; no lookalikes either,,v20260906+55419ffd
overtone-analyzer,,0.0,none,missing,no exact/normalized/alias/homepage evidence; no lookalikes either,,v20260906+55419ffd
overview,,0.0,none,missing,no exact/normalized/alias/homepage evidence; no lookalikes either,,v20260906+55419ffd
ovice,,0.0,none,missing,no exact/normalized/alias/homepage evidence; no lookalikes either,,v20260906+55419ffd
ovito,,0.0,none,missing,no exact/normalized/alias/homepage evidence; no lookalikes either,,v20260906+55419ffd
ovito-pro,,0.0,none,missing,no exact/normalized/alias/homepage evidence; no lookalikes either,,v20260906+55419ffd
owlocr,,0.0,none,missing,no exact/normalized/alias/homepage evidence; no lookalikes either,,v20260906+55419ffd
owncloud,,0.0,none,missing,no exact/normalized/alias/homepage evidence; no lookalikes either,,v20260906+55419ffd
owocr,,0.0,none,missing,no exact/normalized/alias/homepage evidence; no lookalikes either,,v20260906+55419ffd
oxygen-xml-developer,,0.0,none,missing,no exact/normalized/alias/homepage evidence; no lookalikes either,,v20260906+55419ffd
oxygen-xml-editor,,0.0,none,missing,no exact/normalized/alias/homepage evidence; no lookalikes either,,v20260906+55419ffd
p2p-kiwi,,0.0,none,needs-review,no exact/normalized/alias/homepage evidence; fuzzy suggestions listed for review,py27-kiwi,v20260906+55419ffd
p4,,0.0,none,missing,no exact/normalized/alias/homepage evidence; no lookalikes either,,v20260906+55419ffd
p4v,,0.0,none,missing,no exact/normalized/alias/homepage evidence; no lookalikes either,,v20260906+55419ffd
pacifist,,0.0,none,missing,no exact/normalized/alias/homepage evidence; no lookalikes either,,v20260906+55419ffd
packages,,0.0,none,missing,no exact/normalized/alias/homepage evidence; no lookalikes either,,v20260906+55419ffd
packet-peeper,,0.0,none,missing,no exact/normalized/alias/homepage evidence; no lookalikes either,,v20260906+55419ffd
packetproxy,,0.0,none,missing,no exact/normalized/alias/homepage evidence; no lookalikes either,,v20260906+55419ffd
packetsender,,0.0,none,missing,no exact/normalized/alias/homepage evidence; no lookalikes either,,v20260906+55419ffd
padloc,,0.0,none,needs-review,no exact/normalized/alias/homepage evidence; fuzzy suggestions listed for review,pasdoc; pandoc,v20260906+55419ffd
pages-data-merge,,0.0,none,missing,no exact/normalized/alias/homepage evidence; no lookalikes either,,v20260906+55419ffd
pagico,,0.0,none,missing,no exact/normalized/alias/homepage evidence; no lookalikes either,,v20260906+55419ffd
paintbrush,Paintbrush,0.96,normalized,confident,'paintbrush' ~ 'Paintbrush' after case/punctuation folding,,v20260906+55419ffd
paintcode,,0.0,none,missing,no exact/normalized/alias/homepage evidence; no lookalikes either,,v20260906+55419ffd
pairpods,,0.0,none,missing,no exact/normalized/alias/homepage evidence; no lookalikes either,,v20260906+55419ffd
pale-moon,,0.0,none,missing,no exact/normalized/alias/homepage evidence; no lookalikes either,,v20260906+55419ffd
paletro,,0.0,none,missing,no exact/normalized/alias/homepage evidence; no lookalikes either,,v20260906+55419ffd
pallotron-yubiswitch,,0.0,none,missing,no exact/normalized/alias/homepage evidence; no lookalikes either,,v20260906+55419ffd
pally,,0.0,none,missing,no exact/normalized/alias/homepage evidence; no lookalikes either,,v20260906+55419ffd
palmier-pro,,0.0,none,missing,no exact/normalized/alias/homepage evidence; no lookalikes either,,v20260906+55419ffd
pandora,,0.0,none,needs-review,no exact/normalized/alias/homepage evidence; fuzzy suggestions listed for review,panda,v20260906+55419ffd
pangolin,Pangolin,0.96,normalized,confident,'pangolin' ~ 'Pangolin' after case/punctuation folding,,v20260906+55419ffd
panoply,,0.0,none,missing,no exact/normalized/alias/homepage evidence; no lookalikes either,,v20260906+55419ffd
panwriter,,0.0,none,missing,no exact/normalized/alias/homepage evidence; no lookalikes either,,v20260906+55419ffd
paparazzi,,0.0,none,missing,no exact/normalized/alias/homepage evidence; no lookalikes either,,v20260906+55419ffd
paper,,0.0,none,needs-review,no exact/normalized/alias/homepage evidence; fuzzy suggestions listed for review,unpaper,v20260906+55419ffd
paper-design,,0.0,none,missing,no exact/normalized/alias/homepage evidence; no lookalikes either,,v20260906+55419ffd
papercut-mobility-print-client,,0.0,none,missing,no exact/normalized/alias/homepage evidence; no lookalikes either,,v20260906+55419ffd
paperpile,,0.0,none,missing,no exact/normalized/alias/homepage evidence; no lookalikes either,,v20260906+55419ffd
papers,,0.0,none,needs-review,no exact/normalized/alias/homepage evidence; fuzzy suggestions listed for review,paps,v20260906+55419ffd
paperspace,,0.0,none,missing,no exact/normalized/alias/homepage evidence; no lookalikes either,,v20260906+55419ffd
papyrus,,0.0,none,missing,no exact/normalized/alias/homepage evidence; no lookalikes either,,v20260906+55419ffd
paragon-camptune,,0.0,none,missing,no exact/normalized/alias/homepage evidence; no lookalikes either,,v20260906+55419ffd
paragon-extfs,,0.0,none,missing,no exact/normalized/alias/homepage evidence; no lookalikes either,,v20260906+55419ffd
paragon-extfs@11,,0.0,none,missing,no exact/normalized/alias/homepage evidence; no lookalikes either,,v20260906+55419ffd
paragon-ntfs,,0.0,none,missing,no exact/normalized/alias/homepage evidence; no lookalikes either,,v20260906+55419ffd
parallels,,0.0,none,needs-review,no exact/normalized/alias/homepage evidence; fuzzy suggestions listed for review,parallel; rb-parallel; R-parallelDist,v20260906+55419ffd
parallels-client,,0.0,none,missing,no exact/normalized/alias/homepage evidence; no lookalikes either,,v20260906+55419ffd
parallels-toolbox,,0.0,none,missing,no exact/normalized/alias/homepage evidence; no lookalikes either,,v20260906+55419ffd
parallels-virtualization-sdk,,0.0,none,missing,no exact/normalized/alias/homepage evidence; no lookalikes either,,v20260906+55419ffd
parallels@14,,0.0,none,needs-review,no exact/normalized/alias/homepage evidence; fuzzy suggestions listed for review,parallel,v20260906+55419ffd
parallels@15,,0.0,none,needs-review,no exact/normalized/alias/homepage evidence; fuzzy suggestions listed for review,parallel,v20260906+55419ffd
parallels@16,,0.0,none,needs-review,no exact/normalized/alias/homepage evidence; fuzzy suggestions listed for review,parallel,v20260906+55419ffd
parallels@17,,0.0,none,needs-review,no exact/normalized/alias/homepage evidence; fuzzy suggestions listed for review,parallel,v20260906+55419ffd
parallels@18,,0.0,none,needs-review,no exact/normalized/alias/homepage evidence; fuzzy suggestions listed for review,parallel,v20260906+55419ffd
parallels@19,,0.0,none,needs-review,no exact/normalized/alias/homepage evidence; fuzzy suggestions listed for review,parallel,v20260906+55419ffd
parallels@20,,0.0,none,needs-review,no exact/normalized/alias/homepage evidence; fuzzy suggestions listed for review,parallel,v20260906+55419ffd
paranoia-file-text-encryption,,0.0,none,missing,no exact/normalized/alias/homepage evidence; no lookalikes either,,v20260906+55419ffd
paraview,paraview,1.0,exact,confident,name identical in both managers; homepages 'https://www.paraview.org/' vs 'https://www.paraview.org/',,v20260906+55419ffd
pareto-security,,0.0,none,missing,no exact/normalized/alias/homepage evidence; no lookalikes either,,v20260906+55419ffd
parsec,,0.0,none,needs-review,no exact/normalized/alias/homepage evidence; fuzzy suggestions listed for review,R-parsec; lparse,v20260906+55419ffd
parsehub,,0.0,none,missing,no exact/normalized/alias/homepage evidence; no lookalikes either,,v20260906+55419ffd
parsify,,0.0,none,missing,no exact/normalized/alias/homepage evidence; no lookalikes either,,v20260906+55419ffd
paseo,,0.0,none,needs-review,no exact/normalized/alias/homepage evidence; fuzzy suggestions listed for review,py-ase,v20260906+55419ffd
passepartout,,0.0,none,missing,no exact/normalized/alias/homepage evidence; no lookalikes either,,v20260906+55419ffd
password-gorilla,,0.0,none,missing,no exact/normalized/alias/homepage evidence; no lookalikes either,,v20260906+55419ffd
paste,,0.0,none,needs-review,no exact/normalized/alias/homepage evidence; fuzzy suggestions listed for review,pastel; py-paste,v20260906+55419ffd
pastebot,,0.0,none,missing,no exact/normalized/alias/homepage evidence; no lookalikes either,,v20260906+55419ffd
pastebot@2,,0.0,none,missing,no exact/normalized/alias/homepage evidence; no lookalikes either,,v20260906+55419ffd
pastenow,,0.0,none,missing,no exact/normalized/alias/homepage evidence; no lookalikes either,,v20260906+55419ffd
path-finder,,0.0,none,needs-review,no exact/normalized/alias/homepage evidence; fuzzy suggestions listed for review,py-pathfinder; py38-pathfinder; py37-pathfinder,v20260906+55419ffd
paulxstretch,,0.0,none,missing,no exact/normalized/alias/homepage evidence; no lookalikes either,,v20260906+55419ffd
pb,,0.0,none,needs-review,no exact/normalized/alias/homepage evidence; fuzzy suggestions listed for review,pcb; pbc,v20260906+55419ffd
pcoipclient,,0.0,none,missing,no exact/normalized/alias/homepage evidence; no lookalikes either,,v20260906+55419ffd
pcsx2,,0.0,none,missing,no exact/normalized/alias/homepage evidence; no lookalikes either,,v20260906+55419ffd
pd,,0.0,none,needs-review,no exact/normalized/alias/homepage evidence; fuzzy suggestions listed for review,pdc; pmd; mpd,v20260906+55419ffd
pd-l2ork,,0.0,none,missing,no exact/normalized/alias/homepage evidence; no lookalikes either,,v20260906+55419ffd
pdf-converter-master,,0.0,none,missing,no exact/normalized/alias/homepage evidence; no lookalikes either,,v20260906+55419ffd
pdf-expert,,0.0,none,needs-review,no exact/normalized/alias/homepage evidence; fuzzy suggestions listed for review,expert,v20260906+55419ffd
pdf-expert@beta,,0.0,none,missing,no exact/normalized/alias/homepage evidence; no lookalikes either,,v20260906+55419ffd
pdf-over,,0.0,none,missing,no exact/normalized/alias/homepage evidence; no lookalikes either,,v20260906+55419ffd
pdf-pals,,0.0,none,missing,no exact/normalized/alias/homepage evidence; no lookalikes either,,v20260906+55419ffd
pdf-reader-pro,,0.0,none,missing,no exact/normalized/alias/homepage evidence; no lookalikes either,,v20260906+55419ffd
pdf-squeezer,,0.0,none,missing,no exact/normalized/alias/homepage evidence; no lookalikes either,,v20260906+55419ffd
pdf-toolbox,,0.0,none,missing,no exact/normalized/alias/homepage evidence; no lookalikes either,,v20260906+55419ffd
pdfelement,,0.0,none,missing,no exact/normalized/alias/homepage evidence; no lookalikes either,,v20260906+55419ffd
pdfelement-express,,0.0,none,missing,no exact/normalized/alias/homepage evidence; no lookalikes either,,v20260906+55419ffd
pdfextractor,,0.0,none,needs-review,no exact/normalized/alias/homepage evidence; fuzzy suggestions listed for review,apiextractor,v20260906+55419ffd
pdfify,,0.0,none,missing,no exact/normalized/alias/homepage evidence; no lookalikes either,,v20260906+55419ffd
pdfkey-pro,,0.0,none,missing,no exact/normalized/alias/homepage evidence; no lookalikes either,,v20260906+55419ffd
pdfpen,,0.0,none,missing,no exact/normalized/alias/homepage evidence; no lookalikes either,,v20260906+55419ffd
pdfpenpro,,0.0,none,missing,no exact/normalized/alias/homepage evidence; no lookalikes either,,v20260906+55419ffd
pdfsam-basic,,0.0,none,missing,no exact/normalized/alias/homepage evidence; no lookalikes either,,v20260906+55419ffd
pdl,,0.0,none,needs-review,no exact/normalized/alias/homepage evidence; fuzzy suggestions listed for review,PDAL,v20260906+55419ffd
peakhour,,0.0,none,missing,no exact/normalized/alias/homepage evidence; no lookalikes either,,v20260906+55419ffd
pearcleaner,,0.0,none,missing,no exact/normalized/alias/homepage evidence; no lookalikes either,,v20260906+55419ffd
pecunia,,0.0,none,missing,no exact/normalized/alias/homepage evidence; no lookalikes either,,v20260906+55419ffd
penc,,0.0,none,needs-review,no exact/normalized/alias/homepage evidence; fuzzy suggestions listed for review,pen; opencc; opensc,v20260906+55419ffd
pencil,,0.0,none,missing,no exact/normalized/alias/homepage evidence; no lookalikes either,,v20260906+55419ffd
pencil2d,,0.0,none,missing,no exact/normalized/alias/homepage evidence; no lookalikes either,,v20260906+55419ffd
peninsula,,0.0,none,missing,no exact/normalized/alias/homepage evidence; no lookalikes either,,v20260906+55419ffd
perforce,perforce,1.0,exact,confident,name identical in both managers; homepages 'https://www.perforce.com/' vs 'https://www.perforce.com',,v20260906+55419ffd
perimeter81,,0.0,none,missing,no exact/normalized/alias/homepage evidence; no lookalikes either,,v20260906+55419ffd
permute,,0.0,none,needs-review,no exact/normalized/alias/homepage evidence; fuzzy suggestions listed for review,R-permute; R-permutes,v20260906+55419ffd
perplexity,,0.0,none,missing,no exact/normalized/alias/homepage evidence; no lookalikes either,,v20260906+55419ffd
persepolis-download-manager,,0.0,none,missing,no exact/normalized/alias/homepage evidence; no lookalikes either,,v20260906+55419ffd
pester,,0.0,none,needs-review,no exact/normalized/alias/homepage evidence; same homepage 'https://sabi.net/nriley/software/index.html#pester' as 'launch' but desc overlap only 0.00; fuzzy suggestions listed for review,cl-ptester; pamtester,v20260906+55419ffd
petdex,,0.0,none,missing,no exact/normalized/alias/homepage evidence; no lookalikes either,,v20260906+55419ffd
petrichor,,0.0,none,missing,no exact/normalized/alias/homepage evidence; no lookalikes either,,v20260906+55419ffd
pext,,0.0,none,needs-review,no exact/normalized/alias/homepage evidence; fuzzy suggestions listed for review,jpeg-xt; p5-next,v20260906+55419ffd
pgadmin4,,0.0,none,needs-review,no exact/normalized/alias/homepage evidence; same homepage 'https://www.pgadmin.org/' as 'pgAdmin3' but versions '9.17' vs '1.22.2'; fuzzy suggestions listed for review,pgAdmin3,v20260906+55419ffd
pgen,,0.0,none,needs-review,no exact/normalized/alias/homepage evidence; fuzzy suggestions listed for review,pwgen; pen; R-pcgen,v20260906+55419ffd
phd2,,0.0,none,missing,no exact/normalized/alias/homepage evidence; no lookalikes either,,v20260906+55419ffd
philips-hue-sync,,0.0,none,missing,no exact/normalized/alias/homepage evidence; no lookalikes either,,v20260906+55419ffd
phocus,,0.0,none,missing,no exact/normalized/alias/homepage evidence; no lookalikes either,,v20260906+55419ffd
phoenix,phoenix,1.0,exact,confident,name identical in both managers; homepages 'https://github.com/kasper/phoenix/' vs 'https://github.com/kasper/phoenix',,v20260906+55419ffd
phoenix-code,,0.0,none,missing,no exact/normalized/alias/homepage evidence; no lookalikes either,,v20260906+55419ffd
phoenix-slides,,0.0,none,missing,no exact/normalized/alias/homepage evidence; no lookalikes either,,v20260906+55419ffd
phosphene,,0.0,none,missing,no exact/normalized/alias/homepage evidence; no lookalikes either,,v20260906+55419ffd
photoninja,,0.0,none,missing,no exact/normalized/alias/homepage evidence; no lookalikes either,,v20260906+55419ffd
photosrevive,,0.0,none,missing,no exact/normalized/alias/homepage evidence; no lookalikes either,,v20260906+55419ffd
photostickies,,0.0,none,missing,no exact/normalized/alias/homepage evidence; no lookalikes either,,v20260906+55419ffd
photosweeper-x,,0.0,none,missing,no exact/normalized/alias/homepage evidence; no lookalikes either,,v20260906+55419ffd
photosync,,0.0,none,missing,no exact/normalized/alias/homepage evidence; no lookalikes either,,v20260906+55419ffd
photozoom-pro,,0.0,none,missing,no exact/normalized/alias/homepage evidence; no lookalikes either,,v20260906+55419ffd
phpstorm,,0.0,none,needs-review,no exact/normalized/alias/homepage evidence; fuzzy suggestions listed for review,php-stomp; py-storm; php-solr,v20260906+55419ffd
physics-101,,0.0,none,missing,no exact/normalized/alias/homepage evidence; no lookalikes either,,v20260906+55419ffd
pia,,0.0,none,needs-review,no exact/normalized/alias/homepage evidence; fuzzy suggestions listed for review,pika; PIDA,v20260906+55419ffd
pibar,,0.0,none,needs-review,no exact/normalized/alias/homepage evidence; fuzzy suggestions listed for review,R-piar,v20260906+55419ffd
picfindr,,0.0,none,missing,no exact/normalized/alias/homepage evidence; no lookalikes either,,v20260906+55419ffd
picgo,,0.0,none,missing,no exact/normalized/alias/homepage evidence; no lookalikes either,,v20260906+55419ffd
pichon,,0.0,none,needs-review,no exact/normalized/alias/homepage evidence; fuzzy suggestions listed for review,icon,v20260906+55419ffd
piclist,,0.0,none,missing,no exact/normalized/alias/homepage evidence; no lookalikes either,,v20260906+55419ffd
picoscope,,0.0,none,needs-review,no exact/normalized/alias/homepage evidence; fuzzy suggestions listed for review,cscope,v20260906+55419ffd
picoscope@beta,,0.0,none,missing,no exact/normalized/alias/homepage evidence; no lookalikes either,,v20260906+55419ffd
pictogram,,0.0,none,missing,no exact/normalized/alias/homepage evidence; no lookalikes either,,v20260906+55419ffd
pictureview,,0.0,none,needs-review,no exact/normalized/alias/homepage evidence; fuzzy suggestions listed for review,py-git-review; git-review,v20260906+55419ffd
picview,,0.0,none,missing,no exact/normalized/alias/homepage evidence; no lookalikes either,,v20260906+55419ffd
pieces,,0.0,none,missing,no exact/normalized/alias/homepage evidence; no lookalikes either,,v20260906+55419ffd
pieces-os,,0.0,none,missing,no exact/normalized/alias/homepage evidence; no lookalikes either,,v20260906+55419ffd
piezo,,0.0,none,missing,no exact/normalized/alias/homepage evidence; no lookalikes either,,v20260906+55419ffd
pika,pika,1.0,exact,confident,name identical in both managers; homepages 'https://superhighfives.com/pika' vs 'https://github.com/pika-org/pika',,v20260906+55419ffd
pika@beta,,0.0,none,missing,no exact/normalized/alias/homepage evidence; no lookalikes either,,v20260906+55419ffd
pikopixel,,0.0,none,missing,no exact/normalized/alias/homepage evidence; no lookalikes either,,v20260906+55419ffd
pikpak,,0.0,none,needs-review,no exact/normalized/alias/homepage evidence; fuzzy suggestions listed for review,pika,v20260906+55419ffd
pile,,0.0,none,missing,no exact/normalized/alias/homepage evidence; no lookalikes either,,v20260906+55419ffd
pimosa,,0.0,none,missing,no exact/normalized/alias/homepage evidence; no lookalikes either,,v20260906+55419ffd
pine,,1.0,curated,missing,brew=markdown editor; macports=Pine mail/news reader (washington.edu),pine; py-vine; alpine,v20260906+55419ffd
pinegrow,,0.0,none,missing,no exact/normalized/alias/homepage evidence; no lookalikes either,,v20260906+55419ffd
ping-island,,0.0,none,missing,no exact/normalized/alias/homepage evidence; no lookalikes either,,v20260906+55419ffd
pingid,,0.0,none,missing,no exact/normalized/alias/homepage evidence; no lookalikes either,,v20260906+55419ffd
pingnoo,,0.0,none,missing,no exact/normalized/alias/homepage evidence; no lookalikes either,,v20260906+55419ffd
pingplotter,,0.0,none,missing,no exact/normalized/alias/homepage evidence; no lookalikes either,,v20260906+55419ffd
pinta,,0.0,none,missing,no exact/normalized/alias/homepage evidence; no lookalikes either,,v20260906+55419ffd
pinwheel,,0.0,none,needs-review,no exact/normalized/alias/homepage evidence; fuzzy suggestions listed for review,py-wheel,v20260906+55419ffd
piphero,,0.0,none,missing,no exact/normalized/alias/homepage evidence; no lookalikes either,,v20260906+55419ffd
pique,,0.0,none,missing,no exact/normalized/alias/homepage evidence; no lookalikes either,,v20260906+55419ffd
pitch,,0.0,none,needs-review,no exact/normalized/alias/homepage evidence; fuzzy suggestions listed for review,mpich,v20260906+55419ffd
pivy-app,,0.0,none,missing,no exact/normalized/alias/homepage evidence; no lookalikes either,,v20260906+55419ffd
pixcake,,0.0,none,missing,no exact/normalized/alias/homepage evidence; no lookalikes either,,v20260906+55419ffd
pixel-check,,0.0,none,missing,no exact/normalized/alias/homepage evidence; no lookalikes either,,v20260906+55419ffd
pixel-picker,,0.0,none,missing,no exact/normalized/alias/homepage evidence; no lookalikes either,,v20260906+55419ffd
pixel-shift-combiner,,0.0,none,missing,no exact/normalized/alias/homepage evidence; no lookalikes either,,v20260906+55419ffd
pixelorama,,0.0,none,missing,no exact/normalized/alias/homepage evidence; no lookalikes either,,v20260906+55419ffd
pixelsnap,,0.0,none,missing,no exact/normalized/alias/homepage evidence; no lookalikes either,,v20260906+55419ffd
pixieditor,,0.0,none,missing,no exact/normalized/alias/homepage evidence; no lookalikes either,,v20260906+55419ffd
pixpin,,0.0,none,missing,no exact/normalized/alias/homepage evidence; no lookalikes either,,v20260906+55419ffd
pktriot,,0.0,none,missing,no exact/normalized/alias/homepage evidence; no lookalikes either,,v20260906+55419ffd
plamo-translate,,0.0,none,needs-review,no exact/normalized/alias/homepage evidence; fuzzy suggestions listed for review,cl-translate,v20260906+55419ffd
plan,,0.0,none,missing,no exact/normalized/alias/homepage evidence; no lookalikes either,,v20260906+55419ffd
planet,,0.0,none,needs-review,no exact/normalized/alias/homepage evidence; fuzzy suggestions listed for review,xplanet,v20260906+55419ffd
plasticity,,0.0,none,missing,no exact/normalized/alias/homepage evidence; no lookalikes either,,v20260906+55419ffd
plasticscm-cloud-edition,,0.0,none,missing,no exact/normalized/alias/homepage evidence; no lookalikes either,,v20260906+55419ffd
platinum-notes,,0.0,none,missing,no exact/normalized/alias/homepage evidence; no lookalikes either,,v20260906+55419ffd
platypus,Platypus,0.96,normalized,confident,'platypus' ~ 'Platypus' after case/punctuation folding,,v20260906+55419ffd
plaud,,0.0,none,missing,no exact/normalized/alias/homepage evidence; no lookalikes either,,v20260906+55419ffd
playcover-community,,0.0,none,missing,no exact/normalized/alias/homepage evidence; no lookalikes either,,v20260906+55419ffd
playcover-community@beta,,0.0,none,missing,no exact/normalized/alias/homepage evidence; no lookalikes either,,v20260906+55419ffd
playdate-mirror,,0.0,none,missing,no exact/normalized/alias/homepage evidence; no lookalikes either,,v20260906+55419ffd
playdate-simulator,,0.0,none,missing,no exact/normalized/alias/homepage evidence; no lookalikes either,,v20260906+55419ffd
playmemories-home,,0.0,none,missing,no exact/normalized/alias/homepage evidence; no lookalikes either,,v20260906+55419ffd
playonmac,,0.0,none,missing,no exact/normalized/alias/homepage evidence; no lookalikes either,,v20260906+55419ffd
plex,,0.0,none,needs-review,no exact/normalized/alias/homepage evidence; fuzzy suggestions listed for review,soplex; replex,v20260906+55419ffd
plex-htpc,,0.0,none,missing,no exact/normalized/alias/homepage evidence; no lookalikes either,,v20260906+55419ffd
plex-media-server,,0.0,none,missing,no exact/normalized/alias/homepage evidence; no lookalikes either,,v20260906+55419ffd
plexamp,,0.0,none,missing,no exact/normalized/alias/homepage evidence; no lookalikes either,,v20260906+55419ffd
pliim,,0.0,none,missing,no exact/normalized/alias/homepage evidence; no lookalikes either,,v20260906+55419ffd
plistedit-pro,,0.0,none,missing,no exact/normalized/alias/homepage evidence; no lookalikes either,,v20260906+55419ffd
plotdigitizer,,0.0,none,missing,no exact/normalized/alias/homepage evidence; no lookalikes either,,v20260906+55419ffd
plover,,0.0,none,needs-review,no exact/normalized/alias/homepage evidence; fuzzy suggestions listed for review,plovr,v20260906+55419ffd
plug,,0.0,none,needs-review,no exact/normalized/alias/homepage evidence; fuzzy suggestions listed for review,adplug,v20260906+55419ffd
plugdata,,0.0,none,needs-review,no exact/normalized/alias/homepage evidence; fuzzy suggestions listed for review,py-gdata,v20260906+55419ffd
plugdata@nightly,,0.0,none,missing,no exact/normalized/alias/homepage evidence; no lookalikes either,,v20260906+55419ffd
pluginval,,0.0,none,missing,no exact/normalized/alias/homepage evidence; no lookalikes either,,v20260906+55419ffd
pluralplay-flclashx,,0.0,none,missing,no exact/normalized/alias/homepage evidence; no lookalikes either,,v20260906+55419ffd
plus42-binary,,0.0,none,missing,no exact/normalized/alias/homepage evidence; no lookalikes either,,v20260906+55419ffd
plus42-decimal,,0.0,none,missing,no exact/normalized/alias/homepage evidence; no lookalikes either,,v20260906+55419ffd
pock,,0.0,none,needs-review,no exact/normalized/alias/homepage evidence; fuzzy suggestions listed for review,py-mock,v20260906+55419ffd
pocket-bard,,0.0,none,missing,no exact/normalized/alias/homepage evidence; no lookalikes either,,v20260906+55419ffd
pocket-casts,,0.0,none,missing,no exact/normalized/alias/homepage evidence; no lookalikes either,,v20260906+55419ffd
podman-desktop,,0.0,none,missing,no exact/normalized/alias/homepage evidence; no lookalikes either,,v20260906+55419ffd
podolski,,0.0,none,missing,no exact/normalized/alias/homepage evidence; no lookalikes either,,v20260906+55419ffd
podpisuj,,0.0,none,missing,no exact/normalized/alias/homepage evidence; no lookalikes either,,v20260906+55419ffd
poe,,0.0,none,needs-review,no exact/normalized/alias/homepage evidence; fuzzy suggestions listed for review,poke,v20260906+55419ffd
poedit,poedit,1.0,exact,confident,name identical in both managers; homepages 'https://poedit.net/' vs 'https://poedit.net/',,v20260906+55419ffd
poi,poi,1.0,exact,confident,name identical in both managers; homepages 'https://poi.moe/' vs 'https://poi.apache.org/',,v20260906+55419ffd
pokemon-reborn,,0.0,none,missing,no exact/normalized/alias/homepage evidence; no lookalikes either,,v20260906+55419ffd
pokemon-showdown,,0.0,none,missing,no exact/normalized/alias/homepage evidence; no lookalikes either,,v20260906+55419ffd
pokemon-tcg-live,,0.0,none,missing,no exact/normalized/alias/homepage evidence; no lookalikes either,,v20260906+55419ffd
poker-copilot,,0.0,none,missing,no exact/normalized/alias/homepage evidence; no lookalikes either,,v20260906+55419ffd
pokerstars,,0.0,none,missing,no exact/normalized/alias/homepage evidence; no lookalikes either,,v20260906+55419ffd
pokerth,,0.0,none,missing,no exact/normalized/alias/homepage evidence; no lookalikes either,,v20260906+55419ffd
polkadot-js,,0.0,none,missing,no exact/normalized/alias/homepage evidence; no lookalikes either,,v20260906+55419ffd
pololu-avr-programmer-v2,,0.0,none,missing,no exact/normalized/alias/homepage evidence; no lookalikes either,,v20260906+55419ffd
polymail,,0.0,none,needs-review,no exact/normalized/alias/homepage evidence; fuzzy suggestions listed for review,polyml,v20260906+55419ffd
polypane,,0.0,none,needs-review,no exact/normalized/alias/homepage evidence; fuzzy suggestions listed for review,py-panel,v20260906+55419ffd
polyphone,,0.0,none,missing,no exact/normalized/alias/homepage evidence; no lookalikes either,,v20260906+55419ffd
pomatez,,0.0,none,missing,no exact/normalized/alias/homepage evidence; no lookalikes either,,v20260906+55419ffd
pomello,,0.0,none,missing,no exact/normalized/alias/homepage evidence; no lookalikes either,,v20260906+55419ffd
pomotroid,,0.0,none,missing,no exact/normalized/alias/homepage evidence; no lookalikes either,,v20260906+55419ffd
pongsaver,,0.0,none,missing,no exact/normalized/alias/homepage evidence; no lookalikes either,,v20260906+55419ffd
pop-app,,0.0,none,missing,no exact/normalized/alias/homepage evidence; no lookalikes either,,v20260906+55419ffd
popchar,,0.0,none,missing,no exact/normalized/alias/homepage evidence; no lookalikes either,,v20260906+55419ffd
popclip,,0.0,none,missing,no exact/normalized/alias/homepage evidence; no lookalikes either,,v20260906+55419ffd
popmaker,,0.0,none,missing,no exact/normalized/alias/homepage evidence; no lookalikes either,,v20260906+55419ffd
popo,,0.0,none,needs-review,no exact/normalized/alias/homepage evidence; fuzzy suggestions listed for review,polipo,v20260906+55419ffd
popsql,,0.0,none,missing,no exact/normalized/alias/homepage evidence; no lookalikes either,,v20260906+55419ffd
portalbox,,0.0,none,missing,no exact/normalized/alias/homepage evidence; no lookalikes either,,v20260906+55419ffd
portfolioperformance,portfolio-performance,0.96,normalized,confident,'portfolioperformance' ~ 'portfolio-performance' after case/punctuation folding,,v20260906+55419ffd
porting-kit,,0.0,none,missing,no exact/normalized/alias/homepage evidence; no lookalikes either,,v20260906+55419ffd
portx,,0.0,none,missing,no exact/normalized/alias/homepage evidence; no lookalikes either,,v20260906+55419ffd
positron,,0.0,none,missing,no exact/normalized/alias/homepage evidence; no lookalikes either,,v20260906+55419ffd
post-haste,,0.0,none,missing,no exact/normalized/alias/homepage evidence; no lookalikes either,,v20260906+55419ffd
postbird,,0.0,none,missing,no exact/normalized/alias/homepage evidence; no lookalikes either,,v20260906+55419ffd
postbox,,0.0,none,missing,no exact/normalized/alias/homepage evidence; no lookalikes either,,v20260906+55419ffd
postgres-app,,0.0,none,missing,no exact/normalized/alias/homepage evidence; no lookalikes either,,v20260906+55419ffd
postgrespreferencepane,,0.0,none,missing,no exact/normalized/alias/homepage evidence; no lookalikes either,,v20260906+55419ffd
postico,,0.0,none,missing,no exact/normalized/alias/homepage evidence; no lookalikes either,,v20260906+55419ffd
postico@1,,0.0,none,missing,no exact/normalized/alias/homepage evidence; no lookalikes either,,v20260906+55419ffd
postman,,0.0,none,needs-review,no exact/normalized/alias/homepage evidence; fuzzy suggestions listed for review,R-mRpostman,v20260906+55419ffd
postman-agent,,0.0,none,missing,no exact/normalized/alias/homepage evidence; no lookalikes either,,v20260906+55419ffd
postman-cli,,0.0,none,missing,no exact/normalized/alias/homepage evidence; no lookalikes either,,v20260906+55419ffd
postman@canary,,0.0,none,missing,no exact/normalized/alias/homepage evidence; no lookalikes either,,v20260906+55419ffd
posture-pal,,0.0,none,missing,no exact/normalized/alias/homepage evidence; no lookalikes either,,v20260906+55419ffd
pot,,0.0,none,needs-review,no exact/normalized/alias/homepage evidence; fuzzy suggestions listed for review,spot; popt,v20260906+55419ffd
powder,,0.0,none,needs-review,no exact/normalized/alias/homepage evidence; fuzzy suggestions listed for review,upower,v20260906+55419ffd
powder-player,,0.0,none,missing,no exact/normalized/alias/homepage evidence; no lookalikes either,,v20260906+55419ffd
power-manager,,0.0,none,missing,no exact/normalized/alias/homepage evidence; no lookalikes either,,v20260906+55419ffd
power-monitor,,0.0,none,missing,no exact/normalized/alias/homepage evidence; no lookalikes either,,v20260906+55419ffd
powerpanel,,0.0,none,missing,no exact/normalized/alias/homepage evidence; no lookalikes either,,v20260906+55419ffd
powerphotos,,0.0,none,missing,no exact/normalized/alias/homepage evidence; no lookalikes either,,v20260906+55419ffd
powershell@preview,,0.0,none,missing,no exact/normalized/alias/homepage evidence; no lookalikes either,,v20260906+55419ffd
ppduck,,0.0,none,needs-review,no exact/normalized/alias/homepage evidence; fuzzy suggestions listed for review,duck,v20260906+55419ffd
pppc-utility,,0.0,none,missing,no exact/normalized/alias/homepage evidence; no lookalikes either,,v20260906+55419ffd
ppsspp-emulator,,0.0,none,missing,no exact/normalized/alias/homepage evidence; no lookalikes either,,v20260906+55419ffd
praat,,0.0,none,missing,no exact/normalized/alias/homepage evidence; no lookalikes either,,v20260906+55419ffd
precize,,0.0,none,missing,no exact/normalized/alias/homepage evidence; no lookalikes either,,v20260906+55419ffd
preference-manager,,0.0,none,needs-review,no exact/normalized/alias/homepage evidence; fuzzy suggestions listed for review,PreferencePanes,v20260906+55419ffd
preferencecleaner,,0.0,none,needs-review,no exact/normalized/alias/homepage evidence; fuzzy suggestions listed for review,PreferencePanes,v20260906+55419ffd
preform,,0.0,none,missing,no exact/normalized/alias/homepage evidence; no lookalikes either,,v20260906+55419ffd
prefs-editor,,0.0,none,missing,no exact/normalized/alias/homepage evidence; no lookalikes either,,v20260906+55419ffd
prepros,,0.0,none,missing,no exact/normalized/alias/homepage evidence; no lookalikes either,,v20260906+55419ffd
presentation,,0.0,none,missing,no exact/normalized/alias/homepage evidence; no lookalikes either,,v20260906+55419ffd
presentify,,0.0,none,needs-review,no exact/normalized/alias/homepage evidence; fuzzy suggestions listed for review,present,v20260906+55419ffd
prettyclean,,0.0,none,missing,no exact/normalized/alias/homepage evidence; no lookalikes either,,v20260906+55419ffd
pretzel,,0.0,none,missing,no exact/normalized/alias/homepage evidence; no lookalikes either,,v20260906+55419ffd
prezi-next,,0.0,none,needs-review,no exact/normalized/alias/homepage evidence; fuzzy suggestions listed for review,R-einet,v20260906+55419ffd
prezi-video,,0.0,none,missing,no exact/normalized/alias/homepage evidence; no lookalikes either,,v20260906+55419ffd
prince,,0.0,none,needs-review,no exact/normalized/alias/homepage evidence; fuzzy suggestions listed for review,PRICE,v20260906+55419ffd
principle,,0.0,none,missing,no exact/normalized/alias/homepage evidence; no lookalikes either,,v20260906+55419ffd
printopia,,0.0,none,missing,no exact/normalized/alias/homepage evidence; no lookalikes either,,v20260906+55419ffd
prism,,0.0,none,needs-review,no exact/normalized/alias/homepage evidence; fuzzy suggestions listed for review,prima; prips,v20260906+55419ffd
prisma-access-browser,,0.0,none,missing,no exact/normalized/alias/homepage evidence; no lookalikes either,,v20260906+55419ffd
prisma-studio,,0.0,none,missing,no exact/normalized/alias/homepage evidence; no lookalikes either,,v20260906+55419ffd
prismlauncher,PrismLauncher,0.96,normalized,confident,'prismlauncher' ~ 'PrismLauncher' after case/punctuation folding,,v20260906+55419ffd
pritunl,,0.0,none,needs-review,no exact/normalized/alias/homepage evidence; fuzzy suggestions listed for review,prtunnel,v20260906+55419ffd
privadovpn,,0.0,none,missing,no exact/normalized/alias/homepage evidence; no lookalikes either,,v20260906+55419ffd
private-internet-access,,0.0,none,missing,no exact/normalized/alias/homepage evidence; no lookalikes either,,v20260906+55419ffd
privatevpn,,0.0,none,missing,no exact/normalized/alias/homepage evidence; no lookalikes either,,v20260906+55419ffd
privileges,,0.0,none,missing,no exact/normalized/alias/homepage evidence; no lookalikes either,,v20260906+55419ffd
prizmo,,0.0,none,missing,no exact/normalized/alias/homepage evidence; no lookalikes either,,v20260906+55419ffd
processing,processing,1.0,exact,confident,name identical in both managers; homepages 'https://processing.org/' vs 'https://processing.org',,v20260906+55419ffd
processmonitor,,0.0,none,missing,no exact/normalized/alias/homepage evidence; no lookalikes either,,v20260906+55419ffd
processspy,,0.0,none,missing,no exact/normalized/alias/homepage evidence; no lookalikes either,,v20260906+55419ffd
procexp,,0.0,none,missing,no exact/normalized/alias/homepage evidence; no lookalikes either,,v20260906+55419ffd
proclaim,,0.0,none,missing,no exact/normalized/alias/homepage evidence; no lookalikes either,,v20260906+55419ffd
productive,,0.0,none,needs-review,no exact/normalized/alias/homepage evidence; fuzzy suggestions listed for review,R-deductive,v20260906+55419ffd
profilecreator,,0.0,none,missing,no exact/normalized/alias/homepage evidence; no lookalikes either,,v20260906+55419ffd
profind,,0.0,none,missing,no exact/normalized/alias/homepage evidence; no lookalikes either,,v20260906+55419ffd
profit,,0.0,none,needs-review,no exact/normalized/alias/homepage evidence; fuzzy suggestions listed for review,rofi; profanity,v20260906+55419ffd
programmer-dvorak,,0.0,none,missing,no exact/normalized/alias/homepage evidence; no lookalikes either,,v20260906+55419ffd
progressive-downloader,,0.0,none,missing,no exact/normalized/alias/homepage evidence; no lookalikes either,,v20260906+55419ffd
projectlibre,ProjectLibre,0.96,normalized,confident,'projectlibre' ~ 'ProjectLibre' after case/punctuation folding,,v20260906+55419ffd
prolific-pl2303,,0.0,none,missing,no exact/normalized/alias/homepage evidence; no lookalikes either,,v20260906+55419ffd
pronotes,,0.0,none,needs-review,no exact/normalized/alias/homepage evidence; fuzzy suggestions listed for review,R-bootES,v20260906+55419ffd
pronterface,,0.0,none,needs-review,no exact/normalized/alias/homepage evidence; fuzzy suggestions listed for review,p5-io-interface,v20260906+55419ffd
propresenter,,0.0,none,needs-review,no exact/normalized/alias/homepage evidence; fuzzy suggestions listed for review,presenterm,v20260906+55419ffd
propresenter@beta,,0.0,none,missing,no exact/normalized/alias/homepage evidence; no lookalikes either,,v20260906+55419ffd
proscoreboard,,0.0,none,missing,no exact/normalized/alias/homepage evidence; no lookalikes either,,v20260906+55419ffd
prosys-opc-ua-browser,,0.0,none,missing,no exact/normalized/alias/homepage evidence; no lookalikes either,,v20260906+55419ffd
protege,,0.0,none,missing,no exact/normalized/alias/homepage evidence; no lookalikes either,,v20260906+55419ffd
protoio-overflow,,0.0,none,missing,no exact/normalized/alias/homepage evidence; no lookalikes either,,v20260906+55419ffd
protokol,,0.0,none,needs-review,no exact/normalized/alias/homepage evidence; fuzzy suggestions listed for review,proctools,v20260906+55419ffd
proton-drive,,0.0,none,missing,no exact/normalized/alias/homepage evidence; no lookalikes either,,v20260906+55419ffd
proton-mail,,0.0,none,missing,no exact/normalized/alias/homepage evidence; no lookalikes either,,v20260906+55419ffd
proton-mail-bridge,,0.0,none,missing,no exact/normalized/alias/homepage evidence; no lookalikes either,,v20260906+55419ffd
proton-meet,,0.0,none,missing,no exact/normalized/alias/homepage evidence; no lookalikes either,,v20260906+55419ffd
proton-pass,,0.0,none,missing,no exact/normalized/alias/homepage evidence; no lookalikes either,,v20260906+55419ffd
protonvpn,,0.0,none,missing,no exact/normalized/alias/homepage evidence; no lookalikes either,,v20260906+55419ffd
protopie,,0.0,none,missing,no exact/normalized/alias/homepage evidence; no lookalikes either,,v20260906+55419ffd
provideoplayer,,0.0,none,missing,no exact/normalized/alias/homepage evidence; no lookalikes either,,v20260906+55419ffd
provisioning,,0.0,none,missing,no exact/normalized/alias/homepage evidence; no lookalikes either,,v20260906+55419ffd
provisionql,,0.0,none,missing,no exact/normalized/alias/homepage evidence; no lookalikes either,,v20260906+55419ffd
prowlarr,,0.0,none,missing,no exact/normalized/alias/homepage evidence; no lookalikes either,,v20260906+55419ffd
prowritingaid,,0.0,none,missing,no exact/normalized/alias/homepage evidence; no lookalikes either,,v20260906+55419ffd
proxifier,,0.0,none,needs-review,no exact/normalized/alias/homepage evidence; fuzzy suggestions listed for review,rox-filer,v20260906+55419ffd
proxy-audio-device,proxy-audio-device,1.0,exact,confident,name identical in both managers; homepages 'https://github.com/briankendall/proxy-audio-device' vs 'https://github.com/briankendall/proxy-audio-device',,v20260906+55419ffd
proxybridge,,0.0,none,missing,no exact/normalized/alias/homepage evidence; no lookalikes either,,v20260906+55419ffd
proxygen-app,,0.0,none,needs-review,no exact/normalized/alias/homepage evidence; fuzzy suggestions listed for review,proxygen,v20260906+55419ffd
proxyman,,0.0,none,needs-review,no exact/normalized/alias/homepage evidence; fuzzy suggestions listed for review,py-roman; p5-roman,v20260906+55419ffd
prudent,,0.0,none,missing,no exact/normalized/alias/homepage evidence; no lookalikes either,,v20260906+55419ffd
prusaslicer,,0.0,none,missing,no exact/normalized/alias/homepage evidence; no lookalikes either,,v20260906+55419ffd
psi,psi,1.0,exact,confident,name identical in both managers; homepages 'https://psi-im.org/' vs 'https://psi-im.org',,v20260906+55419ffd
psi-plus,psi,0.9,homepage,confident,same upstream 'https://psi-im.org/' (desc overlap 0.15),,v20260906+55419ffd
psiphon-conduit,,0.0,none,missing,no exact/normalized/alias/homepage evidence; no lookalikes either,,v20260906+55419ffd
psst,,0.0,none,missing,no exact/normalized/alias/homepage evidence; no lookalikes either,,v20260906+55419ffd
psychopy,,0.0,none,needs-review,no exact/normalized/alias/homepage evidence; same homepage 'https://www.psychopy.org/' as 'py27-psychopy' but desc overlap only 0.00; versions '2026.2.3' vs '1.78.01'; fuzzy suggestions listed for review,py-psychopy; py27-psychopy,v20260906+55419ffd
ptpwebcam,,0.0,none,missing,no exact/normalized/alias/homepage evidence; no lookalikes either,,v20260906+55419ffd
publii,,0.0,none,missing,no exact/normalized/alias/homepage evidence; no lookalikes either,,v20260906+55419ffd
publish-or-perish,,0.0,none,missing,no exact/normalized/alias/homepage evidence; no lookalikes either,,v20260906+55419ffd
pulsar,,0.0,none,needs-review,no exact/normalized/alias/homepage evidence; fuzzy suggestions listed for review,lalpulsar,v20260906+55419ffd
pulse-sms,,0.0,none,missing,no exact/normalized/alias/homepage evidence; no lookalikes either,,v20260906+55419ffd
puppetry,,0.0,none,needs-review,no exact/normalized/alias/homepage evidence; fuzzy suggestions listed for review,puppet,v20260906+55419ffd
pure-writer,,0.0,none,missing,no exact/normalized/alias/homepage evidence; no lookalikes either,,v20260906+55419ffd
purei-play,,0.0,none,missing,no exact/normalized/alias/homepage evidence; no lookalikes either,,v20260906+55419ffd
puremac,,0.0,none,missing,no exact/normalized/alias/homepage evidence; no lookalikes either,,v20260906+55419ffd
purevpn,,0.0,none,missing,no exact/normalized/alias/homepage evidence; no lookalikes either,,v20260906+55419ffd
pusher,,0.0,none,needs-review,no exact/normalized/alias/homepage evidence; fuzzy suggestions listed for review,p5-user,v20260906+55419ffd
pushplaylabs-sidekick,,0.0,none,missing,no exact/normalized/alias/homepage evidence; no lookalikes either,,v20260906+55419ffd
puzzles-app,,0.0,none,missing,no exact/normalized/alias/homepage evidence; no lookalikes either,,v20260906+55419ffd
pxplay,,0.0,none,needs-review,no exact/normalized/alias/homepage evidence; fuzzy suggestions listed for review,play,v20260906+55419ffd
pycharm,,0.0,none,needs-review,no exact/normalized/alias/homepage evidence; fuzzy suggestions listed for review,py-chm; charm,v20260906+55419ffd
pycharm-ce,,0.0,none,missing,no exact/normalized/alias/homepage evidence; no lookalikes either,,v20260906+55419ffd
pycharm-edu,,0.0,none,missing,no exact/normalized/alias/homepage evidence; no lookalikes either,,v20260906+55419ffd
pycharm-oss,,0.0,none,missing,no exact/normalized/alias/homepage evidence; no lookalikes either,,v20260906+55419ffd
pyfa,pyfa,1.0,exact,confident,name identical in both managers; homepages 'https://github.com/pyfa-org/Pyfa' vs 'https://github.com/pyfa-org/Pyfa',,v20260906+55419ffd
pym-player,,0.0,none,needs-review,no exact/normalized/alias/homepage evidence; fuzzy suggestions listed for review,MPlayer,v20260906+55419ffd
pynsource,,0.0,none,needs-review,no exact/normalized/alias/homepage evidence; fuzzy suggestions listed for review,py-sure,v20260906+55419ffd
pyzo,,0.0,none,needs-review,no exact/normalized/alias/homepage evidence; fuzzy suggestions listed for review,py-zodb,v20260906+55419ffd
qbittorrent,qBittorrent,0.96,normalized,confident,'qbittorrent' ~ 'qBittorrent' after case/punctuation folding,,v20260906+55419ffd
qbittorrent@lt20,,0.0,none,needs-review,no exact/normalized/alias/homepage evidence; same homepage 'https://www.qbittorrent.org/' as 'qBittorrent-qt5' but desc overlap only 0.05; versions '5.2.3' vs '4.6.7'; fuzzy suggestions listed for review,qBittorrent; qBittorrent-qt5,v20260906+55419ffd
qblocker,,0.0,none,missing,no exact/normalized/alias/homepage evidence; no lookalikes either,,v20260906+55419ffd
qbserve,,0.0,none,missing,no exact/normalized/alias/homepage evidence; no lookalikes either,,v20260906+55419ffd
qcad,,0.0,none,needs-review,no exact/normalized/alias/homepage evidence; fuzzy suggestions listed for review,qca; qepcad,v20260906+55419ffd
qctools,,0.0,none,needs-review,no exact/normalized/alias/homepage evidence; fuzzy suggestions listed for review,R-Qtools; cctools; ctool,v20260906+55419ffd
qdirstat,,0.0,none,missing,no exact/normalized/alias/homepage evidence; no lookalikes either,,v20260906+55419ffd
qdslrdashboard,,0.0,none,missing,no exact/normalized/alias/homepage evidence; no lookalikes either,,v20260906+55419ffd
qfinder-pro,,0.0,none,missing,no exact/normalized/alias/homepage evidence; no lookalikes either,,v20260906+55419ffd
qflipper,,0.0,none,needs-review,no exact/normalized/alias/homepage evidence; fuzzy suggestions listed for review,qlipper; clipper,v20260906+55419ffd
qgis,qgis3,0.95,replaced-by,confident,'qgis' is marked replaced_by 'qgis3',,v20260906+55419ffd
qgis@ltr,,0.0,none,needs-review,no exact/normalized/alias/homepage evidence; same homepage 'https://www.qgis.org/' as 'qgis3' but desc overlap only 0.09; fuzzy suggestions listed for review,qgis3-ltr,v20260906+55419ffd
qgroundcontrol,,0.0,none,missing,no exact/normalized/alias/homepage evidence; no lookalikes either,,v20260906+55419ffd
qianwen,,0.0,none,missing,no exact/normalized/alias/homepage evidence; no lookalikes either,,v20260906+55419ffd
qidistudio,,0.0,none,missing,no exact/normalized/alias/homepage evidence; no lookalikes either,,v20260906+55419ffd
qingg,,0.0,none,missing,no exact/normalized/alias/homepage evidence; no lookalikes either,,v20260906+55419ffd
qlab,,0.0,none,needs-review,no exact/normalized/alias/homepage evidence; fuzzy suggestions listed for review,lab,v20260906+55419ffd
qladdict,,0.0,none,missing,no exact/normalized/alias/homepage evidence; no lookalikes either,,v20260906+55419ffd
qlc+,,0.0,none,needs-review,no exact/normalized/alias/homepage evidence; fuzzy suggestions listed for review,sqlc; lc,v20260906+55419ffd
qlcolorcode,QLColorCode,0.96,normalized,confident,'qlcolorcode' ~ 'QLColorCode' after case/punctuation folding,,v20260906+55419ffd
qlcommonmark,,0.0,none,needs-review,no exact/normalized/alias/homepage evidence; fuzzy suggestions listed for review,R-commonmark; py-commonmark,v20260906+55419ffd
qldds,,0.0,none,missing,no exact/normalized/alias/homepage evidence; no lookalikes either,,v20260906+55419ffd
qlfits,,0.0,none,missing,no exact/normalized/alias/homepage evidence; no lookalikes either,,v20260906+55419ffd
qlgradle,,0.0,none,needs-review,no exact/normalized/alias/homepage evidence; fuzzy suggestions listed for review,gradle; gradle8,v20260906+55419ffd
qlmarkdown,QLMarkdown,0.96,normalized,confident,'qlmarkdown' ~ 'QLMarkdown' after case/punctuation folding,,v20260906+55419ffd
qlmobi,,0.0,none,missing,no exact/normalized/alias/homepage evidence; no lookalikes either,,v20260906+55419ffd
qlnetcdf,,0.0,none,needs-review,no exact/normalized/alias/homepage evidence; fuzzy suggestions listed for review,netcdf; pnetcdf,v20260906+55419ffd
qlplayground,,0.0,none,missing,no exact/normalized/alias/homepage evidence; no lookalikes either,,v20260906+55419ffd
qlprettypatch,,0.0,none,missing,no exact/normalized/alias/homepage evidence; no lookalikes either,,v20260906+55419ffd
qlstephen,QLStephen,0.96,normalized,confident,'qlstephen' ~ 'QLStephen' after case/punctuation folding,,v20260906+55419ffd
qlswift,,0.0,none,missing,no exact/normalized/alias/homepage evidence; no lookalikes either,,v20260906+55419ffd
qlzipinfo,,0.0,none,missing,no exact/normalized/alias/homepage evidence; no lookalikes either,,v20260906+55419ffd
qmk-toolbox,,0.0,none,missing,no exact/normalized/alias/homepage evidence; no lookalikes either,,v20260906+55419ffd
qmoji,,0.0,none,missing,no exact/normalized/alias/homepage evidence; no lookalikes either,,v20260906+55419ffd
qobuz,,0.0,none,needs-review,no exact/normalized/alias/homepage evidence; fuzzy suggestions listed for review,qobuz-dl,v20260906+55419ffd
qobuz-downloader,,0.0,none,missing,no exact/normalized/alias/homepage evidence; no lookalikes either,,v20260906+55419ffd
qownnotes,,0.0,none,missing,no exact/normalized/alias/homepage evidence; no lookalikes either,,v20260906+55419ffd
qq,,1.0,curated,missing,brew=Tencent IM (im.qq.com); macports=config transcoder (JFryy),qq,v20260906+55419ffd
qqlive,,0.0,none,missing,no exact/normalized/alias/homepage evidence; no lookalikes either,,v20260906+55419ffd
qqmusic,,0.0,none,missing,no exact/normalized/alias/homepage evidence; no lookalikes either,,v20260906+55419ffd
qqnews,,0.0,none,missing,no exact/normalized/alias/homepage evidence; no lookalikes either,,v20260906+55419ffd
qr-journal,,0.0,none,missing,no exact/normalized/alias/homepage evidence; no lookalikes either,,v20260906+55419ffd
qspace-pro,,0.0,none,missing,no exact/normalized/alias/homepage evidence; no lookalikes either,,v20260906+55419ffd
qsync-client,,0.0,none,missing,no exact/normalized/alias/homepage evidence; no lookalikes either,,v20260906+55419ffd
qt-creator,,0.0,none,needs-review,no exact/normalized/alias/homepage evidence; fuzzy suggestions listed for review,qt6-qtcreator; qt5-qtcreator; qt4-creator-mac,v20260906+55419ffd
qt-creator@dev,,0.0,none,missing,no exact/normalized/alias/homepage evidence; no lookalikes either,,v20260906+55419ffd
qt-design-studio,,0.0,none,missing,no exact/normalized/alias/homepage evidence; no lookalikes either,,v20260906+55419ffd
qt3dstudio,,0.0,none,missing,no exact/normalized/alias/homepage evidence; no lookalikes either,,v20260906+55419ffd
qth,,0.0,none,missing,no exact/normalized/alias/homepage evidence; no lookalikes either,,v20260906+55419ffd
qtpass,QtPass,0.96,normalized,confident,'qtpass' ~ 'QtPass' after case/punctuation folding,,v20260906+55419ffd
qtspim,,0.0,none,needs-review,no exact/normalized/alias/homepage evidence; same homepage 'https://spimsimulator.sourceforge.net/' as 'spim' but desc overlap only 0.07; fuzzy suggestions listed for review,spim,v20260906+55419ffd
quail,,0.0,none,needs-review,no exact/normalized/alias/homepage evidence; fuzzy suggestions listed for review,quill; quilt,v20260906+55419ffd
quakenotch,,0.0,none,missing,no exact/normalized/alias/homepage evidence; no lookalikes either,,v20260906+55419ffd
quakespasm,,0.0,none,missing,no exact/normalized/alias/homepage evidence; no lookalikes either,,v20260906+55419ffd
quarkclouddrive,,0.0,none,missing,no exact/normalized/alias/homepage evidence; no lookalikes either,,v20260906+55419ffd
quarto,,0.0,none,needs-review,no exact/normalized/alias/homepage evidence; fuzzy suggestions listed for review,R-quarto,v20260906+55419ffd
quassel,quassel,1.0,exact,confident,name identical in both managers; homepages 'https://quassel-irc.org/' vs 'https://quassel-irc.org',,v20260906+55419ffd
quassel-client,quassel-client,1.0,exact,confident,name identical in both managers; homepages 'https://quassel-irc.org/' vs 'https://quassel-irc.org',,v20260906+55419ffd
quaternion,,0.0,none,missing,no exact/normalized/alias/homepage evidence; no lookalikes either,,v20260906+55419ffd
quba,,0.0,none,missing,no exact/normalized/alias/homepage evidence; no lookalikes either,,v20260906+55419ffd
qudedup-extract-tool,,0.0,none,missing,no exact/normalized/alias/homepage evidence; no lookalikes either,,v20260906+55419ffd
querious,,0.0,none,missing,no exact/normalized/alias/homepage evidence; no lookalikes either,,v20260906+55419ffd
quickapp-studio,,0.0,none,missing,no exact/normalized/alias/homepage evidence; no lookalikes either,,v20260906+55419ffd
quickbooks,,0.0,none,missing,no exact/normalized/alias/homepage evidence; no lookalikes either,,v20260906+55419ffd
quicken,,0.0,none,needs-review,no exact/normalized/alias/homepage evidence; fuzzy suggestions listed for review,quien,v20260906+55419ffd
quickgeojson,,0.0,none,missing,no exact/normalized/alias/homepage evidence; no lookalikes either,,v20260906+55419ffd
quickhash,,0.0,none,missing,no exact/normalized/alias/homepage evidence; no lookalikes either,,v20260906+55419ffd
quickjson,,0.0,none,needs-review,no exact/normalized/alias/homepage evidence; fuzzy suggestions listed for review,quickjs-ng; quickjs,v20260906+55419ffd
quicklook-csv,,0.0,none,missing,no exact/normalized/alias/homepage evidence; no lookalikes either,,v20260906+55419ffd
quicklook-json,,0.0,none,missing,no exact/normalized/alias/homepage evidence; no lookalikes either,,v20260906+55419ffd
quicklook-pat,,0.0,none,missing,no exact/normalized/alias/homepage evidence; no lookalikes either,,v20260906+55419ffd
quicklook-pfm,,0.0,none,missing,no exact/normalized/alias/homepage evidence; no lookalikes either,,v20260906+55419ffd
quicklook-video,,0.0,none,missing,no exact/normalized/alias/homepage evidence; no lookalikes either,,v20260906+55419ffd
quicklookase,,0.0,none,missing,no exact/normalized/alias/homepage evidence; no lookalikes either,,v20260906+55419ffd
quicknfo,,0.0,none,missing,no exact/normalized/alias/homepage evidence; no lookalikes either,,v20260906+55419ffd
quicksilver,Quicksilver,0.96,normalized,confident,'quicksilver' ~ 'Quicksilver' after case/punctuation folding,,v20260906+55419ffd
quicktune,,0.0,none,missing,no exact/normalized/alias/homepage evidence; no lookalikes either,,v20260906+55419ffd
quiet,,0.0,none,needs-review,no exact/normalized/alias/homepage evidence; fuzzy suggestions listed for review,quien; quilt,v20260906+55419ffd
quip,,0.0,none,needs-review,no exact/normalized/alias/homepage evidence; fuzzy suggestions listed for review,quazip,v20260906+55419ffd
quitall,,0.0,none,needs-review,no exact/normalized/alias/homepage evidence; fuzzy suggestions listed for review,quill,v20260906+55419ffd
quitter,,0.0,none,needs-review,no exact/normalized/alias/homepage evidence; fuzzy suggestions listed for review,R-quitte,v20260906+55419ffd
quo,,0.0,none,missing,no exact/normalized/alias/homepage evidence; no lookalikes either,,v20260906+55419ffd
quodlibet,quodlibet,1.0,exact,confident,name identical in both managers; homepages 'https://quodlibet.readthedocs.io/' vs 'https://github.com/quodlibet/quodlibet',,v20260906+55419ffd
qutebrowser,qutebrowser,1.0,exact,confident,name identical in both managers; homepages 'https://www.qutebrowser.org/' vs 'https://www.qutebrowser.org/',,v20260906+55419ffd
qview,,0.0,none,needs-review,no exact/normalized/alias/homepage evidence; fuzzy suggestions listed for review,gqview; wview,v20260906+55419ffd
qwerty-fr,,0.0,none,missing,no exact/normalized/alias/homepage evidence; no lookalikes either,,v20260906+55419ffd
qxmledit,,0.0,none,missing,no exact/normalized/alias/homepage evidence; no lookalikes either,,v20260906+55419ffd
r-app,R-app,0.96,normalized,confident,'r-app' ~ 'R-app' after case/punctuation folding,,v20260906+55419ffd
r-rig-app,,0.0,none,needs-review,no exact/normalized/alias/homepage evidence; fuzzy suggestions listed for review,R-Rapp,v20260906+55419ffd
racket,racket,1.0,exact,confident,name identical in both managers; homepages 'https://racket-lang.org/' vs 'https://racket-lang.org',,v20260906+55419ffd
radar,,0.0,none,needs-review,no exact/normalized/alias/homepage evidence; fuzzy suggestions listed for review,R-ada; radare2; R-avar,v20260906+55419ffd
radarr,,0.0,none,needs-review,no exact/normalized/alias/homepage evidence; fuzzy suggestions listed for review,R-ada,v20260906+55419ffd
radial,,0.0,none,needs-review,no exact/normalized/alias/homepage evidence; fuzzy suggestions listed for review,radian; R-dials; R-ada,v20260906+55419ffd
radio-silence,,0.0,none,missing,no exact/normalized/alias/homepage evidence; no lookalikes either,,v20260906+55419ffd
radiola,,0.0,none,missing,no exact/normalized/alias/homepage evidence; no lookalikes either,,v20260906+55419ffd
radix,,0.0,none,needs-review,no exact/normalized/alias/homepage evidence; fuzzy suggestions listed for review,py-radix; R-adbi,v20260906+55419ffd
raiderio,,0.0,none,missing,no exact/normalized/alias/homepage evidence; no lookalikes either,,v20260906+55419ffd
raindropio,,0.0,none,missing,no exact/normalized/alias/homepage evidence; no lookalikes either,,v20260906+55419ffd
rambox,,0.0,none,needs-review,no exact/normalized/alias/homepage evidence; fuzzy suggestions listed for review,R-box,v20260906+55419ffd
rancher,,0.0,none,needs-review,no exact/normalized/alias/homepage evidence; fuzzy suggestions listed for review,racer; rancher-cli,v20260906+55419ffd
random-mouse-clicker,,0.0,none,missing,no exact/normalized/alias/homepage evidence; no lookalikes either,,v20260906+55419ffd
ransomwhere,,0.0,none,missing,no exact/normalized/alias/homepage evidence; no lookalikes either,,v20260906+55419ffd
rapidapi,,0.0,none,missing,no exact/normalized/alias/homepage evidence; no lookalikes either,,v20260906+55419ffd
rapidweaver,,0.0,none,missing,no exact/normalized/alias/homepage evidence; no lookalikes either,,v20260906+55419ffd
rar,rar,1.0,exact,confident,name identical in both managers; homepages 'https://www.rarlab.com/' vs 'https://www.rarlab.com',,v20260906+55419ffd
raspberry-pi-imager,,0.0,none,needs-review,no exact/normalized/alias/homepage evidence; same homepage 'https://www.raspberrypi.com/software/' as 'rpi-imager' but desc overlap only 0.05; no lookalikes either,,v20260906+55419ffd
rave,,0.0,none,needs-review,no exact/normalized/alias/homepage evidence; fuzzy suggestions listed for review,rav1e; R-av; R-haven,v20260906+55419ffd
raven-reader,,0.0,none,missing,no exact/normalized/alias/homepage evidence; no lookalikes either,,v20260906+55419ffd
raw-photo-processor,,0.0,none,missing,no exact/normalized/alias/homepage evidence; no lookalikes either,,v20260906+55419ffd
rawtherapee,rawtherapee,1.0,exact,confident,name identical in both managers; homepages 'https://rawtherapee.com/' vs 'https://www.rawtherapee.com',,v20260906+55419ffd
ray,,0.0,none,needs-review,no exact/normalized/alias/homepage evidence; fuzzy suggestions listed for review,xray,v20260906+55419ffd
raycast,,0.0,none,missing,no exact/normalized/alias/homepage evidence; no lookalikes either,,v20260906+55419ffd
raycast-glaze,,0.0,none,missing,no exact/normalized/alias/homepage evidence; no lookalikes either,,v20260906+55419ffd
rayon,,0.0,none,needs-review,no exact/normalized/alias/homepage evidence; fuzzy suggestions listed for review,R-crayon; bayon; radon,v20260906+55419ffd
raze,,0.0,none,missing,no exact/normalized/alias/homepage evidence; no lookalikes either,,v20260906+55419ffd
razorsql,,0.0,none,missing,no exact/normalized/alias/homepage evidence; no lookalikes either,,v20260906+55419ffd
rclone-ui,,0.0,none,needs-review,no exact/normalized/alias/homepage evidence; fuzzy suggestions listed for review,rclone; R-dclone,v20260906+55419ffd
rcloneview,,0.0,none,missing,no exact/normalized/alias/homepage evidence; no lookalikes either,,v20260906+55419ffd
rcmd,,0.0,none,needs-review,no exact/normalized/alias/homepage evidence; fuzzy suggestions listed for review,rcm; R-Rcmdr,v20260906+55419ffd
react-native-debugger,,0.0,none,missing,no exact/normalized/alias/homepage evidence; no lookalikes either,,v20260906+55419ffd
react-proto,,0.0,none,missing,no exact/normalized/alias/homepage evidence; no lookalikes either,,v20260906+55419ffd
react-studio,,0.0,none,needs-review,no exact/normalized/alias/homepage evidence; fuzzy suggestions listed for review,rawstudio,v20260906+55419ffd
reactotron,,0.0,none,missing,no exact/normalized/alias/homepage evidence; no lookalikes either,,v20260906+55419ffd
readdle-spark,,0.0,none,missing,no exact/normalized/alias/homepage evidence; no lookalikes either,,v20260906+55419ffd
reader,,0.0,none,needs-review,no exact/normalized/alias/homepage evidence; fuzzy suggestions listed for review,readpe; R-kader; R-edgeR,v20260906+55419ffd
readest,,0.0,none,missing,no exact/normalized/alias/homepage evidence; no lookalikes either,,v20260906+55419ffd
readmoreading,,0.0,none,missing,no exact/normalized/alias/homepage evidence; no lookalikes either,,v20260906+55419ffd
readwise-ibooks,,0.0,none,missing,no exact/normalized/alias/homepage evidence; no lookalikes either,,v20260906+55419ffd
readyapi,,0.0,none,missing,no exact/normalized/alias/homepage evidence; no lookalikes either,,v20260906+55419ffd
realforce,,0.0,none,missing,no exact/normalized/alias/homepage evidence; no lookalikes either,,v20260906+55419ffd
realvnc-connect,,0.0,none,needs-review,no exact/normalized/alias/homepage evidence; same homepage 'https://www.realvnc.com/' as 'vnc' but desc overlap only 0.06; versions '8.4.2' vs '4.1.3'; no lookalikes either,,v20260906+55419ffd
reamp,,0.0,none,missing,no exact/normalized/alias/homepage evidence; no lookalikes either,,v20260906+55419ffd
reaper,,0.0,none,needs-review,no exact/normalized/alias/homepage evidence; fuzzy suggestions listed for review,R-caper; readpe; reaver,v20260906+55419ffd
recaf,,0.0,none,missing,no exact/normalized/alias/homepage evidence; no lookalikes either,,v20260906+55419ffd
receiptquicklook,,0.0,none,missing,no exact/normalized/alias/homepage evidence; no lookalikes either,,v20260906+55419ffd
receipts,,0.0,none,missing,no exact/normalized/alias/homepage evidence; no lookalikes either,,v20260906+55419ffd
recents,,0.0,none,needs-review,no exact/normalized/alias/homepage evidence; fuzzy suggestions listed for review,R-MLEcens,v20260906+55419ffd
rectangle,,0.0,none,missing,no exact/normalized/alias/homepage evidence; no lookalikes either,,v20260906+55419ffd
rectangle-pro,,0.0,none,missing,no exact/normalized/alias/homepage evidence; no lookalikes either,,v20260906+55419ffd
recut,,0.0,none,missing,no exact/normalized/alias/homepage evidence; no lookalikes either,,v20260906+55419ffd
redcine-x-pro,,0.0,none,missing,no exact/normalized/alias/homepage evidence; no lookalikes either,,v20260906+55419ffd
redeclipse,redeclipse,1.0,exact,confident,name identical in both managers; homepages 'https://www.redeclipse.net/' vs 'https://www.redeclipse.net',,v20260906+55419ffd
redis-insight,,0.0,none,needs-review,no exact/normalized/alias/homepage evidence; fuzzy suggestions listed for review,R-insight,v20260906+55419ffd
redis-pro,,0.0,none,needs-review,no exact/normalized/alias/homepage evidence; fuzzy suggestions listed for review,R-EDISON; R-distro,v20260906+55419ffd
redot,,0.0,none,needs-review,no exact/normalized/alias/homepage evidence; fuzzy suggestions listed for review,redo,v20260906+55419ffd
redquits,,0.0,none,missing,no exact/normalized/alias/homepage evidence; no lookalikes either,,v20260906+55419ffd
redream,,0.0,none,missing,no exact/normalized/alias/homepage evidence; no lookalikes either,,v20260906+55419ffd
refine,,0.0,none,needs-review,no exact/normalized/alias/homepage evidence; fuzzy suggestions listed for review,R-einet,v20260906+55419ffd
reflect,,0.0,none,needs-review,no exact/normalized/alias/homepage evidence; fuzzy suggestions listed for review,R-effects; R-selectr,v20260906+55419ffd
reflector,,0.0,none,needs-review,no exact/normalized/alias/homepage evidence; fuzzy suggestions listed for review,R-selectr,v20260906+55419ffd
reflector@2,,0.0,none,missing,no exact/normalized/alias/homepage evidence; no lookalikes either,,v20260906+55419ffd
reflex-app,,0.0,ambiguous,needs-review,alias matches 2 targets,re-flex; reflex,v20260906+55419ffd
reikey,,0.0,none,missing,no exact/normalized/alias/homepage evidence; no lookalikes either,,v20260906+55419ffd
rekordbox,,0.0,none,missing,no exact/normalized/alias/homepage evidence; no lookalikes either,,v20260906+55419ffd
remanager,,0.0,none,needs-review,no exact/normalized/alias/homepage evidence; fuzzy suggestions listed for review,R-RefManageR; ranger; virt-manager,v20260906+55419ffd
remember-the-milk,,0.0,none,missing,no exact/normalized/alias/homepage evidence; no lookalikes either,,v20260906+55419ffd
reminders-menubar,,0.0,none,missing,no exact/normalized/alias/homepage evidence; no lookalikes either,,v20260906+55419ffd
remnote,,0.0,none,needs-review,no exact/normalized/alias/homepage evidence; fuzzy suggestions listed for review,R-remotes,v20260906+55419ffd
remote-buddy,,0.0,none,missing,no exact/normalized/alias/homepage evidence; no lookalikes either,,v20260906+55419ffd
remote-desktop-manager,,0.0,none,needs-review,no exact/normalized/alias/homepage evidence; fuzzy suggestions listed for review,DesktopManager,v20260906+55419ffd
remote-wake-up,,0.0,none,missing,no exact/normalized/alias/homepage evidence; no lookalikes either,,v20260906+55419ffd
remotehamradio,,0.0,none,missing,no exact/normalized/alias/homepage evidence; no lookalikes either,,v20260906+55419ffd
remoteviewer,,0.0,none,missing,no exact/normalized/alias/homepage evidence; no lookalikes either,,v20260906+55419ffd
remotix-agent,,0.0,none,missing,no exact/normalized/alias/homepage evidence; no lookalikes either,,v20260906+55419ffd
removebg,,0.0,none,missing,no exact/normalized/alias/homepage evidence; no lookalikes either,,v20260906+55419ffd
renameclick,,0.0,none,missing,no exact/normalized/alias/homepage evidence; no lookalikes either,,v20260906+55419ffd
renamer,,0.0,none,needs-review,no exact/normalized/alias/homepage evidence; fuzzy suggestions listed for review,rename; R-filenamer,v20260906+55419ffd
renpy,,0.0,none,missing,no exact/normalized/alias/homepage evidence; no lookalikes either,,v20260906+55419ffd
repetier-host,,0.0,none,missing,no exact/normalized/alias/homepage evidence; no lookalikes either,,v20260906+55419ffd
replacicon,,0.0,none,missing,no exact/normalized/alias/homepage evidence; no lookalikes either,,v20260906+55419ffd
replaywebpage,,0.0,none,missing,no exact/normalized/alias/homepage evidence; no lookalikes either,,v20260906+55419ffd
replicator,,0.0,none,needs-review,no exact/normalized/alias/homepage evidence; fuzzy suggestions listed for review,http-replicator,v20260906+55419ffd
replit,,0.0,none,needs-review,no exact/normalized/alias/homepage evidence; fuzzy suggestions listed for review,R-Epi; replibyte,v20260906+55419ffd
repo-prompt,,0.0,none,missing,no exact/normalized/alias/homepage evidence; no lookalikes either,,v20260906+55419ffd
repobar,,0.0,none,needs-review,no exact/normalized/alias/homepage evidence; fuzzy suggestions listed for review,rebar,v20260906+55419ffd
repoz,,0.0,none,needs-review,no exact/normalized/alias/homepage evidence; fuzzy suggestions listed for review,repo,v20260906+55419ffd
reqable,,0.0,none,missing,no exact/normalized/alias/homepage evidence; no lookalikes either,,v20260906+55419ffd
requestly,,0.0,none,missing,no exact/normalized/alias/homepage evidence; no lookalikes either,,v20260906+55419ffd
rescuetime,,0.0,none,needs-review,no exact/normalized/alias/homepage evidence; fuzzy suggestions listed for review,R-spacetime,v20260906+55419ffd
resilio-sync,,0.0,none,missing,no exact/normalized/alias/homepage evidence; no lookalikes either,,v20260906+55419ffd
resolume-arena,,0.0,none,missing,no exact/normalized/alias/homepage evidence; no lookalikes either,,v20260906+55419ffd
resolutionator,,0.0,none,missing,no exact/normalized/alias/homepage evidence; no lookalikes either,,v20260906+55419ffd
responsively,,0.0,none,missing,no exact/normalized/alias/homepage evidence; no lookalikes either,,v20260906+55419ffd
restapia,,0.0,none,missing,no exact/normalized/alias/homepage evidence; no lookalikes either,,v20260906+55419ffd
restfox,,0.0,none,missing,no exact/normalized/alias/homepage evidence; no lookalikes either,,v20260906+55419ffd
restic-browser,,0.0,none,missing,no exact/normalized/alias/homepage evidence; no lookalikes either,,v20260906+55419ffd
restream-chat,,0.0,none,missing,no exact/normalized/alias/homepage evidence; no lookalikes either,,v20260906+55419ffd
retcon,,0.0,none,missing,no exact/normalized/alias/homepage evidence; no lookalikes either,,v20260906+55419ffd
retrace,,0.0,none,missing,no exact/normalized/alias/homepage evidence; no lookalikes either,,v20260906+55419ffd
retro-virtual-machine,,0.0,none,missing,no exact/normalized/alias/homepage evidence; no lookalikes either,,v20260906+55419ffd
retroactive,,0.0,none,missing,no exact/normalized/alias/homepage evidence; no lookalikes either,,v20260906+55419ffd
retroarch,retroarch,1.0,exact,confident,name identical in both managers; homepages 'https://www.retroarch.com/' vs 'https://github.com/libretro/RetroArch',,v20260906+55419ffd
retroarch-metal,,0.0,none,missing,no exact/normalized/alias/homepage evidence; no lookalikes either,,v20260906+55419ffd
retroarch-metal@nightly,,0.0,none,missing,no exact/normalized/alias/homepage evidence; no lookalikes either,,v20260906+55419ffd
retrobatch,,0.0,none,needs-review,no exact/normalized/alias/homepage evidence; fuzzy suggestions listed for review,retroarch,v20260906+55419ffd
retroshare,retroshare-qt4,0.9,homepage,confident,same upstream 'https://retroshare.cc/' (desc overlap 0.55),,v20260906+55419ffd
retrospective,,0.0,none,missing,no exact/normalized/alias/homepage evidence; no lookalikes either,,v20260906+55419ffd
reunion,,0.0,none,missing,no exact/normalized/alias/homepage evidence; no lookalikes either,,v20260906+55419ffd
reveal,,0.0,none,missing,no exact/normalized/alias/homepage evidence; no lookalikes either,,v20260906+55419ffd
reverso,,0.0,none,needs-review,no exact/normalized/alias/homepage evidence; fuzzy suggestions listed for review,kreversi,v20260906+55419ffd
revisionist,,0.0,none,missing,no exact/normalized/alias/homepage evidence; no lookalikes either,,v20260906+55419ffd
revolver-office,,0.0,none,missing,no exact/normalized/alias/homepage evidence; no lookalikes either,,v20260906+55419ffd
revpdf-editor,,0.0,none,missing,no exact/normalized/alias/homepage evidence; no lookalikes either,,v20260906+55419ffd
rewind,,0.0,none,needs-review,no exact/normalized/alias/homepage evidence; fuzzy suggestions listed for review,remind,v20260906+55419ffd
rewritebar,,0.0,none,missing,no exact/normalized/alias/homepage evidence; no lookalikes either,,v20260906+55419ffd
rhino-app,rhino,0.95,alias,confident,listed as alias/oldname of 'rhino-app',,v20260906+55419ffd
ricochet-refresh,,0.0,none,missing,no exact/normalized/alias/homepage evidence; no lookalikes either,,v20260906+55419ffd
ricoh-theta,,0.0,none,missing,no exact/normalized/alias/homepage evidence; no lookalikes either,,v20260906+55419ffd
rider,,0.0,none,needs-review,no exact/normalized/alias/homepage evidence; fuzzy suggestions listed for review,R-idr; R-slider; R-pder,v20260906+55419ffd
ridibooks,,0.0,none,missing,no exact/normalized/alias/homepage evidence; no lookalikes either,,v20260906+55419ffd
rightfont,,0.0,none,missing,no exact/normalized/alias/homepage evidence; no lookalikes either,,v20260906+55419ffd
ringcentral,,0.0,none,missing,no exact/normalized/alias/homepage evidence; no lookalikes either,,v20260906+55419ffd
ringcentral-classic,,0.0,none,missing,no exact/normalized/alias/homepage evidence; no lookalikes either,,v20260906+55419ffd
ringcentral-phone,,0.0,none,missing,no exact/normalized/alias/homepage evidence; no lookalikes either,,v20260906+55419ffd
rio,rio,1.0,exact,confident,name identical in both managers; homepages 'https://github.com/raphamorim/rio/' vs 'https://rioterm.com',,v20260906+55419ffd
ripcord,,0.0,none,needs-review,no exact/normalized/alias/homepage evidence; fuzzy suggestions listed for review,R-cord,v20260906+55419ffd
ripme,,0.0,none,needs-review,no exact/normalized/alias/homepage evidence; fuzzy suggestions listed for review,ripmime; R-IPEC,v20260906+55419ffd
rippling,,0.0,none,missing,no exact/normalized/alias/homepage evidence; no lookalikes either,,v20260906+55419ffd
ripx,,0.0,none,missing,no exact/normalized/alias/homepage evidence; no lookalikes either,,v20260906+55419ffd
rive,,0.0,none,needs-review,no exact/normalized/alias/homepage evidence; fuzzy suggestions listed for review,R-nlive; R-r.jive; R-naive,v20260906+55419ffd
riverscript,,0.0,none,missing,no exact/normalized/alias/homepage evidence; no lookalikes either,,v20260906+55419ffd
riverside-studio,,0.0,none,missing,no exact/normalized/alias/homepage evidence; no lookalikes either,,v20260906+55419ffd
rivet,,0.0,none,missing,no exact/normalized/alias/homepage evidence; no lookalikes either,,v20260906+55419ffd
rize,,0.0,none,needs-review,no exact/normalized/alias/homepage evidence; fuzzy suggestions listed for review,R-mize; R-ssize,v20260906+55419ffd
rnnoise,rnnoise,1.0,exact,confident,name identical in both managers; homepages 'https://github.com/werman/noise-suppression-for-voice' vs 'https://jmvalin.ca/demo/rnnoise',,v20260906+55419ffd
rnote,,0.0,none,needs-review,no exact/normalized/alias/homepage evidence; fuzzy suggestions listed for review,R-not; notes; vnote,v20260906+55419ffd
roam,,0.0,none,missing,no exact/normalized/alias/homepage evidence; no lookalikes either,,v20260906+55419ffd
roam-research,,0.0,none,needs-review,no exact/normalized/alias/homepage evidence; fuzzy suggestions listed for review,R-forsearch,v20260906+55419ffd
roaringapps,,0.0,none,missing,no exact/normalized/alias/homepage evidence; no lookalikes either,,v20260906+55419ffd
roblox,,0.0,none,needs-review,no exact/normalized/alias/homepage evidence; fuzzy suggestions listed for review,R-RobLox,v20260906+55419ffd
robloxstudio,,0.0,none,missing,no exact/normalized/alias/homepage evidence; no lookalikes either,,v20260906+55419ffd
robofont,,0.0,none,missing,no exact/normalized/alias/homepage evidence; no lookalikes either,,v20260906+55419ffd
roboform,,0.0,none,missing,no exact/normalized/alias/homepage evidence; no lookalikes either,,v20260906+55419ffd
rockboxutility,,0.0,none,missing,no exact/normalized/alias/homepage evidence; no lookalikes either,,v20260906+55419ffd
rocket,,0.0,none,needs-review,no exact/normalized/alias/homepage evidence; fuzzy suggestions listed for review,racket; socket,v20260906+55419ffd
rocket-chat,,0.0,none,needs-review,no exact/normalized/alias/homepage evidence; fuzzy suggestions listed for review,R-mockthat,v20260906+55419ffd
rocket-typist,,0.0,none,missing,no exact/normalized/alias/homepage evidence; no lookalikes either,,v20260906+55419ffd
rocketman-choices-packager,,0.0,none,missing,no exact/normalized/alias/homepage evidence; no lookalikes either,,v20260906+55419ffd
rocks-n-diamonds,rocksndiamonds,0.96,normalized,confident,'rocks-n-diamonds' ~ 'rocksndiamonds' after case/punctuation folding,,v20260906+55419ffd
rockxy,,0.0,none,missing,no exact/normalized/alias/homepage evidence; no lookalikes either,,v20260906+55419ffd
rode-central,,0.0,none,missing,no exact/normalized/alias/homepage evidence; no lookalikes either,,v20260906+55419ffd
rode-connect,,0.0,none,needs-review,no exact/normalized/alias/homepage evidence; fuzzy suggestions listed for review,openconnect,v20260906+55419ffd
rode-unify,,0.0,none,missing,no exact/normalized/alias/homepage evidence; no lookalikes either,,v20260906+55419ffd
rode-virtual-channels,,0.0,none,missing,no exact/normalized/alias/homepage evidence; no lookalikes either,,v20260906+55419ffd
rodecaster,,0.0,none,missing,no exact/normalized/alias/homepage evidence; no lookalikes either,,v20260906+55419ffd
rodeo,,0.0,none,needs-review,no exact/normalized/alias/homepage evidence; fuzzy suggestions listed for review,R-rODE; R-cOde,v20260906+55419ffd
roku-remote-tool,,0.0,none,missing,no exact/normalized/alias/homepage evidence; no lookalikes either,,v20260906+55419ffd
rolisteam,,0.0,none,missing,no exact/normalized/alias/homepage evidence; no lookalikes either,,v20260906+55419ffd
roon,,0.0,none,needs-review,no exact/normalized/alias/homepage evidence; fuzzy suggestions listed for review,R-onion,v20260906+55419ffd
roonbridge,,0.0,none,missing,no exact/normalized/alias/homepage evidence; no lookalikes either,,v20260906+55419ffd
roslynpad,,0.0,none,missing,no exact/normalized/alias/homepage evidence; no lookalikes either,,v20260906+55419ffd
rotato,,0.0,none,needs-review,no exact/normalized/alias/homepage evidence; fuzzy suggestions listed for review,R-tatoo; roto; rott,v20260906+55419ffd
rotki,,0.0,none,missing,no exact/normalized/alias/homepage evidence; no lookalikes either,,v20260906+55419ffd
routeconverter,,0.0,none,missing,no exact/normalized/alias/homepage evidence; no lookalikes either,,v20260906+55419ffd
routine,,0.0,none,needs-review,no exact/normalized/alias/homepage evidence; fuzzy suggestions listed for review,routino,v20260906+55419ffd
rouvy,,0.0,none,missing,no exact/normalized/alias/homepage evidence; no lookalikes either,,v20260906+55419ffd
rowboat,,0.0,none,missing,no exact/normalized/alias/homepage evidence; no lookalikes either,,v20260906+55419ffd
rowmote-helper,,0.0,none,missing,no exact/normalized/alias/homepage evidence; no lookalikes either,,v20260906+55419ffd
royal-tsx,,0.0,none,missing,no exact/normalized/alias/homepage evidence; no lookalikes either,,v20260906+55419ffd
royal-tsx@beta,,0.0,none,missing,no exact/normalized/alias/homepage evidence; no lookalikes either,,v20260906+55419ffd
rq,rq,1.0,exact,confident,name identical in both managers; homepages 'https://github.com/dflemstr/rq' vs 'https://github.com/dflemstr/rq',,v20260906+55419ffd
rstudio,,0.0,none,needs-review,no exact/normalized/alias/homepage evidence; fuzzy suggestions listed for review,rawstudio; rtaudio; R-gptstudio,v20260906+55419ffd
rstudio@daily,,0.0,none,missing,no exact/normalized/alias/homepage evidence; no lookalikes either,,v20260906+55419ffd
rsyncui,,0.0,none,needs-review,no exact/normalized/alias/homepage evidence; fuzzy suggestions listed for review,rsync,v20260906+55419ffd
rubymine,,0.0,none,missing,no exact/normalized/alias/homepage evidence; no lookalikes either,,v20260906+55419ffd
runelite,,0.0,none,missing,no exact/normalized/alias/homepage evidence; no lookalikes either,,v20260906+55419ffd
runescape,,0.0,none,needs-review,no exact/normalized/alias/homepage evidence; fuzzy suggestions listed for review,rb-escape,v20260906+55419ffd
runjs,,0.0,none,missing,no exact/normalized/alias/homepage evidence; no lookalikes either,,v20260906+55419ffd
runtimeviewer,,0.0,none,missing,no exact/normalized/alias/homepage evidence; no lookalikes either,,v20260906+55419ffd
runway,,0.0,none,missing,no exact/normalized/alias/homepage evidence; no lookalikes either,,v20260906+55419ffd
rustcast,,0.0,none,missing,no exact/normalized/alias/homepage evidence; no lookalikes either,,v20260906+55419ffd
rustdesk,,0.0,none,missing,no exact/normalized/alias/homepage evidence; no lookalikes either,,v20260906+55419ffd
rustrover,,0.0,none,missing,no exact/normalized/alias/homepage evidence; no lookalikes either,,v20260906+55419ffd
rwts-pdfwriter,,0.0,none,missing,no exact/normalized/alias/homepage evidence; no lookalikes either,,v20260906+55419ffd
ryver,,0.0,none,missing,no exact/normalized/alias/homepage evidence; no lookalikes either,,v20260906+55419ffd
sabaki,,0.0,none,missing,no exact/normalized/alias/homepage evidence; no lookalikes either,,v20260906+55419ffd
sabnzbd,,0.0,none,missing,no exact/normalized/alias/homepage evidence; no lookalikes either,,v20260906+55419ffd
safari-technology-preview,,0.0,none,missing,no exact/normalized/alias/homepage evidence; no lookalikes either,,v20260906+55419ffd
safe-exam-browser,,0.0,none,missing,no exact/normalized/alias/homepage evidence; no lookalikes either,,v20260906+55419ffd
safeincloud-password-manager,,0.0,none,missing,no exact/normalized/alias/homepage evidence; no lookalikes either,,v20260906+55419ffd
sage,,0.0,none,needs-review,no exact/normalized/alias/homepage evidence; fuzzy suggestions listed for review,age; R-sageR; simage,v20260906+55419ffd
sakura,,1.0,curated,missing,brew=SakuraFrp launcher; macports=GTK terminal emulator (launchpad.net),sakura,v20260906+55419ffd
saleae-logic,,0.0,none,missing,no exact/normalized/alias/homepage evidence; no lookalikes either,,v20260906+55419ffd
salesforce-cli,,0.0,none,missing,no exact/normalized/alias/homepage evidence; no lookalikes either,,v20260906+55419ffd
salt,salt,1.0,exact,confident,name identical in both managers; homepages 'https://saltproject.io/' vs 'https://saltstack.com/',,v20260906+55419ffd
sameboy,,0.0,none,missing,no exact/normalized/alias/homepage evidence; no lookalikes either,,v20260906+55419ffd
samsung-magician,,0.0,none,missing,no exact/normalized/alias/homepage evidence; no lookalikes either,,v20260906+55419ffd
sanctum,,0.0,none,missing,no exact/normalized/alias/homepage evidence; no lookalikes either,,v20260906+55419ffd
sanesidebuttons,,0.0,none,missing,no exact/normalized/alias/homepage evidence; no lookalikes either,,v20260906+55419ffd
santa,,0.0,none,missing,no exact/normalized/alias/homepage evidence; no lookalikes either,,v20260906+55419ffd
saoimageds9,,0.0,none,missing,no exact/normalized/alias/homepage evidence; no lookalikes either,,v20260906+55419ffd
sapmachine-jdk,,0.0,none,needs-review,no exact/normalized/alias/homepage evidence; same homepage 'https://sapmachine.io/' as 'openjdk11-sap' but versions '26.0.2.1' vs '11.0.25'; no lookalikes either,,v20260906+55419ffd
satdump,,0.0,none,missing,no exact/normalized/alias/homepage evidence; no lookalikes either,,v20260906+55419ffd
satellite-eyes,,0.0,none,needs-review,no exact/normalized/alias/homepage evidence; fuzzy suggestions listed for review,gr-satellites,v20260906+55419ffd
satyrn,,0.0,none,missing,no exact/normalized/alias/homepage evidence; no lookalikes either,,v20260906+55419ffd
sauce-connect,,0.0,none,missing,no exact/normalized/alias/homepage evidence; no lookalikes either,,v20260906+55419ffd
sauerbraten,,0.0,none,missing,no exact/normalized/alias/homepage evidence; no lookalikes either,,v20260906+55419ffd
save-hollywood,,0.0,none,missing,no exact/normalized/alias/homepage evidence; no lookalikes either,,v20260906+55419ffd
sc-menu,,0.0,none,missing,no exact/normalized/alias/homepage evidence; no lookalikes either,,v20260906+55419ffd
scala-ide,,0.0,none,missing,no exact/normalized/alias/homepage evidence; no lookalikes either,,v20260906+55419ffd
scap-workbench,,0.0,none,missing,no exact/normalized/alias/homepage evidence; no lookalikes either,,v20260906+55419ffd
scapple,,0.0,none,missing,no exact/normalized/alias/homepage evidence; no lookalikes either,,v20260906+55419ffd
scatter,,0.0,none,missing,no exact/normalized/alias/homepage evidence; no lookalikes either,,v20260906+55419ffd
scene-maestro,,0.0,none,missing,no exact/normalized/alias/homepage evidence; no lookalikes either,,v20260906+55419ffd
scenebuilder,,0.0,none,missing,no exact/normalized/alias/homepage evidence; no lookalikes either,,v20260906+55419ffd
scenica-player,,0.0,none,missing,no exact/normalized/alias/homepage evidence; no lookalikes either,,v20260906+55419ffd
schism-tracker,schismtracker,0.96,normalized,confident,'schism-tracker' ~ 'schismtracker' after case/punctuation folding,,v20260906+55419ffd
scidavis,scidavis,1.0,exact,confident,name identical in both managers; homepages 'https://scidavis.sourceforge.net/' vs 'http://scidavis.sourceforge.net',,v20260906+55419ffd
scidvsmac,,0.0,none,missing,no exact/normalized/alias/homepage evidence; no lookalikes either,,v20260906+55419ffd
scihubeva,,0.0,none,missing,no exact/normalized/alias/homepage evidence; no lookalikes either,,v20260906+55419ffd
scilab,,0.0,none,missing,no exact/normalized/alias/homepage evidence; no lookalikes either,,v20260906+55419ffd
scoot,,0.0,none,needs-review,no exact/normalized/alias/homepage evidence; fuzzy suggestions listed for review,coot; scout; cocot,v20260906+55419ffd
scout,,1.0,curated,missing,brew=Sass processor (scout-app.io); macports=Rust fuzzy finder (jhbabon),scout; scute,v20260906+55419ffd
scrapp,,0.0,none,needs-review,no exact/normalized/alias/homepage evidence; fuzzy suggestions listed for review,R-app,v20260906+55419ffd
scratch,,0.0,none,missing,no exact/normalized/alias/homepage evidence; no lookalikes either,,v20260906+55419ffd
screaming-frog-log-file-analyser,,0.0,none,missing,no exact/normalized/alias/homepage evidence; no lookalikes either,,v20260906+55419ffd
screaming-frog-seo-spider,,0.0,none,missing,no exact/normalized/alias/homepage evidence; no lookalikes either,,v20260906+55419ffd
screen-studio,,0.0,none,missing,no exact/normalized/alias/homepage evidence; no lookalikes either,,v20260906+55419ffd
screencast,,0.0,none,missing,no exact/normalized/alias/homepage evidence; no lookalikes either,,v20260906+55419ffd
screenflick,,0.0,none,missing,no exact/normalized/alias/homepage evidence; no lookalikes either,,v20260906+55419ffd
screenflow,,0.0,none,missing,no exact/normalized/alias/homepage evidence; no lookalikes either,,v20260906+55419ffd
screenfocus,,0.0,none,missing,no exact/normalized/alias/homepage evidence; no lookalikes either,,v20260906+55419ffd
screenkite,,0.0,none,missing,no exact/normalized/alias/homepage evidence; no lookalikes either,,v20260906+55419ffd
screenmemory,,0.0,none,missing,no exact/normalized/alias/homepage evidence; no lookalikes either,,v20260906+55419ffd
screens-assist,,0.0,none,missing,no exact/normalized/alias/homepage evidence; no lookalikes either,,v20260906+55419ffd
screens-connect,,0.0,none,missing,no exact/normalized/alias/homepage evidence; no lookalikes either,,v20260906+55419ffd
scribus,scribus,1.0,exact,confident,name identical in both managers; homepages 'https://www.scribus.net/' vs 'https://www.scribus.net/',,v20260906+55419ffd
scribus@devel,scribus-devel,0.96,normalized,confident,'scribus@devel' ~ 'scribus-devel' after case/punctuation folding,,v20260906+55419ffd
script-debugger,,0.0,none,missing,no exact/normalized/alias/homepage evidence; no lookalikes either,,v20260906+55419ffd
script-kit,,0.0,none,needs-review,no exact/normalized/alias/homepage evidence; fuzzy suggestions listed for review,scriptix,v20260906+55419ffd
scriptql,,0.0,none,needs-review,no exact/normalized/alias/homepage evidence; fuzzy suggestions listed for review,FScript,v20260906+55419ffd
scrivener,,0.0,none,missing,no exact/normalized/alias/homepage evidence; no lookalikes either,,v20260906+55419ffd
scroll,,0.0,none,needs-review,no exact/normalized/alias/homepage evidence; fuzzy suggestions listed for review,scrollz; roll,v20260906+55419ffd
scroll-reverser,Scroll-Reverser,0.96,normalized,confident,'scroll-reverser' ~ 'Scroll-Reverser' after case/punctuation folding,,v20260906+55419ffd
scrolla,,0.0,none,needs-review,no exact/normalized/alias/homepage evidence; fuzzy suggestions listed for review,scrollz,v20260906+55419ffd
scrub-utility,,0.0,none,needs-review,no exact/normalized/alias/homepage evidence; same homepage 'https://eclecticlight.co/lockrattler-systhist/' as 'SilentKnight' but desc overlap only 0.04; fuzzy suggestions listed for review,R-utility,v20260906+55419ffd
sculptor,,0.0,none,missing,no exact/normalized/alias/homepage evidence; no lookalikes either,,v20260906+55419ffd
scummvm-app,scummvm,0.95,alias,confident,listed as alias/oldname of 'scummvm-app',,v20260906+55419ffd
sdformatter,,0.0,none,needs-review,no exact/normalized/alias/homepage evidence; fuzzy suggestions listed for review,pgFormatter; R-formatters,v20260906+55419ffd
sdm,,0.0,none,needs-review,no exact/normalized/alias/homepage evidence; fuzzy suggestions listed for review,sd,v20260906+55419ffd
seadrive,,0.0,none,missing,no exact/normalized/alias/homepage evidence; no lookalikes either,,v20260906+55419ffd
seafile-client,,0.0,none,missing,no exact/normalized/alias/homepage evidence; no lookalikes either,,v20260906+55419ffd
seam-app,,0.0,none,missing,no exact/normalized/alias/homepage evidence; no lookalikes either,,v20260906+55419ffd
seamly2d,,0.0,none,missing,no exact/normalized/alias/homepage evidence; no lookalikes either,,v20260906+55419ffd
seamonkey,,0.0,none,missing,no exact/normalized/alias/homepage evidence; no lookalikes either,,v20260906+55419ffd
second-life-viewer,,0.0,none,missing,no exact/normalized/alias/homepage evidence; no lookalikes either,,v20260906+55419ffd
secretive,,0.0,none,missing,no exact/normalized/alias/homepage evidence; no lookalikes either,,v20260906+55419ffd
secure-pipes,,0.0,none,missing,no exact/normalized/alias/homepage evidence; no lookalikes either,,v20260906+55419ffd
securesafe,,0.0,none,missing,no exact/normalized/alias/homepage evidence; no lookalikes either,,v20260906+55419ffd
securityspy,,0.0,none,missing,no exact/normalized/alias/homepage evidence; no lookalikes either,,v20260906+55419ffd
seekfast,,0.0,none,missing,no exact/normalized/alias/homepage evidence; no lookalikes either,,v20260906+55419ffd
segger-embedded-studio,,0.0,none,missing,no exact/normalized/alias/homepage evidence; no lookalikes either,,v20260906+55419ffd
segger-jlink,,0.0,none,missing,no exact/normalized/alias/homepage evidence; no lookalikes either,,v20260906+55419ffd
segger-ozone,,0.0,none,missing,no exact/normalized/alias/homepage evidence; no lookalikes either,,v20260906+55419ffd
sejda-pdf,,0.0,none,missing,no exact/normalized/alias/homepage evidence; no lookalikes either,,v20260906+55419ffd
sekey,,0.0,none,needs-review,no exact/normalized/alias/homepage evidence; fuzzy suggestions listed for review,skey,v20260906+55419ffd
selfcontrol,,0.0,none,missing,no exact/normalized/alias/homepage evidence; no lookalikes either,,v20260906+55419ffd
semeru-jdk-open,,0.0,none,missing,no exact/normalized/alias/homepage evidence; no lookalikes either,,v20260906+55419ffd
semeru-jdk-open@11,,0.0,none,missing,no exact/normalized/alias/homepage evidence; no lookalikes either,,v20260906+55419ffd
semeru-jdk-open@17,,0.0,none,missing,no exact/normalized/alias/homepage evidence; no lookalikes either,,v20260906+55419ffd
semeru-jdk-open@21,,0.0,none,missing,no exact/normalized/alias/homepage evidence; no lookalikes either,,v20260906+55419ffd
semeru-jdk-open@25,,0.0,none,missing,no exact/normalized/alias/homepage evidence; no lookalikes either,,v20260906+55419ffd
semeru-jdk-open@8,,0.0,none,missing,no exact/normalized/alias/homepage evidence; no lookalikes either,,v20260906+55419ffd
semulov,,0.0,none,missing,no exact/normalized/alias/homepage evidence; no lookalikes either,,v20260906+55419ffd
senadevicemanager,,0.0,none,missing,no exact/normalized/alias/homepage evidence; no lookalikes either,,v20260906+55419ffd
sencha,,0.0,none,needs-review,no exact/normalized/alias/homepage evidence; fuzzy suggestions listed for review,syncha; enca,v20260906+55419ffd
send-anywhere,,0.0,none,missing,no exact/normalized/alias/homepage evidence; no lookalikes either,,v20260906+55419ffd
send-to-kindle,,0.0,none,missing,no exact/normalized/alias/homepage evidence; no lookalikes either,,v20260906+55419ffd
sengi,,0.0,none,missing,no exact/normalized/alias/homepage evidence; no lookalikes either,,v20260906+55419ffd
sensei,,0.0,none,missing,no exact/normalized/alias/homepage evidence; no lookalikes either,,v20260906+55419ffd
sensiblesidebuttons,,0.0,none,missing,no exact/normalized/alias/homepage evidence; no lookalikes either,,v20260906+55419ffd
sentinel,,0.0,none,needs-review,no exact/normalized/alias/homepage evidence; fuzzy suggestions listed for review,py-sentinels,v20260906+55419ffd
sentry-cli,,0.0,none,missing,no exact/normalized/alias/homepage evidence; no lookalikes either,,v20260906+55419ffd
sequel-ace,Sequel-Ace,0.96,normalized,confident,'sequel-ace' ~ 'Sequel-Ace' after case/punctuation folding,,v20260906+55419ffd
sequential,,0.0,none,missing,no exact/normalized/alias/homepage evidence; no lookalikes either,,v20260906+55419ffd
serene,,0.0,none,missing,no exact/normalized/alias/homepage evidence; no lookalikes either,,v20260906+55419ffd
serial,,0.0,none,needs-review,no exact/normalized/alias/homepage evidence; fuzzy suggestions listed for review,serialDV; py-serial; Aerial,v20260906+55419ffd
serial-studio,Serial-Studio,0.96,normalized,confident,'serial-studio' ~ 'Serial-Studio' after case/punctuation folding,,v20260906+55419ffd
server-box,,0.0,none,missing,no exact/normalized/alias/homepage evidence; no lookalikes either,,v20260906+55419ffd
serverbuddy,,0.0,none,missing,no exact/normalized/alias/homepage evidence; no lookalikes either,,v20260906+55419ffd
serviio,,0.0,none,missing,no exact/normalized/alias/homepage evidence; no lookalikes either,,v20260906+55419ffd
servo,,0.0,none,needs-review,no exact/normalized/alias/homepage evidence; fuzzy suggestions listed for review,pserv,v20260906+55419ffd
servpane,,0.0,none,missing,no exact/normalized/alias/homepage evidence; no lookalikes either,,v20260906+55419ffd
session,,0.0,none,needs-review,no exact/normalized/alias/homepage evidence; fuzzy suggestions listed for review,Obsession; rb-session,v20260906+55419ffd
session-manager-plugin,,0.0,none,missing,no exact/normalized/alias/homepage evidence; no lookalikes either,,v20260906+55419ffd
sessionrestore,,0.0,none,missing,no exact/normalized/alias/homepage evidence; no lookalikes either,,v20260906+55419ffd
sessionwatcher,,0.0,none,missing,no exact/normalized/alias/homepage evidence; no lookalikes either,,v20260906+55419ffd
setapp,,0.0,none,missing,no exact/normalized/alias/homepage evidence; no lookalikes either,,v20260906+55419ffd
sf-symbols,,0.0,none,missing,no exact/normalized/alias/homepage evidence; no lookalikes either,,v20260906+55419ffd
sfm,,1.0,curated,missing,brew=sing-box proxy client; macports=unix file manager (afify),sfm; sfml,v20260906+55419ffd
shade,,0.0,none,needs-review,no exact/normalized/alias/homepage evidence; fuzzy suggestions listed for review,shaderc; R-shades,v20260906+55419ffd
shadow,,0.0,none,missing,no exact/normalized/alias/homepage evidence; no lookalikes either,,v20260906+55419ffd
shadow@beta,,0.0,none,missing,no exact/normalized/alias/homepage evidence; no lookalikes either,,v20260906+55419ffd
shadowsocksx,,0.0,none,needs-review,no exact/normalized/alias/homepage evidence; fuzzy suggestions listed for review,shadowsocks-rust,v20260906+55419ffd
shadowsocksx-ng,,0.0,none,missing,no exact/normalized/alias/homepage evidence; no lookalikes either,,v20260906+55419ffd
shadowsocksx-ng-r,,0.0,none,needs-review,no exact/normalized/alias/homepage evidence; fuzzy suggestions listed for review,shadowsocks-rust,v20260906+55419ffd
shapes,,0.0,none,needs-review,no exact/normalized/alias/homepage evidence; fuzzy suggestions listed for review,R-shapes; R-shape,v20260906+55419ffd
shapr3d,,0.0,none,missing,no exact/normalized/alias/homepage evidence; no lookalikes either,,v20260906+55419ffd
sharefile,,0.0,none,needs-review,no exact/normalized/alias/homepage evidence; fuzzy suggestions listed for review,R-shapefiles,v20260906+55419ffd
sharemouse,,0.0,none,missing,no exact/normalized/alias/homepage evidence; no lookalikes either,,v20260906+55419ffd
sharepod,,0.0,none,missing,no exact/normalized/alias/homepage evidence; no lookalikes either,,v20260906+55419ffd
shattered-pixel-dungeon,,0.0,none,missing,no exact/normalized/alias/homepage evidence; no lookalikes either,,v20260906+55419ffd
shearwater-cloud,,0.0,none,missing,no exact/normalized/alias/homepage evidence; no lookalikes either,,v20260906+55419ffd
shell360,,0.0,none,missing,no exact/normalized/alias/homepage evidence; no lookalikes either,,v20260906+55419ffd
sherlock-app,,0.0,none,missing,no exact/normalized/alias/homepage evidence; no lookalikes either,,v20260906+55419ffd
shiba,,0.0,none,missing,no exact/normalized/alias/homepage evidence; no lookalikes either,,v20260906+55419ffd
shichizip,shichizip,1.0,exact,confident,name identical in both managers; homepages 'https://github.com/idawnlight/ShichiZip' vs 'https://github.com/idawnlight/ShichiZip',,v20260906+55419ffd
shichizip-zs,,0.0,none,needs-review,no exact/normalized/alias/homepage evidence; same homepage 'https://github.com/idawnlight/ShichiZip' as 'shichizip' but desc overlap only 0.11; fuzzy suggestions listed for review,shichizip,v20260906+55419ffd
shield,,0.0,none,needs-review,no exact/normalized/alias/homepage evidence; fuzzy suggestions listed for review,unshield,v20260906+55419ffd
shift,,0.0,none,needs-review,no exact/normalized/alias/homepage evidence; fuzzy suggestions listed for review,sift; ShiftIt; R-sift,v20260906+55419ffd
shifty,,0.0,none,needs-review,no exact/normalized/alias/homepage evidence; fuzzy suggestions listed for review,sift,v20260906+55419ffd
shimo,,0.0,none,missing,no exact/normalized/alias/homepage evidence; no lookalikes either,,v20260906+55419ffd
shimonote,,0.0,none,missing,no exact/normalized/alias/homepage evidence; no lookalikes either,,v20260906+55419ffd
shiori,,0.0,none,missing,no exact/normalized/alias/homepage evidence; no lookalikes either,,v20260906+55419ffd
shop-different,,0.0,none,missing,no exact/normalized/alias/homepage evidence; no lookalikes either,,v20260906+55419ffd
shortcat,,0.0,none,missing,no exact/normalized/alias/homepage evidence; no lookalikes either,,v20260906+55419ffd
shortcutor,,0.0,none,missing,no exact/normalized/alias/homepage evidence; no lookalikes either,,v20260906+55419ffd
shortwave,,0.0,none,missing,no exact/normalized/alias/homepage evidence; no lookalikes either,,v20260906+55419ffd
shotcut,,0.0,none,missing,no exact/normalized/alias/homepage evidence; no lookalikes either,,v20260906+55419ffd
shottr,,0.0,none,needs-review,no exact/normalized/alias/homepage evidence; fuzzy suggestions listed for review,sttr,v20260906+55419ffd
showmeyourhotkeys,,0.0,none,missing,no exact/normalized/alias/homepage evidence; no lookalikes either,,v20260906+55419ffd
showyedge,,0.0,none,missing,no exact/normalized/alias/homepage evidence; no lookalikes either,,v20260906+55419ffd
shrinkit,,0.0,none,needs-review,no exact/normalized/alias/homepage evidence; fuzzy suggestions listed for review,R-shrink,v20260906+55419ffd
shureplus-motiv,,0.0,none,missing,no exact/normalized/alias/homepage evidence; no lookalikes either,,v20260906+55419ffd
shutter-encoder,,0.0,none,missing,no exact/normalized/alias/homepage evidence; no lookalikes either,,v20260906+55419ffd
sidenotes,,0.0,none,missing,no exact/normalized/alias/homepage evidence; no lookalikes either,,v20260906+55419ffd
sidequest,,0.0,none,missing,no exact/normalized/alias/homepage evidence; no lookalikes either,,v20260906+55419ffd
sidestep,,0.0,none,missing,no exact/normalized/alias/homepage evidence; no lookalikes either,,v20260906+55419ffd
sigdigger,,0.0,none,needs-review,no exact/normalized/alias/homepage evidence; fuzzy suggestions listed for review,digger,v20260906+55419ffd
sigil,sigil,1.0,exact,confident,name identical in both managers; homepages 'https://sigil-ebook.com/' vs 'https://github.com/Sigil-Ebook/Sigil',,v20260906+55419ffd
sigmaos,,0.0,none,missing,no exact/normalized/alias/homepage evidence; no lookalikes either,,v20260906+55419ffd
signal,,0.0,none,needs-review,no exact/normalized/alias/homepage evidence; fuzzy suggestions listed for review,R-signal; R-gsignal; sign,v20260906+55419ffd
signal@beta,,0.0,none,missing,no exact/normalized/alias/homepage evidence; no lookalikes either,,v20260906+55419ffd
signet,,0.0,none,needs-review,no exact/normalized/alias/homepage evidence; fuzzy suggestions listed for review,sign,v20260906+55419ffd
silentknight,SilentKnight,0.96,normalized,confident,'silentknight' ~ 'SilentKnight' after case/punctuation folding,,v20260906+55419ffd
silhouette-studio,,0.0,none,missing,no exact/normalized/alias/homepage evidence; no lookalikes either,,v20260906+55419ffd
silicon-app,silicon,0.95,alias,confident,listed as alias/oldname of 'silicon-app',,v20260906+55419ffd
silicon-info,,0.0,none,missing,no exact/normalized/alias/homepage evidence; no lookalikes either,,v20260906+55419ffd
silicon-labs-vcp-driver,,0.0,none,missing,no exact/normalized/alias/homepage evidence; no lookalikes either,,v20260906+55419ffd
siliconscope,,0.0,none,missing,no exact/normalized/alias/homepage evidence; no lookalikes either,,v20260906+55419ffd
silkypix-developer-studio-se,,0.0,none,missing,no exact/normalized/alias/homepage evidence; no lookalikes either,,v20260906+55419ffd
silnite,,0.0,none,needs-review,"no exact/normalized/alias/homepage evidence; same homepage 'https://eclecticlight.co/lockrattler-systhist/' as 'SilentKnight' but versions '10,2023.07' vs '1.21'; no lookalikes either",,v20260906+55419ffd
silo,silo,1.0,exact,confident,name identical in both managers; homepages 'https://nevercenter.com/silo/' vs 'https://wci.llnl.gov/simulation/computer-codes/silo/',,v20260906+55419ffd
sim-daltonism,,0.0,none,missing,no exact/normalized/alias/homepage evidence; no lookalikes either,,v20260906+55419ffd
sim-genie,,0.0,none,missing,no exact/normalized/alias/homepage evidence; no lookalikes either,,v20260906+55419ffd
simpholders,,0.0,none,missing,no exact/normalized/alias/homepage evidence; no lookalikes either,,v20260906+55419ffd
simple-comic,,0.0,none,missing,no exact/normalized/alias/homepage evidence; no lookalikes either,,v20260906+55419ffd
simple-web-server,,1.0,curated,missing,brew=local web-server app (simplewebserver.org); macports=C++ HTTP library (eidheim),simple-web-server; simple-websocket-server,v20260906+55419ffd
simpleclock,,0.0,none,missing,no exact/normalized/alias/homepage evidence; no lookalikes either,,v20260906+55419ffd
simpledemviewer,,0.0,none,missing,no exact/normalized/alias/homepage evidence; no lookalikes either,,v20260906+55419ffd
simplemind,,0.0,none,missing,no exact/normalized/alias/homepage evidence; no lookalikes either,,v20260906+55419ffd
simplenote,,0.0,none,missing,no exact/normalized/alias/homepage evidence; no lookalikes either,,v20260906+55419ffd
simpletex,,0.0,none,missing,no exact/normalized/alias/homepage evidence; no lookalikes either,,v20260906+55419ffd
simplex,,0.0,none,missing,no exact/normalized/alias/homepage evidence; no lookalikes either,,v20260906+55419ffd
simply-fortran,,0.0,none,missing,no exact/normalized/alias/homepage evidence; no lookalikes either,,v20260906+55419ffd
simplysign,,0.0,none,missing,no exact/normalized/alias/homepage evidence; no lookalikes either,,v20260906+55419ffd
simsim,,0.0,none,missing,no exact/normalized/alias/homepage evidence; no lookalikes either,,v20260906+55419ffd
sina-finance,,0.0,none,missing,no exact/normalized/alias/homepage evidence; no lookalikes either,,v20260906+55419ffd
singlebox,,0.0,none,needs-review,no exact/normalized/alias/homepage evidence; fuzzy suggestions listed for review,sing-box,v20260906+55419ffd
singlecrystal,,0.0,none,missing,no exact/normalized/alias/homepage evidence; no lookalikes either,,v20260906+55419ffd
singularity,,0.0,none,needs-review,no exact/normalized/alias/homepage evidence; fuzzy suggestions listed for review,singular,v20260906+55419ffd
sioyek,,0.0,none,missing,no exact/normalized/alias/homepage evidence; no lookalikes either,,v20260906+55419ffd
sip-app,,0.0,none,missing,no exact/normalized/alias/homepage evidence; no lookalikes either,,v20260906+55419ffd
sipgate,,0.0,none,missing,no exact/normalized/alias/homepage evidence; no lookalikes either,,v20260906+55419ffd
sipgate-softphone,,0.0,none,missing,no exact/normalized/alias/homepage evidence; no lookalikes either,,v20260906+55419ffd
sirimote,,0.0,none,missing,no exact/normalized/alias/homepage evidence; no lookalikes either,,v20260906+55419ffd
sitala,,0.0,none,missing,no exact/normalized/alias/homepage evidence; no lookalikes either,,v20260906+55419ffd
sitesucker-pro,,0.0,none,missing,no exact/normalized/alias/homepage evidence; no lookalikes either,,v20260906+55419ffd
sixtyforce,,0.0,none,missing,no exact/normalized/alias/homepage evidence; no lookalikes either,,v20260906+55419ffd
siyuan,,0.0,none,missing,no exact/normalized/alias/homepage evidence; no lookalikes either,,v20260906+55419ffd
sizeup,,0.0,none,missing,no exact/normalized/alias/homepage evidence; no lookalikes either,,v20260906+55419ffd
sizzy,,0.0,none,missing,no exact/normalized/alias/homepage evidence; no lookalikes either,,v20260906+55419ffd
sjmcl,,0.0,none,missing,no exact/normalized/alias/homepage evidence; no lookalikes either,,v20260906+55419ffd
sketch,sketch,1.0,exact,confident,name identical in both managers; homepages 'https://www.sketch.com/' vs 'http://sketch4latex.sourceforge.net',,v20260906+55419ffd
sketch-toolbox,,0.0,none,missing,no exact/normalized/alias/homepage evidence; no lookalikes either,,v20260906+55419ffd
sketch@beta,,0.0,none,needs-review,no exact/normalized/alias/homepage evidence; fuzzy suggestions listed for review,sketchybar,v20260906+55419ffd
sketchup,,0.0,none,needs-review,no exact/normalized/alias/homepage evidence; fuzzy suggestions listed for review,sketch,v20260906+55419ffd
skills-manager,,0.0,none,missing,no exact/normalized/alias/homepage evidence; no lookalikes either,,v20260906+55419ffd
skim,skim,1.0,exact,confident,name identical in both managers; homepages 'https://skim-app.sourceforge.io/' vs 'https://github.com/skim-rs/skim',,v20260906+55419ffd
skint,,0.0,none,needs-review,no exact/normalized/alias/homepage evidence; same homepage 'https://eclecticlight.co/lockrattler-systhist/' as 'SilentKnight' but desc overlap only 0.08; no lookalikes either,,v20260906+55419ffd
sky,,0.0,none,needs-review,no exact/normalized/alias/homepage evidence; fuzzy suggestions listed for review,skey,v20260906+55419ffd
skychart,,0.0,none,missing,no exact/normalized/alias/homepage evidence; no lookalikes either,,v20260906+55419ffd
skyfonts,,0.0,none,needs-review,no exact/normalized/alias/homepage evidence; fuzzy suggestions listed for review,R-sysfonts,v20260906+55419ffd
skype,,0.0,none,needs-review,no exact/normalized/alias/homepage evidence; fuzzy suggestions listed for review,skypipe,v20260906+55419ffd
skype-for-business,,0.0,none,missing,no exact/normalized/alias/homepage evidence; no lookalikes either,,v20260906+55419ffd
skype@preview,,0.0,none,missing,no exact/normalized/alias/homepage evidence; no lookalikes either,,v20260906+55419ffd
slab,,0.0,none,needs-review,no exact/normalized/alias/homepage evidence; fuzzy suggestions listed for review,lab,v20260906+55419ffd
slack,,0.0,none,needs-review,no exact/normalized/alias/homepage evidence; fuzzy suggestions listed for review,black; stack,v20260906+55419ffd
slack-cli,,0.0,none,missing,no exact/normalized/alias/homepage evidence; no lookalikes either,,v20260906+55419ffd
slack@beta,,0.0,none,missing,no exact/normalized/alias/homepage evidence; no lookalikes either,,v20260906+55419ffd
slashy,,0.0,none,needs-review,no exact/normalized/alias/homepage evidence; fuzzy suggestions listed for review,splash,v20260906+55419ffd
sleek-app,,0.0,none,missing,no exact/normalized/alias/homepage evidence; no lookalikes either,,v20260906+55419ffd
sleep-aid,,0.0,none,missing,no exact/normalized/alias/homepage evidence; no lookalikes either,,v20260906+55419ffd
sleipnir,,0.0,none,missing,no exact/normalized/alias/homepage evidence; no lookalikes either,,v20260906+55419ffd
slicer,,0.0,none,missing,no exact/normalized/alias/homepage evidence; no lookalikes either,,v20260906+55419ffd
slicer@preview,,0.0,none,missing,no exact/normalized/alias/homepage evidence; no lookalikes either,,v20260906+55419ffd
slidepad,,0.0,none,missing,no exact/normalized/alias/homepage evidence; no lookalikes either,,v20260906+55419ffd
slidepilot,,0.0,none,missing,no exact/normalized/alias/homepage evidence; no lookalikes either,,v20260906+55419ffd
slideshower,,0.0,none,missing,no exact/normalized/alias/homepage evidence; no lookalikes either,,v20260906+55419ffd
slimhud,,0.0,none,missing,no exact/normalized/alias/homepage evidence; no lookalikes either,,v20260906+55419ffd
slippi-dolphin,,0.0,none,missing,no exact/normalized/alias/homepage evidence; no lookalikes either,,v20260906+55419ffd
slite,,0.0,none,needs-review,no exact/normalized/alias/homepage evidence; fuzzy suggestions listed for review,sqlite3; sqlite2; flite,v20260906+55419ffd
sloth,sloth,1.0,exact,confident,name identical in both managers; homepages 'https://sveinbjorn.org/sloth' vs 'http://sveinbjorn.org/sloth',,v20260906+55419ffd
smallstepagent,,0.0,none,missing,no exact/normalized/alias/homepage evidence; no lookalikes either,,v20260906+55419ffd
smart-converter-pro,,0.0,none,missing,no exact/normalized/alias/homepage evidence; no lookalikes either,,v20260906+55419ffd
smartgit,,0.0,none,missing,no exact/normalized/alias/homepage evidence; no lookalikes either,,v20260906+55419ffd
smartreporter-free,,0.0,none,missing,no exact/normalized/alias/homepage evidence; no lookalikes either,,v20260906+55419ffd
smartsheet,,0.0,none,missing,no exact/normalized/alias/homepage evidence; no lookalikes either,,v20260906+55419ffd
smartsvn,,0.0,none,missing,no exact/normalized/alias/homepage evidence; no lookalikes either,,v20260906+55419ffd
smartsynchronize,,0.0,none,missing,no exact/normalized/alias/homepage evidence; no lookalikes either,,v20260906+55419ffd
smcfancontrol,,0.0,none,missing,no exact/normalized/alias/homepage evidence; no lookalikes either,,v20260906+55419ffd
smcfancontrol@beta,,0.0,none,missing,no exact/normalized/alias/homepage evidence; no lookalikes either,,v20260906+55419ffd
smoothcapture,,0.0,none,missing,no exact/normalized/alias/homepage evidence; no lookalikes either,,v20260906+55419ffd
smoothcsv,,0.0,none,needs-review,no exact/normalized/alias/homepage evidence; fuzzy suggestions listed for review,R-smoothSurv; smooth,v20260906+55419ffd
smoothscroll,,0.0,none,missing,no exact/normalized/alias/homepage evidence; no lookalikes either,,v20260906+55419ffd
smooze-pro,,0.0,none,missing,no exact/normalized/alias/homepage evidence; no lookalikes either,,v20260906+55419ffd
smplayer,,0.0,none,needs-review,no exact/normalized/alias/homepage evidence; fuzzy suggestions listed for review,MPlayer; cosmoplayer; sampler,v20260906+55419ffd
sms-plus,,0.0,none,missing,no exact/normalized/alias/homepage evidence; no lookalikes either,,v20260906+55419ffd
smultron,Smultron,0.96,normalized,confident,'smultron' ~ 'Smultron' after case/punctuation folding,,v20260906+55419ffd
snagit,,0.0,none,needs-review,no exact/normalized/alias/homepage evidence; fuzzy suggestions listed for review,stagit,v20260906+55419ffd
snapmaker-luban,,0.0,none,missing,no exact/normalized/alias/homepage evidence; no lookalikes either,,v20260906+55419ffd
snapmaker-orca,,0.0,none,missing,no exact/normalized/alias/homepage evidence; no lookalikes either,,v20260906+55419ffd
snapmotion,,0.0,none,missing,no exact/normalized/alias/homepage evidence; no lookalikes either,,v20260906+55419ffd
snapndrag,,0.0,none,missing,no exact/normalized/alias/homepage evidence; no lookalikes either,,v20260906+55419ffd
snapzy,,0.0,none,needs-review,no exact/normalized/alias/homepage evidence; fuzzy suggestions listed for review,snappy,v20260906+55419ffd
snes9x,,0.0,none,missing,no exact/normalized/alias/homepage evidence; no lookalikes either,,v20260906+55419ffd
snipaste,,0.0,none,missing,no exact/normalized/alias/homepage evidence; no lookalikes either,,v20260906+55419ffd
snippety,,0.0,none,missing,no exact/normalized/alias/homepage evidence; no lookalikes either,,v20260906+55419ffd
snowflake-snowsql,,0.0,none,missing,no exact/normalized/alias/homepage evidence; no lookalikes either,,v20260906+55419ffd
snwe,,0.0,none,missing,no exact/normalized/alias/homepage evidence; no lookalikes either,,v20260906+55419ffd
soapui,,0.0,none,missing,no exact/normalized/alias/homepage evidence; no lookalikes either,,v20260906+55419ffd
socialstream,,0.0,none,missing,no exact/normalized/alias/homepage evidence; no lookalikes either,,v20260906+55419ffd
sococo,,0.0,none,missing,no exact/normalized/alias/homepage evidence; no lookalikes either,,v20260906+55419ffd
sodamusic,,0.0,none,missing,no exact/normalized/alias/homepage evidence; no lookalikes either,,v20260906+55419ffd
soduto,,0.0,none,missing,no exact/normalized/alias/homepage evidence; no lookalikes either,,v20260906+55419ffd
sofa-server,,0.0,none,missing,no exact/normalized/alias/homepage evidence; no lookalikes either,,v20260906+55419ffd
softmaker-freeoffice,,0.0,none,missing,no exact/normalized/alias/homepage evidence; no lookalikes either,,v20260906+55419ffd
softorino-youtube-converter,,0.0,none,missing,no exact/normalized/alias/homepage evidence; no lookalikes either,,v20260906+55419ffd
softraid,,0.0,none,missing,no exact/normalized/alias/homepage evidence; no lookalikes either,,v20260906+55419ffd
softube-central,,0.0,none,missing,no exact/normalized/alias/homepage evidence; no lookalikes either,,v20260906+55419ffd
sogouinput,,0.0,none,missing,no exact/normalized/alias/homepage evidence; no lookalikes either,,v20260906+55419ffd
sokim,,0.0,none,needs-review,no exact/normalized/alias/homepage evidence; fuzzy suggestions listed for review,skim,v20260906+55419ffd
sol,,0.0,none,needs-review,no exact/normalized/alias/homepage evidence; fuzzy suggestions listed for review,so,v20260906+55419ffd
solar2d,,0.0,none,missing,no exact/normalized/alias/homepage evidence; no lookalikes either,,v20260906+55419ffd
solvespace,,0.0,none,missing,no exact/normalized/alias/homepage evidence; no lookalikes either,,v20260906+55419ffd
sonarqube-cli,,0.0,none,missing,no exact/normalized/alias/homepage evidence; no lookalikes either,,v20260906+55419ffd
sonarr,,0.0,none,needs-review,no exact/normalized/alias/homepage evidence; fuzzy suggestions listed for review,R-sonar,v20260906+55419ffd
sonarr@beta,,0.0,none,missing,no exact/normalized/alias/homepage evidence; no lookalikes either,,v20260906+55419ffd
songkong,,0.0,none,missing,no exact/normalized/alias/homepage evidence; no lookalikes either,,v20260906+55419ffd
sonic-lineup,,0.0,none,missing,no exact/normalized/alias/homepage evidence; no lookalikes either,,v20260906+55419ffd
sonic-pi,,0.0,none,needs-review,no exact/normalized/alias/homepage evidence; fuzzy suggestions listed for review,sonic,v20260906+55419ffd
sonic-robo-blast-2,,0.0,none,missing,no exact/normalized/alias/homepage evidence; no lookalikes either,,v20260906+55419ffd
sonic-robo-blast-2-kart,,0.0,none,missing,no exact/normalized/alias/homepage evidence; no lookalikes either,,v20260906+55419ffd
sonic-visualiser,,0.0,none,missing,no exact/normalized/alias/homepage evidence; no lookalikes either,,v20260906+55419ffd
sonic3air,,0.0,none,missing,no exact/normalized/alias/homepage evidence; no lookalikes either,,v20260906+55419ffd
sonoair,,0.0,none,missing,no exact/normalized/alias/homepage evidence; no lookalikes either,,v20260906+55419ffd
sonobus,,0.0,none,missing,no exact/normalized/alias/homepage evidence; no lookalikes either,,v20260906+55419ffd
sonos,,0.0,none,missing,no exact/normalized/alias/homepage evidence; no lookalikes either,,v20260906+55419ffd
sonos-s1-controller,,0.0,none,missing,no exact/normalized/alias/homepage evidence; no lookalikes either,,v20260906+55419ffd
sony-ps-remote-play,,0.0,none,missing,no exact/normalized/alias/homepage evidence; no lookalikes either,,v20260906+55419ffd
soothe2,,0.0,none,missing,no exact/normalized/alias/homepage evidence; no lookalikes either,,v20260906+55419ffd
soqlxplorer,,0.0,none,missing,no exact/normalized/alias/homepage evidence; no lookalikes either,,v20260906+55419ffd
soulseek,,0.0,none,missing,no exact/normalized/alias/homepage evidence; no lookalikes either,,v20260906+55419ffd
soulver,,0.0,none,missing,no exact/normalized/alias/homepage evidence; no lookalikes either,,v20260906+55419ffd
soulver-cli,,0.0,none,missing,no exact/normalized/alias/homepage evidence; no lookalikes either,,v20260906+55419ffd
sound-control,,0.0,none,missing,no exact/normalized/alias/homepage evidence; no lookalikes either,,v20260906+55419ffd
sound-siphon,,0.0,none,missing,no exact/normalized/alias/homepage evidence; no lookalikes either,,v20260906+55419ffd
soundanchor,,0.0,none,missing,no exact/normalized/alias/homepage evidence; no lookalikes either,,v20260906+55419ffd
soundflower,,0.0,none,missing,no exact/normalized/alias/homepage evidence; no lookalikes either,,v20260906+55419ffd
soundsource,,0.0,none,missing,no exact/normalized/alias/homepage evidence; no lookalikes either,,v20260906+55419ffd
soundsource@test,,0.0,none,missing,no exact/normalized/alias/homepage evidence; no lookalikes either,,v20260906+55419ffd
soundtoys,,0.0,none,missing,no exact/normalized/alias/homepage evidence; no lookalikes either,,v20260906+55419ffd
sourcegit,,0.0,none,missing,no exact/normalized/alias/homepage evidence; no lookalikes either,,v20260906+55419ffd
sourcenote,,0.0,none,missing,no exact/normalized/alias/homepage evidence; no lookalikes either,,v20260906+55419ffd
sourcetree,,0.0,none,missing,no exact/normalized/alias/homepage evidence; no lookalikes either,,v20260906+55419ffd
sourcetree@beta,,0.0,none,missing,no exact/normalized/alias/homepage evidence; no lookalikes either,,v20260906+55419ffd
space-capsule,,0.0,none,missing,no exact/normalized/alias/homepage evidence; no lookalikes either,,v20260906+55419ffd
space-rabbit,,0.0,none,missing,no exact/normalized/alias/homepage evidence; no lookalikes either,,v20260906+55419ffd
space-saver,,0.0,none,missing,no exact/normalized/alias/homepage evidence; no lookalikes either,,v20260906+55419ffd
spacedrive,,0.0,none,missing,no exact/normalized/alias/homepage evidence; no lookalikes either,,v20260906+55419ffd
spaceid,,0.0,none,missing,no exact/normalized/alias/homepage evidence; no lookalikes either,,v20260906+55419ffd
spacejump,,0.0,none,missing,no exact/normalized/alias/homepage evidence; no lookalikes either,,v20260906+55419ffd
spacelauncher,,0.0,none,needs-review,no exact/normalized/alias/homepage evidence; fuzzy suggestions listed for review,PCLauncher,v20260906+55419ffd
spaceman,,0.0,none,needs-review,no exact/normalized/alias/homepage evidence; fuzzy suggestions listed for review,R-pacman,v20260906+55419ffd
spaceradar,,0.0,none,missing,no exact/normalized/alias/homepage evidence; no lookalikes either,,v20260906+55419ffd
spacesaver,,0.0,none,missing,no exact/normalized/alias/homepage evidence; no lookalikes either,,v20260906+55419ffd
spacewalker,,0.0,none,missing,no exact/normalized/alias/homepage evidence; no lookalikes either,,v20260906+55419ffd
spamsieve,,0.0,none,needs-review,no exact/normalized/alias/homepage evidence; fuzzy suggestions listed for review,msieve,v20260906+55419ffd
spark-app,spark,0.95,alias,confident,listed as alias/oldname of 'spark-app',,v20260906+55419ffd
spark-ar-studio,,0.0,none,missing,no exact/normalized/alias/homepage evidence; no lookalikes either,,v20260906+55419ffd
sparkle,,0.0,none,needs-review,no exact/normalized/alias/homepage evidence; fuzzy suggestions listed for review,sparkey; spark; R-sparkline,v20260906+55419ffd
sparkleshare,,0.0,none,missing,no exact/normalized/alias/homepage evidence; no lookalikes either,,v20260906+55419ffd
sparkplate,,0.0,none,missing,no exact/normalized/alias/homepage evidence; no lookalikes either,,v20260906+55419ffd
sparrow,,0.0,none,needs-review,no exact/normalized/alias/homepage evidence; fuzzy suggestions listed for review,py-arrow; R-sfarrow,v20260906+55419ffd
sparsity,,0.0,none,needs-review,no exact/normalized/alias/homepage evidence; fuzzy suggestions listed for review,sparskit,v20260906+55419ffd
spatial,,0.0,none,needs-review,no exact/normalized/alias/homepage evidence; fuzzy suggestions listed for review,R-spatial; R-SpatialNP; spatialite,v20260906+55419ffd
spatterlight,,0.0,none,missing,no exact/normalized/alias/homepage evidence; no lookalikes either,,v20260906+55419ffd
specter,,0.0,none,missing,no exact/normalized/alias/homepage evidence; no lookalikes either,,v20260906+55419ffd
spectra-app,,0.0,none,missing,no exact/normalized/alias/homepage evidence; no lookalikes either,,v20260906+55419ffd
spectrolite,,0.0,none,missing,no exact/normalized/alias/homepage evidence; no lookalikes either,,v20260906+55419ffd
speechify-voice-ai,,0.0,none,missing,no exact/normalized/alias/homepage evidence; no lookalikes either,,v20260906+55419ffd
speedcrunch,,0.0,none,missing,no exact/normalized/alias/homepage evidence; no lookalikes either,,v20260906+55419ffd
speedify,,0.0,none,missing,no exact/normalized/alias/homepage evidence; no lookalikes either,,v20260906+55419ffd
spike,,0.0,none,needs-review,no exact/normalized/alias/homepage evidence; fuzzy suggestions listed for review,pike,v20260906+55419ffd
spillo,,0.0,none,needs-review,no exact/normalized/alias/homepage evidence; fuzzy suggestions listed for review,silo,v20260906+55419ffd
spires,,0.0,none,missing,no exact/normalized/alias/homepage evidence; no lookalikes either,,v20260906+55419ffd
spitfire-audio,,0.0,none,missing,no exact/normalized/alias/homepage evidence; no lookalikes either,,v20260906+55419ffd
splashtop-business,,0.0,none,missing,no exact/normalized/alias/homepage evidence; no lookalikes either,,v20260906+55419ffd
splashtop-personal,,0.0,none,missing,no exact/normalized/alias/homepage evidence; no lookalikes either,,v20260906+55419ffd
splashtop-streamer,,0.0,none,missing,no exact/normalized/alias/homepage evidence; no lookalikes either,,v20260906+55419ffd
splayer,,0.0,none,needs-review,no exact/normalized/alias/homepage evidence; fuzzy suggestions listed for review,MPlayer; dbslayer,v20260906+55419ffd
splice,,0.0,none,needs-review,no exact/normalized/alias/homepage evidence; fuzzy suggestions listed for review,cspice,v20260906+55419ffd
spline,,0.0,none,needs-review,no exact/normalized/alias/homepage evidence; fuzzy suggestions listed for review,R-pspline; R-bspline; splint,v20260906+55419ffd
splitshow,,0.0,none,missing,no exact/normalized/alias/homepage evidence; no lookalikes either,,v20260906+55419ffd
spokenly,,0.0,none,needs-review,no exact/normalized/alias/homepage evidence; fuzzy suggestions listed for review,scponly,v20260906+55419ffd
spotify,,0.0,none,needs-review,no exact/normalized/alias/homepage evidence; fuzzy suggestions listed for review,spotify-dl; despotify,v20260906+55419ffd
spotify4bigsur,,0.0,none,missing,no exact/normalized/alias/homepage evidence; no lookalikes either,,v20260906+55419ffd
spotmenu,,0.0,none,missing,no exact/normalized/alias/homepage evidence; no lookalikes either,,v20260906+55419ffd
springtoolsforeclipse,,0.0,none,missing,no exact/normalized/alias/homepage evidence; no lookalikes either,,v20260906+55419ffd
spundle,,0.0,none,missing,no exact/normalized/alias/homepage evidence; no lookalikes either,,v20260906+55419ffd
spybuster,,0.0,none,missing,no exact/normalized/alias/homepage evidence; no lookalikes either,,v20260906+55419ffd
spyder,,0.0,none,needs-review,no exact/normalized/alias/homepage evidence; same homepage 'https://www.spyder-ide.org/' as 'py314-spyder' but desc overlap only 0.05; fuzzy suggestions listed for review,py-spyder,v20260906+55419ffd
sq-mixpad,,0.0,none,missing,no exact/normalized/alias/homepage evidence; no lookalikes either,,v20260906+55419ffd
sql-tabs,,0.0,none,missing,no exact/normalized/alias/homepage evidence; no lookalikes either,,v20260906+55419ffd
sqlcl,,0.0,none,needs-review,no exact/normalized/alias/homepage evidence; fuzzy suggestions listed for review,sqlc,v20260906+55419ffd
sqlectron,,0.0,none,missing,no exact/normalized/alias/homepage evidence; no lookalikes either,,v20260906+55419ffd
sqleditor,,0.0,none,missing,no exact/normalized/alias/homepage evidence; no lookalikes either,,v20260906+55419ffd
sqlight,,0.0,none,missing,no exact/normalized/alias/homepage evidence; no lookalikes either,,v20260906+55419ffd
sqlitemanager,,0.0,none,needs-review,no exact/normalized/alias/homepage evidence; fuzzy suggestions listed for review,sqliteman,v20260906+55419ffd
sqlpro-for-mssql,,0.0,none,missing,no exact/normalized/alias/homepage evidence; no lookalikes either,,v20260906+55419ffd
sqlpro-for-mysql,,0.0,none,missing,no exact/normalized/alias/homepage evidence; no lookalikes either,,v20260906+55419ffd
sqlpro-for-postgres,,0.0,none,missing,no exact/normalized/alias/homepage evidence; no lookalikes either,,v20260906+55419ffd
sqlpro-for-sqlite,,0.0,none,missing,no exact/normalized/alias/homepage evidence; no lookalikes either,,v20260906+55419ffd
sqlpro-studio,,0.0,none,missing,no exact/normalized/alias/homepage evidence; no lookalikes either,,v20260906+55419ffd
sqlworkbenchj,,0.0,none,missing,no exact/normalized/alias/homepage evidence; no lookalikes either,,v20260906+55419ffd
squash,,0.0,none,needs-review,no exact/normalized/alias/homepage evidence; fuzzy suggestions listed for review,squish; sqsh,v20260906+55419ffd
squeak,squeak,1.0,exact,confident,name identical in both managers; homepages 'https://squeak.org/' vs 'http://www.squeak.org',,v20260906+55419ffd
squidman,,0.0,none,missing,no exact/normalized/alias/homepage evidence; no lookalikes either,,v20260906+55419ffd
squirrel-app,,0.0,ambiguous,needs-review,alias 'squirrel' looks like a different program (homepages 'https://rime.im/' vs 'http://www.squirrel-lang.org'),squirrel,v20260906+55419ffd
squirrelsql,,0.0,none,needs-review,no exact/normalized/alias/homepage evidence; fuzzy suggestions listed for review,squirrel,v20260906+55419ffd
ssdreporter-free,,0.0,none,missing,no exact/normalized/alias/homepage evidence; no lookalikes either,,v20260906+55419ffd
ssh-config-editor,,0.0,none,missing,no exact/normalized/alias/homepage evidence; no lookalikes either,,v20260906+55419ffd
ssh-tunnel-manager,,0.0,none,missing,no exact/normalized/alias/homepage evidence; no lookalikes either,,v20260906+55419ffd
sshfs-mac,,0.0,none,needs-review,no exact/normalized/alias/homepage evidence; same homepage 'https://github.com/libfuse/sshfs/' as 'sshfs' but desc overlap only 0.14; no lookalikes either,,v20260906+55419ffd
ssokit,,0.0,none,missing,no exact/normalized/alias/homepage evidence; no lookalikes either,,v20260906+55419ffd
stability-matrix,,0.0,none,missing,no exact/normalized/alias/homepage evidence; no lookalikes either,,v20260906+55419ffd
stack,,1.0,curated,missing,brew=cloud drive (transip.nl); macports=Haskell Tool Stack (haskellstack.org),stack; R-rstack; R-stacks,v20260906+55419ffd
stand,,0.0,none,needs-review,no exact/normalized/alias/homepage evidence; fuzzy suggestions listed for review,stan; sand,v20260906+55419ffd
standard-notes,,0.0,none,missing,no exact/normalized/alias/homepage evidence; no lookalikes either,,v20260906+55419ffd
starnet2,,0.0,none,needs-review,no exact/normalized/alias/homepage evidence; fuzzy suggestions listed for review,R-starnet,v20260906+55419ffd
starnet++,,0.0,none,needs-review,no exact/normalized/alias/homepage evidence; fuzzy suggestions listed for review,R-starnet; R-statnet,v20260906+55419ffd
starsector,,0.0,none,missing,no exact/normalized/alias/homepage evidence; no lookalikes either,,v20260906+55419ffd
start,,0.0,none,needs-review,no exact/normalized/alias/homepage evidence; fuzzy suggestions listed for review,tart; star; R-STAR,v20260906+55419ffd
startupfolder,,0.0,none,missing,no exact/normalized/alias/homepage evidence; no lookalikes either,,v20260906+55419ffd
startupizer,,0.0,none,missing,no exact/normalized/alias/homepage evidence; no lookalikes either,,v20260906+55419ffd
staruml,,0.0,none,missing,no exact/normalized/alias/homepage evidence; no lookalikes either,,v20260906+55419ffd
stash,,0.0,none,needs-review,no exact/normalized/alias/homepage evidence; fuzzy suggestions listed for review,trash,v20260906+55419ffd
stashpad,,0.0,none,missing,no exact/normalized/alias/homepage evidence; no lookalikes either,,v20260906+55419ffd
stationtv-link,,0.0,none,missing,no exact/normalized/alias/homepage evidence; no lookalikes either,,v20260906+55419ffd
stats,,0.0,none,needs-review,no exact/normalized/alias/homepage evidence; fuzzy suggestions listed for review,R-hstats; awstats; mpstats,v20260906+55419ffd
status,,0.0,none,missing,no exact/normalized/alias/homepage evidence; no lookalikes either,,v20260906+55419ffd
stay,,0.0,none,missing,no exact/normalized/alias/homepage evidence; no lookalikes either,,v20260906+55419ffd
steam,,0.0,none,missing,no exact/normalized/alias/homepage evidence; no lookalikes either,,v20260906+55419ffd
steam-plus-plus,,0.0,none,missing,no exact/normalized/alias/homepage evidence; no lookalikes either,,v20260906+55419ffd
steamcmd,,0.0,none,missing,no exact/normalized/alias/homepage evidence; no lookalikes either,,v20260906+55419ffd
steelseries-gg,,0.0,none,missing,no exact/normalized/alias/homepage evidence; no lookalikes either,,v20260906+55419ffd
steermouse,,0.0,none,missing,no exact/normalized/alias/homepage evidence; no lookalikes either,,v20260906+55419ffd
steinberg-activation-manager,,0.0,none,missing,no exact/normalized/alias/homepage evidence; no lookalikes either,,v20260906+55419ffd
steinberg-download-assistant,,0.0,none,missing,no exact/normalized/alias/homepage evidence; no lookalikes either,,v20260906+55419ffd
steinberg-library-manager,,0.0,none,missing,no exact/normalized/alias/homepage evidence; no lookalikes either,,v20260906+55419ffd
steinberg-mediabay,,0.0,none,missing,no exact/normalized/alias/homepage evidence; no lookalikes either,,v20260906+55419ffd
stella-app,,0.0,none,missing,no exact/normalized/alias/homepage evidence; no lookalikes either,,v20260906+55419ffd
stellarium,stellarium,1.0,exact,confident,name identical in both managers; homepages 'https://stellarium.org/' vs 'https://stellarium.org/',,v20260906+55419ffd
stillcolor,,0.0,none,missing,no exact/normalized/alias/homepage evidence; no lookalikes either,,v20260906+55419ffd
stirling-pdf,,0.0,none,missing,no exact/normalized/alias/homepage evidence; no lookalikes either,,v20260906+55419ffd
stolendata-mpv,mpv,0.95,alias,confident,listed as alias/oldname of 'stolendata-mpv',,v20260906+55419ffd
stoplight-studio,,0.0,none,missing,no exact/normalized/alias/homepage evidence; no lookalikes either,,v20260906+55419ffd
storyboarder,,0.0,none,missing,no exact/normalized/alias/homepage evidence; no lookalikes either,,v20260906+55419ffd
stratoshark,,0.0,none,missing,no exact/normalized/alias/homepage evidence; no lookalikes either,,v20260906+55419ffd
stravu-crystal,,0.0,none,missing,no exact/normalized/alias/homepage evidence; no lookalikes either,,v20260906+55419ffd
strawberry,,0.0,none,missing,no exact/normalized/alias/homepage evidence; no lookalikes either,,v20260906+55419ffd
strawberry-wallpaper,,0.0,none,missing,no exact/normalized/alias/homepage evidence; no lookalikes either,,v20260906+55419ffd
streamlabs,,0.0,none,missing,no exact/normalized/alias/homepage evidence; no lookalikes either,,v20260906+55419ffd
streamlink-twitch-gui,,0.0,none,missing,no exact/normalized/alias/homepage evidence; no lookalikes either,,v20260906+55419ffd
stremio,,0.0,none,missing,no exact/normalized/alias/homepage evidence; no lookalikes either,,v20260906+55419ffd
stremio@beta,,0.0,none,missing,no exact/normalized/alias/homepage evidence; no lookalikes either,,v20260906+55419ffd
stremioservice,,0.0,none,missing,no exact/normalized/alias/homepage evidence; no lookalikes either,,v20260906+55419ffd
stretchly,,0.0,none,missing,no exact/normalized/alias/homepage evidence; no lookalikes either,,v20260906+55419ffd
stringsfile,,0.0,none,missing,no exact/normalized/alias/homepage evidence; no lookalikes either,,v20260906+55419ffd
stringz,,0.0,none,needs-review,no exact/normalized/alias/homepage evidence; fuzzy suggestions listed for review,bstring; R-stringx; pystring,v20260906+55419ffd
strongvpn,,0.0,none,missing,no exact/normalized/alias/homepage evidence; no lookalikes either,,v20260906+55419ffd
structuredlogviewer,,0.0,none,missing,no exact/normalized/alias/homepage evidence; no lookalikes either,,v20260906+55419ffd
studio-3t,,0.0,none,missing,no exact/normalized/alias/homepage evidence; no lookalikes either,,v20260906+55419ffd
studio-3t-community,,0.0,none,missing,no exact/normalized/alias/homepage evidence; no lookalikes either,,v20260906+55419ffd
studiolinkstandalone,,0.0,none,missing,no exact/normalized/alias/homepage evidence; no lookalikes either,,v20260906+55419ffd
subethaedit,,0.0,none,missing,no exact/normalized/alias/homepage evidence; no lookalikes either,,v20260906+55419ffd
subgit,,0.0,none,needs-review,no exact/normalized/alias/homepage evidence; fuzzy suggestions listed for review,ugit,v20260906+55419ffd
subler,,0.0,none,missing,no exact/normalized/alias/homepage evidence; no lookalikes either,,v20260906+55419ffd
sublercli,,0.0,none,missing,no exact/normalized/alias/homepage evidence; no lookalikes either,,v20260906+55419ffd
sublime-merge,,0.0,none,missing,no exact/normalized/alias/homepage evidence; no lookalikes either,,v20260906+55419ffd
sublime-merge@dev,,0.0,none,missing,no exact/normalized/alias/homepage evidence; no lookalikes either,,v20260906+55419ffd
sublime-text,,0.0,none,missing,no exact/normalized/alias/homepage evidence; no lookalikes either,,v20260906+55419ffd
sublime-text@dev,,0.0,none,missing,no exact/normalized/alias/homepage evidence; no lookalikes either,,v20260906+55419ffd
submariner,,0.0,none,missing,no exact/normalized/alias/homepage evidence; no lookalikes either,,v20260906+55419ffd
subsurface,subsurface,1.0,exact,confident,name identical in both managers; homepages 'https://subsurface-divelog.org/' vs 'http://subsurface.hohndel.org/',,v20260906+55419ffd
subsync,,0.0,none,missing,no exact/normalized/alias/homepage evidence; no lookalikes either,,v20260906+55419ffd
subtitle-edit,,0.0,none,missing,no exact/normalized/alias/homepage evidence; no lookalikes either,,v20260906+55419ffd
subtitle-studio,,0.0,none,missing,no exact/normalized/alias/homepage evidence; no lookalikes either,,v20260906+55419ffd
subtools,,0.0,none,needs-review,no exact/normalized/alias/homepage evidence; fuzzy suggestions listed for review,R-SSBtools; shtools,v20260906+55419ffd
sunlogincontrol,,0.0,none,missing,no exact/normalized/alias/homepage evidence; no lookalikes either,,v20260906+55419ffd
sunsama,,0.0,none,missing,no exact/normalized/alias/homepage evidence; no lookalikes either,,v20260906+55419ffd
sunvox,,0.0,none,missing,no exact/normalized/alias/homepage evidence; no lookalikes either,,v20260906+55419ffd
supacode,,0.0,none,missing,no exact/normalized/alias/homepage evidence; no lookalikes either,,v20260906+55419ffd
supasidebar,,0.0,none,missing,no exact/normalized/alias/homepage evidence; no lookalikes either,,v20260906+55419ffd
supaterm,,0.0,none,missing,no exact/normalized/alias/homepage evidence; no lookalikes either,,v20260906+55419ffd
super,,0.0,none,needs-review,no exact/normalized/alias/homepage evidence; fuzzy suggestions listed for review,p5-super; superlu,v20260906+55419ffd
super-productivity,,0.0,none,missing,no exact/normalized/alias/homepage evidence; no lookalikes either,,v20260906+55419ffd
supercollider,,0.0,none,missing,no exact/normalized/alias/homepage evidence; no lookalikes either,,v20260906+55419ffd
superduper,,0.0,none,missing,no exact/normalized/alias/homepage evidence; no lookalikes either,,v20260906+55419ffd
superhuman,,0.0,none,missing,no exact/normalized/alias/homepage evidence; no lookalikes either,,v20260906+55419ffd
superkey,,0.0,none,needs-review,no exact/normalized/alias/homepage evidence; fuzzy suggestions listed for review,sparkey,v20260906+55419ffd
superlist,,0.0,none,needs-review,no exact/normalized/alias/homepage evidence; fuzzy suggestions listed for review,superlu_dist,v20260906+55419ffd
supermjograph,,0.0,none,missing,no exact/normalized/alias/homepage evidence; no lookalikes either,,v20260906+55419ffd
supernotes,,0.0,none,missing,no exact/normalized/alias/homepage evidence; no lookalikes either,,v20260906+55419ffd
superset,,0.0,none,missing,no exact/normalized/alias/homepage evidence; no lookalikes either,,v20260906+55419ffd
superslicer,,0.0,none,missing,no exact/normalized/alias/homepage evidence; no lookalikes either,,v20260906+55419ffd
supersync,,0.0,none,missing,no exact/normalized/alias/homepage evidence; no lookalikes either,,v20260906+55419ffd
supertuxkart,supertuxkart,1.0,exact,confident,name identical in both managers; homepages 'https://supertuxkart.net/Main_Page' vs 'https://supertuxkart.net/',,v20260906+55419ffd
superwhisper,,0.0,none,missing,no exact/normalized/alias/homepage evidence; no lookalikes either,,v20260906+55419ffd
support,,0.0,none,missing,no exact/normalized/alias/homepage evidence; no lookalikes either,,v20260906+55419ffd
supportcompanion,,0.0,none,missing,no exact/normalized/alias/homepage evidence; no lookalikes either,,v20260906+55419ffd
supremo,,0.0,none,missing,no exact/normalized/alias/homepage evidence; no lookalikes either,,v20260906+55419ffd
surfeasy-vpn,,0.0,none,missing,no exact/normalized/alias/homepage evidence; no lookalikes either,,v20260906+55419ffd
surfshark,,0.0,none,missing,no exact/normalized/alias/homepage evidence; no lookalikes either,,v20260906+55419ffd
surge,,0.0,none,missing,no exact/normalized/alias/homepage evidence; no lookalikes either,,v20260906+55419ffd
surge-synthesizer,,0.0,none,missing,no exact/normalized/alias/homepage evidence; no lookalikes either,,v20260906+55419ffd
surge-xt,,0.0,none,missing,no exact/normalized/alias/homepage evidence; no lookalikes either,,v20260906+55419ffd
surge@4,,0.0,none,missing,no exact/normalized/alias/homepage evidence; no lookalikes either,,v20260906+55419ffd
suspicious-package,,0.0,none,missing,no exact/normalized/alias/homepage evidence; no lookalikes either,,v20260906+55419ffd
suuntodm5,,0.0,none,missing,no exact/normalized/alias/homepage evidence; no lookalikes either,,v20260906+55419ffd
svp,,0.0,none,missing,no exact/normalized/alias/homepage evidence; no lookalikes either,,v20260906+55419ffd
swama,,0.0,none,needs-review,no exact/normalized/alias/homepage evidence; fuzzy suggestions listed for review,swarm,v20260906+55419ffd
sweet-home3d,,0.0,none,missing,no exact/normalized/alias/homepage evidence; no lookalikes either,,v20260906+55419ffd
swift-im,,0.0,none,missing,no exact/normalized/alias/homepage evidence; no lookalikes either,,v20260906+55419ffd
swift-publisher,,0.0,none,missing,no exact/normalized/alias/homepage evidence; no lookalikes either,,v20260906+55419ffd
swift-quit,,0.0,none,missing,no exact/normalized/alias/homepage evidence; no lookalikes either,,v20260906+55419ffd
swift-shift,,0.0,none,missing,no exact/normalized/alias/homepage evidence; no lookalikes either,,v20260906+55419ffd
swiftbar,,0.0,none,missing,no exact/normalized/alias/homepage evidence; no lookalikes either,,v20260906+55419ffd
swiftdefaultappsprefpane,,0.0,none,missing,no exact/normalized/alias/homepage evidence; no lookalikes either,,v20260906+55419ffd
swiftdialog,,0.0,none,missing,no exact/normalized/alias/homepage evidence; no lookalikes either,,v20260906+55419ffd
swiftformat-for-xcode,swiftformat,0.9,homepage,confident,same upstream 'https://github.com/nicklockwood/SwiftFormat' (desc overlap 0.22),,v20260906+55419ffd
swiftplantumlapp,,0.0,none,missing,no exact/normalized/alias/homepage evidence; no lookalikes either,,v20260906+55419ffd
swiftpm-catalog,,0.0,none,missing,no exact/normalized/alias/homepage evidence; no lookalikes either,,v20260906+55419ffd
swifty,,0.0,none,needs-review,no exact/normalized/alias/homepage evidence; fuzzy suggestions listed for review,sift,v20260906+55419ffd
swiftybeaver,,0.0,none,missing,no exact/normalized/alias/homepage evidence; no lookalikes either,,v20260906+55419ffd
swimat,,0.0,none,missing,no exact/normalized/alias/homepage evidence; no lookalikes either,,v20260906+55419ffd
swinsian,,0.0,none,missing,no exact/normalized/alias/homepage evidence; no lookalikes either,,v20260906+55419ffd
swish,,0.0,none,needs-review,no exact/normalized/alias/homepage evidence; fuzzy suggestions listed for review,swish-e; sawfish,v20260906+55419ffd
switch,,0.0,none,needs-review,no exact/normalized/alias/homepage evidence; fuzzy suggestions listed for review,p5-switch,v20260906+55419ffd
switchhosts,,0.0,none,missing,no exact/normalized/alias/homepage evidence; no lookalikes either,,v20260906+55419ffd
switchkey,,0.0,none,missing,no exact/normalized/alias/homepage evidence; no lookalikes either,,v20260906+55419ffd
switchresx,,0.0,none,missing,no exact/normalized/alias/homepage evidence; no lookalikes either,,v20260906+55419ffd
switchy,,0.0,none,needs-review,no exact/normalized/alias/homepage evidence; fuzzy suggestions listed for review,p5-switch,v20260906+55419ffd
sxitch,,0.0,none,missing,no exact/normalized/alias/homepage evidence; no lookalikes either,,v20260906+55419ffd
symboliclinker,,0.0,none,missing,no exact/normalized/alias/homepage evidence; no lookalikes either,,v20260906+55419ffd
synalyze-it-pro,,0.0,none,missing,no exact/normalized/alias/homepage evidence; no lookalikes either,,v20260906+55419ffd
sync,,0.0,none,needs-review,no exact/normalized/alias/homepage evidence; fuzzy suggestions listed for review,zsync; rsync; isync,v20260906+55419ffd
sync-my-l2p,,0.0,none,missing,no exact/normalized/alias/homepage evidence; no lookalikes either,,v20260906+55419ffd
syncalicious,,0.0,none,missing,no exact/normalized/alias/homepage evidence; no lookalikes either,,v20260906+55419ffd
syncmate,,0.0,none,missing,no exact/normalized/alias/homepage evidence; no lookalikes either,,v20260906+55419ffd
syncovery,,0.0,none,missing,no exact/normalized/alias/homepage evidence; no lookalikes either,,v20260906+55419ffd
syncplay,,0.0,none,missing,no exact/normalized/alias/homepage evidence; no lookalikes either,,v20260906+55419ffd
syncroom,,0.0,none,missing,no exact/normalized/alias/homepage evidence; no lookalikes either,,v20260906+55419ffd
syncterm,,0.0,none,missing,no exact/normalized/alias/homepage evidence; no lookalikes either,,v20260906+55419ffd
syncthing-app,syncthing,0.95,alias,confident,listed as alias/oldname of 'syncthing-app',,v20260906+55419ffd
synfigstudio,synfigstudio,1.0,exact,confident,name identical in both managers; homepages 'https://synfig.org/' vs 'https://www.synfig.org',,v20260906+55419ffd
synology-chat,,0.0,none,missing,no exact/normalized/alias/homepage evidence; no lookalikes either,,v20260906+55419ffd
synology-cloud-station-backup,,0.0,none,missing,no exact/normalized/alias/homepage evidence; no lookalikes either,,v20260906+55419ffd
synology-drive,,0.0,none,missing,no exact/normalized/alias/homepage evidence; no lookalikes either,,v20260906+55419ffd
synology-image-assistant,,0.0,none,missing,no exact/normalized/alias/homepage evidence; no lookalikes either,,v20260906+55419ffd
synology-note-station-client,,0.0,none,missing,no exact/normalized/alias/homepage evidence; no lookalikes either,,v20260906+55419ffd
synology-surveillance-station-client,,0.0,none,missing,no exact/normalized/alias/homepage evidence; no lookalikes either,,v20260906+55419ffd
synologyassistant,,0.0,none,missing,no exact/normalized/alias/homepage evidence; no lookalikes either,,v20260906+55419ffd
syntax-highlight,,0.0,none,needs-review,no exact/normalized/alias/homepage evidence; fuzzy suggestions listed for review,zsh-syntax-highlighting; p5-syntax-highlight-perl,v20260906+55419ffd
synthesia,,0.0,none,missing,no exact/normalized/alias/homepage evidence; no lookalikes either,,v20260906+55419ffd
sys-pc-tool,,0.0,none,missing,no exact/normalized/alias/homepage evidence; no lookalikes either,,v20260906+55419ffd
sysdig-inspect,,0.0,none,missing,no exact/normalized/alias/homepage evidence; no lookalikes either,,v20260906+55419ffd
sysex-librarian,,0.0,none,missing,no exact/normalized/alias/homepage evidence; no lookalikes either,,v20260906+55419ffd
systhist,,0.0,none,needs-review,no exact/normalized/alias/homepage evidence; same homepage 'https://eclecticlight.co/lockrattler-systhist/' as 'SilentKnight' but desc overlap only 0.04; no lookalikes either,,v20260906+55419ffd
t3-code,,0.0,none,missing,no exact/normalized/alias/homepage evidence; no lookalikes either,,v20260906+55419ffd
t3-code@nightly,,0.0,none,missing,no exact/normalized/alias/homepage evidence; no lookalikes either,,v20260906+55419ffd
tabby,,0.0,none,missing,no exact/normalized/alias/homepage evidence; no lookalikes either,,v20260906+55419ffd
table-tool,,0.0,none,needs-review,no exact/normalized/alias/homepage evidence; fuzzy suggestions listed for review,R-fabletools,v20260906+55419ffd
tableau,,0.0,none,needs-review,no exact/normalized/alias/homepage evidence; fuzzy suggestions listed for review,tablecat,v20260906+55419ffd
tableau-prep,,0.0,none,missing,no exact/normalized/alias/homepage evidence; no lookalikes either,,v20260906+55419ffd
tableau-public,,0.0,none,missing,no exact/normalized/alias/homepage evidence; no lookalikes either,,v20260906+55419ffd
tableau-reader,,0.0,none,missing,no exact/normalized/alias/homepage evidence; no lookalikes either,,v20260906+55419ffd
tablecruncher,,0.0,none,missing,no exact/normalized/alias/homepage evidence; no lookalikes either,,v20260906+55419ffd
tableflip,,0.0,none,missing,no exact/normalized/alias/homepage evidence; no lookalikes either,,v20260906+55419ffd
tablen,,0.0,none,needs-review,no exact/normalized/alias/homepage evidence; fuzzy suggestions listed for review,R-tableone,v20260906+55419ffd
tableplus,,0.0,none,missing,no exact/normalized/alias/homepage evidence; no lookalikes either,,v20260906+55419ffd
tablepro,,0.0,none,missing,no exact/normalized/alias/homepage evidence; no lookalikes either,,v20260906+55419ffd
tabtab,,0.0,none,missing,no exact/normalized/alias/homepage evidence; no lookalikes either,,v20260906+55419ffd
tabtopus,,0.0,none,missing,no exact/normalized/alias/homepage evidence; no lookalikes either,,v20260906+55419ffd
tabula,,0.0,none,needs-review,no exact/normalized/alias/homepage evidence; fuzzy suggestions listed for review,tabulate,v20260906+55419ffd
tabularis,,0.0,none,missing,no exact/normalized/alias/homepage evidence; no lookalikes either,,v20260906+55419ffd
taccy,,0.0,none,missing,no exact/normalized/alias/homepage evidence; no lookalikes either,,v20260906+55419ffd
tachidesk-sorayomi,,0.0,none,missing,no exact/normalized/alias/homepage evidence; no lookalikes either,,v20260906+55419ffd
tad,,0.0,none,missing,no exact/normalized/alias/homepage evidence; no lookalikes either,,v20260906+55419ffd
tag-app,tag,0.95,alias,confident,listed as alias/oldname of 'tag-app',,v20260906+55419ffd
tageditor,,0.0,none,missing,no exact/normalized/alias/homepage evidence; no lookalikes either,,v20260906+55419ffd
tagspaces,,0.0,none,missing,no exact/normalized/alias/homepage evidence; no lookalikes either,,v20260906+55419ffd
tailscale-app,tailscale,0.95,alias,confident,listed as alias/oldname of 'tailscale-app',,v20260906+55419ffd
tal-drum,,0.0,none,missing,no exact/normalized/alias/homepage evidence; no lookalikes either,,v20260906+55419ffd
tales-of-majeyal,,0.0,none,missing,no exact/normalized/alias/homepage evidence; no lookalikes either,,v20260906+55419ffd
talon,,0.0,none,needs-review,no exact/normalized/alias/homepage evidence; fuzzy suggestions listed for review,taplo,v20260906+55419ffd
tana,,0.0,none,needs-review,no exact/normalized/alias/homepage evidence; fuzzy suggestions listed for review,tanka; katana,v20260906+55419ffd
tandem,,0.0,none,missing,no exact/normalized/alias/homepage evidence; no lookalikes either,,v20260906+55419ffd
tangleguard-cli,,0.0,none,missing,no exact/normalized/alias/homepage evidence; no lookalikes either,,v20260906+55419ffd
taobao,,0.0,none,missing,no exact/normalized/alias/homepage evidence; no lookalikes either,,v20260906+55419ffd
tap-forms,,0.0,none,missing,no exact/normalized/alias/homepage evidence; no lookalikes either,,v20260906+55419ffd
taphouse,,0.0,none,missing,no exact/normalized/alias/homepage evidence; no lookalikes either,,v20260906+55419ffd
tartelet,,0.0,none,missing,no exact/normalized/alias/homepage evidence; no lookalikes either,,v20260906+55419ffd
taskade,,0.0,none,missing,no exact/normalized/alias/homepage evidence; no lookalikes either,,v20260906+55419ffd
taskbar,,0.0,none,missing,no exact/normalized/alias/homepage evidence; no lookalikes either,,v20260906+55419ffd
taskexplorer,,0.0,none,missing,no exact/normalized/alias/homepage evidence; no lookalikes either,,v20260906+55419ffd
taskpaper,,0.0,none,missing,no exact/normalized/alias/homepage evidence; no lookalikes either,,v20260906+55419ffd
taskwarrior-pomodoro,,0.0,none,missing,no exact/normalized/alias/homepage evidence; no lookalikes either,,v20260906+55419ffd
tastytrade,,0.0,none,missing,no exact/normalized/alias/homepage evidence; no lookalikes either,,v20260906+55419ffd
tau,,0.0,none,needs-review,no exact/normalized/alias/homepage evidence; fuzzy suggestions listed for review,R-tau,v20260906+55419ffd
tauritavern,,0.0,none,missing,no exact/normalized/alias/homepage evidence; no lookalikes either,,v20260906+55419ffd
tcp-viewer,,0.0,none,missing,no exact/normalized/alias/homepage evidence; no lookalikes either,,v20260906+55419ffd
td-agent,,0.0,none,needs-review,no exact/normalized/alias/homepage evidence; fuzzy suggestions listed for review,MMDAgent,v20260906+55419ffd
tdr-kotelnikov,,0.0,none,missing,no exact/normalized/alias/homepage evidence; no lookalikes either,,v20260906+55419ffd
tdr-molotok,,0.0,none,missing,no exact/normalized/alias/homepage evidence; no lookalikes either,,v20260906+55419ffd
tdr-nova,,0.0,none,missing,no exact/normalized/alias/homepage evidence; no lookalikes either,,v20260906+55419ffd
tdr-prism,,0.0,none,missing,no exact/normalized/alias/homepage evidence; no lookalikes either,,v20260906+55419ffd
tdr-vos-slickeq,,0.0,none,missing,no exact/normalized/alias/homepage evidence; no lookalikes either,,v20260906+55419ffd
teacode,,0.0,none,missing,no exact/normalized/alias/homepage evidence; no lookalikes either,,v20260906+55419ffd
teambition,,0.0,none,missing,no exact/normalized/alias/homepage evidence; no lookalikes either,,v20260906+55419ffd
teamspeak-client,,0.0,none,missing,no exact/normalized/alias/homepage evidence; no lookalikes either,,v20260906+55419ffd
teamspeak-client@beta,,0.0,none,missing,no exact/normalized/alias/homepage evidence; no lookalikes either,,v20260906+55419ffd
teamviewer,,0.0,none,missing,no exact/normalized/alias/homepage evidence; no lookalikes either,,v20260906+55419ffd
teamviewer-host,,0.0,none,missing,no exact/normalized/alias/homepage evidence; no lookalikes either,,v20260906+55419ffd
teamviewer-quickjoin,,0.0,none,missing,no exact/normalized/alias/homepage evidence; no lookalikes either,,v20260906+55419ffd
teamviewer-quicksupport,,0.0,none,missing,no exact/normalized/alias/homepage evidence; no lookalikes either,,v20260906+55419ffd
teamviewermeeting,,0.0,none,missing,no exact/normalized/alias/homepage evidence; no lookalikes either,,v20260906+55419ffd
techsmith-capture,,0.0,none,missing,no exact/normalized/alias/homepage evidence; no lookalikes either,,v20260906+55419ffd
teensy,,0.0,none,needs-review,no exact/normalized/alias/homepage evidence; fuzzy suggestions listed for review,tweeny,v20260906+55419ffd
teeworlds,,0.0,none,missing,no exact/normalized/alias/homepage evidence; no lookalikes either,,v20260906+55419ffd
telegram,,0.0,none,needs-review,no exact/normalized/alias/homepage evidence; fuzzy suggestions listed for review,telegraf,v20260906+55419ffd
telegram-a,,0.0,none,needs-review,no exact/normalized/alias/homepage evidence; fuzzy suggestions listed for review,telegraf,v20260906+55419ffd
telegram-desktop,,0.0,none,missing,no exact/normalized/alias/homepage evidence; no lookalikes either,,v20260906+55419ffd
telegram-desktop@beta,,0.0,none,missing,no exact/normalized/alias/homepage evidence; no lookalikes either,,v20260906+55419ffd
teleport-connect,,0.0,none,missing,no exact/normalized/alias/homepage evidence; no lookalikes either,,v20260906+55419ffd
teleport-suite,teleport,0.95,alias,confident,listed as alias/oldname of 'teleport-suite',,v20260906+55419ffd
teleport-suite@16,,0.0,none,missing,no exact/normalized/alias/homepage evidence; no lookalikes either,,v20260906+55419ffd
teleport-suite@17,,0.0,none,missing,no exact/normalized/alias/homepage evidence; no lookalikes either,,v20260906+55419ffd
tella,,0.0,none,needs-review,no exact/normalized/alias/homepage evidence; fuzzy suggestions listed for review,mutella; tecla,v20260906+55419ffd
tempbox,,0.0,none,needs-review,no exact/normalized/alias/homepage evidence; fuzzy suggestions listed for review,tempo,v20260906+55419ffd
temurin,openjdk26-temurin,0.9,homepage,confident,same upstream 'https://adoptium.net/' (desc overlap 0.16),,v20260906+55419ffd
temurin@11,,0.0,none,needs-review,"no exact/normalized/alias/homepage evidence; same homepage 'https://adoptium.net/' as 'openjdk26-temurin' but versions '11.0.32.1,1' vs '26.0.2.1'; no lookalikes either",,v20260906+55419ffd
temurin@17,,0.0,none,needs-review,"no exact/normalized/alias/homepage evidence; same homepage 'https://adoptium.net/' as 'openjdk26-temurin' but versions '17.0.20.1,1' vs '26.0.2.1'; no lookalikes either",,v20260906+55419ffd
temurin@19,,0.0,none,needs-review,"no exact/normalized/alias/homepage evidence; same homepage 'https://adoptium.net/' as 'openjdk26-temurin' but versions '19.0.2,7' vs '26.0.2.1'; no lookalikes either",,v20260906+55419ffd
temurin@20,,0.0,none,needs-review,"no exact/normalized/alias/homepage evidence; same homepage 'https://adoptium.net/' as 'openjdk26-temurin' but versions '20.0.2,9' vs '26.0.2.1'; no lookalikes either",,v20260906+55419ffd
temurin@21,,0.0,none,needs-review,"no exact/normalized/alias/homepage evidence; same homepage 'https://adoptium.net/' as 'openjdk26-temurin' but versions '21.0.12.1,1' vs '26.0.2.1'; no lookalikes either",,v20260906+55419ffd
temurin@25,openjdk25-temurin,0.9,homepage,confident,same upstream 'https://adoptium.net/' (desc overlap 0.15),,v20260906+55419ffd
temurin@8,,0.0,none,needs-review,"no exact/normalized/alias/homepage evidence; same homepage 'https://adoptium.net/' as 'openjdk26-temurin' but versions '8,504,01' vs '26.0.2.1'; no lookalikes either",,v20260906+55419ffd
tenable-nessus-agent,,0.0,none,missing,no exact/normalized/alias/homepage evidence; no lookalikes either,,v20260906+55419ffd
tencent-docs,,0.0,none,missing,no exact/normalized/alias/homepage evidence; no lookalikes either,,v20260906+55419ffd
tencent-lemon,,0.0,none,missing,no exact/normalized/alias/homepage evidence; no lookalikes either,,v20260906+55419ffd
tencent-meeting,,0.0,none,missing,no exact/normalized/alias/homepage evidence; no lookalikes either,,v20260906+55419ffd
tencent-ugit,,0.0,none,missing,no exact/normalized/alias/homepage evidence; no lookalikes either,,v20260906+55419ffd
tentacle-sync-studio,,0.0,none,missing,no exact/normalized/alias/homepage evidence; no lookalikes either,,v20260906+55419ffd
terax,,0.0,none,needs-review,no exact/normalized/alias/homepage evidence; fuzzy suggestions listed for review,terra,v20260906+55419ffd
terminal-browser,,0.0,none,missing,no exact/normalized/alias/homepage evidence; no lookalikes either,,v20260906+55419ffd
terminology,,0.0,none,missing,no exact/normalized/alias/homepage evidence; no lookalikes either,,v20260906+55419ffd
termius,,0.0,none,needs-review,no exact/normalized/alias/homepage evidence; fuzzy suggestions listed for review,termusic,v20260906+55419ffd
termius@beta,,0.0,none,missing,no exact/normalized/alias/homepage evidence; no lookalikes either,,v20260906+55419ffd
termora,,0.0,none,needs-review,no exact/normalized/alias/homepage evidence; fuzzy suggestions listed for review,terra; temporal,v20260906+55419ffd
testfully,,0.0,none,missing,no exact/normalized/alias/homepage evidence; no lookalikes either,,v20260906+55419ffd
tetrio,,0.0,none,needs-review,no exact/normalized/alias/homepage evidence; fuzzy suggestions listed for review,trio,v20260906+55419ffd
tev,,0.0,none,needs-review,no exact/normalized/alias/homepage evidence; fuzzy suggestions listed for review,tenv,v20260906+55419ffd
tex-live-utility,,0.0,none,missing,no exact/normalized/alias/homepage evidence; no lookalikes either,,v20260906+55419ffd
texifier,,0.0,none,missing,no exact/normalized/alias/homepage evidence; no lookalikes either,,v20260906+55419ffd
texmacs,TeXmacs,0.96,normalized,confident,'texmacs' ~ 'TeXmacs' after case/punctuation folding,,v20260906+55419ffd
texmaker,texmaker,1.0,exact,confident,name identical in both managers; homepages 'https://www.xm1math.net/texmaker/' vs 'https://www.xm1math.net/texmaker/',,v20260906+55419ffd
texshop,TeXShop,0.96,normalized,confident,'texshop' ~ 'TeXShop' after case/punctuation folding,,v20260906+55419ffd
texstudio,texstudio,1.0,exact,confident,name identical in both managers; homepages 'https://texstudio.org/' vs 'https://www.texstudio.org',,v20260906+55419ffd
textadept,,0.0,none,missing,no exact/normalized/alias/homepage evidence; no lookalikes either,,v20260906+55419ffd
textbar,,0.0,none,missing,no exact/normalized/alias/homepage evidence; no lookalikes either,,v20260906+55419ffd
textbuddy,,0.0,none,missing,no exact/normalized/alias/homepage evidence; no lookalikes either,,v20260906+55419ffd
textexpander,,0.0,none,missing,no exact/normalized/alias/homepage evidence; no lookalikes either,,v20260906+55419ffd
textgrabber2,,0.0,none,missing,no exact/normalized/alias/homepage evidence; no lookalikes either,,v20260906+55419ffd
textmate,,0.0,none,needs-review,no exact/normalized/alias/homepage evidence; fuzzy suggestions listed for review,textmate2,v20260906+55419ffd
textream,,0.0,none,missing,no exact/normalized/alias/homepage evidence; no lookalikes either,,v20260906+55419ffd
texts,,0.0,none,needs-review,no exact/normalized/alias/homepage evidence; fuzzy suggestions listed for review,itext,v20260906+55419ffd
textsniper,,0.0,none,needs-review,no exact/normalized/alias/homepage evidence; fuzzy suggestions listed for review,esniper,v20260906+55419ffd
textual,,0.0,none,needs-review,no exact/normalized/alias/homepage evidence; fuzzy suggestions listed for review,py-textual,v20260906+55419ffd
texturepacker,,0.0,none,missing,no exact/normalized/alias/homepage evidence; no lookalikes either,,v20260906+55419ffd
texworks,texworks,1.0,exact,confident,name identical in both managers; homepages 'https://www.tug.org/texworks/' vs 'https://github.com/TeXworks/texworks',,v20260906+55419ffd
tg-pro,,0.0,none,needs-review,no exact/normalized/alias/homepage evidence; fuzzy suggestions listed for review,t-prot,v20260906+55419ffd
thangs-sync,,0.0,none,missing,no exact/normalized/alias/homepage evidence; no lookalikes either,,v20260906+55419ffd
thaw,,0.0,none,missing,no exact/normalized/alias/homepage evidence; no lookalikes either,,v20260906+55419ffd
thaw@beta,,0.0,none,missing,no exact/normalized/alias/homepage evidence; no lookalikes either,,v20260906+55419ffd
the-archive,,0.0,none,missing,no exact/normalized/alias/homepage evidence; no lookalikes either,,v20260906+55419ffd
the-archive-browser,,0.0,none,missing,no exact/normalized/alias/homepage evidence; no lookalikes either,,v20260906+55419ffd
the-battle-for-wesnoth,wesnoth,0.95,alias,confident,listed as alias/oldname of 'the-battle-for-wesnoth',,v20260906+55419ffd
the-cheat,,0.0,none,needs-review,no exact/normalized/alias/homepage evidence; fuzzy suggestions listed for review,hexchat,v20260906+55419ffd
the-clock,,0.0,none,missing,no exact/normalized/alias/homepage evidence; no lookalikes either,,v20260906+55419ffd
the-unarchiver,,0.0,none,missing,no exact/normalized/alias/homepage evidence; no lookalikes either,,v20260906+55419ffd
the-unofficial-homestuck-collection,,0.0,none,missing,no exact/normalized/alias/homepage evidence; no lookalikes either,,v20260906+55419ffd
thebrain,,0.0,none,missing,no exact/normalized/alias/homepage evidence; no lookalikes either,,v20260906+55419ffd
thebrowsercompany-dia,,0.0,none,missing,no exact/normalized/alias/homepage evidence; no lookalikes either,,v20260906+55419ffd
thecommander,,0.0,none,missing,no exact/normalized/alias/homepage evidence; no lookalikes either,,v20260906+55419ffd
thedesk,,0.0,none,missing,no exact/normalized/alias/homepage evidence; no lookalikes either,,v20260906+55419ffd
theiaide,,0.0,none,missing,no exact/normalized/alias/homepage evidence; no lookalikes either,,v20260906+55419ffd
thelowtechguys-cling,,0.0,none,missing,no exact/normalized/alias/homepage evidence; no lookalikes either,,v20260906+55419ffd
themeengine,,0.0,none,missing,no exact/normalized/alias/homepage evidence; no lookalikes either,,v20260906+55419ffd
there,,0.0,none,needs-review,no exact/normalized/alias/homepage evidence; fuzzy suggestions listed for review,R-here,v20260906+55419ffd
therm,,0.0,none,needs-review,no exact/normalized/alias/homepage evidence; fuzzy suggestions listed for review,R-term; xterm; aterm,v20260906+55419ffd
thetimemachinemechanic,,0.0,none,missing,no exact/normalized/alias/homepage evidence; no lookalikes either,,v20260906+55419ffd
thingsmacsandboxhelper,,0.0,none,missing,no exact/normalized/alias/homepage evidence; no lookalikes either,,v20260906+55419ffd
thinkorswim,,0.0,none,missing,no exact/normalized/alias/homepage evidence; no lookalikes either,,v20260906+55419ffd
thinlinc-client,,0.0,none,missing,no exact/normalized/alias/homepage evidence; no lookalikes either,,v20260906+55419ffd
thonny,,0.0,none,missing,no exact/normalized/alias/homepage evidence; no lookalikes either,,v20260906+55419ffd
thor,,0.0,none,needs-review,no exact/normalized/alias/homepage evidence; fuzzy suggestions listed for review,R-thor; tor; rb-thor,v20260906+55419ffd
thorium,,0.0,none,missing,no exact/normalized/alias/homepage evidence; no lookalikes either,,v20260906+55419ffd
thoughtdag,,0.0,none,missing,no exact/normalized/alias/homepage evidence; no lookalikes either,,v20260906+55419ffd
threema,,0.0,none,missing,no exact/normalized/alias/homepage evidence; no lookalikes either,,v20260906+55419ffd
threema-work,,0.0,none,missing,no exact/normalized/alias/homepage evidence; no lookalikes either,,v20260906+55419ffd
threema-work@beta,,0.0,none,missing,no exact/normalized/alias/homepage evidence; no lookalikes either,,v20260906+55419ffd
threema@beta,,0.0,none,missing,no exact/normalized/alias/homepage evidence; no lookalikes either,,v20260906+55419ffd
ths,,0.0,none,missing,no exact/normalized/alias/homepage evidence; no lookalikes either,,v20260906+55419ffd
thumbhost3mf,,0.0,none,missing,no exact/normalized/alias/homepage evidence; no lookalikes either,,v20260906+55419ffd
thumbsup,,0.0,none,missing,no exact/normalized/alias/homepage evidence; no lookalikes either,,v20260906+55419ffd
thunder,,0.0,none,missing,no exact/normalized/alias/homepage evidence; no lookalikes either,,v20260906+55419ffd
thunderbird,,0.0,none,missing,no exact/normalized/alias/homepage evidence; no lookalikes either,,v20260906+55419ffd
thunderbird@beta,,0.0,none,missing,no exact/normalized/alias/homepage evidence; no lookalikes either,,v20260906+55419ffd
thunderbird@daily,,0.0,none,missing,no exact/normalized/alias/homepage evidence; no lookalikes either,,v20260906+55419ffd
thunderbird@esr,,0.0,none,missing,no exact/normalized/alias/homepage evidence; no lookalikes either,,v20260906+55419ffd
thyme,,0.0,none,needs-review,no exact/normalized/alias/homepage evidence; fuzzy suggestions listed for review,rhyme,v20260906+55419ffd
ti-connect-ce,,0.0,none,missing,no exact/normalized/alias/homepage evidence; no lookalikes either,,v20260906+55419ffd
ti-smartview-ce-for-the-ti-84-plus-family,,0.0,none,missing,no exact/normalized/alias/homepage evidence; no lookalikes either,,v20260906+55419ffd
tic80,,0.0,none,missing,no exact/normalized/alias/homepage evidence; no lookalikes either,,v20260906+55419ffd
tickernotch,,0.0,none,missing,no exact/normalized/alias/homepage evidence; no lookalikes either,,v20260906+55419ffd
tickeys,,0.0,none,missing,no exact/normalized/alias/homepage evidence; no lookalikes either,,v20260906+55419ffd
ticktick,,0.0,none,missing,no exact/normalized/alias/homepage evidence; no lookalikes either,,v20260906+55419ffd
tidal,,0.0,none,missing,no exact/normalized/alias/homepage evidence; no lookalikes either,,v20260906+55419ffd
tiddly,,0.0,none,needs-review,no exact/normalized/alias/homepage evidence; fuzzy suggestions listed for review,tidy,v20260906+55419ffd
tidelift,,0.0,none,missing,no exact/normalized/alias/homepage evidence; no lookalikes either,,v20260906+55419ffd
tidgi,,0.0,none,missing,no exact/normalized/alias/homepage evidence; no lookalikes either,,v20260906+55419ffd
tiger-trade,,0.0,none,missing,no exact/normalized/alias/homepage evidence; no lookalikes either,,v20260906+55419ffd
tigerjython,,0.0,none,missing,no exact/normalized/alias/homepage evidence; no lookalikes either,,v20260906+55419ffd
tigervnc,tigervnc,1.0,exact,confident,name identical in both managers; homepages 'https://tigervnc.org/' vs 'https://tigervnc.org',,v20260906+55419ffd
tight-studio,,0.0,none,missing,no exact/normalized/alias/homepage evidence; no lookalikes either,,v20260906+55419ffd
tikz-editor,,0.0,none,missing,no exact/normalized/alias/homepage evidence; no lookalikes either,,v20260906+55419ffd
tikzit,,0.0,none,needs-review,no exact/normalized/alias/homepage evidence; fuzzy suggestions listed for review,tiki,v20260906+55419ffd
tiled,tiled,1.0,exact,confident,name identical in both managers; homepages 'https://www.mapeditor.org/' vs 'http://www.mapeditor.org/',,v20260906+55419ffd
tiles,,0.0,none,needs-review,no exact/normalized/alias/homepage evidence; fuzzy suggestions listed for review,tilde; tiled,v20260906+55419ffd
timche-gmail-desktop,,0.0,none,missing,no exact/normalized/alias/homepage evidence; no lookalikes either,,v20260906+55419ffd
time-out,timeout,0.96,normalized,confident,'time-out' ~ 'timeout' after case/punctuation folding,,v20260906+55419ffd
time-sink,,0.0,none,missing,no exact/normalized/alias/homepage evidence; no lookalikes either,,v20260906+55419ffd
time-to-leave,,0.0,none,missing,no exact/normalized/alias/homepage evidence; no lookalikes either,,v20260906+55419ffd
time-tracker,,0.0,none,missing,no exact/normalized/alias/homepage evidence; no lookalikes either,,v20260906+55419ffd
timecamp,,0.0,none,missing,no exact/normalized/alias/homepage evidence; no lookalikes either,,v20260906+55419ffd
timelane,,0.0,none,missing,no exact/normalized/alias/homepage evidence; no lookalikes either,,v20260906+55419ffd
timelapze,,0.0,none,missing,no exact/normalized/alias/homepage evidence; no lookalikes either,,v20260906+55419ffd
timemachineeditor,,0.0,none,missing,no exact/normalized/alias/homepage evidence; no lookalikes either,,v20260906+55419ffd
timemachinestatus,,0.0,none,missing,no exact/normalized/alias/homepage evidence; no lookalikes either,,v20260906+55419ffd
timemator,,0.0,none,missing,no exact/normalized/alias/homepage evidence; no lookalikes either,,v20260906+55419ffd
timer,,1.0,curated,missing,brew=alarm-clock app (apimac.com); macports=sleep-with-progress (caarlos0),timer; utimer; ktimer,v20260906+55419ffd
timescribe,,0.0,none,missing,no exact/normalized/alias/homepage evidence; no lookalikes either,,v20260906+55419ffd
timeular,,0.0,none,missing,no exact/normalized/alias/homepage evidence; no lookalikes either,,v20260906+55419ffd
timing,,0.0,none,needs-review,no exact/normalized/alias/homepage evidence; fuzzy suggestions listed for review,timg; ming,v20260906+55419ffd
tinderbox,,0.0,none,missing,no exact/normalized/alias/homepage evidence; no lookalikes either,,v20260906+55419ffd
tinkerwell,,0.0,none,missing,no exact/normalized/alias/homepage evidence; no lookalikes either,,v20260906+55419ffd
tint,,0.0,none,needs-review,no exact/normalized/alias/homepage evidence; fuzzy suggestions listed for review,tin; tflint; ktlint,v20260906+55419ffd
tiny-player,,0.0,none,needs-review,no exact/normalized/alias/homepage evidence; fuzzy suggestions listed for review,get_iplayer,v20260906+55419ffd
tiny-shield,,0.0,none,missing,no exact/normalized/alias/homepage evidence; no lookalikes either,,v20260906+55419ffd
tinymediamanager,,0.0,none,missing,no exact/normalized/alias/homepage evidence; no lookalikes either,,v20260906+55419ffd
tinypng4mac,,0.0,none,missing,no exact/normalized/alias/homepage evidence; no lookalikes either,,v20260906+55419ffd
tip,,0.0,none,missing,no exact/normalized/alias/homepage evidence; no lookalikes either,,v20260906+55419ffd
tiptoi-manager,,0.0,none,missing,no exact/normalized/alias/homepage evidence; no lookalikes either,,v20260906+55419ffd
tla+-toolbox,,0.0,none,needs-review,no exact/normalized/alias/homepage evidence; fuzzy suggestions listed for review,lttoolbox,v20260906+55419ffd
tldraw,,0.0,none,missing,no exact/normalized/alias/homepage evidence; no lookalikes either,,v20260906+55419ffd
tlv,,0.0,none,needs-review,no exact/normalized/alias/homepage evidence; fuzzy suggestions listed for review,lv,v20260906+55419ffd
tm-error-logger,,0.0,none,missing,no exact/normalized/alias/homepage evidence; no lookalikes either,,v20260906+55419ffd
tmpdisk,,0.0,none,missing,no exact/normalized/alias/homepage evidence; no lookalikes either,,v20260906+55419ffd
tnefs-enough,,0.0,none,missing,no exact/normalized/alias/homepage evidence; no lookalikes either,,v20260906+55419ffd
tng-digital-mini-program-studio,,0.0,none,missing,no exact/normalized/alias/homepage evidence; no lookalikes either,,v20260906+55419ffd
to-audio-converter,,0.0,none,missing,no exact/normalized/alias/homepage evidence; no lookalikes either,,v20260906+55419ffd
todoist-app,,0.0,none,missing,no exact/normalized/alias/homepage evidence; no lookalikes either,,v20260906+55419ffd
todometer,,0.0,none,missing,no exact/normalized/alias/homepage evidence; no lookalikes either,,v20260906+55419ffd
todour,,0.0,none,missing,no exact/normalized/alias/homepage evidence; no lookalikes either,,v20260906+55419ffd
tofu,,0.0,none,missing,no exact/normalized/alias/homepage evidence; no lookalikes either,,v20260906+55419ffd
toinane-colorpicker,,0.0,none,missing,no exact/normalized/alias/homepage evidence; no lookalikes either,,v20260906+55419ffd
token-monitor,,0.0,none,missing,no exact/normalized/alias/homepage evidence; no lookalikes either,,v20260906+55419ffd
tolaria,,0.0,none,missing,no exact/normalized/alias/homepage evidence; no lookalikes either,,v20260906+55419ffd
tomatobar,,0.0,none,missing,no exact/normalized/alias/homepage evidence; no lookalikes either,,v20260906+55419ffd
tomighty,,0.0,none,missing,no exact/normalized/alias/homepage evidence; no lookalikes either,,v20260906+55419ffd
tone3000,,0.0,none,missing,no exact/normalized/alias/homepage evidence; no lookalikes either,,v20260906+55419ffd
toneprint,,0.0,none,missing,no exact/normalized/alias/homepage evidence; no lookalikes either,,v20260906+55419ffd
toolhive-studio,,0.0,none,missing,no exact/normalized/alias/homepage evidence; no lookalikes either,,v20260906+55419ffd
toolreleases,,0.0,none,missing,no exact/normalized/alias/homepage evidence; no lookalikes either,,v20260906+55419ffd
toontown-rewritten,,0.0,none,missing,no exact/normalized/alias/homepage evidence; no lookalikes either,,v20260906+55419ffd
topaz-gigapixel,,0.0,none,missing,no exact/normalized/alias/homepage evidence; no lookalikes either,,v20260906+55419ffd
topaz-gigapixel-ai,,0.0,none,missing,no exact/normalized/alias/homepage evidence; no lookalikes either,,v20260906+55419ffd
topaz-photo,,0.0,none,missing,no exact/normalized/alias/homepage evidence; no lookalikes either,,v20260906+55419ffd
topaz-photo-ai,,0.0,none,missing,no exact/normalized/alias/homepage evidence; no lookalikes either,,v20260906+55419ffd
topaz-video,,0.0,none,missing,no exact/normalized/alias/homepage evidence; no lookalikes either,,v20260906+55419ffd
topaz-video-ai,,0.0,none,missing,no exact/normalized/alias/homepage evidence; no lookalikes either,,v20260906+55419ffd
topcat,,0.0,none,needs-review,no exact/normalized/alias/homepage evidence; fuzzy suggestions listed for review,tophat; tcat,v20260906+55419ffd
topnotch,,0.0,none,missing,no exact/normalized/alias/homepage evidence; no lookalikes either,,v20260906+55419ffd
toptracker,,0.0,none,needs-review,no exact/normalized/alias/homepage evidence; fuzzy suggestions listed for review,tracker,v20260906+55419ffd
tor-browser,,0.0,none,needs-review,no exact/normalized/alias/homepage evidence; same homepage 'https://www.torproject.org/' as 'tor-devel' but desc overlap only 0.03; versions '15.0.21' vs '0.4.8.13'; no lookalikes either,,v20260906+55419ffd
tor-browser@alpha,,0.0,none,needs-review,no exact/normalized/alias/homepage evidence; same homepage 'https://www.torproject.org/' as 'tor-devel' but desc overlap only 0.03; versions '16.0a11' vs '0.4.8.13'; no lookalikes either,,v20260906+55419ffd
torguard,,0.0,none,missing,no exact/normalized/alias/homepage evidence; no lookalikes either,,v20260906+55419ffd
torrent-file-editor,,0.0,none,missing,no exact/normalized/alias/homepage evidence; no lookalikes either,,v20260906+55419ffd
tortoisehg,tortoisehg,1.0,exact,confident,name identical in both managers; homepages 'https://tortoisehg.bitbucket.io/' vs 'https://foss.heptapod.net/mercurial/tortoisehg/thg',,v20260906+55419ffd
toshiba-color-mfp,,0.0,none,missing,no exact/normalized/alias/homepage evidence; no lookalikes either,,v20260906+55419ffd
touch-portal,,0.0,none,missing,no exact/normalized/alias/homepage evidence; no lookalikes either,,v20260906+55419ffd
touchbarserver,,0.0,none,missing,no exact/normalized/alias/homepage evidence; no lookalikes either,,v20260906+55419ffd
touchdesigner,,0.0,none,missing,no exact/normalized/alias/homepage evidence; no lookalikes either,,v20260906+55419ffd
touchosc,,0.0,none,missing,no exact/normalized/alias/homepage evidence; no lookalikes either,,v20260906+55419ffd
touchosc-bridge,,0.0,none,missing,no exact/normalized/alias/homepage evidence; no lookalikes either,,v20260906+55419ffd
touchosc-editor,,0.0,none,missing,no exact/normalized/alias/homepage evidence; no lookalikes either,,v20260906+55419ffd
touchswitcher,,0.0,none,missing,no exact/normalized/alias/homepage evidence; no lookalikes either,,v20260906+55419ffd
tourbox-console,,0.0,none,missing,no exact/normalized/alias/homepage evidence; no lookalikes either,,v20260906+55419ffd
tower,,0.0,none,missing,no exact/normalized/alias/homepage evidence; no lookalikes either,,v20260906+55419ffd
townwifi,,0.0,none,missing,no exact/normalized/alias/homepage evidence; no lookalikes either,,v20260906+55419ffd
tpvirtual,,0.0,none,missing,no exact/normalized/alias/homepage evidence; no lookalikes either,,v20260906+55419ffd
tqsl,,0.0,none,missing,no exact/normalized/alias/homepage evidence; no lookalikes either,,v20260906+55419ffd
trackerzapper,,0.0,none,missing,no exact/normalized/alias/homepage evidence; no lookalikes either,,v20260906+55419ffd
trader-workstation,,0.0,none,missing,no exact/normalized/alias/homepage evidence; no lookalikes either,,v20260906+55419ffd
tradingview,,0.0,none,missing,no exact/normalized/alias/homepage evidence; no lookalikes either,,v20260906+55419ffd
trae,,0.0,none,needs-review,no exact/normalized/alias/homepage evidence; fuzzy suggestions listed for review,tre; dtrace,v20260906+55419ffd
trae-cn,,0.0,none,needs-review,no exact/normalized/alias/homepage evidence; fuzzy suggestions listed for review,t-rec; trac,v20260906+55419ffd
trailer,,0.0,none,missing,no exact/normalized/alias/homepage evidence; no lookalikes either,,v20260906+55419ffd
trainerroad,,0.0,none,missing,no exact/normalized/alias/homepage evidence; no lookalikes either,,v20260906+55419ffd
transcribe,,0.0,none,needs-review,no exact/normalized/alias/homepage evidence; fuzzy suggestions listed for review,R-scribe,v20260906+55419ffd
transcribex,,0.0,none,missing,no exact/normalized/alias/homepage evidence; no lookalikes either,,v20260906+55419ffd
transfer,,0.0,none,needs-review,no exact/normalized/alias/homepage evidence; fuzzy suggestions listed for review,abtransfers; py-s3transfer,v20260906+55419ffd
transmission,transmission,1.0,exact,confident,name identical in both managers; homepages 'https://transmissionbt.com/' vs 'https://transmissionbt.com',,v20260906+55419ffd
transmission-remote-gui,,0.0,none,missing,no exact/normalized/alias/homepage evidence; no lookalikes either,,v20260906+55419ffd
transmission@beta,,0.0,none,needs-review,no exact/normalized/alias/homepage evidence; same homepage 'https://transmissionbt.com/' as 'transmission-x11' but desc overlap only 0.12; fuzzy suggestions listed for review,transmission-qt; transmission,v20260906+55419ffd
transmission@nightly,,0.0,none,needs-review,"no exact/normalized/alias/homepage evidence; same homepage 'https://transmissionbt.com/' as 'transmission-x11' but desc overlap only 0.12; versions '10023,a3202cbe47' vs '4.0.6'; no lookalikes either",,v20260906+55419ffd
transmit,,0.0,none,missing,no exact/normalized/alias/homepage evidence; no lookalikes either,,v20260906+55419ffd
transnomino,,0.0,none,missing,no exact/normalized/alias/homepage evidence; no lookalikes either,,v20260906+55419ffd
transocks,,0.0,none,needs-review,no exact/normalized/alias/homepage evidence; fuzzy suggestions listed for review,torsocks; tsocks,v20260906+55419ffd
treesheets,treesheets,1.0,exact,confident,name identical in both managers; homepages 'https://strlen.com/treesheets/' vs 'https://strlen.com/treesheets',,v20260906+55419ffd
treeviewer,,0.0,none,missing,no exact/normalized/alias/homepage evidence; no lookalikes either,,v20260906+55419ffd
tresorit,,0.0,none,missing,no exact/normalized/alias/homepage evidence; no lookalikes either,,v20260906+55419ffd
trex,t-rex,0.96,normalized,confident,'trex' ~ 't-rex' after case/punctuation folding,,v20260906+55419ffd
trezor-bridge-app,,0.0,none,missing,no exact/normalized/alias/homepage evidence; no lookalikes either,,v20260906+55419ffd
trezor-suite,,0.0,none,missing,no exact/normalized/alias/homepage evidence; no lookalikes either,,v20260906+55419ffd
tribler,,0.0,none,missing,no exact/normalized/alias/homepage evidence; no lookalikes either,,v20260906+55419ffd
trickster,,0.0,none,needs-review,no exact/normalized/alias/homepage evidence; fuzzy suggestions listed for review,ticker,v20260906+55419ffd
triggerflo,,0.0,none,missing,no exact/normalized/alias/homepage evidence; no lookalikes either,,v20260906+55419ffd
trilium-notes,,0.0,none,missing,no exact/normalized/alias/homepage evidence; no lookalikes either,,v20260906+55419ffd
trim-enabler,,0.0,none,missing,no exact/normalized/alias/homepage evidence; no lookalikes either,,v20260906+55419ffd
trimmy,,0.0,none,missing,no exact/normalized/alias/homepage evidence; no lookalikes either,,v20260906+55419ffd
triplecheese,,0.0,none,missing,no exact/normalized/alias/homepage evidence; no lookalikes either,,v20260906+55419ffd
tripmode,,0.0,none,needs-review,no exact/normalized/alias/homepage evidence; fuzzy suggestions listed for review,R-simode,v20260906+55419ffd
tritium,,0.0,none,missing,no exact/normalized/alias/homepage evidence; no lookalikes either,,v20260906+55419ffd
trivial,,0.0,none,needs-review,no exact/normalized/alias/homepage evidence; fuzzy suggestions listed for review,cl-trivia,v20260906+55419ffd
trolcommander,,0.0,none,missing,no exact/normalized/alias/homepage evidence; no lookalikes either,,v20260906+55419ffd
tropy,,0.0,none,needs-review,no exact/normalized/alias/homepage evidence; fuzzy suggestions listed for review,entropy,v20260906+55419ffd
truetree,,0.0,none,needs-review,no exact/normalized/alias/homepage evidence; fuzzy suggestions listed for review,tre-tree,v20260906+55419ffd
truhu,,0.0,none,needs-review,no exact/normalized/alias/homepage evidence; fuzzy suggestions listed for review,R-truh,v20260906+55419ffd
trunk-io,,0.0,none,missing,no exact/normalized/alias/homepage evidence; no lookalikes either,,v20260906+55419ffd
tsh,,0.0,none,needs-review,no exact/normalized/alias/homepage evidence; fuzzy suggestions listed for review,tcsh; etsh; ts,v20260906+55419ffd
ttscoff-mmd-quicklook,,0.0,none,missing,no exact/normalized/alias/homepage evidence; no lookalikes either,,v20260906+55419ffd
tuck,,0.0,none,needs-review,no exact/normalized/alias/homepage evidence; fuzzy suggestions listed for review,tuc; tsduck,v20260906+55419ffd
tuist,tuist,1.0,exact,confident,name identical in both managers; homepages 'https://tuist.io/' vs 'https://github.com/tuist/tuist',,v20260906+55419ffd
tuna,,0.0,none,needs-review,no exact/normalized/alias/homepage evidence; fuzzy suggestions listed for review,Thunar,v20260906+55419ffd
tunarr,,0.0,none,needs-review,no exact/normalized/alias/homepage evidence; fuzzy suggestions listed for review,Thunar; unar,v20260906+55419ffd
tunein,,0.0,none,missing,no exact/normalized/alias/homepage evidence; no lookalikes either,,v20260906+55419ffd
tuneinstructor,,0.0,none,missing,no exact/normalized/alias/homepage evidence; no lookalikes either,,v20260906+55419ffd
tunetag,,0.0,none,missing,no exact/normalized/alias/homepage evidence; no lookalikes either,,v20260906+55419ffd
tunnelbear,,0.0,none,missing,no exact/normalized/alias/homepage evidence; no lookalikes either,,v20260906+55419ffd
tunnelblick,,0.0,none,missing,no exact/normalized/alias/homepage evidence; no lookalikes either,,v20260906+55419ffd
tunnelblick@beta,,0.0,none,missing,no exact/normalized/alias/homepage evidence; no lookalikes either,,v20260906+55419ffd
tuple,,0.0,none,missing,no exact/normalized/alias/homepage evidence; no lookalikes either,,v20260906+55419ffd
turbo-boost-switcher,,0.0,none,missing,no exact/normalized/alias/homepage evidence; no lookalikes either,,v20260906+55419ffd
turbotax-2024,,0.0,none,missing,no exact/normalized/alias/homepage evidence; no lookalikes either,,v20260906+55419ffd
turbovnc-viewer,turbovnc-viewer,1.0,exact,confident,name identical in both managers; homepages 'https://www.turbovnc.org/' vs 'https://github.com/TurboVNC/turbovnc',,v20260906+55419ffd
turtl,,0.0,none,needs-review,no exact/normalized/alias/homepage evidence; fuzzy suggestions listed for review,kturtle,v20260906+55419ffd
tuta-mail,,0.0,none,needs-review,no exact/normalized/alias/homepage evidence; fuzzy suggestions listed for review,putmail,v20260906+55419ffd
tuxera-ntfs,,0.0,none,missing,no exact/normalized/alias/homepage evidence; no lookalikes either,,v20260906+55419ffd
tuxguitar,,0.0,none,missing,no exact/normalized/alias/homepage evidence; no lookalikes either,,v20260906+55419ffd
tv-browser,,0.0,none,needs-review,no exact/normalized/alias/homepage evidence; fuzzy suggestions listed for review,qutebrowser; litebrowser,v20260906+55419ffd
tvrenamer,,0.0,none,needs-review,no exact/normalized/alias/homepage evidence; fuzzy suggestions listed for review,rename,v20260906+55419ffd
twake,,0.0,none,missing,no exact/normalized/alias/homepage evidence; no lookalikes either,,v20260906+55419ffd
twelite-stage,,0.0,none,missing,no exact/normalized/alias/homepage evidence; no lookalikes either,,v20260906+55419ffd
twine-app,twine,0.95,alias,confident,listed as alias/oldname of 'twine-app',,v20260906+55419ffd
twingate,,0.0,none,missing,no exact/normalized/alias/homepage evidence; no lookalikes either,,v20260906+55419ffd
twist,,0.0,none,needs-review,no exact/normalized/alias/homepage evidence; fuzzy suggestions listed for review,tuist,v20260906+55419ffd
twobird,,0.0,none,missing,no exact/normalized/alias/homepage evidence; no lookalikes either,,v20260906+55419ffd
twonkyserver,,0.0,none,missing,no exact/normalized/alias/homepage evidence; no lookalikes either,,v20260906+55419ffd
tyke,,0.0,none,missing,no exact/normalized/alias/homepage evidence; no lookalikes either,,v20260906+55419ffd
tyme,,0.0,none,missing,no exact/normalized/alias/homepage evidence; no lookalikes either,,v20260906+55419ffd
typeface,,0.0,none,missing,no exact/normalized/alias/homepage evidence; no lookalikes either,,v20260906+55419ffd
typefully,,0.0,none,missing,no exact/normalized/alias/homepage evidence; no lookalikes either,,v20260906+55419ffd
typeit4me,,0.0,none,missing,no exact/normalized/alias/homepage evidence; no lookalikes either,,v20260906+55419ffd
typeless,,0.0,none,missing,no exact/normalized/alias/homepage evidence; no lookalikes either,,v20260906+55419ffd
typewhisper,,0.0,none,missing,no exact/normalized/alias/homepage evidence; no lookalikes either,,v20260906+55419ffd
typinator,,0.0,none,missing,no exact/normalized/alias/homepage evidence; no lookalikes either,,v20260906+55419ffd
typora,,0.0,none,needs-review,no exact/normalized/alias/homepage evidence; fuzzy suggestions listed for review,TOra,v20260906+55419ffd
typora@dev,,0.0,none,missing,no exact/normalized/alias/homepage evidence; no lookalikes either,,v20260906+55419ffd
tysimulator,,0.0,none,missing,no exact/normalized/alias/homepage evidence; no lookalikes either,,v20260906+55419ffd
ua-connect,,0.0,none,missing,no exact/normalized/alias/homepage evidence; no lookalikes either,,v20260906+55419ffd
ua-midi-control,,0.0,none,missing,no exact/normalized/alias/homepage evidence; no lookalikes either,,v20260906+55419ffd
ubar,,0.0,none,missing,no exact/normalized/alias/homepage evidence; no lookalikes either,,v20260906+55419ffd
ubersicht,,0.0,none,missing,no exact/normalized/alias/homepage evidence; no lookalikes either,,v20260906+55419ffd
ubiquiti-unifi-controller,,0.0,none,missing,no exact/normalized/alias/homepage evidence; no lookalikes either,,v20260906+55419ffd
ubports-installer,,0.0,none,missing,no exact/normalized/alias/homepage evidence; no lookalikes either,,v20260906+55419ffd
udig,,0.0,none,missing,no exact/normalized/alias/homepage evidence; no lookalikes either,,v20260906+55419ffd
uefitool,uefitool,1.0,exact,confident,name identical in both managers; homepages 'https://github.com/LongSoft/UEFITool' vs 'https://github.com/LongSoft/UEFITool',,v20260906+55419ffd
ueli,,0.0,none,missing,no exact/normalized/alias/homepage evidence; no lookalikes either,,v20260906+55419ffd
ugg,,0.0,none,missing,no exact/normalized/alias/homepage evidence; no lookalikes either,,v20260906+55419ffd
uhk-agent,,0.0,none,missing,no exact/normalized/alias/homepage evidence; no lookalikes either,,v20260906+55419ffd
ui-tars,,0.0,none,missing,no exact/normalized/alias/homepage evidence; no lookalikes either,,v20260906+55419ffd
ukelele,,0.0,none,missing,no exact/normalized/alias/homepage evidence; no lookalikes either,,v20260906+55419ffd
ukrainian-typographic-keyboard,,0.0,none,missing,no exact/normalized/alias/homepage evidence; no lookalikes either,,v20260906+55419ffd
ukrainian-unicode-layout,,0.0,none,missing,no exact/normalized/alias/homepage evidence; no lookalikes either,,v20260906+55419ffd
ulaa,,0.0,none,missing,no exact/normalized/alias/homepage evidence; no lookalikes either,,v20260906+55419ffd
ulbow,,0.0,none,missing,no exact/normalized/alias/homepage evidence; no lookalikes either,,v20260906+55419ffd
ultdata,,0.0,none,missing,no exact/normalized/alias/homepage evidence; no lookalikes either,,v20260906+55419ffd
ultimaker-cura,,0.0,none,missing,no exact/normalized/alias/homepage evidence; no lookalikes either,,v20260906+55419ffd
ultimate,,0.0,none,missing,no exact/normalized/alias/homepage evidence; no lookalikes either,,v20260906+55419ffd
ultimate-control,,0.0,none,missing,no exact/normalized/alias/homepage evidence; no lookalikes either,,v20260906+55419ffd
ultimate-vocal-remover,,0.0,none,missing,no exact/normalized/alias/homepage evidence; no lookalikes either,,v20260906+55419ffd
ultrastardeluxe,,0.0,none,missing,no exact/normalized/alias/homepage evidence; no lookalikes either,,v20260906+55419ffd
unblocked,,0.0,none,missing,no exact/normalized/alias/homepage evidence; no lookalikes either,,v20260906+55419ffd
unclack,,0.0,none,needs-review,no exact/normalized/alias/homepage evidence; fuzzy suggestions listed for review,sunclock,v20260906+55419ffd
unclutter,unclutter,1.0,exact,confident,name identical in both managers; homepages 'https://unclutterapp.com/' vs 'http://www.ibiblio.org/pub/X11/contrib/utilities/',,v20260906+55419ffd
uncolored,,0.0,none,missing,no exact/normalized/alias/homepage evidence; no lookalikes either,,v20260906+55419ffd
uncrustifyx,,0.0,none,needs-review,no exact/normalized/alias/homepage evidence; fuzzy suggestions listed for review,uncrustify,v20260906+55419ffd
understand,,0.0,none,missing,no exact/normalized/alias/homepage evidence; no lookalikes either,,v20260906+55419ffd
unetbootin,,0.0,none,missing,no exact/normalized/alias/homepage evidence; no lookalikes either,,v20260906+55419ffd
unexpectedly,,0.0,none,missing,no exact/normalized/alias/homepage evidence; no lookalikes either,,v20260906+55419ffd
ungoogled-chromium,,0.0,none,missing,no exact/normalized/alias/homepage evidence; no lookalikes either,,v20260906+55419ffd
uniclipboard,,0.0,none,needs-review,no exact/normalized/alias/homepage evidence; fuzzy suggestions listed for review,xclipboard,v20260906+55419ffd
unicodechecker,,0.0,none,missing,no exact/normalized/alias/homepage evidence; no lookalikes either,,v20260906+55419ffd
unifi-identity-endpoint,,0.0,none,missing,no exact/normalized/alias/homepage evidence; no lookalikes either,,v20260906+55419ffd
unifi-identity-enterprise,,0.0,none,missing,no exact/normalized/alias/homepage evidence; no lookalikes either,,v20260906+55419ffd
unified-remote,,0.0,none,missing,no exact/normalized/alias/homepage evidence; no lookalikes either,,v20260906+55419ffd
uniflash,,0.0,none,missing,no exact/normalized/alias/homepage evidence; no lookalikes either,,v20260906+55419ffd
uninstallpkg,,0.0,none,missing,no exact/normalized/alias/homepage evidence; no lookalikes either,,v20260906+55419ffd
unipro-ugene,,0.0,none,missing,no exact/normalized/alias/homepage evidence; no lookalikes either,,v20260906+55419ffd
unison-app,unison,0.95,alias,confident,listed as alias/oldname of 'unison-app',,v20260906+55419ffd
unite,,0.0,none,needs-review,no exact/normalized/alias/homepage evidence; fuzzy suggestions listed for review,runit; junit; cunit,v20260906+55419ffd
unite-phone,,0.0,none,missing,no exact/normalized/alias/homepage evidence; no lookalikes either,,v20260906+55419ffd
unity,,0.0,none,needs-review,no exact/normalized/alias/homepage evidence; fuzzy suggestions listed for review,runit; junit; cunit,v20260906+55419ffd
unity-android-support-for-editor,,0.0,none,missing,no exact/normalized/alias/homepage evidence; no lookalikes either,,v20260906+55419ffd
unity-cli,,0.0,none,missing,no exact/normalized/alias/homepage evidence; no lookalikes either,,v20260906+55419ffd
unity-hub,,0.0,none,missing,no exact/normalized/alias/homepage evidence; no lookalikes either,,v20260906+55419ffd
unity-hub@beta,,0.0,none,missing,no exact/normalized/alias/homepage evidence; no lookalikes either,,v20260906+55419ffd
unity-ios-support-for-editor,,0.0,none,missing,no exact/normalized/alias/homepage evidence; no lookalikes either,,v20260906+55419ffd
unity-webgl-support-for-editor,,0.0,none,missing,no exact/normalized/alias/homepage evidence; no lookalikes either,,v20260906+55419ffd
unity-windows-support-for-editor,,0.0,none,missing,no exact/normalized/alias/homepage evidence; no lookalikes either,,v20260906+55419ffd
universal-android-debloater,,0.0,none,missing,no exact/normalized/alias/homepage evidence; no lookalikes either,,v20260906+55419ffd
universal-gcode-platform,,0.0,none,missing,no exact/normalized/alias/homepage evidence; no lookalikes either,,v20260906+55419ffd
universal-media-server,,0.0,none,missing,no exact/normalized/alias/homepage evidence; no lookalikes either,,v20260906+55419ffd
unlox,,0.0,none,missing,no exact/normalized/alias/homepage evidence; no lookalikes either,,v20260906+55419ffd
unnaturalscrollwheels,,0.0,none,missing,no exact/normalized/alias/homepage evidence; no lookalikes either,,v20260906+55419ffd
unpkg,,0.0,none,missing,no exact/normalized/alias/homepage evidence; no lookalikes either,,v20260906+55419ffd
unraid-usb-creator,,0.0,none,missing,no exact/normalized/alias/homepage evidence; no lookalikes either,,v20260906+55419ffd
unshaky,,0.0,none,missing,no exact/normalized/alias/homepage evidence; no lookalikes either,,v20260906+55419ffd
unsloth,,0.0,none,needs-review,no exact/normalized/alias/homepage evidence; fuzzy suggestions listed for review,sloth,v20260906+55419ffd
updatest,,0.0,none,missing,no exact/normalized/alias/homepage evidence; no lookalikes either,,v20260906+55419ffd
updf,,0.0,none,needs-review,no exact/normalized/alias/homepage evidence; fuzzy suggestions listed for review,mupdf,v20260906+55419ffd
upscayl,,0.0,none,needs-review,no exact/normalized/alias/homepage evidence; fuzzy suggestions listed for review,pscal,v20260906+55419ffd
usage-app,,0.0,none,missing,no exact/normalized/alias/homepage evidence; no lookalikes either,,v20260906+55419ffd
usb-overdrive,,0.0,none,missing,no exact/normalized/alias/homepage evidence; no lookalikes either,,v20260906+55419ffd
usbimager,,0.0,none,needs-review,no exact/normalized/alias/homepage evidence; fuzzy suggestions listed for review,imager; simage,v20260906+55419ffd
usenapp,,0.0,none,missing,no exact/normalized/alias/homepage evidence; no lookalikes either,,v20260906+55419ffd
usmart-trade,,0.0,none,missing,no exact/normalized/alias/homepage evidence; no lookalikes either,,v20260906+55419ffd
usr-sse2-rdm,,0.0,none,missing,no exact/normalized/alias/homepage evidence; no lookalikes either,,v20260906+55419ffd
utc-menu-clock,,0.0,none,missing,no exact/normalized/alias/homepage evidence; no lookalikes either,,v20260906+55419ffd
utm,,0.0,none,missing,no exact/normalized/alias/homepage evidence; no lookalikes either,,v20260906+55419ffd
utm@beta,,0.0,none,missing,no exact/normalized/alias/homepage evidence; no lookalikes either,,v20260906+55419ffd
utools,,0.0,none,needs-review,no exact/normalized/alias/homepage evidence; fuzzy suggestions listed for review,cuetools; funtools; mtools,v20260906+55419ffd
utterly,,0.0,none,missing,no exact/normalized/alias/homepage evidence; no lookalikes either,,v20260906+55419ffd
uu-booster,,0.0,none,missing,no exact/normalized/alias/homepage evidence; no lookalikes either,,v20260906+55419ffd
uuremote,,0.0,none,missing,no exact/normalized/alias/homepage evidence; no lookalikes either,,v20260906+55419ffd
uvtools,,0.0,none,needs-review,no exact/normalized/alias/homepage evidence; fuzzy suggestions listed for review,ivtools; R-cvTools; cuetools,v20260906+55419ffd
v2ray-unofficial,,0.0,none,missing,no exact/normalized/alias/homepage evidence; no lookalikes either,,v20260906+55419ffd
v2rayu,,0.0,none,needs-review,no exact/normalized/alias/homepage evidence; fuzzy suggestions listed for review,v2ray,v20260906+55419ffd
vagrant,,0.0,none,missing,no exact/normalized/alias/homepage evidence; no lookalikes either,,v20260906+55419ffd
vagrant-manager,,0.0,none,needs-review,no exact/normalized/alias/homepage evidence; fuzzy suggestions listed for review,virt-manager,v20260906+55419ffd
vagrant-vmware-utility,,0.0,none,missing,no exact/normalized/alias/homepage evidence; no lookalikes either,,v20260906+55419ffd
valentina-studio,,0.0,none,missing,no exact/normalized/alias/homepage evidence; no lookalikes either,,v20260906+55419ffd
valhalla-freq-echo,,0.0,none,missing,no exact/normalized/alias/homepage evidence; no lookalikes either,,v20260906+55419ffd
valhalla-space-modulator,,0.0,none,missing,no exact/normalized/alias/homepage evidence; no lookalikes either,,v20260906+55419ffd
valhalla-supermassive,,0.0,none,missing,no exact/normalized/alias/homepage evidence; no lookalikes either,,v20260906+55419ffd
valkey-admin,,0.0,none,missing,no exact/normalized/alias/homepage evidence; no lookalikes either,,v20260906+55419ffd
valkyrie,,0.0,none,missing,no exact/normalized/alias/homepage evidence; no lookalikes either,,v20260906+55419ffd
valley,,0.0,none,needs-review,no exact/normalized/alias/homepage evidence; fuzzy suggestions listed for review,valkey; vale,v20260906+55419ffd
vallum,,0.0,none,missing,no exact/normalized/alias/homepage evidence; no lookalikes either,,v20260906+55419ffd
vamiga,,0.0,none,missing,no exact/normalized/alias/homepage evidence; no lookalikes either,,v20260906+55419ffd
vanilla,,0.0,none,missing,no exact/normalized/alias/homepage evidence; no lookalikes either,,v20260906+55419ffd
vapor-app,vapor,0.95,alias,confident,listed as alias/oldname of 'vapor-app',,v20260906+55419ffd
vassal,,0.0,none,missing,no exact/normalized/alias/homepage evidence; no lookalikes either,,v20260906+55419ffd
vb-cable,,0.0,none,missing,no exact/normalized/alias/homepage evidence; no lookalikes either,,v20260906+55419ffd
vbrokers,,0.0,none,missing,no exact/normalized/alias/homepage evidence; no lookalikes either,,v20260906+55419ffd
vcam,,0.0,none,missing,no exact/normalized/alias/homepage evidence; no lookalikes either,,v20260906+55419ffd
vcamapp,,0.0,none,missing,no exact/normalized/alias/homepage evidence; no lookalikes either,,v20260906+55419ffd
vcmi,,0.0,none,missing,no exact/normalized/alias/homepage evidence; no lookalikes either,,v20260906+55419ffd
vcv-rack,vcvrack,0.96,normalized,confident,'vcv-rack' ~ 'vcvrack' after case/punctuation folding,,v20260906+55419ffd
ved,,0.0,none,needs-review,no exact/normalized/alias/homepage evidence; fuzzy suggestions listed for review,mved; ed,v20260906+55419ffd
veepn,,0.0,none,missing,no exact/normalized/alias/homepage evidence; no lookalikes either,,v20260906+55419ffd
vellum,,0.0,none,missing,no exact/normalized/alias/homepage evidence; no lookalikes either,,v20260906+55419ffd
veracrypt,VeraCrypt,0.96,normalized,confident,'veracrypt' ~ 'VeraCrypt' after case/punctuation folding,,v20260906+55419ffd
veracrypt-fuse-t,VeraCrypt,0.9,homepage,confident,same upstream 'https://www.veracrypt.fr/' (desc overlap 0.30),,v20260906+55419ffd
vernier-graphical-analysis,,0.0,none,missing,no exact/normalized/alias/homepage evidence; no lookalikes either,,v20260906+55419ffd
vernier-spectral-analysis,,0.0,none,missing,no exact/normalized/alias/homepage evidence; no lookalikes either,,v20260906+55419ffd
vero,,0.0,none,missing,no exact/normalized/alias/homepage evidence; no lookalikes either,,v20260906+55419ffd
versatility,,0.0,none,missing,no exact/normalized/alias/homepage evidence; no lookalikes either,,v20260906+55419ffd
versions,,0.0,none,needs-review,no exact/normalized/alias/homepage evidence; fuzzy suggestions listed for review,R-rversions; p5-version,v20260906+55419ffd
vertcoin-core,,0.0,none,missing,no exact/normalized/alias/homepage evidence; no lookalikes either,,v20260906+55419ffd
vesktop,,0.0,none,needs-review,no exact/normalized/alias/homepage evidence; fuzzy suggestions listed for review,rdesktop,v20260906+55419ffd
vesta,,0.0,none,missing,no exact/normalized/alias/homepage evidence; no lookalikes either,,v20260906+55419ffd
veusz,,0.0,none,missing,no exact/normalized/alias/homepage evidence; no lookalikes either,,v20260906+55419ffd
vezer,,0.0,none,missing,no exact/normalized/alias/homepage evidence; no lookalikes either,,v20260906+55419ffd
via,,0.0,none,needs-review,no exact/normalized/alias/homepage evidence; fuzzy suggestions listed for review,R-via,v20260906+55419ffd
viable,,0.0,none,needs-review,no exact/normalized/alias/homepage evidence; fuzzy suggestions listed for review,vitables; vile,v20260906+55419ffd
viables,,0.0,none,needs-review,no exact/normalized/alias/homepage evidence; fuzzy suggestions listed for review,vitables; VIBES; R-variables,v20260906+55419ffd
vial,,0.0,none,missing,no exact/normalized/alias/homepage evidence; no lookalikes either,,v20260906+55419ffd
vibe-island,,0.0,none,missing,no exact/normalized/alias/homepage evidence; no lookalikes either,,v20260906+55419ffd
vibe-notch,,0.0,none,missing,no exact/normalized/alias/homepage evidence; no lookalikes either,,v20260906+55419ffd
vibemeter,,0.0,none,missing,no exact/normalized/alias/homepage evidence; no lookalikes either,,v20260906+55419ffd
vibeproxy,,0.0,none,needs-review,no exact/normalized/alias/homepage evidence; fuzzy suggestions listed for review,libproxy; libepoxy,v20260906+55419ffd
viber,,0.0,none,needs-review,no exact/normalized/alias/homepage evidence; fuzzy suggestions listed for review,VIBES,v20260906+55419ffd
vibetunnel,,0.0,none,missing,no exact/normalized/alias/homepage evidence; no lookalikes either,,v20260906+55419ffd
vicinae,,0.0,none,missing,no exact/normalized/alias/homepage evidence; no lookalikes either,,v20260906+55419ffd
vidcutter,,0.0,none,needs-review,no exact/normalized/alias/homepage evidence; fuzzy suggestions listed for review,cutter,v20260906+55419ffd
videoduke,,0.0,none,missing,no exact/normalized/alias/homepage evidence; no lookalikes either,,v20260906+55419ffd
videofusion,,0.0,none,missing,no exact/normalized/alias/homepage evidence; no lookalikes either,,v20260906+55419ffd
vidl,,0.0,none,missing,no exact/normalized/alias/homepage evidence; no lookalikes either,,v20260906+55419ffd
vieb,,0.0,none,missing,no exact/normalized/alias/homepage evidence; no lookalikes either,,v20260906+55419ffd
vienna,,0.0,none,needs-review,no exact/normalized/alias/homepage evidence; fuzzy suggestions listed for review,viennacl; ViennaRNA,v20260906+55419ffd
vienna-assistant,,0.0,none,missing,no exact/normalized/alias/homepage evidence; no lookalikes either,,v20260906+55419ffd
vimcal,,0.0,none,missing,no exact/normalized/alias/homepage evidence; no lookalikes either,,v20260906+55419ffd
vimediamanager,,0.0,none,missing,no exact/normalized/alias/homepage evidence; no lookalikes either,,v20260906+55419ffd
vimr,,0.0,none,needs-review,no exact/normalized/alias/homepage evidence; fuzzy suggestions listed for review,vim,v20260906+55419ffd
vimy,,0.0,none,needs-review,no exact/normalized/alias/homepage evidence; fuzzy suggestions listed for review,vim,v20260906+55419ffd
vincelwt-chatgpt,,0.0,none,missing,no exact/normalized/alias/homepage evidence; no lookalikes either,,v20260906+55419ffd
vine-server,vineserver,0.96,normalized,confident,'vine-server' ~ 'vineserver' after case/punctuation folding,,v20260906+55419ffd
vip-access,,0.0,none,needs-review,no exact/normalized/alias/homepage evidence; fuzzy suggestions listed for review,py-access,v20260906+55419ffd
virtual-desktop-streamer,,0.0,none,missing,no exact/normalized/alias/homepage evidence; no lookalikes either,,v20260906+55419ffd
virtual-ii,,0.0,none,missing,no exact/normalized/alias/homepage evidence; no lookalikes either,,v20260906+55419ffd
virtualbox,,0.0,none,missing,no exact/normalized/alias/homepage evidence; no lookalikes either,,v20260906+55419ffd
virtualbox@6,,0.0,none,missing,no exact/normalized/alias/homepage evidence; no lookalikes either,,v20260906+55419ffd
virtualbox@beta,,0.0,none,missing,no exact/normalized/alias/homepage evidence; no lookalikes either,,v20260906+55419ffd
virtualbuddy,,0.0,none,missing,no exact/normalized/alias/homepage evidence; no lookalikes either,,v20260906+55419ffd
virtualbuddy@beta,,0.0,none,missing,no exact/normalized/alias/homepage evidence; no lookalikes either,,v20260906+55419ffd
virtualc64,,0.0,none,missing,no exact/normalized/alias/homepage evidence; no lookalikes either,,v20260906+55419ffd
virtualdj,,0.0,none,missing,no exact/normalized/alias/homepage evidence; no lookalikes either,,v20260906+55419ffd
virtualgl,,0.0,none,missing,no exact/normalized/alias/homepage evidence; no lookalikes either,,v20260906+55419ffd
virtualhere,,0.0,none,missing,no exact/normalized/alias/homepage evidence; no lookalikes either,,v20260906+55419ffd
virtualhereserver,,0.0,none,missing,no exact/normalized/alias/homepage evidence; no lookalikes either,,v20260906+55419ffd
virtualhostx,,0.0,none,missing,no exact/normalized/alias/homepage evidence; no lookalikes either,,v20260906+55419ffd
viscosity,,0.0,none,missing,no exact/normalized/alias/homepage evidence; no lookalikes either,,v20260906+55419ffd
visit,,0.0,none,missing,no exact/normalized/alias/homepage evidence; no lookalikes either,,v20260906+55419ffd
viso,,0.0,none,needs-review,no exact/normalized/alias/homepage evidence; fuzzy suggestions listed for review,vis,v20260906+55419ffd
visual-paradigm,,0.0,none,missing,no exact/normalized/alias/homepage evidence; no lookalikes either,,v20260906+55419ffd
visual-paradigm-ce,,0.0,none,missing,no exact/normalized/alias/homepage evidence; no lookalikes either,,v20260906+55419ffd
visual-studio-code,,0.0,none,missing,no exact/normalized/alias/homepage evidence; no lookalikes either,,v20260906+55419ffd
visual-studio-code@insiders,,0.0,none,missing,no exact/normalized/alias/homepage evidence; no lookalikes either,,v20260906+55419ffd
visualboyadvance-m,,0.0,none,needs-review,no exact/normalized/alias/homepage evidence; fuzzy suggestions listed for review,VisualBoyAdvance,v20260906+55419ffd
visualdiffer,,0.0,none,missing,no exact/normalized/alias/homepage evidence; no lookalikes either,,v20260906+55419ffd
visualvm,VisualVM,0.96,normalized,confident,'visualvm' ~ 'VisualVM' after case/punctuation folding,,v20260906+55419ffd
vitals,,0.0,none,needs-review,no exact/normalized/alias/homepage evidence; fuzzy suggestions listed for review,vitables; vals,v20260906+55419ffd
vitalsource-bookshelf,,0.0,none,missing,no exact/normalized/alias/homepage evidence; no lookalikes either,,v20260906+55419ffd
vitamin-r,,0.0,none,missing,no exact/normalized/alias/homepage evidence; no lookalikes either,,v20260906+55419ffd
vivaldi,,0.0,none,missing,no exact/normalized/alias/homepage evidence; no lookalikes either,,v20260906+55419ffd
vivaldi@snapshot,,0.0,none,missing,no exact/normalized/alias/homepage evidence; no lookalikes either,,v20260906+55419ffd
vivid-app,vivid,0.95,alias,confident,listed as alias/oldname of 'vivid-app',,v20260906+55419ffd
viz,,0.0,none,missing,no exact/normalized/alias/homepage evidence; no lookalikes either,,v20260906+55419ffd
vk-calls,,0.0,none,missing,no exact/normalized/alias/homepage evidence; no lookalikes either,,v20260906+55419ffd
vk-messenger,,0.0,none,missing,no exact/normalized/alias/homepage evidence; no lookalikes either,,v20260906+55419ffd
vlc,VLC,0.96,normalized,confident,'vlc' ~ 'VLC' after case/punctuation folding,,v20260906+55419ffd
vlc-setup,,0.0,none,missing,no exact/normalized/alias/homepage evidence; no lookalikes either,,v20260906+55419ffd
vlc@nightly,,0.0,none,missing,no exact/normalized/alias/homepage evidence; no lookalikes either,,v20260906+55419ffd
vlcstreamer,,0.0,none,missing,no exact/normalized/alias/homepage evidence; no lookalikes either,,v20260906+55419ffd
vmlx,,0.0,none,needs-review,no exact/normalized/alias/homepage evidence; fuzzy suggestions listed for review,mlx,v20260906+55419ffd
vmpk,,0.0,none,missing,no exact/normalized/alias/homepage evidence; no lookalikes either,,v20260906+55419ffd
vnc-server,,0.0,none,needs-review,no exact/normalized/alias/homepage evidence; same homepage 'https://www.realvnc.com/' as 'vnc' but desc overlap only 0.03; versions '7.17.0' vs '4.1.3'; fuzzy suggestions listed for review,LibVNCServer; vineserver; vineserver3,v20260906+55419ffd
vnc-viewer,,0.0,none,needs-review,no exact/normalized/alias/homepage evidence; same homepage 'https://www.realvnc.com/' as 'vnc' but desc overlap only 0.03; versions '7.15.1' vs '4.1.3'; fuzzy suggestions listed for review,ncview,v20260906+55419ffd
vnote,vnote,1.0,exact,confident,name identical in both managers; homepages 'https://docs.vnote.fun/' vs 'https://vnotex.github.io/vnote/',,v20260906+55419ffd
vocaster-hub,,0.0,none,missing,no exact/normalized/alias/homepage evidence; no lookalikes either,,v20260906+55419ffd
vocevista-video,,0.0,none,missing,no exact/normalized/alias/homepage evidence; no lookalikes either,,v20260906+55419ffd
vocevista-video-pro,,0.0,none,missing,no exact/normalized/alias/homepage evidence; no lookalikes either,,v20260906+55419ffd
voiceink,,0.0,none,missing,no exact/normalized/alias/homepage evidence; no lookalikes either,,v20260906+55419ffd
voicemod,,0.0,none,missing,no exact/normalized/alias/homepage evidence; no lookalikes either,,v20260906+55419ffd
voicenotes,,0.0,none,missing,no exact/normalized/alias/homepage evidence; no lookalikes either,,v20260906+55419ffd
voicepeak,,0.0,none,missing,no exact/normalized/alias/homepage evidence; no lookalikes either,,v20260906+55419ffd
void,,0.0,none,missing,no exact/normalized/alias/homepage evidence; no lookalikes either,,v20260906+55419ffd
voiden,,0.0,none,needs-review,no exact/normalized/alias/homepage evidence; fuzzy suggestions listed for review,oidn,v20260906+55419ffd
voiden@beta,,0.0,none,missing,no exact/normalized/alias/homepage evidence; no lookalikes either,,v20260906+55419ffd
voikkospellservice,,0.0,none,missing,no exact/normalized/alias/homepage evidence; no lookalikes either,,v20260906+55419ffd
volanta,,0.0,none,needs-review,no exact/normalized/alias/homepage evidence; fuzzy suggestions listed for review,volta,v20260906+55419ffd
volt-app,,0.0,none,needs-review,no exact/normalized/alias/homepage evidence; fuzzy suggestions listed for review,volta,v20260906+55419ffd
volta-app,volta,0.95,alias,confident,listed as alias/oldname of 'volta-app',,v20260906+55419ffd
volume-control,,0.0,none,missing,no exact/normalized/alias/homepage evidence; no lookalikes either,,v20260906+55419ffd
voodoopad,,0.0,none,missing,no exact/normalized/alias/homepage evidence; no lookalikes either,,v20260906+55419ffd
voov-meeting,,0.0,none,missing,no exact/normalized/alias/homepage evidence; no lookalikes either,,v20260906+55419ffd
vorssaint,,0.0,none,missing,no exact/normalized/alias/homepage evidence; no lookalikes either,,v20260906+55419ffd
vorta,,0.0,none,needs-review,no exact/normalized/alias/homepage evidence; fuzzy suggestions listed for review,volta,v20260906+55419ffd
vox,,0.0,none,needs-review,no exact/normalized/alias/homepage evidence; fuzzy suggestions listed for review,ox,v20260906+55419ffd
vox-preferences-pane,,0.0,none,needs-review,no exact/normalized/alias/homepage evidence; fuzzy suggestions listed for review,PreferencePanes,v20260906+55419ffd
voxql,,0.0,none,missing,no exact/normalized/alias/homepage evidence; no lookalikes either,,v20260906+55419ffd
vpn-tracker-365,,0.0,none,missing,no exact/normalized/alias/homepage evidence; no lookalikes either,,v20260906+55419ffd
vrampro,,0.0,none,missing,no exact/normalized/alias/homepage evidence; no lookalikes either,,v20260906+55419ffd
vrew,,0.0,none,missing,no exact/normalized/alias/homepage evidence; no lookalikes either,,v20260906+55419ffd
vscodium,,1.0,curated,missing,Accepted from #3 by @tomck (maintainer approval): verified absent; fuzzy lookalikes (R-sodium) are unrelated,R-sodium,v20260906+55419ffd
vscodium@insiders,,0.0,none,missing,no exact/normalized/alias/homepage evidence; no lookalikes either,,v20260906+55419ffd
vsd-viewer,,0.0,none,needs-review,no exact/normalized/alias/homepage evidence; fuzzy suggestions listed for review,dspdfviewer,v20260906+55419ffd
vsdx-annotator,,0.0,none,missing,no exact/normalized/alias/homepage evidence; no lookalikes either,,v20260906+55419ffd
vsee,,0.0,none,needs-review,no exact/normalized/alias/homepage evidence; fuzzy suggestions listed for review,see,v20260906+55419ffd
vu,,0.0,none,needs-review,no exact/normalized/alias/homepage evidence; fuzzy suggestions listed for review,svu; viu,v20260906+55419ffd
vuescan,,0.0,none,missing,no exact/normalized/alias/homepage evidence; no lookalikes either,,v20260906+55419ffd
vuze,,0.0,none,missing,no exact/normalized/alias/homepage evidence; no lookalikes either,,v20260906+55419ffd
vv,,0.0,none,missing,no exact/normalized/alias/homepage evidence; no lookalikes either,,v20260906+55419ffd
vym,,0.0,none,missing,no exact/normalized/alias/homepage evidence; no lookalikes either,,v20260906+55419ffd
vyprvpn,,0.0,none,missing,no exact/normalized/alias/homepage evidence; no lookalikes either,,v20260906+55419ffd
vysor,,0.0,none,missing,no exact/normalized/alias/homepage evidence; no lookalikes either,,v20260906+55419ffd
wacom-inkspace,,0.0,none,missing,no exact/normalized/alias/homepage evidence; no lookalikes either,,v20260906+55419ffd
wacom-tablet,,0.0,none,missing,no exact/normalized/alias/homepage evidence; no lookalikes either,,v20260906+55419ffd
wail,,0.0,none,needs-review,no exact/normalized/alias/homepage evidence; fuzzy suggestions listed for review,wails,v20260906+55419ffd
wailbrew,,0.0,none,missing,no exact/normalized/alias/homepage evidence; no lookalikes either,,v20260906+55419ffd
wakatime,,0.0,none,missing,no exact/normalized/alias/homepage evidence; no lookalikes either,,v20260906+55419ffd
waku,,0.0,none,missing,no exact/normalized/alias/homepage evidence; no lookalikes either,,v20260906+55419ffd
wallpaper-wizard,,0.0,none,missing,no exact/normalized/alias/homepage evidence; no lookalikes either,,v20260906+55419ffd
wallspace,,0.0,none,missing,no exact/normalized/alias/homepage evidence; no lookalikes either,,v20260906+55419ffd
waltr,,0.0,none,missing,no exact/normalized/alias/homepage evidence; no lookalikes either,,v20260906+55419ffd
waltr-heic-converter,,0.0,none,missing,no exact/normalized/alias/homepage evidence; no lookalikes either,,v20260906+55419ffd
waltr-pro,,0.0,none,missing,no exact/normalized/alias/homepage evidence; no lookalikes either,,v20260906+55419ffd
wannianli,,0.0,none,missing,no exact/normalized/alias/homepage evidence; no lookalikes either,,v20260906+55419ffd
warcraft-logs-uploader,,0.0,none,missing,no exact/normalized/alias/homepage evidence; no lookalikes either,,v20260906+55419ffd
warp,,0.0,none,needs-review,no exact/normalized/alias/homepage evidence; fuzzy suggestions listed for review,R-warp; swarp,v20260906+55419ffd
warp-agent-cli,,0.0,none,missing,no exact/normalized/alias/homepage evidence; no lookalikes either,,v20260906+55419ffd
warp@preview,,0.0,none,missing,no exact/normalized/alias/homepage evidence; no lookalikes either,,v20260906+55419ffd
warsaw,,0.0,none,missing,no exact/normalized/alias/homepage evidence; no lookalikes either,,v20260906+55419ffd
warsow,,0.0,none,missing,no exact/normalized/alias/homepage evidence; no lookalikes either,,v20260906+55419ffd
warzone-2100,warzone2100,0.96,normalized,confident,'warzone-2100' ~ 'warzone2100' after case/punctuation folding,,v20260906+55419ffd
wasabi-wallet,,0.0,none,missing,no exact/normalized/alias/homepage evidence; no lookalikes either,,v20260906+55419ffd
watchfacestudio,,0.0,none,missing,no exact/normalized/alias/homepage evidence; no lookalikes either,,v20260906+55419ffd
waterfox,,0.0,none,missing,no exact/normalized/alias/homepage evidence; no lookalikes either,,v20260906+55419ffd
waterfox-classic,,0.0,none,missing,no exact/normalized/alias/homepage evidence; no lookalikes either,,v20260906+55419ffd
wave,,0.0,none,missing,no exact/normalized/alias/homepage evidence; no lookalikes either,,v20260906+55419ffd
wavebox,,0.0,none,missing,no exact/normalized/alias/homepage evidence; no lookalikes either,,v20260906+55419ffd
waveforms,,0.0,none,missing,no exact/normalized/alias/homepage evidence; no lookalikes either,,v20260906+55419ffd
waves-central,,0.0,none,missing,no exact/normalized/alias/homepage evidence; no lookalikes either,,v20260906+55419ffd
wavesurfer,,0.0,none,missing,no exact/normalized/alias/homepage evidence; no lookalikes either,,v20260906+55419ffd
wch-ch34x-usb-serial-driver,,0.0,none,missing,no exact/normalized/alias/homepage evidence; no lookalikes either,,v20260906+55419ffd
wd-security,,0.0,none,needs-review,no exact/normalized/alias/homepage evidence; fuzzy suggestions listed for review,mod_security3; mod_security2,v20260906+55419ffd
weakauras-companion,,0.0,none,missing,no exact/normalized/alias/homepage evidence; no lookalikes either,,v20260906+55419ffd
wealthfolio,,0.0,none,missing,no exact/normalized/alias/homepage evidence; no lookalikes either,,v20260906+55419ffd
weasis,,0.0,none,missing,no exact/normalized/alias/homepage evidence; no lookalikes either,,v20260906+55419ffd
webcatalog,,0.0,none,missing,no exact/normalized/alias/homepage evidence; no lookalikes either,,v20260906+55419ffd
webex,,0.0,none,needs-review,no exact/normalized/alias/homepage evidence; fuzzy suggestions listed for review,web-ext,v20260906+55419ffd
webex-meetings,,0.0,none,missing,no exact/normalized/alias/homepage evidence; no lookalikes either,,v20260906+55419ffd
webkinz,,0.0,none,missing,no exact/normalized/alias/homepage evidence; no lookalikes either,,v20260906+55419ffd
webots,,0.0,none,needs-review,no exact/normalized/alias/homepage evidence; fuzzy suggestions listed for review,webdot,v20260906+55419ffd
webpquicklook,,0.0,none,missing,no exact/normalized/alias/homepage evidence; no lookalikes either,,v20260906+55419ffd
website-audit,,0.0,none,missing,no exact/normalized/alias/homepage evidence; no lookalikes either,,v20260906+55419ffd
website-watchman,,0.0,none,missing,no exact/normalized/alias/homepage evidence; no lookalikes either,,v20260906+55419ffd
webstorm,,0.0,none,missing,no exact/normalized/alias/homepage evidence; no lookalikes either,,v20260906+55419ffd
webtorrent,,0.0,none,needs-review,no exact/normalized/alias/homepage evidence; fuzzy suggestions listed for review,torrent; libtorrent,v20260906+55419ffd
webull,,0.0,none,missing,no exact/normalized/alias/homepage evidence; no lookalikes either,,v20260906+55419ffd
webviewscreensaver,,0.0,none,missing,no exact/normalized/alias/homepage evidence; no lookalikes either,,v20260906+55419ffd
wechat,,0.0,none,needs-review,no exact/normalized/alias/homepage evidence; fuzzy suggestions listed for review,weechat,v20260906+55419ffd
wechatwebdevtools,,0.0,none,missing,no exact/normalized/alias/homepage evidence; no lookalikes either,,v20260906+55419ffd
wechatwork,,0.0,none,missing,no exact/normalized/alias/homepage evidence; no lookalikes either,,v20260906+55419ffd
weektodo,,0.0,none,missing,no exact/normalized/alias/homepage evidence; no lookalikes either,,v20260906+55419ffd
weiyun,,0.0,none,missing,no exact/normalized/alias/homepage evidence; no lookalikes either,,v20260906+55419ffd
weka,weka,1.0,exact,confident,name identical in both managers; homepages 'https://ml.cms.waikato.ac.nz/weka' vs 'http://www.cs.waikato.ac.nz/ml/weka/',,v20260906+55419ffd
welly,welly-clyang,0.9,homepage,confident,same upstream 'https://github.com/clyang/welly' (desc overlap 0.25),,v20260906+55419ffd
wetype,,0.0,none,missing,no exact/normalized/alias/homepage evidence; no lookalikes either,,v20260906+55419ffd
wezterm,wezterm,1.0,exact,confident,name identical in both managers; homepages 'https://wezterm.org/' vs 'https://wezfurlong.org/wezterm',,v20260906+55419ffd
wezterm@nightly,,0.0,none,missing,no exact/normalized/alias/homepage evidence; no lookalikes either,,v20260906+55419ffd
whale,,0.0,none,missing,no exact/normalized/alias/homepage evidence; no lookalikes either,,v20260906+55419ffd
whalebird,,0.0,none,missing,no exact/normalized/alias/homepage evidence; no lookalikes either,,v20260906+55419ffd
whatcable,,0.0,none,missing,no exact/normalized/alias/homepage evidence; no lookalikes either,,v20260906+55419ffd
whatroute,,0.0,none,missing,no exact/normalized/alias/homepage evidence; no lookalikes either,,v20260906+55419ffd
whatsapp,,0.0,none,missing,no exact/normalized/alias/homepage evidence; no lookalikes either,,v20260906+55419ffd
whatsapp@beta,,0.0,none,missing,no exact/normalized/alias/homepage evidence; no lookalikes either,,v20260906+55419ffd
whatsize,,0.0,none,missing,no exact/normalized/alias/homepage evidence; no lookalikes either,,v20260906+55419ffd
whatsyoursign,,0.0,none,missing,no exact/normalized/alias/homepage evidence; no lookalikes either,,v20260906+55419ffd
whichspace,,0.0,none,missing,no exact/normalized/alias/homepage evidence; no lookalikes either,,v20260906+55419ffd
whimsical,,0.0,none,missing,no exact/normalized/alias/homepage evidence; no lookalikes either,,v20260906+55419ffd
whisky,,0.0,none,missing,no exact/normalized/alias/homepage evidence; no lookalikes either,,v20260906+55419ffd
whispering,,0.0,none,needs-review,no exact/normalized/alias/homepage evidence; fuzzy suggestions listed for review,whisper,v20260906+55419ffd
white-rabbit,,0.0,none,missing,no exact/normalized/alias/homepage evidence; no lookalikes either,,v20260906+55419ffd
whodb,,0.0,none,missing,no exact/normalized/alias/homepage evidence; no lookalikes either,,v20260906+55419ffd
whoozle-android-file-transfer,,0.0,none,needs-review,no exact/normalized/alias/homepage evidence; same homepage 'https://whoozle.github.io/android-file-transfer-linux/' as 'android-file-transfer-linux' but desc overlap only 0.00; versions '4.5' vs '3.9'; no lookalikes either,,v20260906+55419ffd
whyfi,,0.0,none,missing,no exact/normalized/alias/homepage evidence; no lookalikes either,,v20260906+55419ffd
widelands-app,widelands,0.95,alias,confident,listed as alias/oldname of 'widelands-app',,v20260906+55419ffd
widgettoggler,,0.0,none,missing,no exact/normalized/alias/homepage evidence; no lookalikes either,,v20260906+55419ffd
wifi-explorer,,0.0,none,missing,no exact/normalized/alias/homepage evidence; no lookalikes either,,v20260906+55419ffd
wifi-explorer-pro,,0.0,none,missing,no exact/normalized/alias/homepage evidence; no lookalikes either,,v20260906+55419ffd
wifiman,,0.0,none,missing,no exact/normalized/alias/homepage evidence; no lookalikes either,,v20260906+55419ffd
wifispoof,,0.0,none,missing,no exact/normalized/alias/homepage evidence; no lookalikes either,,v20260906+55419ffd
willow-voice,,0.0,none,missing,no exact/normalized/alias/homepage evidence; no lookalikes either,,v20260906+55419ffd
winbox,,0.0,none,missing,no exact/normalized/alias/homepage evidence; no lookalikes either,,v20260906+55419ffd
winclone,,0.0,none,missing,no exact/normalized/alias/homepage evidence; no lookalikes either,,v20260906+55419ffd
windowkeys,,0.0,none,missing,no exact/normalized/alias/homepage evidence; no lookalikes either,,v20260906+55419ffd
windows-app,,0.0,none,missing,no exact/normalized/alias/homepage evidence; no lookalikes either,,v20260906+55419ffd
windows95,,0.0,none,missing,no exact/normalized/alias/homepage evidence; no lookalikes either,,v20260906+55419ffd
windscribe,,0.0,none,missing,no exact/normalized/alias/homepage evidence; no lookalikes either,,v20260906+55419ffd
windterm,,0.0,none,missing,no exact/normalized/alias/homepage evidence; no lookalikes either,,v20260906+55419ffd
wine-stable,wine-stable,1.0,exact,confident,name identical in both managers; homepages 'https://wiki.winehq.org/MacOS' vs 'https://www.winehq.org',,v20260906+55419ffd
wine@devel,wine-devel,0.96,normalized,confident,'wine@devel' ~ 'wine-devel' after case/punctuation folding,,v20260906+55419ffd
wine@staging,wine-staging,0.96,normalized,confident,'wine@staging' ~ 'wine-staging' after case/punctuation folding,,v20260906+55419ffd
wing-personal,,0.0,none,missing,no exact/normalized/alias/homepage evidence; no lookalikes either,,v20260906+55419ffd
wings3d,,0.0,none,needs-review,no exact/normalized/alias/homepage evidence; same homepage 'https://www.wings3d.com/' as 'wings' but desc overlap only 0.08; versions '2.4.1' vs '0.99.04a'; fuzzy suggestions listed for review,wings,v20260906+55419ffd
wins,,0.0,none,needs-review,no exact/normalized/alias/homepage evidence; fuzzy suggestions listed for review,wings,v20260906+55419ffd
wintertime,,0.0,none,missing,no exact/normalized/alias/homepage evidence; no lookalikes either,,v20260906+55419ffd
winx-hd-video-converter,,0.0,none,missing,no exact/normalized/alias/homepage evidence; no lookalikes either,,v20260906+55419ffd
winzip,,0.0,none,missing,no exact/normalized/alias/homepage evidence; no lookalikes either,,v20260906+55419ffd
wire,wire,1.0,exact,confident,name identical in both managers; homepages 'https://wire.com/' vs 'https://wired.read-write.fr/products/wire',,v20260906+55419ffd
wirecast,,0.0,none,needs-review,no exact/normalized/alias/homepage evidence; fuzzy suggestions listed for review,icecast,v20260906+55419ffd
wireframe-sketcher,,0.0,none,missing,no exact/normalized/alias/homepage evidence; no lookalikes either,,v20260906+55419ffd
wireless-workbench,,0.0,none,missing,no exact/normalized/alias/homepage evidence; no lookalikes either,,v20260906+55419ffd
wireshark-app,,0.0,none,needs-review,no exact/normalized/alias/homepage evidence; same homepage 'https://www.wireshark.org/' as 'wireshark4' but desc overlap only 0.09; fuzzy suggestions listed for review,wireshark4; wireshark3; wireshark2,v20260906+55419ffd
wireshark-chmodbpf,wireshark-chmodbpf,1.0,exact,confident,name identical in both managers; homepages 'https://www.wireshark.org/' vs 'https://www.wireshark.org',,v20260906+55419ffd
wiso-steuer-2020,,0.0,none,missing,no exact/normalized/alias/homepage evidence; no lookalikes either,,v20260906+55419ffd
wiso-steuer-2021,,0.0,none,missing,no exact/normalized/alias/homepage evidence; no lookalikes either,,v20260906+55419ffd
wiso-steuer-2022,,0.0,none,missing,no exact/normalized/alias/homepage evidence; no lookalikes either,,v20260906+55419ffd
wiso-steuer-2023,,0.0,none,missing,no exact/normalized/alias/homepage evidence; no lookalikes either,,v20260906+55419ffd
wiso-steuer-2024,,0.0,none,missing,no exact/normalized/alias/homepage evidence; no lookalikes either,,v20260906+55419ffd
wiso-steuer-2025,,0.0,none,missing,no exact/normalized/alias/homepage evidence; no lookalikes either,,v20260906+55419ffd
wiso-steuer-2026,,0.0,none,missing,no exact/normalized/alias/homepage evidence; no lookalikes either,,v20260906+55419ffd
wispr-flow,,0.0,none,missing,no exact/normalized/alias/homepage evidence; no lookalikes either,,v20260906+55419ffd
witch,,0.0,none,needs-review,no exact/normalized/alias/homepage evidence; fuzzy suggestions listed for review,watch,v20260906+55419ffd
witsy,,0.0,none,missing,no exact/normalized/alias/homepage evidence; no lookalikes either,,v20260906+55419ffd
wizcli,,0.0,none,missing,no exact/normalized/alias/homepage evidence; no lookalikes either,,v20260906+55419ffd
wiznote,,0.0,none,missing,no exact/normalized/alias/homepage evidence; no lookalikes either,,v20260906+55419ffd
wljs-notebook,,0.0,none,missing,no exact/normalized/alias/homepage evidence; no lookalikes either,,v20260906+55419ffd
wolai,,0.0,none,missing,no exact/normalized/alias/homepage evidence; no lookalikes either,,v20260906+55419ffd
wolfram-engine,,0.0,none,missing,no exact/normalized/alias/homepage evidence; no lookalikes either,,v20260906+55419ffd
wombat,,0.0,none,missing,no exact/normalized/alias/homepage evidence; no lookalikes either,,v20260906+55419ffd
wondershare-edrawmax,,0.0,none,missing,no exact/normalized/alias/homepage evidence; no lookalikes either,,v20260906+55419ffd
wondershare-filmora,,0.0,none,missing,no exact/normalized/alias/homepage evidence; no lookalikes either,,v20260906+55419ffd
wondershare-uniconverter,,0.0,none,missing,no exact/normalized/alias/homepage evidence; no lookalikes either,,v20260906+55419ffd
wooshy,,0.0,none,missing,no exact/normalized/alias/homepage evidence; no lookalikes either,,v20260906+55419ffd
wootility,,0.0,none,missing,no exact/normalized/alias/homepage evidence; no lookalikes either,,v20260906+55419ffd
wordpresscom,,0.0,none,needs-review,no exact/normalized/alias/homepage evidence; fuzzy suggestions listed for review,wordpress,v20260906+55419ffd
wordpresscom-studio,,0.0,none,missing,no exact/normalized/alias/homepage evidence; no lookalikes either,,v20260906+55419ffd
wordservice,,0.0,none,missing,no exact/normalized/alias/homepage evidence; no lookalikes either,,v20260906+55419ffd
work-louder-input,,0.0,none,missing,no exact/normalized/alias/homepage evidence; no lookalikes either,,v20260906+55419ffd
workbench,,0.0,none,needs-review,no exact/normalized/alias/homepage evidence; fuzzy suggestions listed for review,R-bench,v20260906+55419ffd
workflowy,,0.0,none,needs-review,no exact/normalized/alias/homepage evidence; fuzzy suggestions listed for review,R-workflows; R-rworkflows,v20260906+55419ffd
worksheetcrafter,,0.0,none,missing,no exact/normalized/alias/homepage evidence; no lookalikes either,,v20260906+55419ffd
workspace-one-intelligent-hub,,0.0,none,missing,no exact/normalized/alias/homepage evidence; no lookalikes either,,v20260906+55419ffd
workspaces,,0.0,none,needs-review,no exact/normalized/alias/homepage evidence; fuzzy suggestions listed for review,gworkspace,v20260906+55419ffd
worldpainter,,0.0,none,missing,no exact/normalized/alias/homepage evidence; no lookalikes either,,v20260906+55419ffd
wormhole,,0.0,none,missing,no exact/normalized/alias/homepage evidence; no lookalikes either,,v20260906+55419ffd
wowup,,0.0,none,missing,no exact/normalized/alias/homepage evidence; no lookalikes either,,v20260906+55419ffd
wowup-cf,,0.0,none,missing,no exact/normalized/alias/homepage evidence; no lookalikes either,,v20260906+55419ffd
wox,,0.0,none,needs-review,no exact/normalized/alias/homepage evidence; fuzzy suggestions listed for review,ox,v20260906+55419ffd
wpsoffice,,0.0,none,missing,no exact/normalized/alias/homepage evidence; no lookalikes either,,v20260906+55419ffd
wpsoffice-cn,,0.0,none,missing,no exact/normalized/alias/homepage evidence; no lookalikes either,,v20260906+55419ffd
wrike,,0.0,none,missing,no exact/normalized/alias/homepage evidence; no lookalikes either,,v20260906+55419ffd
write,,0.0,none,missing,no exact/normalized/alias/homepage evidence; no lookalikes either,,v20260906+55419ffd
writemapper,,0.0,none,missing,no exact/normalized/alias/homepage evidence; no lookalikes either,,v20260906+55419ffd
writer,,0.0,none,needs-review,no exact/normalized/alias/homepage evidence; fuzzy suggestions listed for review,R-hwriter; zenwriter,v20260906+55419ffd
writerside,,0.0,none,missing,no exact/normalized/alias/homepage evidence; no lookalikes either,,v20260906+55419ffd
wrkspace,,0.0,none,needs-review,no exact/normalized/alias/homepage evidence; fuzzy suggestions listed for review,gworkspace,v20260906+55419ffd
wwdc,,0.0,none,missing,no exact/normalized/alias/homepage evidence; no lookalikes either,,v20260906+55419ffd
wxmacmolplt,,0.0,none,missing,no exact/normalized/alias/homepage evidence; no lookalikes either,,v20260906+55419ffd
x-air-edit,,0.0,none,missing,no exact/normalized/alias/homepage evidence; no lookalikes either,,v20260906+55419ffd
x-moto,xmoto,0.96,normalized,confident,'x-moto' ~ 'xmoto' after case/punctuation folding,,v20260906+55419ffd
x-swiftformat,,0.0,none,needs-review,no exact/normalized/alias/homepage evidence; fuzzy suggestions listed for review,swiftformat,v20260906+55419ffd
x2goclient,x2goclient,1.0,exact,confident,name identical in both managers; homepages 'https://wiki.x2go.org/doku.php' vs 'https://www.x2go.org/',,v20260906+55419ffd
x32-edit,,0.0,none,needs-review,no exact/normalized/alias/homepage evidence; fuzzy suggestions listed for review,xedit,v20260906+55419ffd
xact,,0.0,none,needs-review,no exact/normalized/alias/homepage evidence; fuzzy suggestions listed for review,act; R-Exact,v20260906+55419ffd
xampp,,0.0,none,needs-review,no exact/normalized/alias/homepage evidence; fuzzy suggestions listed for review,qxmpp,v20260906+55419ffd
xampp@7,,0.0,none,missing,no exact/normalized/alias/homepage evidence; no lookalikes either,,v20260906+55419ffd
xaos,xaos,1.0,exact,confident,name identical in both managers; homepages 'https://xaos-project.github.io/' vs 'https://xaos-project.github.io/',,v20260906+55419ffd
xattred,,0.0,none,needs-review,no exact/normalized/alias/homepage evidence; fuzzy suggestions listed for review,xattr,v20260906+55419ffd
xbar,,0.0,none,needs-review,no exact/normalized/alias/homepage evidence; fuzzy suggestions listed for review,xar; xboard,v20260906+55419ffd
xca,xca,1.0,exact,confident,name identical in both managers; homepages 'https://hohnstaedt.de/xca/' vs 'https://www.hohnstaedt.de/xca/',,v20260906+55419ffd
xcodeclangformat,,0.0,none,missing,no exact/normalized/alias/homepage evidence; no lookalikes either,,v20260906+55419ffd
xcodepilot,,0.0,none,needs-review,no exact/normalized/alias/homepage evidence; fuzzy suggestions listed for review,copilot,v20260906+55419ffd
xcodes-app,xcodes,0.95,alias,confident,listed as alias/oldname of 'xcodes-app',,v20260906+55419ffd
xctu,,0.0,none,missing,no exact/normalized/alias/homepage evidence; no lookalikes either,,v20260906+55419ffd
xdeck,,0.0,none,missing,no exact/normalized/alias/homepage evidence; no lookalikes either,,v20260906+55419ffd
xee,,0.0,none,needs-review,no exact/normalized/alias/homepage evidence; fuzzy suggestions listed for review,xnee; ee,v20260906+55419ffd
xemu,,0.0,none,needs-review,no exact/normalized/alias/homepage evidence; fuzzy suggestions listed for review,gxemul,v20260906+55419ffd
xiaomi-cloud,,0.0,none,missing,no exact/normalized/alias/homepage evidence; no lookalikes either,,v20260906+55419ffd
ximalaya,,0.0,none,needs-review,no exact/normalized/alias/homepage evidence; fuzzy suggestions listed for review,himalaya,v20260906+55419ffd
xit,,0.0,none,missing,no exact/normalized/alias/homepage evidence; no lookalikes either,,v20260906+55419ffd
xiv-on-mac,,0.0,none,missing,no exact/normalized/alias/homepage evidence; no lookalikes either,,v20260906+55419ffd
xkey,,0.0,none,missing,no exact/normalized/alias/homepage evidence; no lookalikes either,,v20260906+55419ffd
xld,xld,1.0,exact,confident,name identical in both managers; homepages 'https://tmkk.undo.jp/xld/index_e.html' vs 'https://tmkk.undo.jp/xld/index_e.html',,v20260906+55419ffd
xliff-editor,,0.0,none,missing,no exact/normalized/alias/homepage evidence; no lookalikes either,,v20260906+55419ffd
xlplayer,,0.0,none,needs-review,no exact/normalized/alias/homepage evidence; fuzzy suggestions listed for review,MPlayer,v20260906+55419ffd
xmenu,,0.0,none,needs-review,no exact/normalized/alias/homepage evidence; fuzzy suggestions listed for review,dmenu,v20260906+55419ffd
xmind,,0.0,none,needs-review,no exact/normalized/alias/homepage evidence; fuzzy suggestions listed for review,py-xmind; xindy,v20260906+55419ffd
xmind@beta,,0.0,none,missing,no exact/normalized/alias/homepage evidence; no lookalikes either,,v20260906+55419ffd
xmlmind-editor,,0.0,none,missing,no exact/normalized/alias/homepage evidence; no lookalikes either,,v20260906+55419ffd
xmplify,,0.0,none,missing,no exact/normalized/alias/homepage evidence; no lookalikes either,,v20260906+55419ffd
xnapper,,0.0,none,missing,no exact/normalized/alias/homepage evidence; no lookalikes either,,v20260906+55419ffd
xnconvert,,0.0,none,needs-review,no exact/normalized/alias/homepage evidence; fuzzy suggestions listed for review,R-xmlconvert; py-nbconvert,v20260906+55419ffd
xnviewmp,,0.0,none,missing,no exact/normalized/alias/homepage evidence; no lookalikes either,,v20260906+55419ffd
xonotic,,0.0,none,missing,no exact/normalized/alias/homepage evidence; no lookalikes either,,v20260906+55419ffd
xournal++,xournal,0.96,normalized,confident,'xournal++' ~ 'xournal' after case/punctuation folding,,v20260906+55419ffd
xppen-pentablet,,0.0,none,missing,no exact/normalized/alias/homepage evidence; no lookalikes either,,v20260906+55419ffd
xpra,,0.0,none,needs-review,no exact/normalized/alias/homepage evidence; fuzzy suggestions listed for review,xpr; xpa,v20260906+55419ffd
xprocheck,,0.0,none,missing,no exact/normalized/alias/homepage evidence; no lookalikes either,,v20260906+55419ffd
xquartz,,0.0,none,needs-review,no exact/normalized/alias/homepage evidence; same homepage 'https://www.xquartz.org/' as 'quartz-wm' but versions '2.8.6' vs '1.3.2'; fuzzy suggestions listed for review,tk-quartz; quartz-wm,v20260906+55419ffd
xrg,xrg,1.0,exact,confident,name identical in both managers; homepages 'https://gaucho.software/Products/XRG/' vs 'http://www.gauchosoft.com/Products/XRG/',,v20260906+55419ffd
xscope,xscope,1.0,exact,confident,name identical in both managers; homepages 'https://xscopeapp.com/' vs 'https://www.x.org',,v20260906+55419ffd
xscreensaver,xscreensaver,1.0,exact,confident,name identical in both managers; homepages 'https://www.jwz.org/xscreensaver/' vs 'https://www.jwz.org/xscreensaver',,v20260906+55419ffd
xsplit-vcam,,0.0,none,missing,no exact/normalized/alias/homepage evidence; no lookalikes either,,v20260906+55419ffd
xtool-studio,,0.0,none,missing,no exact/normalized/alias/homepage evidence; no lookalikes either,,v20260906+55419ffd
yaak,,0.0,none,missing,no exact/normalized/alias/homepage evidence; no lookalikes either,,v20260906+55419ffd
yaak@beta,,0.0,none,missing,no exact/normalized/alias/homepage evidence; no lookalikes either,,v20260906+55419ffd
yacreader,,0.0,none,missing,no exact/normalized/alias/homepage evidence; no lookalikes either,,v20260906+55419ffd
yakit,,0.0,none,missing,no exact/normalized/alias/homepage evidence; no lookalikes either,,v20260906+55419ffd
yam-display,,0.0,none,needs-review,no exact/normalized/alias/homepage evidence; fuzzy suggestions listed for review,mddisplay,v20260906+55419ffd
yandex,,0.0,none,missing,no exact/normalized/alias/homepage evidence; no lookalikes either,,v20260906+55419ffd
yandex-cloud-cli,,0.0,none,missing,no exact/normalized/alias/homepage evidence; no lookalikes either,,v20260906+55419ffd
yandex-disk,,0.0,none,missing,no exact/normalized/alias/homepage evidence; no lookalikes either,,v20260906+55419ffd
yandex-music,,0.0,none,missing,no exact/normalized/alias/homepage evidence; no lookalikes either,,v20260906+55419ffd
yandex-music-unofficial,,0.0,none,missing,no exact/normalized/alias/homepage evidence; no lookalikes either,,v20260906+55419ffd
yandextelemost,,0.0,none,missing,no exact/normalized/alias/homepage evidence; no lookalikes either,,v20260906+55419ffd
yate,,0.0,none,missing,no exact/normalized/alias/homepage evidence; no lookalikes either,,v20260906+55419ffd
yattee,,0.0,none,missing,no exact/normalized/alias/homepage evidence; no lookalikes either,,v20260906+55419ffd
yealink-meeting,,0.0,none,missing,no exact/normalized/alias/homepage evidence; no lookalikes either,,v20260906+55419ffd
yed,,0.0,none,needs-review,no exact/normalized/alias/homepage evidence; fuzzy suggestions listed for review,ed,v20260906+55419ffd
yellowdot,,0.0,none,missing,no exact/normalized/alias/homepage evidence; no lookalikes either,,v20260906+55419ffd
yemuzip,,0.0,none,missing,no exact/normalized/alias/homepage evidence; no lookalikes either,,v20260906+55419ffd
yep,,0.0,none,needs-review,no exact/normalized/alias/homepage evidence; fuzzy suggestions listed for review,yelp,v20260906+55419ffd
yes24-ebook,,0.0,none,missing,no exact/normalized/alias/homepage evidence; no lookalikes either,,v20260906+55419ffd
yesplaymusic,,0.0,none,missing,no exact/normalized/alias/homepage evidence; no lookalikes either,,v20260906+55419ffd
yggdrasil,,0.0,none,needs-review,no exact/normalized/alias/homepage evidence; same homepage 'https://github.com/yggdrasil-network/yggdrasil-go' as 'yggdrasil-go' but desc overlap only 0.09; fuzzy suggestions listed for review,yggdrasil-go,v20260906+55419ffd
yingfu-online,,0.0,none,missing,no exact/normalized/alias/homepage evidence; no lookalikes either,,v20260906+55419ffd
yinxiangbiji,,0.0,none,missing,no exact/normalized/alias/homepage evidence; no lookalikes either,,v20260906+55419ffd
yippy,,0.0,none,needs-review,no exact/normalized/alias/homepage evidence; fuzzy suggestions listed for review,py-ipy,v20260906+55419ffd
yoink,,0.0,none,missing,no exact/normalized/alias/homepage evidence; no lookalikes either,,v20260906+55419ffd
yojam,,0.0,none,missing,no exact/normalized/alias/homepage evidence; no lookalikes either,,v20260906+55419ffd
yojimbo,,0.0,none,missing,no exact/normalized/alias/homepage evidence; no lookalikes either,,v20260906+55419ffd
youdaodict,,0.0,none,missing,no exact/normalized/alias/homepage evidence; no lookalikes either,,v20260906+55419ffd
youdaonote,,0.0,none,missing,no exact/normalized/alias/homepage evidence; no lookalikes either,,v20260906+55419ffd
youku,,0.0,none,missing,no exact/normalized/alias/homepage evidence; no lookalikes either,,v20260906+55419ffd
youlean-loudness-meter,,0.0,none,missing,no exact/normalized/alias/homepage evidence; no lookalikes either,,v20260906+55419ffd
youll-never-take-me-alive,,0.0,none,missing,no exact/normalized/alias/homepage evidence; no lookalikes either,,v20260906+55419ffd
yousician,,0.0,none,missing,no exact/normalized/alias/homepage evidence; no lookalikes either,,v20260906+55419ffd
youtube-downloader,,0.0,none,needs-review,no exact/normalized/alias/homepage evidence; fuzzy suggestions listed for review,subdownloader,v20260906+55419ffd
youtube-to-mp3,,0.0,none,missing,no exact/normalized/alias/homepage evidence; no lookalikes either,,v20260906+55419ffd
youtype,,0.0,none,missing,no exact/normalized/alias/homepage evidence; no lookalikes either,,v20260906+55419ffd
yt-music,,0.0,none,needs-review,no exact/normalized/alias/homepage evidence; fuzzy suggestions listed for review,termusic,v20260906+55419ffd
ytmdesktop-youtube-music,,0.0,none,missing,no exact/normalized/alias/homepage evidence; no lookalikes either,,v20260906+55419ffd
yuanbao,,0.0,none,missing,no exact/normalized/alias/homepage evidence; no lookalikes either,,v20260906+55419ffd
yubico-authenticator,yubico-authenticator,1.0,exact,confident,name identical in both managers; homepages 'https://developers.yubico.com/yubioath-flutter/' vs 'https://developers.yubico.com/yubioath-desktop/',,v20260906+55419ffd
yubihsm2-sdk,,0.0,none,missing,no exact/normalized/alias/homepage evidence; no lookalikes either,,v20260906+55419ffd
yuque,,0.0,none,missing,no exact/normalized/alias/homepage evidence; no lookalikes either,,v20260906+55419ffd
zalo,,0.0,none,missing,no exact/normalized/alias/homepage evidence; no lookalikes either,,v20260906+55419ffd
zandronum,,0.0,none,missing,no exact/normalized/alias/homepage evidence; no lookalikes either,,v20260906+55419ffd
zap,,0.0,none,needs-review,no exact/normalized/alias/homepage evidence; fuzzy suggestions listed for review,zmap,v20260906+55419ffd
zappy,,0.0,none,needs-review,no exact/normalized/alias/homepage evidence; fuzzy suggestions listed for review,happy,v20260906+55419ffd
zcode,,0.0,none,needs-review,no exact/normalized/alias/homepage evidence; fuzzy suggestions listed for review,codex; R-cOde,v20260906+55419ffd
zed,zed,1.0,exact,confident,name identical in both managers; homepages 'https://zed.dev/' vs 'https://zed.brimdata.io',,v20260906+55419ffd
zedis,,0.0,none,needs-review,no exact/normalized/alias/homepage evidence; fuzzy suggestions listed for review,redis,v20260906+55419ffd
zed@preview,,0.0,none,missing,no exact/normalized/alias/homepage evidence; no lookalikes either,,v20260906+55419ffd
zeitgeist,zeitgeist,1.0,exact,confident,name identical in both managers; homepages 'https://zeitgeist.daneden.me/' vs 'https://zeitgeist.freedesktop.org',,v20260906+55419ffd
zen,,0.0,none,missing,no exact/normalized/alias/homepage evidence; no lookalikes either,,v20260906+55419ffd
zen-privacy,,0.0,none,missing,no exact/normalized/alias/homepage evidence; no lookalikes either,,v20260906+55419ffd
zenbeats,,0.0,none,missing,no exact/normalized/alias/homepage evidence; no lookalikes either,,v20260906+55419ffd
zenmap,zenmap,1.0,exact,confident,name identical in both managers; homepages 'https://nmap.org/zenmap/' vs 'https://nmap.org/',,v20260906+55419ffd
zen@twilight,,0.0,none,missing,no exact/normalized/alias/homepage evidence; no lookalikes either,,v20260906+55419ffd
zeplin,,0.0,none,missing,no exact/normalized/alias/homepage evidence; no lookalikes either,,v20260906+55419ffd
zerobranestudio,,0.0,none,missing,no exact/normalized/alias/homepage evidence; no lookalikes either,,v20260906+55419ffd
zerotier-one,,0.0,none,missing,no exact/normalized/alias/homepage evidence; no lookalikes either,,v20260906+55419ffd
zesarux,,0.0,none,missing,no exact/normalized/alias/homepage evidence; no lookalikes either,,v20260906+55419ffd
zettelkasten,,0.0,none,missing,no exact/normalized/alias/homepage evidence; no lookalikes either,,v20260906+55419ffd
zettlr,zettlr,1.0,exact,confident,name identical in both managers; homepages 'https://www.zettlr.com/' vs 'https://www.zettlr.com',,v20260906+55419ffd
zight,,0.0,none,missing,no exact/normalized/alias/homepage evidence; no lookalikes either,,v20260906+55419ffd
zipic,,0.0,none,missing,no exact/normalized/alias/homepage evidence; no lookalikes either,,v20260906+55419ffd
znote,,0.0,none,needs-review,no exact/normalized/alias/homepage evidence; fuzzy suggestions listed for review,notes; vnote,v20260906+55419ffd
zo,,0.0,none,needs-review,no exact/normalized/alias/homepage evidence; fuzzy suggestions listed for review,zot; lzo; zoo,v20260906+55419ffd
zoc,,0.0,none,needs-review,no exact/normalized/alias/homepage evidence; fuzzy suggestions listed for review,oc,v20260906+55419ffd
zoho-cliq,,0.0,none,missing,no exact/normalized/alias/homepage evidence; no lookalikes either,,v20260906+55419ffd
zoho-mail,,0.0,none,missing,no exact/normalized/alias/homepage evidence; no lookalikes either,,v20260906+55419ffd
zoho-workdrive,,0.0,none,missing,no exact/normalized/alias/homepage evidence; no lookalikes either,,v20260906+55419ffd
zoo-design-studio,,0.0,none,missing,no exact/normalized/alias/homepage evidence; no lookalikes either,,v20260906+55419ffd
zoom,,0.0,none,needs-review,no exact/normalized/alias/homepage evidence; fuzzy suggestions listed for review,zoo,v20260906+55419ffd
zoom-for-it-admins,,0.0,none,missing,no exact/normalized/alias/homepage evidence; no lookalikes either,,v20260906+55419ffd
zoom-m3-edit-and-play,,0.0,none,missing,no exact/normalized/alias/homepage evidence; no lookalikes either,,v20260906+55419ffd
zotero,,0.0,none,missing,no exact/normalized/alias/homepage evidence; no lookalikes either,,v20260906+55419ffd
zotero@beta,,0.0,none,missing,no exact/normalized/alias/homepage evidence; no lookalikes either,,v20260906+55419ffd
zprint,,0.0,none,needs-review,no exact/normalized/alias/homepage evidence; fuzzy suggestions listed for review,dprint; qprint; zint,v20260906+55419ffd
zspace,,0.0,none,missing,no exact/normalized/alias/homepage evidence; no lookalikes either,,v20260906+55419ffd
zui,,0.0,none,missing,no exact/normalized/alias/homepage evidence; no lookalikes either,,v20260906+55419ffd
zulip,,0.0,none,missing,no exact/normalized/alias/homepage evidence; no lookalikes either,,v20260906+55419ffd
zulu,openjdk26-zulu,0.9,homepage,confident,same upstream 'https://www.azul.com/downloads/' (desc overlap 0.27),,v20260906+55419ffd
zulu@11,,0.0,none,needs-review,no exact/normalized/alias/homepage evidence; fuzzy suggestions listed for review,zulu-jdk11,v20260906+55419ffd
zulu@17,openjdk17-zulu,0.9,homepage,confident,same upstream 'https://www.azul.com/downloads/' (desc overlap 0.27),,v20260906+55419ffd
zulu@21,openjdk21-zulu,0.9,homepage,confident,same upstream 'https://www.azul.com/downloads/' (desc overlap 0.27),,v20260906+55419ffd
zulu@25,openjdk25-zulu,0.9,homepage,confident,same upstream 'https://www.azul.com/downloads/' (desc overlap 0.27),,v20260906+55419ffd
zulu@8,,0.0,none,missing,no exact/normalized/alias/homepage evidence; no lookalikes either,,v20260906+55419ffd
zulufx,openjdk26-zulu,0.9,homepage,confident,same upstream 'https://www.azul.com/downloads/' (desc overlap 0.22),,v20260906+55419ffd
zush,,0.0,none,needs-review,no exact/normalized/alias/homepage evidence; fuzzy suggestions listed for review,zsh,v20260906+55419ffd
zwift,,0.0,none,missing,no exact/normalized/alias/homepage evidence; no lookalikes either,,v20260906+55419ffd
zxpinstaller,,0.0,none,needs-review,no exact/normalized/alias/homepage evidence; fuzzy suggestions listed for review,py-installer; py39-installer; py38-installer,v20260906+55419ffd
zy-player,,0.0,none,needs-review,no exact/normalized/alias/homepage evidence; fuzzy suggestions listed for review,MPlayer,v20260906+55419ffd
